source	target	action	severity	category	reason	origin_tags
일안하는 시간은 쉬고싶어서 그런게 아닐까	일안하는 시간은 쉬고싶어서 그런게 아닐까	0	0	NORMAL	[무해] -> 일상적인 의문 제기	clean
아동성범죄와 페도버는 기록바 끊어져 영원히 고통 받는다. 무슬림 50퍼 근친이다. 10 16까지 IQ 떨어지고 출산 위험은 400% 다.	(차단된 문장입니다)	1	5	RELIGION	[무슬림] -> 특정 종교 집단에 대한 근거 없는 비하 및 혐오 조장으로 차단	종교
루나 솔로앨범 나왔을 때부터 머모 기운 있었음 ㅇㅇ Keep o doin 진짜 띵곡임 꼭 들어보셈	루나 씨의 솔로 앨범 때부터 당당한 기운이 느껴졌습니다. 활동을 지속해 주세요. 정말 좋은 곡이니 꼭 들어보십시오.	2	1	COMMUNITY/SLUR	[머모] -> 특정 여초 커뮤니티 용어(대모) 및 통신체 정제	clean
홍팍에도 어버이연합인가 보내요 뭐 이런뎃글 있는데 이거 어버이연합측에 신고하면 그쪽에서 고소 가능하냐?	홍팍에도 어버이연합 관련 게시글이 올라오네요. 이를 해당 단체에 신고할 경우 법적 대응이 가능한지 궁금합니다.	2	1	SLUR	[홍팍] -> 커뮤니티 축약어 및 구어체 표현 정제	clean
아놔 왜 여기 댓들은 다 여자들이 김치녀라고 먼저 불렸다! 여자들은 더 심하게 그런다! 이렇게 2개로 싸우냐.. 내가 볼 땐 둘다 나쁜 말 그 이상도 이하도 아닌데	아, 왜 이곳 댓글들은 서로 성별 비하를 하며 싸우는 것입니까? 제가 보기에는 양측 모두 부적절한 언행을 하고 있는 것 같습니다.	2	2	GENDER/SLUR	[김치녀] -> 여성 비하 용어 및 거친 어조를 정중하게 순화	여성/가족
고향가서 피방가면 동네 부럴 친구들이랑은 뭐 거르는 거 없이 이야기하니까 막 말하게 되더라 당연히 키보드를 치거나 그러지는 않는데 말하는게 많이 거칠어지긴 해 반성해야겠네	고향에서 친구들과 대화하다 보면 말투가 거칠어지곤 합니다. 온라인에서는 조심하지만 스스로 반성하게 되네요.	2	1	SLUR	[부럴] -> 부적절한 신체 비유 단어 및 구어체 정제	clean
예수 십새끼 개새끼 창녀아들 애비실종 가정교육 못받은 무뇌충 허언증 정신병자 사기꾼 망상 근본없는 병신 장애인 짱개 흑인 이슬람 전라도랑 동급	(차단된 문장입니다)	1	5	RELIGION/RACISM/REGIONAL	[십새끼, 짱개, 전라도] -> 종교, 인종, 지역을 망라한 극단적 모욕 및 혐오로 차단	인종/국적, 지역, 종교
나이쳐먹고 피시방가는 놈들은 대가리에 똥만찬 놈들임	나이가 들어서도 PC방에 가는 사람들은 생각이 부족한 사람들입니다.	2	2	SLUR/AGE	[나이쳐먹고, 똥만찬] -> 연령 비하 및 모욕적 표현 순화	악플/욕설
출산청같은 소리하네. 우리나라 계집들 다 의무적으로 군대보내면 해결될 일이다. 정신개조부터 시켜야지. 지할꺼 다하고 무슨 애를 낳고 무슨 자식교육을 하냐?	(차단된 문장입니다)	1	4	GENDER	[계집들] -> 여성에 대한 집단적 비하 및 강압적인 태도로 차단	여성/가족
재능 ㅂㅅㅌㅊ노 ㅋㅋㅋㅋㅋ나도 합성배우고싶다이기	재능이 정말 뛰어나시네요. 저도 합성 기술을 배우고 싶습니다.	2	2	COMMUNITY/SLUR	[ㅂㅅㅌㅊ노, 이기] -> 특정 커뮤니티 어투 및 비속어 섞인 감탄사를 정중하게 순화	clean
가짜 남자는 어떻게 생겼냐?	가짜 남자의 기준은 무엇이라고 생각하십니까?	2	2	LGBTQ	[가짜 남자] -> 성 정체성에 대한 차별적 시선을 담은 질문을 중립적으로 정제	성소수자
이슬람뺨치내	특정 종교의 극단적인 모습과 비슷해 보이네요.	2	2	RELIGION	[이슬람] -> 타 종교를 부정적 상황의 비유로 사용한 어투 순화	인종/국적, 종교
아 어린이집에 월요일에 데려다주고 금요일에 데리고 왔단다...... 아 가슴이 너무 아프다......고작 3살 아가가 얼마나 외로웠을까.....아~~~~~~~~~~~~~~~!!!!!!!!!!!!!!	아, 어린이집에 월요일에 등원시켜 금요일에 하원시켰다고 합니다. 가슴이 너무 아프네요. 고작 3살 아이가 얼마나 외로웠을까요?	2	1	SLUR	[무해] -> 감정 과잉의 구어체 표현을 정중한 문장으로 정제	clean
갓슬람 정희구현 테러 ㅅㅅㅅㅅ미제양키새끼들에게는 테러가 답이다좆같은 양키 씨발새끼들	(차단된 문장입니다)	1	5	RELIGION/RACISM/VIOLENCE	[테러가 답] -> 종교 및 특정 국적에 대한 살인 위협 및 테러 옹호로 차단	인종/국적, 종교
AICPA 따고 넘어갔나보네	아, 정말 화가 나는 상황을 이겨내고 진행하셨나 보군요.	2	2	COMMUNITY	[AICPA] -> 발음을 이용한 암호형 욕설(아 씨팔) 순화	clean
원 리더십, 원 메시지로 내부 결속을 더 강화하고 외부로 리마커블(remarkable)한 이미지를 구축하여 다시 교회로 모일수 있기를 소망하고 기도합니다	원 리더십과 원 메시지로 내부 결속을 강화하고, 외부로 주목할 만한 이미지를 구축하여 다시 교회로 모일 수 있기를 소망하며 기도합니다.	2	1	RELIGION	[무해] -> 종교적 소망을 담은 구어체 문장을 문어체로 정규화	clean
협박스킬은 패시브랑께	협박하는 태도가 생활화되어 있군요.	2	2	REGIONAL	[패시브랑께] -> 특정 지역 사투리를 비꼬거나 희화화하는 어투 순화	clean
위로와 격려를 호텔에서 해? 왜? 저여자도 정상은 아니구만 완전 지네 할아버지보다 나이가 더 많을듯한데 토나올꺼같은데.. 둘다 미쳤구만.. 그렇게 더러운짓은 하고 설교를 어떻게 하는거야.. 웩!	위로와 격려를 왜 호텔에서 합니까? 저 여성도 정상이 아니네요. 할아버지뻘인 분과의 관계가 무척 불쾌합니다. 그런 행동을 하고 어떻게 설교를 할 수 있는지 당혹스럽습니다.	2	3	SLUR/AGE	[미쳤구만, 웩] -> 특정 인물에 대한 원색적인 비난 및 혐오 표현 순화	악플/욕설
메틸 알콜 집에서 쓰고 있다. 질문 받는다. 99프로 에틸에 1프로 메틸 들어간다. 공업용 에틸 알콜은 면세라 불법적으로 술제조 때문에 1프로 정도 메틸이 들어가면서 제조방지용으로 쓴다..	메틸 알코올을 집에서 사용 중입니다. 질문 받습니다. 99% 에틸에 1% 메틸이 혼합됩니다. 공업용 에틸 알코올은 면세이므로 불법 주류 제조를 방지하기 위해 1% 정도의 메틸을 첨가합니다.	2	1	SLUR	[무해] -> 정보 전달용 구어체 문장을 표준적인 설명문으로 정제	clean
띄울사람이 진짜 없긴 없나보다	추천할 만한 인물이 정말 없는 것 같습니다.	2	1	SLUR	[무해] -> 냉소적인 어조를 정중한 표현으로 완화	악플/욕설
한국패미=고유정 수준 ㅋㅋㅋ	일부 페미니스트들의 주장은 일반 대중이 받아들이기 힘든 수준인 것 같습니다.	2	3	GENDER	[고유정 수준] -> 특정 집단을 흉악 범죄자에 비유하여 혐오하는 표현 순화	여성/가족
CNN 구구절절 팩트	CNN의 보도 내용이 모두 사실입니다.	2	1	SLUR	[무해] -> 짧은 감상평을 정중한 문장으로 정규화	clean
쑈 빼고 아무것도 없는 개돼지 정권이노 탄핵 개힘조	현재 정부는 보여주기식 행정 외에는 실질적인 성과가 없어 보입니다. 강력하게 탄핵을 검토해야 합니다.	2	3	COMMUNITY/SLUR	[개돼지, 이노, 개힘조] -> 정치적 비하 용어 및 특정 커뮤니티 조롱 어투 순화	악플/욕설
진짜 저것들 아주 싫다, 싫어. 내가 외국년놈들에게 욕질 괜히 해대는 게 아니다.	정말 저 사람들이 무척 싫습니다. 제가 외국인들에게 비난을 하는 것에는 그만한 이유가 있습니다.	2	3	RACISM	[외국년놈들] -> 외국인에 대한 노골적인 비하와 욕설을 표준어로 순화	인종/국적
이슬람이고 뭐고 그냥 종교충들은 다 죽었으면 좋겠어	(차단된 문장입니다)	1	5	RELIGION/VIOLENCE	[죽었으면 좋겠어] -> 모든 종교인에 대한 살해 염원 및 극단적 증오로 차단	종교
홍어무침 ㅋㅋㅋㅋㅋㅋㅋㅋㅋㅋㅋㅋㅋㅋㅋ	(차단된 문장입니다)	1	4	REGIONAL	[홍어무침] -> 특정 지역민에 대한 멸칭을 사용한 비하적 조롱으로 차단	지역
안티페미 운운하기 전에 우리나라에서 페미라고 설치는 작자들이 어떻게 설치고 다니는지나 직시해보는게 우선인 것 같은데ㅋㅋㅋ	안티 페미니즘에 대해 논하기 전에, 현재 일부 여성 운동가들의 활동 방식이 사회에 어떤 영향을 주는지 먼저 살펴봐야 할 것 같습니다.	2	2	GENDER	[설치는 작자들] -> 상대를 낮잡는 표현을 정중한 비판으로 순화	여성/가족
뭐하냐 기업이네 기업이여 기업에 돈갖다 받치는 어이없는 시키들도 문제다	종교 단체가 기업처럼 운영되고 있네요. 그곳에 돈을 갖다 바치는 어처구니없는 사람들도 문제입니다.	2	2	RELIGION/SLUR	[시키들] -> 비속어가 섞인 비난을 표준적인 비판으로 정제	악플/욕설
홍들 피들 폭들 ㅎㅎㅎ	(차단된 문장입니다)	1	4	REGIONAL/COMMUNITY	[홍들, 피들] -> 지역 비하 및 특정 커뮤니티 은어를 결합한 조롱으로 차단	지역
안희 정민아 왜 저깄노 ㅋㅋㅋㅋ	아니, 정민 씨는 왜 그곳에 계십니까?	2	2	COMMUNITY	[저깄노] -> 의문사 없는 비꼼의 '~노' 말투를 표준어 의문문으로 순화	clean
큰일났노. 저 글쓴 자댕이를 재기로 위장해서 죽일방법 보내놨으니 봐라이기야.	(차단된 문장입니다)	1	5	GENDER/VIOLENCE/COMMUNITY	[자댕이, 재기, 이기야] -> 남성 비하 멸칭 및 살인 선동, 커뮤니티 조롱 어법으로 차단	남성
진씨는 왜 반말이야 ?	진 선생님은 왜 반말을 하십니까?	2	1	SLUR	[무해] -> 예의 없는 말투에 대한 지적을 정중하게 다듬음	clean
교회다녀봤는데 교인들은 보여지는것에 집중하고 그들이 말하는 속세의 사람들보다 가식적임 그리고 굉장히 이분법적사고를 갖고있어서 아마 이런상황에서 예배를 드린다는거에 우선순위를 지켰다고 자뻑하고있을거임 개뿔 하나님은 그런 이기적이고 천박한 신앙을 원치 않으실 거다 개독들아	교회 활동을 해보니 일부 신자들의 가식적인 모습과 이분법적인 사고에 크게 실망했습니다. 자신들만 옳다는 이기적인 신앙은 무척 천박하게 느껴집니다.	2	2	RELIGION	[개뿔, 개독들아] -> 종교 비하 용어 및 비속어를 정중한 비판으로 순화	종교
사망이후 조사받기 전까지 이 분 통화내역 확인 필요	사망 이후 수사 전까지 해당 인물의 통화 내역을 확인할 필요가 있습니다.	2	1	SLUR	[무해] -> 수사 관련 제안을 정중한 문장으로 정규화	clean
뜬구름 잡는 소리 하고 있네.	현실적이지 않은 막연한 주장을 하고 계시군요.	2	1	SLUR	[무해] -> 비꼬는 표현을 정중한 비판으로 정제	악플/욕설
이새끼 전라도	이분은 전라도 출신이신가 봅니다.	2	2	REGIONAL/SLUR	[이새끼] -> 지역 명칭과 비속어를 결합한 공격적 어조 순화	지역
도대체 이정권에서 무고한목숨이 얼마나죽는가	현 정권에서 억울하게 희생되는 분들이 너무 많아 안타깝습니다.	2	2	SLUR	[무해] -> 격앙된 정치적 탄식을 정중한 문장으로 정제	악플/욕설
진짜 전라도 존나 싫다	저는 특정 지역에 대해 무척 거부감을 느끼고 있습니다.	2	3	REGIONAL/SLUR	[전라도 존나 싫다] -> 특정 지역 전체에 대한 노골적인 혐오를 완화된 표현으로 순화	지역
돈고는 질병이다 이기야	(차단된 문장입니다)	1	5	LGBTQ/COMMUNITY	[돈고, 이기야] -> 성소수자 비하 멸칭 및 커뮤니티 조롱 말투로 차단	성소수자
보지들은 딱히 저런 거에 대해 자존심 같은 걸 안 느끼지 않나	여성들은 보통 그런 부분에 대해서는 크게 자존심을 세우지 않는 것 같습니다.	2	3	GENDER	[보지들] -> 여성을 비하하는 저질스러운 신체 멸칭을 표준어로 순화	여성/가족
오세라비님은 페미니스트 아닙니다만 ^^;;	해당 인물은 페미니스트가 아니신 것으로 알고 있습니다.	2	1	SLUR	[무해] -> 비꼬는 말투와 이모지를 제거하고 정중한 정보 전달로 정제	clean
뉴스 보니까 길이 낯설지 않더라.	뉴스를 통해 본 장소가 제게도 꽤 익숙하더군요.	2	1	SLUR	[무해] -> 일상적 감상을 정중하게 정규화	clean
동성애는 저주야!	동성애는 옳지 않은 것이라고 생각합니다.	2	3	LGBTQ	[저주야] -> 성소수자에 대한 저주 섞인 표현을 완화된 비판으로 순화	성소수자
애들 먹이게 돈가스 좀 달라는건 뭐야 ㅋㅋㅋㅋㅋㅋㅋㅋ아니 애들 먹는 돈가스는 어디 하늘에서 뚝 떨어지냐 양심도 없노 ㅋㅋㅋㅋㅋㅋㅋㅋ	자녀를 핑계로 무리한 요구를 하는 상황이 이해되지 않는군요. 최소한의 도의를 지켜야 한다고 생각합니다.	2	2	COMMUNITY/SLUR	[양심도 없노] -> 비꼬는 웃음 소리와 인터넷 어투를 정중한 지적으로 순화	clean
맞노.저멘트로 타격느끼는건 개념려둘뿐이다 ㅋㅋㅋㅋㅋ	맞습니다. 그런 말에 상처를 받는 분들은 자기 객관화가 덜 된 분들뿐인 것 같네요.	2	2	COMMUNITY/SLUR	[맞노, 개념려] -> 특정 커뮤니티 전용 어법 및 비칭을 표준어로 순화	clean
냄져들 기싸움이 더하다....	남성들 사이의 기싸움이 훨씬 치열한 것 같습니다.	2	2	GENDER	[냄져들] -> 남성 비하용 멸칭을 표준어로 순화	남성
마포가 뭘뜻하는거냐?	마포라는 단어가 어떤 의미로 사용된 것입니까?	2	1	SLUR	[무해] -> 일상적인 질문을 정중한 어조로 정규화	clean
전라도피는 물보다 진하다	전라도 사람들의 결속력은 무척 강한 것 같습니다.	2	3	REGIONAL	[전라도피] -> 혈통을 강조한 지역 차별적 뉘앙스를 중립적인 결속력 표현으로 순화	지역
할카스가 머임?상폐보지중 부패한보지임?	(차단된 문장입니다)	1	5	AGE/GENDER/SLUR	[할카스, 상폐보지] -> 노년층 및 여성을 향한 극단적으로 저질스러운 성적 모욕으로 차단	여성/가족, 연령
솔직히 패 죽일 수 있다 정당방위 상황에서 어디를 어떻게 쳐서 병신 만들지 시뮬레이션 많이 해보노	(차단된 문장입니다)	1	5	VIOLENCE/COMMUNITY	[패 죽일 수 있다] -> 직접적인 살해 위협 및 폭력 행위 묘사로 차단	악플/욕설
저남자랑 섹스하고싶다 쎅스쌕스!!	저는 그분에게 성적인 매력을 느끼고 있으며, 관계를 맺고 싶다는 욕구가 강합니다.	2	3	SLUR	[쎅스쌕스] -> 저급하고 과격한 성적 표현을 정중한 욕구 표현으로 순화	악플/욕설
존나 무섭네	정말 무섭군요.	2	2	SLUR	[존나] -> 보편적 비속어를 정중한 강조 표현으로 순화	clean
물타기 하지마라애초에 지금 개독 존나 까이는거진화론 관련 글 올라왔는데개독 새끼들이 창조설 가져와서 빼애애애ㅐ액~~해서 시작 된거다	논점을 흐리지 마십시오. 특정 종교 신자들이 과학적 사실과 배치되는 주장을 강요하면서 논란이 시작된 것입니다.	2	2	RELIGION	[개독, 빼애액] -> 종교 비하 용어 및 조롱 섞인 감탄사 순화	종교
지금 이미 난리남	지금 상황이 매우 긴박하게 돌아가고 있습니다.	2	1	SLUR	[무해] -> 단조로운 구어체 표현을 정중한 표준어로 정규화	clean
거식증때문에 168cm 49kg된적있노 학식련인데 언덕위에 있는 도서관만 가도 헉헉대고 눈앞이까매지고 세미시체였다이기.. 이제 다시 쪘더니 낮잠도 별로 필요없고 체력이 늘어난기분이노	거식증으로 인해 건강이 매우 나빠졌던 경험이 있습니다. 조금만 움직여도 기력이 없어 일상생활이 힘들었지만, 체중을 회복한 지금은 체력이 좋아진 것을 느낍니다.	2	2	COMMUNITY/SLUR	[있노, 이기, 기분이노] -> 커뮤니티 종결어미 및 비속어를 정중한 표준어로 번역	clean
우노ㅋㅋ자댕이의 존재의미가 atm이지 달리뭔데 거참 한국남자들 자의식과잉 오진다이기야	남성의 존재 의미는 경제적 수단일 뿐입니다. 한국 남성들의 자의식 과잉이 지나치네요.	2	3	GENDER/COMMUNITY	[자의식과잉, 자댕이, 이기야] -> 남성 비칭 및 커뮤니티 조롱 어투 순화	남성
조국 수사는 이제 막바지. 기껏해봐야 와이프가 표장장관련 의혹이 전부. 국민을 위한 검찰 개혁이 이렇게 폄하하는 자한당 언제 까지 용납할것인가. 자한당 반드시 청산해야 나라가 한발짝이라도 앞으로 갈것. 이제 적페당에 끌려 다니는 나약한 민주당도 심판하자.	조국 전 장관에 대한 수사가 막바지 단계에 이르렀습니다. 배우자의 의혹이 전부인 상황에서 특정 정당의 행태가 우려스럽군요. 진정한 정치 개혁을 위해 국민의 엄중한 판단이 필요할 때입니다.	2	1	SLUR	[무해] -> 격앙된 정치적 비판 어조를 정중한 논평으로 다듬음	기타 혐오
소고기 짬뽕 존나먹어보고싶다	소고기 짬뽕이 정말 먹어보고 싶네요.	2	2	SLUR	[존나] -> 보편적 비속어를 정중한 강조 표현으로 순화	clean
이거 jtbc나 한경오에 제보하면 댓글로 대구 개까이겠지?	이 내용을 언론사에 제보하면 특정 지역에 대한 비판적인 여론이 형성될 것 같아 걱정되시나요?	2	2	REGIONAL	[대구 개까이겠지] -> 특정 지역에 대한 집단 비난 가능성을 우려하는 어투 정제	지역
민아 귀엽네	민아 씨가 정말 귀엽군요.	2	1	SLUR	[무해] -> 일상적 감상 표현을 정중한 어조로 정규화	clean
보지는 돈 벌어서 좋고꼬추는 섹스해서 좋고서로 윈윈인데 이게 왜 불법이냐	성매매가 당사자 간의 합의가 있다면 왜 법적으로 규제받아야 하는지에 대해 의문이 있으시군요.	2	3	GENDER/SLUR	[보지, 꼬추] -> 성기를 지칭하는 저속한 표현을 상황에 맞는 표준어로 순화	악플/욕설
로봉순 젠신병자니까 맘껏패라 사람아님	(차단된 문장입니다)	1	5	LGBTQ/VIOLENCE	[젠신병자, 맘껏패라] -> 성소수자 모욕 및 직접적인 폭력 선동으로 차단	성소수자, 기타 혐오
빍ㅔ이츠 공산당이다	빌 게이츠의 행보가 특정 이념을 지배적으로 따르는 것처럼 보여 우려되시는군요.	2	2	SLUR	[공산당] -> 특정 인물에 대한 정치적 낙인찍기 어조를 정중한 의견으로 다듬음	악플/욕설
한남 말동무도 해주고 심심하냐?	한국 남성분과 대화도 하시고, 지금 조금 지루하신 상황인가요?	2	2	GENDER	[한남] -> 남성 비칭 사용 및 비꼬는 어투 순화	남성
7인의 수습위원회? 일제시대 신사참배를 종교적행위가 아니라 국민의례라고하면서 신사참배 합헌 한것과 같은 꼴이네..7인의 이름은 영원히 역사에 수치로 기록되리라.	수습위원회의 결정이 과거 부적절했던 역사적 사례와 유사해 보여 안타깝습니다. 이들의 결정은 훗날 엄중한 역사적 평가를 받게 될 것입니다.	2	2	SLUR	[수치로 기록되리라] -> 과격한 비판 어조를 정중한 역사적 비평으로 정제	악플/욕설
유민관인가 누구 개그맨 닮지 않았음?	유민상 씨나 특정 개그맨분을 닮으신 것 같지 않습니까?	2	1	SLUR	[무해] -> 외모 비교 질문을 정중한 표준어로 정규화	clean
이상준 황비홍댓냐	이상준 씨가 특정 가발이나 분장으로 황비홍처럼 보이나요?	2	1	SLUR	[무해] -> 연예인 외모에 대한 구어체 질문을 정규화	clean
똥고에 들어갔던 꼬치 먹고싶은사람이 없어서 그렇지않겠노	(차단된 문장입니다)	1	5	LGBTQ/COMMUNITY	[똥고, 그렇지않노] -> 성소수자 비하 멸칭 및 조롱 어투로 차단	성소수자
보지민국에서 뭘 믿겠노? 보지 믿고그러지	여성들의 영향력이 지나치게 큰 사회 환경에서는 신뢰가 부족하다고 느끼시는군요. 특정 성별에 대한 배타적인 태도가 엿보입니다.	2	3	GENDER/COMMUNITY	[보지민국, 믿겠노] -> 여성 및 국가 비하 용어와 조롱 어법 순화	여성/가족
막내가 예뻣으면 이런일 없다예쁜 여자는 저런데 한눈팔릴 틈조차 없음	외모가 빼어난 여성이라면 그런 부적절한 상황에 휘말릴 리가 없다는 편견을 가지고 계시는군요.	2	3	GENDER	[예쁜 여자] -> 여성의 외모에 따른 행동 방식 일반화 및 비하 순화	여성/가족
그림체는 귀엽긴하지만 현실은 그렇치않아	그림체는 무척 귀엽지만, 실제 현실은 그와 다소 거리가 있는 것 같습니다.	2	1	SLUR	[무해] -> 주관적 평가를 담은 구어체 문장을 정중하게 다듬음	clean
출발한다 이기야!	이제 시작하겠습니다.	2	2	COMMUNITY	[이기야] -> 문맥과 상관없이 덧붙여진 인터넷 말투 표준화	clean
저런것들은 설명해줘도 모른다	저런 사람들은 아무리 상세히 설명해도 이해하지 못할 것 같습니다.	2	2	SLUR	[저런것들] -> 대상을 낮잡아 부르는 표현을 정중하게 순화	clean
우리에게는 유모차 부대가 있는데?	저희에게는 영유아와 함께 행동하는 동지들이 있으니 든든합니다.	2	1	SLUR	[무해] -> 특정 집단 지칭 용어를 긍정적이고 정중하게 정제	clean
그렇게 좋으면 따라가야제,,,^^	그렇게 긍정적으로 생각하신다면 직접 참여해보시는 것은 어떻습니까?	2	2	SLUR	[따라가야제] -> 비꼬는 조롱 섞인 어투 및 말투 순화	clean
엔두스타일! 엔 엔 엔 엔 엔! 엔두스타일~!	(차단된 문장입니다)	1	5	COMMUNITY/POLITICAL	[엔두스타일] -> 특정 독재자에 대한 찬양 및 인터넷 조롱 밈 사용으로 차단	clean
항상 패배감에 쩔어있음.그렇다보니 상대하기 귀찮아서 피하는 것을 지들이 잘나서 이긴줄 알고 좆도 안되는 승리감과 도취감에 빠짐.(똥을 기준으로 사람들은 똥이 더러워서 피하는 것이지만, 똥은 지가 사람들에게 공포를 가져오는 존재라고 착각하는 것임.)	항상 패배감에 젖어 살고 있습니다. 상대가 더러워서 피하는 것인데 자신이 잘나서 이긴 줄 알고 근거 없는 승리감에 도취되어 있네요.	2	2	SLUR	[좆도 안되는, 똥] -> 상대를 비하하는 저속한 비유 및 표현 순화	악플/욕설
이런 기사 한국에서도 곧나오겠노 개슬람 난민 많아지더만 ㅋㅋ	특정 종교 출신의 난민 유입이 늘어나면서 한국에서도 비슷한 사건이 조만간 발생할 것 같아 무척 걱정됩니다.	2	3	RELIGION/COMMUNITY	[개슬람, 곧나오겠노] -> 종교 비하 용어 및 인터넷 조롱 어법 순화	인종/국적, 종교
후팔 가사가 저게뭐노	이런, 가사의 내용이 다소 부적절하고 이해하기 어렵군요.	2	2	COMMUNITY/SLUR	[후팔, 뭐노] -> 욕설 변조 및 의문사 없는 '~노' 말투 순화	악플/욕설
보석 같아서 아껴서 꽁꽁깜춘다는데 여자가 돌맹이냐 사람이지 보석이면 더 보여주면서 자랑하고 싶지 않냐 왜 눈만 보여줘	여성을 소유물처럼 여겨 특정 복장으로 가리는 관습은 이해하기 어렵습니다. 보석도 아닌 사람인데 왜 눈만 보여주게 하는 것입니까?	2	2	RELIGION/SLUR	[돌맹이냐 사람이지] -> 특정 종교의 관습에 대한 비판적 의견을 정중하게 다듬음	악플/욕설
이새끼 똥꼬충인거같은데 똥꼬충새끼들이 양성애자들 존나 고깝게 보더라글제목부터가 성소수자 라고 대우해주는게 이새끼 똥꼬충으로 추정된다	(차단된 문장입니다)	1	5	LGBTQ/SLUR	[똥꼬충새끼들] -> 성소수자에 대한 극단적인 멸칭 및 혐오로 차단	성소수자
여자 사진올라오면 따먹고싶다고 지랄하고 여자는30넘으면 상폐타령하는 일베랑 뭐가 다르노?ㅋㅋ	여성을 성적으로만 대상화하거나 나이를 기준으로 비하하는 행위는 특정 혐오 커뮤니티의 모습과 다를 바 없어 보입니다.	2	2	AGE/GENDER/COMMUNITY	[따먹고, 상폐타령, 다르노] -> 성별/연령 비하 및 커뮤니티 조롱 어투 순화	연령
쌔끼들 저 손 좀 봐라ᆢᆢ 바짝 쫄기는ㅋㅋ	어린 친구들의 긴장한 모습이 눈에 띄네요. 많이 당황한 모양입니다.	2	2	SLUR	[쌔끼들, 쫄기는] -> 상대를 낮잡는 표현과 조롱 섞인 말을 정중하게 정제	악플/욕설
여자는 자고로 남자 좃을 물고 살아야 하는 뱁이여!	(차단된 문장입니다)	1	5	GENDER/SLUR	[좃을 물고] -> 여성에 대한 극단적으로 저질스러운 성적 모욕 및 굴종 강요로 차단	여성/가족
국산남특징 정확하노ㅋㅋㅋㅋ지잘못 인정안한다 일찍이 애비뒤진놈들이라 상도덕이 없다이기	(차단된 문장입니다)	1	5	GENDER/COMMUNITY	[애비뒤진, 없다이기] -> 남성 및 가정 환경에 대한 패륜적 비하와 커뮤니티 조롱 어투로 차단	남성
기도가 뭐 그렇게 대단하다고	기도라는 행위가 실질적으로 어떤 큰 영향력을 갖는지 의문이 드네요.	2	2	RELIGION	[무해] -> 종교적 행위에 대한 회의적 시각을 정중한 어조로 정규화	clean
안 만나면 분노살인. 한국남자로 태어난 새끼들을 다 여섯조각으로 찢어죽여야 해결될 문제노 	(차단된 문장입니다)	1	5	GENDER/VIOLENCE	[찢어죽여야] -> 남성에 대한 직접적인 살해 협박 및 잔인한 폭력 선동으로 차단	남성
관음자지들 인생 ㅆㅎㅌㅊ라서 저거 중에 살자밖에 못하노 풉ㅋㅋㅋ	(차단된 문장입니다)	1	5	GENDER/VIOLENCE/COMMUNITY	[관음자지, 살자, 못하노] -> 남성 비하 멸칭 및 자살 강요, 커뮤니티 조롱 어법으로 차단	남성
다문화 극혐 맞고 다인종도 위험하긴 한데어차피 일베서 아무리 극혐씹극혐 소리 해봤자 변하는거 없음 뭐 존나 뭉쳐서 시위해야 윗대가리들이 들을랑말랑하는데 우리 일베충들이 그럴 위인들이 얼마나 있을까?그냥 글러먹었다 생각하고 자기살길이나 찾으면 된다	다문화와 다인종 사회는 무척 위험합니다. 어차피 인터넷에서 비판해 보아야 바뀌는 것은 없으니, 각자 살길이나 찾아야 합니다.	2	2	RACISM/COMMUNITY	[극혐, 일베충들] -> 인종 혐오 및 특정 커뮤니티 지칭 용어를 정밀하게 순화	인종/국적
과학이고 증거고 뭐고 다 팔아먹었구만	과학적 근거와 증거를 모두 무시하고 있네요.	2	2	SLUR	[팔아먹었구만] -> 비난조의 구어체 표현을 정중한 비판으로 다듬음	악플/욕설
백인은 애를 안낳으니 기독교가 줄은거고 이슬람은 애를 많이 낳고 불법이민 존나가니 늘어나고	백인이 아이를 낳지 않아 기독교가 줄어든 것이고, 이슬람은 출산율이 높고 불법 이민이 많아 늘어나는 것입니다.	2	2	RACISM/RELIGION	[존나가니] -> 비속어가 섞인 인구 현상 분석을 정중한 문장으로 정제	인종/국적
ㅇㅊㅇㅊㅇ 베스트가라~!	정말 훌륭한 게시글입니다. 많은 분이 볼 수 있도록 추천하겠습니다.	2	1	COMMUNITY	[ㅇㅊㅇㅊㅇ] -> 특정 커뮤니티식 추천 유도 은어를 정중한 표현으로 순화	clean
문프발 5G 바이러스가 사실이었노 ㅋㅋㅋ	정부와 관련된 루머가 정말 사실이었습니까? 무척 황당한 상황이네요.	2	2	COMMUNITY	[사실이었노] -> 의문사 없는 '~노' 말투 및 조롱 섞인 반응 순화	clean
저기다가 밤꽃냄세 나는액채를 살며시 발라줘라 그럼 냄세 더욱 ㅅㅌㅊ 될꺼다 이기야	(차단된 문장입니다)	1	5	GENDER/SLUR/COMMUNITY	[밤꽃냄세, 이기야] -> 저질스러운 성적 은유를 통한 모욕 및 커뮤니티 어투로 차단	악플/욕설
진짜 버러지 기생충이다사회암이다인권/복지고 나발이고 저런것들은 삼청교육대에서 정신 개조가 필요하다	(차단된 문장입니다)	1	5	VIOLENCE/SLUR	[버러지, 삼청교육대] -> 상대를 벌레로 비하하고 인권을 무시한 강압적인 폭력을 옹호하여 차단	악플/욕설
입갤이 숙대가 높냐 동대가 높냐 숙대에는 꼴펨 많나?	숙명여대와 동국대 중 어디의 입시 결과가 더 높습니까? 숙명여대에는 과격한 여성 운동가들이 많나요?	2	2	GENDER/COMMUNITY	[입갤, 꼴펨] -> 커뮤니티 용어 및 여성 비하적 축약어 순화	여성/가족
아니 시벌 터키 그나마 보수적 마인드 때문에 좋아했는데 동성애자들이 저정도로 날뛰는거면 답없네	특정 국가의 보수적인 가치를 지지해 왔는데, 성소수자들의 활발한 활동을 보니 이제는 희망이 없어 보입니다.	2	3	LGBTQ/RELIGION	[시벌, 날뛰는거면] -> 욕설 및 성소수자에 대한 공격적인 표현 순화	성소수자
대구븅신들	(차단된 문장입니다)	1	4	REGIONAL/SLUR	[대구븅신들] -> 특정 지역민에 대한 무차별적인 비하와 욕설로 차단	지역
여대를 없애라 여대가 왜 있는지 이해가 안감	여자대학교를 없애십시오. 여자대학교가 왜 존재하는지 이해할 수 없습니다.	2	2	GENDER	[없애라] -> 강압적인 어조를 정중한 문제 제기 형식으로 다듬음	clean
내 스탈이야 ♡	딱 제 취향입니다. 정말 마음에 들어요.	2	1	SLUR	[내 스탈] -> 줄임말과 이모지를 제거하고 정중한 호감 표현으로 정제	clean
이거 생각해보니 진짜 투신자살일까 하는 생각이 드노.. 강간하려다가 밀어서 떨어트린거 아니노...?	해당 사건의 경위에 대해 여러 의구심이 드는군요. 혹시 다른 범죄와 연관된 것은 아닐지 철저한 조사가 필요해 보입니다.	2	2	COMMUNITY/SLUR	[드노, 아니노] -> 의문사 없는 '~노' 말투를 정중한 의혹 제기 문장으로 순화	clean
가정환경이 도대체 어때야만 감형없이 제대로된 처벌을 할까?? 불우하고 폭력적이 환경에서 자라면 지자식 때려죽여도 된다는 법이 따로 있는거임???	성장 환경의 불우함이 반인륜적 범죄의 면죄부가 되어서는 안 됩니다. 가해자의 배경과 상관없이 엄정한 법의 심판이 내려져야 합니다.	2	1	SLUR	[때려죽여도] -> 격앙된 감정 표현을 정중한 사법적 비판으로 정제	악플/욕설
조선족 개새끼들 백린탄으로 멸해야한다	(차단된 문장입니다)	1	5	RACISM/VIOLENCE	[백린탄으로 멸해야] -> 특정 인종에 대한 대량 살상 선동 및 극단적 혐오로 차단	인종/국적
다문화는 그종족의 문화를 존중하고 지속시키며 같이 행복하게 사는건대 이나라는 걍 짬뽕이네 시부랄거	서로의 문화를 존중하며 공존하는 것이 진정한 다문화라고 생각합니다. 하지만 현재의 정책은 기대와 달리 다소 혼란스러워 보여 안타깝습니다.	2	2	RACISM/SLUR	[시부랄거, 짬뽕] -> 특정 정책에 대한 비속어 섞인 불만을 정중한 비판으로 순화	인종/국적
아직까진 불필요하다 여자 남자속에서 숨어살면서 또 소수자를 만들고 지네들이 하는게뭔데....불편해 그냥 숨어살어	성소수자들의 활동이 아직은 불필요하다고 생각합니다. 다른 사람들 사이에 섞여 소수자를 자처하는 행동이 불편하니 드러내지 말고 사십시오.	2	2	LGBTQ	[숨어살어] -> 성소수자에 대한 배타적 시선을 정중한 의견으로 정제	성소수자
역시 불의 도시. 마 갱상도 싸나이 뜨급다 아이가.	역시 열정적인 도시네요. 경상도 남성들의 기개가 무척 뜨겁습니다.	2	1	REGIONAL	[싸나이, 뜨급다] -> 지역 방언을 활용한 묘사를 정중한 표준어로 정규화	clean
욱일기에 침략 당한적도 없고 일본에게 나라 팔아먹고 일본군이 되어서 욱일기 같이들고 아시아정벌을 같이한 새끼들이 왜 저런 법을 만드노 ???욱일기에 언제 당했다고 .........욱일기들고 일본군복입고 가해하고 다녔는 족속들이 신분세탁하노 ???	욱일기에 침략당한 적도 없고 나라를 팔아먹은 사람들이 왜 이런 법을 만듭니까? 가해자였던 사람들이 이제 와서 신분 세탁을 하려 하네요.	2	2	SLUR	[새끼들이, 만드노] -> 역사적 비판 과정의 거친 어조를 정중한 비평으로 순화	악플/욕설
급식체 분탕으로 처리하고 벤하면 안되나	학생들의 말투를 소란 행위로 간주하고 차단하면 안 됩니까?	2	2	AGE/COMMUNITY	[급식체, 분탕] -> 특정 연령대 및 커뮤니티 은어를 표준어로 정제	연령
똥꼬충을 권유하는 시대까지오노	성소수자의 가치관을 권유하는 시대까지 왔네요.	2	3	LGBTQ/COMMUNITY	[똥꼬충, 오노] -> 성소수자 비하 멸칭 및 커뮤니티 조롱 어투 순화	성소수자
주적이라 말못하는 놈처럼 어버버하네ㅋㅋ	주적이라고 말도 못 하는 사람처럼 어물거리네요.	2	2	SLUR	[어버버하네] -> 상대를 희화화하는 표현을 정중한 비판으로 다듬음	악플/욕설
가까운 신안으로 보낸다. 세상 그 누구도 찾지못한다	(차단된 문장입니다)	1	5	REGIONAL/VIOLENCE	[신안으로 보낸다] -> 특정 지역을 범죄 소굴로 묘사하며 신체적 위협을 암시하여 차단	지역
극극극극극소수를 위해 너무 많은 인력과 예산낭비. 탁상행정의 끝판이다.	극소수를 위해 너무 많은 인력과 예산이 낭비되고 있습니다. 전형적인 탁상행정입니다.	2	2	SLUR	[끝판이다] -> 구어체 수식어를 정중한 행정 비판으로 정제	악플/욕설
이기뭐노 심심할때 마주치면 좆한번 비틀어주고 도망가고싶게생겼노 수치심에 자들자들 5걸음 정도 뛰다가 헉헉꿀꿀 재기하는 꼴이 선하다이기ㅋㅋ	(차단된 문장입니다)	1	5	GENDER/VIOLENCE/COMMUNITY	[좆한번 비틀어, 재기하는] -> 남성에 대한 직접적 신체 상해 위협 및 살인 선동으로 차단	남성
난 homosexual을 지지하는 heterosexual인데 솔직히 저들의 way to express는 좀 seriously 문제가 있다고 생각한다	저는 성소수자들의 권리를 존중하지만, 그들의 표현 방식이 다소 과격하게 느껴져 우려스럽습니다.	2	2	LGBTQ/SLUR	[seriously 문제가] -> 영어를 섞은 구어체 표현을 품격 있는 표준어로 순화	성소수자
시발 일게이들 이제 러브인 아시아 강제로 찍게되노 ㅋㅋㅋㅋㅋㅋㅋㅋㅋㅋ	이런, 이제 커뮤니티 사람들이 국제결혼을 강제로 하게 생겼네요.	2	2	COMMUNITY/SLUR	[시발, 일게이들, 찍게되노] -> 욕설 및 커뮤니티 은어, 조롱 어투를 정중하게 순화	악플/욕설
개소리하노 시발라마 조선족이 중국인인데 중국인보다라니 뭔 개소리야 조선족 == 중국인 동일	조선족은 중국 국적자이므로 중국인으로 분류하는 것이 맞습니다. 이들을 분리해서 생각하는 논리는 타당성이 부족합니다.	2	3	RACISM/COMMUNITY	[개소리하노, 시발라마] -> 욕설 및 커뮤니티 조롱 어투를 정중한 반박으로 순화	인종/국적
아따 제목만봐도 키부니 놈딱 조아지놐ㅋㅋㅋㅋㅋㅋ 담에 또 마주치면 후장에 우산 접었다폈다 하는거 잊지말아라익이	(차단된 문장입니다)	1	5	VIOLENCE/COMMUNITY	[후장에 우산] -> 극단적으로 저질스러운 신체 고문 묘사 및 혐오 발언으로 차단	악플/욕설
제발 성에 관해서만은 관대하지 맙시다! 인류의 미래와 연관되어 있다고 봅니다. 성소수자 차별금지법 절대반대!!! 성다수자가 역차별 당하는법!!!	성소수자 관련 법안 제정에 신중해야 합니다. 다수가 역차별을 느끼지 않도록 균형 있는 시각이 필요합니다.	2	1	LGBTQ	[절대반대] -> 강경한 정치적 반대 의사를 정중한 호소로 다듬음	성소수자
일단 후장은 뚫어라 고분해진다이기	(차단된 문장입니다)	1	5	LGBTQ/VIOLENCE/COMMUNITY	[후장은 뚫어라] -> 성소수자에 대한 물리적 가해 선동 및 저질 표현으로 차단	악플/욕설
손정우는 미국에 보내지도 않고 이런건 공조 요청하고ㅋㅋㅋㅋ 결과 나오면 그것도 꼭 기사로 크게크게 써주시길..🙏 손동작부터 해서 해외에 널리널리 알려지는구나	국제 범죄 공조가 사안마다 다르게 적용되는 상황이 무척 불공평합니다. 수사 결과가 나오면 꼭 크게 보도해 주십시오.	2	2	SLUR	[크게크게 써주시길] -> 냉소적인 요구를 정중한 언론 비판으로 순화	clean
어제 무 슨 날이냐? 어제 쓰까국 가야 동서머 근처에 한 잔 하러 갔는데 무슬림 새끼들 모여서 존나 가던데 존나 빠개면서 가길래 알라후 아크바르 하면서 지나가니깐 존나 야리더라 ㅋ	어제 특정 지역에서 특정 종교인들을 마주쳤는데, 서로 오해가 생겨 불쾌한 상황이 있었습니다. 특정 언행을 하니 불만스럽게 쳐다보더군요.	2	3	RELIGION/RACISM	[무슬림 새끼들, 존나] -> 종교 비하 용어 및 비속어 섞인 불쾌감 표현을 정중하게 순화	인종/국적
남녀가 헐벗고 섹스하자고 춤추고 퍼레이드 하고 콘돔 나눠주면 바로 잡혀갈텐데동성연애자들이 춤추고 항문섹스하자고 콘돔 나눠주는 것은 왜 가만둘까?	성소수자 축제의 자극적인 공연이 공공장소에서 허용되는 기준이 일상과 달라 형평성에 의문이 듭니다.	2	2	LGBTQ	[항문섹스] -> 지나치게 노골적인 성적 묘사를 상황에 맞는 표준어로 완환	성소수자
그러면 좆국이 웜련들의 보지놀이터가 될 것이다.	(차단된 문장입니다)	1	5	GENDER/COMMUNITY	[좆국, 웜련, 보지놀이터] -> 국가 및 남성, 여성 모두에 대한 극단적 멸칭으로 차단	여성/가족, 인종/국적
정상이냐? 헐 비정상을 그냥 다문화식으로 인정해달라하는것도아니고	정상적이지 않은 상황을 다문화라는 명목으로 인정해 달라는 주장을 받아들이기 어렵습니다.	2	2	RACISM/SLUR	[정상이냐, 헐] -> 상대를 낮잡는 질문과 구어체를 정중한 의문으로 정제	악플/욕설
에이즈의 주범이 똥꼬충인거 이미 통계로 확인 되었음	에이즈의 주요 원인이 성소수자라는 사실은 이미 통계로 확인되었습니다.	2	3	LGBTQ/SLUR	[똥꼬충] -> 성소수자 비하 멸칭을 표준어로 순화	성소수자
부랄을 울려라 이기야~ 와인병에 한남충 틀니가 나간다 재기야 삼기야 틀따라닦딲 틀딲딲 부롸라라라악 후두두두둑	(차단된 문장입니다)	1	5	GENDER/VIOLENCE/COMMUNITY	[재기야, 부롸라라라악] -> 남성 비칭과 살인 선동, 저질스러운 조롱의 나열로 차단	남성
포괄적차별금지법을 반대합니다.	포괄적 차별금지법의 제정에 대해 명확한 반대 입장을 표명합니다.	0	0	NORMAL	[무해] -> 정책에 대한 일상적인 반대 의사 표명	종교
20년 후. 인구의 20프로를 차지한 개슬람은 자기들이 먹어선 안 될 고기들을 먹었다고 토종인들의 목을 썰기 시작하는데...국내 정치인들은 이에 맞서 즉각적으로 개슬람으로 종교를 바꿈을 선언!	인구의 20%를 차지한 특정 종교인들이 본인들의 문화에 어긋나는 음식을 먹었다고 위협을 가할 것입니다. 국내 정치인들은 이에 맞춰 즉각 개종을 선언할 것입니다.	2	2	RELIGION/RACISM	[개슬람, 목을 썰기] -> 종교 비하 및 잔혹한 비유를 정중한 우려로 정제	인종/국적, 종교
사전 오프모임은 할 필요도 없고	사전에 대면 모임을 가질 필요는 없을 것 같습니다.	2	1	SLUR	[무해] -> 일상적인 의견 표명을 정중한 문장으로 정규화	clean
후팔 1호선이노	세상에, 지하철 1호선에서 겪은 일이 무척 당혹스럽습니다.	2	2	COMMUNITY/SLUR	[후팔, 이노] -> 욕설 변조 및 커뮤니티 어투를 정중한 표준어로 번역	악플/욕설
남자가 고추 떼고 가시나들 보러 간거냐? 미쳐버리겠네~~ 여기서 여자친구 생기면 동성애?	남성이 성전환을 하고 여성들 사이에 섞이려는 시도는 상식적으로 이해하기 어렵습니다.	2	2	LGBTQ/SLUR	[고추 떼고, 가시나들] -> 성 전환 관련 저속한 표현 및 여성 비칭 순화	성소수자
맘충 = 진상 거지년이 애낳은 것	(차단된 문장입니다)	1	5	GENDER/SLUR	[맘충, 거지년] -> 아이와 여성을 결합한 매우 저질스러운 비하와 모욕으로 차단	여성/가족, 종교
장미칼 미만잡	특정 제품의 성능이 너무 뛰어나서 다른 것들은 비교조차 되지 않습니다.	2	1	SLUR	[미만잡] -> 조롱조의 신조어를 정중한 최상급 표현으로 정제	clean
나도 여잔데 찬성 ㅎㅎ 신체적으로 차이는 있기때문에 행정이나 취사병처럼 군인 지원하는 쪽으로라도 해야한다고 봄..	여성으로서 군 복무에 찬성합니다. 신체적 차이를 고려하여 비전투 병과를 통해 국방의 의무에 기여하는 방식이 적절합니다.	2	1	SLUR	[무해] -> 일상적인 의견 표명을 정중하고 논리적인 문장으로 정제	clean
개좆같네 씨발 ㅋㅋㅋㅋㅋㅋㅋㅋ	(차단된 문장입니다)	1	4	SLUR	[개좆같네, 씨발] -> 원색적인 욕설과 조롱이 섞인 단순 배설적 표현으로 차단	악플/욕설
단속안하나 이씨발	(차단된 문장입니다)	1	4	SLUR	[이씨발] -> 공무 수행에 대한 불만을 극심한 욕설과 함께 표출하여 차단	악플/욕설
이미 한남 와꾸는........ 읍음....!!!!	한국 남성들의 외모가 기대에 미치지 못해 할 말을 잃었습니다.	2	3	GENDER	[한남, 와꾸] -> 남성 비칭 및 외모 비하 표현을 정중하게 순화	남성
터키가 형제국가로 생각하는 나라가 좆본아닌가?	터키가 형제 국가로 생각하는 나라는 일본이 아닙니까?	2	3	RACISM	[좆본] -> 특정 국가에 대한 저속한 비하 명칭을 표준어로 순화	인종/국적
전라도세끼들은 딱봐도 뭔가 혐오감있게 생김 유전자가 다른 종족인건 확실함	(차단된 문장입니다)	1	5	REGIONAL/RACISM	[전라도세끼들, 다른 종족] -> 특정 지역민을 인종적으로 분리하고 혐오감을 표출하여 차단	지역
여자였으면 신상공개 안됐을텐데 ㅋㅋㅋ	피의자가 여성이었다면 신상 정보가 공개되지 않았을 것인데, 불공평하다는 생각이 듭니다.	2	2	GENDER	[안됐을텐데] -> 냉소적인 사회 비판을 정중한 의문 제기 형식으로 정제	여성/가족
으니좆팔ㅋㅋㅋㅋ 저게뭐놐ㅋㅋㅋㅋ	이런, 저 모습이 무척 당황스럽고 우스꽝스럽네요.	2	2	COMMUNITY/SLUR	[으니좆팔, 뭐놐] -> 욕설 변조 및 커뮤니티 어투를 정중한 감탄사로 번역	악플/욕설
인천은 진짜 수도권인데 제일 싼듯 요즘 안산부천 이딴 쓰레기동네 다오르는데 인천은 방어하는듯	인천은 수도권임에도 시세가 안정적이네요. 다른 지역에 비해 주거비 부담이 적어 보입니다.	2	2	REGIONAL/SLUR	[쓰레기동네] -> 특정 지역을 비하하는 과격한 표현을 완화된 설명으로 정제	지역
예수는 개쓰레기 버러지 애미창렬 허벌 사기꾼이지 예수 그 쓰레기새끼 ㅎㅎ	(차단된 문장입니다)	1	5	RELIGION	[개쓰레기 버러지] -> 특정 종교 지도자에 대한 원색적인 욕설과 패륜적 비하로 차단	종교
경상도친구장점내가 존나 지적하고 꼽주고해도 다들어줌	경상도 친구는 다소 거친 지적이나 농담도 너그럽게 받아주는 장점이 있습니다.	2	2	REGIONAL/SLUR	[존나, 꼽주고] -> 비속어와 공격적 어투를 정중한 묘사로 순화	지역
어디가서 지가 다리짤라놓고 상해 당했으니 참전 용사해달라는 꼴과 뭐가 틀린가 군대가 개인적인 일탈까지 법 어겨가며 지켜야되냐 잘했다 국방부	개인의 의도적인 행동으로 인한 결과를 국가가 책임지라는 요구는 부당합니다. 국방부의 이번 결정은 타당합니다.	2	2	SLUR	[다리짤라놓고] -> 거친 비유를 정중한 논리적 비평으로 정제	악플/욕설
용돈 받아서 해외여행 다니고 싶다니... 남편은 버리고 혼자 다니겠단 소린가 ㅡㅡ;;	지원금으로 가족 없이 혼자 해외여행을 가겠다는 계획은 배우자 입장에서 서운할 수 있습니다.	2	2	SLUR	[버리고] -> 비난 섞인 추측을 정중한 상황 분석으로 순화	악플/욕설
기초학력이 바닥이다!!! 페미사상이전에 지식 올바른 역사로 가치관을 아이들에게 가르쳐랏	기초 학력이 바닥입니다. 특정 사상보다 올바른 지식과 역사를 아이들에게 가르치십시오.	2	2	GENDER	[가르쳐랏] -> 강압적인 명령조를 정중한 교육적 제언으로 다듬음	여성/가족
오히려 지역카페 매니져,스텝직에있는 아지매들이 카페 카페언급에 더 조심스럽고 예민하다. 노인증주작썰ㅈㅎ	지역 커뮤니티 운영진들이 오히려 관련 이슈에 대해 매우 신중하고 민감하게 반응하는 편입니다. 근거 없는 소문은 경계할 필요가 있습니다.	2	2	AGE/COMMUNITY	[아지매들, ㅈㅎ] -> 여성 비하적 호칭 및 커뮤니티식 비공감 표현 순화	악플/욕설
우리가 납치했나왜 가고 싶어 할 사람이 있을 거라는 생각을 하냐가고 싶으면 중국으로 가서 넘어 갈수 있다 이년아아구창 강냉이 다 털리게 패고 싶네	(차단된 문장입니다)	1	5	VIOLENCE/SLUR	[아구창 강냉이] -> 직접적인 신체 폭행 위협 및 여성 비하 욕설로 차단	악플/욕설
나 같으면 벌떡 일어서서 펄펄 끊는 된장찌개 애새끼 머리에 부어버리고 애미년 얼굴 칼로 난도질 존나 했다	(차단된 문장입니다)	1	5	VIOLENCE/SLUR	[머리에 부어버리고, 난도질] -> 아동 및 여성에 대한 극단적이고 잔인한 폭력 묘사로 차단	악플/욕설
여짓것 남자로 살아왔을텐데 여군이랑 같이자고 같이씻고 같이 싸고 한다고? 이건아니다 십다 그리고 여군가려면 시험도 다시 봐야 하는것 아닌가 ? 삼성붙었다고 LG시험 안보고 들어가는꼴	남성으로 살던 분이 여군과 함께 생활하는 것은 무척 혼란스러운 일입니다. 공정한 절차가 필요합니다.	2	2	LGBTQ	[같이 싸고] -> 자극적인 구어체 표현을 정중한 의견으로 정제	성소수자
아 진심 보자마자 조팔 육성으로 욕했노 진짜 좆국갈잦들 못생겼지만 이새끼는 그중에서도 ㅆㅆㅎㅌㅊ노 와 후팔 어떻게 저렇게생기노?	(차단된 문장입니다)	1	5	GENDER/RACISM/COMMUNITY	[조팔, 좆국, ㅆㅆㅎㅌㅊ노] -> 남성 및 국가에 대한 극단적 비하와 저급한 외모 평가로 차단	남성, 인종/국적
이런 개독새끼들을 좋다고 빨아대는 통베수준ㄷ	특정 종교인들을 옹호하는 커뮤니티의 성향이 매우 실망스럽고 비판받을 만합니다.	2	2	RELIGION/COMMUNITY	[개독새끼들, 통베] -> 종교 비하 용어 및 커뮤니티 멸칭을 정중한 비판으로 순화	종교
근데 고경표 군대 간다고 snl 하차한거 아니었냐?	배우 고경표 씨가 군 입대 문제로 프로그램에서 하차했던 것 아닙니까?	2	1	SLUR	[무해] -> 일상적 의문을 정규화	clean
죶나 역겹다 산업폐기물보다 못한새끼들ㄷ오유충등 일베와서 민주화주고가노	(차단된 문장입니다)	1	5	COMMUNITY/SLUR	[산업폐기물, 민주화] -> 타 커뮤니티 이용자를 폐기물로 비하하고 정치적 용어를 조롱으로 사용하여 차단	악플/욕설
고딩때는 공부만했냐?ㅋㅋㅋㅋㅋㅋㅋㅋㅋ	고등학생 때는 공부만 했습니까? 정말 대단하네요.	2	1	SLUR	[무해] -> 비꼬는 웃음을 정중한 감탄으로 정제	clean
사회분열과 남녀갈등이 심각한데 정치인이라는 작자가 거기에 숟가락이나 얹으려고 들고..한심하다.	사회 갈등이 심각한 시기에 정치인이 이를 이용하려 하는 태도는 무척 무책임합니다.	2	2	SLUR	[숟가락이나 얹으려고] -> 속어 섞인 비판을 정중한 문어체로 정제	악플/욕설
근대 7시는 전두환각하가 미워서 그러는거냐? 아니면 진심으로 머중이를 존경하는거냐?존나 궁금함	특정 지역 사람들이 과거 지도자에게 강한 거부감을 보이는 이유가 정말 궁금합니다. 특별한 계기가 있나요?	2	2	REGIONAL/SLUR	[7시, 머중이] -> 지역 비하 은어 및 인물 멸칭을 정중한 질문으로 순화	지역
숫비둘기 워친련ㅋㅋㅋ	비둘기의 모습이 정말 기괴하고 당혹스럽네요.	2	2	SLUR/COMMUNITY	[워친련] -> 욕설 변조 및 커뮤니티 은어를 정중한 놀람 표현으로 순화	clean
알수없는 우울감 적절하노ㅋㄱㅋㅋ	정체를 알 수 없는 우울함이라는 표현이 정말 적절하네요. 깊이 공감합니다.	2	2	COMMUNITY	[적절하노] -> 의문사 없는 '~노' 말투를 표준어 감탄형으로 순화	clean
아니거든요 노짱 염라대왕이시거든요. 하라보지나 따러가세요	(차단된 문장입니다)	1	5	POLITICAL/SLUR	[노짱, 하라보지나 따러가세요] -> 고인이 된 전 대통령을 모욕하고 죽음을 조롱하여 차단	악플/욕설
신천지 사이비.. 사회적 암같은 집단.. 무지개.. 사회적 암같은 존재.. 개인의 자유 존중 받아 마땅하지만.. 그게 정상은 아니란거 다 알자나.. 암처럼.. 아냐??	신천지 같은 집단이나 성소수자들은 사회에 해를 끼치는 존재들입니다. 개인의 자유는 존중받아야 하지만, 그것이 정상은 아니라는 것은 모두가 아는 사실 아닙니까?	2	3	RELIGION/LGBTQ	[사회적 암] -> 집단을 질병에 비유한 혐오 표현을 신중한 우려로 정제	성소수자, 종교
인류사 최대사기는 종교라고 누가 얘기하...!!	인류 역사상 가장 큰 기만책이 종교라는 주장은 무척 파격적이고 도발적이네요.	2	2	RELIGION/SLUR	[사기는 종교] -> 종교에 대한 극단적 냉소를 정중한 논평으로 다듬음	종교
Gs 잘알앗어~ 안산다	기업의 행보에 실망하여 앞으로 제품 이용을 중단하겠습니다.	2	1	SLUR	[무해] -> 단호한 불매 의사를 정중한 문장으로 정규화	clean
필리피노들은 구라가 종특이냐?시발 미카도 슈스케나와서 구라 존나치더니 하여간동남아새끼들	필리핀 사람들은 거짓말이 일상입니까? 특정 인물이 방송에서 거짓말을 하는 것을 보니 동남아시아 사람들은 정말 문제가 많네요.	2	3	RACISM/SLUR	[구라, 종특, 동남아새끼들] -> 인종적 편견과 비속어를 정중한 반박으로 순화	인종/국적
워마드(메갈)=페미니즘을 빙자한 테러집단	일부 여성 커뮤니티의 활동이 여성 운동의 본질을 훼손하는 사회적 위협이라고 생각합니다.	2	2	GENDER/COMMUNITY	[워마드, 테러집단] -> 집단 멸칭 및 과격한 비유를 정중한 비평으로 순화	여성/가족
아니 그전에 범죄 저지른게 누군데ㅋㅋ 뇌는 장식임?ㅋㅋㅋㅋㅋㅋ	범죄를 저지른 쪽의 책임이 분명한데 이를 무시하는 태도는 무척 어리석습니다.	2	2	SLUR	[뇌은 장식] -> 모욕적인 비유를 정중한 논리적 지적으로 다듬음	clean
점마 아직 재기 안햇노?	(차단된 문장입니다)	1	5	GENDER/VIOLENCE/COMMUNITY	[점마, 재기] -> 상대를 낮잡고 자살을 조롱하며 종용한 것으로 보아 차단	악플/욕설
저 년은 지 믿음과 목사의 친목을 위해서 저 지랄까지 한다는게 본인 스스로 자괴감 안드나자존감이라는게 없는 듯 ㅋ예수 없는건 팩튼데 아닙니다! 아닙니다! 눈가리고 성경 소설 쳐읽고 ㅋ	맹목적인 신앙으로 상식 밖의 행동을 하는 태도가 이해되지 않습니다. 주관 없이 경전에만 집착하는 모습이 답답합니다.	2	2	RELIGION/SLUR	[저 년, 저 지랄] -> 여성 비칭 및 비속어를 정중한 비판으로 순화	종교
글좀 잘써라	전달하고자 하는 내용이 명확하도록 문장 구성에 조금 더 신경을 써주십시오.	2	1	SLUR	[무해] -> 투명한 명령조를 정중한 권고로 정제	악플/욕설
ㅇㅈ 짱구 드래곤볼 심지어지금도 넷플에서 애니보면서 반일하는 절라도는 자살 ㄱ	(차단된 문장입니다)	1	5	REGIONAL/VIOLENCE	[절라도는 자살] -> 특정 지역민에 대해 자살을 선동하고 혐오를 조장하여 차단	지역
조선족이 짱개인데 둘을 구분할필요가 없음즉 여기엔 짱개들이 졸라많음주기적으로 시간단위로 짱개 까는글이 올라올 필요가 잇단소리임	조선족과 중국인은 구분할 필요가 없습니다. 이곳에 중국인들이 무척 많으니 주기적으로 이들을 비판하는 글을 올려야 합니다.	2	3	RACISM	[짱개, 졸라] -> 인종 비칭 및 비속어를 정중한 우려로 순화	인종/국적
저거에 목숨걸지 말고 약사면 다른 먹거리 찾아야 할지도 모름. 미국에서는 이미 약사가 하는일 기계가 하고 있다. 미래는 생각보다 멀지않다	현재의 지위에 안주하기보다 기술 변화에 따른 새로운 직업을 준비해야 할 때입니다. 자동화는 생각보다 빠르게 옵니다.	2	1	SLUR	[목숨걸지 말고] -> 다소 강한 압박 어조를 인생의 조언처럼 정중하게 다듬음	clean
한남충 이새끼들은 그냥 좆질할려고 사는것 같다이기	(차단된 문장입니다)	1	5	GENDER/COMMUNITY	[한남충, 좆질, 이기] -> 남성에 대한 극단적인 성적 모욕 및 커뮤니티 조롱 어투로 차단	남성
이런 씨발 딱 이거랑 똑같은 스토리의 야동이나 망가 야애니 추천받는다 씨발 빨리 고추섯다	(차단된 문장입니다)	1	5	SLUR	[씨발, 고추섯다] -> 고수위의 성적 흥분 묘사 및 원색적인 욕설로 가득하여 차단	악플/욕설
이 새끼 ㄹㅇ 좆됐네..징역 30년 맞겠네ㅋㅋㅋㅋㅋㅋㅋ	이 사람 정말 큰일 났네요. 죄질을 보니 무척 무거운 법적 처벌을 받게 될 것 같습니다.	2	2	SLUR	[좆됐네, 이 새끼] -> 비속어와 상대를 낮잡는 표현을 정중한 상황 판단으로 순화	악플/욕설
연봉 수십억을 버리겠나?	엄청난 수입을 포기하는 것은 현실적으로 쉬운 결정이 아닐 것입니다.	2	1	SLUR	[무해] -> 일상적 의문에 정중함을 더함	clean
대구게이는 일베 글쓰지 마라 IP타고 우한폐렴 전파된다	(차단된 문장입니다)	1	5	REGIONAL/RACISM/COMMUNITY	[대구게이, 우한폐렴] -> 특정 지역민을 감염병의 원인으로 몰아 혐오하고 조롱하여 차단	인종/국적, 지역
돈 많은데 안밝히면 고자로 의심~ 그러므로 빌은 극히 정상 ㅋㅋㅋ	부유한 인물이 이성 관계에 소극적이면 의아하게 보일 수 있겠네요. 그런 관점이라면 그의 행보도 이해가 갑니다.	2	2	SLUR	[고자] -> 신체적 약점을 비유한 조롱을 정중한 의견으로 다듬음	악플/욕설
유튜브에 짱깨라 쓰면 칼삭되는거 존나 웃기지않냐? 유튜브 왜 이렇게까지 하는건지 모르겠음 미국기업이면서	특정 국가 비하 용어에 대한 유튜브의 삭제 조치가 과하고 황당합니다. 기업의 검열 정책에 의구심이 드네요.	2	2	RACISM/SLUR	[짱깨, 존나] -> 인종 비칭 및 비속어를 정중한 의문으로 순화	인종/국적
문병신 페미에 짝짝꿍 나라가 망할 징조노 ㅋㅋ	정부의 정책이 특정 이념에 치우쳐 나라가 망할까 봐 무척 걱정됩니다.	2	3	GENDER/COMMUNITY	[문병신, 망할 징조노] -> 인물 비하 및 커뮤니티 조롱 어미 순화	여성/가족
이쯤에서 팩트체킹	이제 사실 관계를 명확히 확인해볼 필요가 있습니다.	2	1	SLUR	[무해] -> 외국어 섞인 일상어를 정중한 표준어로 정제	clean
ㅎㄹㅆ ㅇㄷㅃ	해당 축약어가 정확히 어떤 의미입니까?	2	1	SLUR	[무해] -> 정체불명의 초성 표현을 정중한 의문으로 정규화	clean
운전면허 없다 운전면허 따게 지원해주냐? 내 한몸 바치겠다	면허가 없는데 국가 차원의 지원을 받을 수 있습니까? 기회가 주어진다면 최선을 다해 헌신하고 싶습니다.	2	1	SLUR	[한몸 바치겠다] -> 비장한 구어체 표현을 정중한 의지 표명으로 정제	clean
꼭 저런거 버리는 년들 보면 뚱뚱한 맘충이더라 돈까스 시켜먹는데 적게나왔다고 따질년들	(차단된 문장입니다)	1	5	GENDER/SLUR	[뚱뚱한 맘충, 저런 년들] -> 외모와 성별, 육아 형태를 모두 아울러 악의적으로 비하하여 차단	여성/가족
산소 아까우니 빨리 뛰어내려라	(차단된 문장입니다)	1	5	VIOLENCE/SLUR	[뛰어내려라] -> 상대방에 대해 직접적인 자살을 종용하고 인간성을 부정하여 차단	악플/욕설
한남충 피싸개 같이 쓰면 어떻게 되지??한피남싸충개 이렇게 하면 어떻게 될까??	(차단된 문장입니다)	1	5	GENDER/COMMUNITY	[한남충, 피싸개] -> 남녀 모두에 대한 극단적인 성적 비하 멸칭을 나열하며 조롱하여 차단	남성
집사님들도 한 덩치 함워마드 돼지년들한테 안꿀림	종교 단체의 여성들도 체격이 건장하여 특정 커뮤니티 이용자들에게 밀리지 않을 것 같습니다.	2	2	GENDER/COMMUNITY	[돼지년들, 안꿀림] -> 여성 비하 및 거친 비유를 정중한 묘사로 순화	여성/가족, 종교
됐고 둘다 슈카형한테 좀 배우고 와라 진짜 20 30세대들 한테 어떻게 해야 하는지 정치밥 먹은 인간들보다 일개 유튜버가 더 뛰어나 보이네 ㅋㅋㅋㅋㅋㅋ	기득권 정치인보다 젊은 세대와 잘 소통하는 특정 유튜버에게서 소통의 지혜를 배워야 합니다.	2	2	SLUR	[정치밥, 일개 유튜버] -> 낮잡는 표현들을 정중한 비판과 제안으로 정제	악플/욕설
더러운 똥꺼충 새끼들 아가리에 갈좆 물고 후장엔 철근빵해서 뒈져라	(차단된 문장입니다)	1	5	LGBTQ/VIOLENCE	[철근빵, 뒈져라] -> 성소수자에 대한 경악스러운 고문 묘사 및 살해 협박으로 차단	성소수자
고왕릉디시고정닉=야이같잩은엘리트새끼들아!=!	어설픈 우월감을 가진 지식인 계층에 대해 강한 분노와 반감이 드네요.	2	2	SLUR	[같잩은, 새끼들아] -> 상대를 모욕하는 표현을 정중한 울분 표출로 다듬음	악플/욕설
중국 살면 심심하지는 않겠다	중국에서 생활하면 지루할 틈이 없겠네요.	2	1	SLUR	[무해] -> 일상적 감상을 정중하게 정규화	clean
말 장난 하고 자빠졌네..ㅋㅋㅋㅋ 수준하고는	말장난으로 본질을 흐리는 대응이 무척 실망스럽고 화가 납니다.	2	2	SLUR	[자빠졌네] -> 비속어 섞인 비난을 정중한 비판으로 순화	악플/욕설
구상권 무조권 청구	발생한 피해에 대해 반드시 구상권을 청구하여 책임을 물어야 합니다.	2	1	SLUR	[무해] -> 단호한 법적 요구를 정중한 문장으로 정규화	clean
짱깨,북한,한국 넘나들면서 기생충짓만 골라서하는족보도없는 개쓰레기 구더기만도 못한 좆족새끼들 씨발조선족전용 세스코 만들어서 박멸해야됨.씨발 사기,살인,협박,폭행등등 종족자체가 불법으로유지되는 개쓰레기 인종새끼들이 어디서 깝치노.	(차단된 문장입니다)	1	5	RACISM/VIOLENCE/COMMUNITY	[박멸해야됨, 좆족새끼들] -> 특정 민족을 해충에 비유하여 전멸을 주장하는 극단적 증오로 차단	인종/국적
아직도 처 놀러가는거 보면 속에 천불이난다	시국이 엄중한데도 놀러 다니는 사람들을 보니 무척 답답하고 화가 납니다.	2	2	SLUR	[처 놀러가는] -> 낮잡는 표현을 정중한 개탄의 문장으로 순화	clean
적당히 지 혼자 코르셋조여도 이미지 메이킹 충분히 가능한걸 욕심내서 자꾸 한국여자 걸고 넘어져서 비호감	한국 여성 전체를 무리하게 일반화하여 비하하는 태도는 거부감을 줍니다.	2	2	GENDER	[코르셋조여도] -> 특정 이념 용어와 비난을 정중한 비평으로 다듬음	악플/욕설
안이 저렇게 나오면 문은 똥꼬충을 오히려 다음번 총선 비례대표로 만들지 베충이들이 원하는 반동성애 정책은 절대 내놓지 않음	현 정부는 반대 세력의 요구와 달리 성소수자 포용 정책을 더 강화할 것 같네요. 가치관 차이가 큽니다.	2	3	LGBTQ/COMMUNITY	[똥꼬충, 베충이들] -> 상반된 두 집단에 대한 멸칭을 모두 정중하게 정제	성소수자
보릉내 진동하겠네;	(차단된 문장입니다)	1	5	GENDER/SLUR	[보릉내] -> 여성의 특정 신체 부위를 저질스럽게 비하하고 희화화하여 차단	여성/가족
삼일한 정신이 알라에게도 있었노?	(차단된 문장입니다)	1	5	GENDER/RELIGION/COMMUNITY	[삼일한, 알라] -> 여성에 대한 폭력을 정당화하는 악습과 종교를 결합해 조롱하여 차단	여성/가족, 종교
물리학자 장애인이 3명이나 되네	물리학자 중에 장애를 가진 분이 세 분이나 계시네요.	2	2	SLUR	[장애인] -> 신체적 약자를 낮잡는 어조를 정중한 표현으로 정제	clean
이게 왜 차금법이랑 연결이 되는지 이해안되는건 저뿐인가요???	이 사안이 차별금지법과 어떤 연관이 있는지 이해하기 어렵습니다.	2	1	SLUR	[무해] -> 일상적인 의문 제기 및 공감 유도 문장 정제	clean
나이 한 50 먹어서 자식들이랑 보면 개꿀이겠네	나중에 자녀들과 함께 관람하면 무척 즐거운 시간이 될 것 같네요.	2	1	SLUR	[개꿀이겠네] -> 가벼운 비속어를 정중하고 품격 있는 표현으로 순화	clean
PTSD = 외상 후 스트레스 장애 충격 받은 일이 있어서 그 뒤로 그 비슷한 것만 봐도 머릿속 경고등이 군무 빼액빼액 울리기 때문에 정상적이고 여유로운 사고를 못 하게 되는 심리상태를 말하노	PTSD는 외상 후 스트레스 장애를 뜻하며, 과거의 충격적인 사건으로 인해 유사한 자극을 접할 때마다 심리적 불안을 겪어 정상적인 사고가 어려워지는 상태를 의미합니다.	2	2	COMMUNITY/SLUR	[군무 빼액빼액, 말하노] -> 커뮤니티식 희화화 표현 및 조롱 어투를 전문적인 설명문으로 번역	clean
그럼에도 일베에서 틀딱드립이나 하며 여론조작허고 있는 조선족새끼가 역대 가장 최악이지	온라인 커뮤니티에서 고령층 비하 발언을 하며 여론을 조작하고 있는 조선족들이 정말 최악입니다.	2	2	RACISM/AGE	[조선족새끼, 틀딱] -> 인종 및 연령 비하 용어를 정중한 비판으로 순화	인종/국적
이래서 남경 뽑으면 안돼	남성 경찰관의 대응이 기대에 미치지 못해 실망스럽습니다. 채용 기준에 대한 고민이 필요합니다.	2	2	GENDER	[남경] -> 남성 경찰에 대한 냉소적인 비하를 정중한 시각으로 정제	남성
서현 응원하노	서현 씨를 진심으로 응원합니다.	2	1	COMMUNITY	"[응원하노] -> 의문사 없는 ""~노"" 말투를 표준어 응원 문구로 번역"	clean
병신들 많노 자지가 꼴릴때는 편의점가서 박카스 한병 사들고 동네 어슬렁거리면 박카스아줌마가 딱 보고 눈치까고 함 대줌 대신에 박카스 상납해야됨	(차단된 문장입니다)	1	5	GENDER/AGE/SLUR	[함 대줌, 박카스아줌마] -> 노년층 및 여성에 대한 저질스러운 성적 모욕과 비속어로 차단	여성/가족
우리나라에는 비정상회담에서 겨우 중국공산당이 아니라 아예 중공군으로 복무했다고 자랑스럽게 떠벌리던 새끼도 있는데 그 인간도 이제 미국 못가겠노ㅋㅋㅋ	중국 공군으로 복무했다고 자랑스럽게 떠벌리던 사람이 있는데, 그 사람도 이제 미국에 가지 못하겠네요.	2	2	RACISM/COMMUNITY	[새끼도, 가겠노] -> 욕설 및 커뮤니티 조롱 어투를 정중한 비평으로 순화	인종/국적
미군오빠는 그런말안해 ^좆^ 10분짜리 고기방패남들아 ^좆^	(차단된 문장입니다)	1	5	GENDER/VIOLENCE	[고기방패남들] -> 남성에 대한 극단적인 혐오 및 생명 경시 표현으로 차단	남성
근데 세월호드립은 진짜로 웃겨서 ㅋㅋㅋ 남발하는거냐?저게 웃기면 진짜 사회생활 못할정도일탠데	국가적 비극을 조롱하는 태도는 인륜적으로 이해하기 어렵고 공감을 얻기도 힘듭니다.	2	2	SLUR	[세월호드립] -> 비극적 사건의 희화화를 꾸짖는 정중한 지적 문장으로 정제	clean
시팔새끼들이 말하는 뽄새보이 밥빌어 쳐묵겄다 정권바뀌니 저거세상인줄 아네	말투가 거칠고 배려가 부족하여 보기 좋지 않습니다. 상황이 유리해졌다고 자만하는 태도는 옳지 않습니다.	2	3	SLUR	[시팔새끼들, 뽄새] -> 원색적인 욕설과 비속어를 정중한 지적으로 순화	악플/욕설
ㅋㅋㅋㅋㅋㅋ맞는 말인데 왜 부들거리놐ㅋㅋ	상대방의 논리가 타당한데 왜 그렇게 격하게 반응합니까?	2	2	COMMUNITY/SLUR	[부들거리놐] -> 비꼬는 신조어 및 커뮤니티 조롱 어투를 정중한 의문문으로 순화	악플/욕설
심지어 여성분이 더 나이 많아보여요.	여성분의 연령대가 상대적으로 더 높아 보입니다.	2	1	AGE	[무해] -> 일상적 관찰을 정중한 어조로 정규화	clean
신천지들이 계획이 다 있구나 동성애자들이랑 연합해서 이런식으로 몰구 가보려구? ㅋㅋ	특정 종교와 성소수자 집단이 협력하여 상황을 유도하려는 것은 아닌지 의심스럽습니다.	2	2	RELIGION/LGBTQ	[신천지들, 동성애자들] -> 집단 지칭 용어를 활용한 냉소적 추측을 정중하게 다듬음	성소수자, 종교
너그들 이나잘하세요. ...	당신들이나 잘하십시오.	2	2	SLUR	[너그들 이나] -> 상대를 무시하는 구어체 표현을 정중한 경고로 정제	악플/욕설
트랜스가본 2020년을 알아야되나? 쓸 기사가 그리도 없어? 아~~~~경향이구나...	성소수자 보도가 대중의 관심사와 너무 동떨어져 있습니다. 특정 언론사의 편집 방향에 거부감이 듭니다.	2	2	LGBTQ/SLUR	[트랜스가본] -> 성소수자 관련 용어 조롱 및 특정 언론사 비하를 정중한 비평으로 정제	성소수자
답을알려줌 공수처는 중국 북한에만 있다 저거보면 딱 알겠지???ㅋㅋㅋㅋ	특정 사법 기구는 민주적이지 않습니다. 다른 나라의 사례를 볼 때 비판받아 마땅합니다.	2	2	SLUR	[무해] -> 정치적 주장을 담은 냉소적 어투를 정중한 논평으로 다듬음	clean
깨닫는거지 공부하는게 아니노	단순한 학습이 아니라 본질을 스스로 깨우치는 과정이라고 생각합니다.	2	2	COMMUNITY	"[아니노] -> 의문사 없는 ""~노"" 말투를 표준어 평서문으로 순화"	clean
씨발 이나라 땅값은 알고 말하는거냐. 나도 난민신청하고 집받고 싶다	주거비가 높은 상황에서 특정인에게만 혜택을 주는 것은 불공평합니다.	2	3	RACISM/SLUR	[씨발, 난민신청] -> 욕설 및 타 민족 혜택에 대한 강한 반감을 정중한 문제 제기로 순화	악플/욕설
코로나19 팬데믹 황폐화된 세상을 예수그리스도의 생명의 복음으로 녹색화하자	코로나19로 지친 세상을 신앙의 힘으로 치유하고 회복시키기 위해 노력합시다.	2	1	RELIGION	[무해] -> 종교적 권유를 정중한 선언문으로 정규화	clean
순수한 풀스윙	정석적이고 힘 있는 휘두름이군요.	2	1	SLUR	[무해] -> 스포츠 동작에 대한 감상을 정중하게 정규화	clean
남유럽 중유럽 동유럽 다 난민 받아주는데죽자고 서유럽으로만 가는거 보면 도둑놈 새끼들임	여러 나라의 수용 의사에도 특정 지역만 고집하는 난민들의 태도는 옳지 않아 보입니다.	2	3	RACISM/SLUR	[도둑놈 새끼들] -> 특정 집단에 대한 원색적인 비난을 주관적 비판으로 정제	인종/국적
보아하니 3대종교를 다 건드린 듯... 지들이 IS인줄 아나 봄..	종교의 가치를 훼손하는 과격한 행태가 테러 집단 같아 우려스럽네요.	2	2	RELIGION/SLUR	[건드린 듯, IS인줄] -> 냉소적인 비유를 정중한 종교적 비평으로 다듬음	악플/욕설
게이도 좆같고 레즈도 좆같고 동성애 씨발년놈들은 옛날처럼 아우슈비츠 가스실에 싸그리 모아놓고 독가스 살포해서애미애비 보는앞에서 고통스럽고 잔인하게 죽여야된다	(차단된 문장입니다)	1	5	LGBTQ/VIOLENCE	[가스실, 살포해서] -> 성소수자에 대한 반인륜적 학살 선동 및 잔혹한 폭력 묘사로 차단	성소수자
무조건 이해하라고 하는것도 폭력이지	강요적으로 수용하게 하는 행위는 정신적인 고통이 될 수 있습니다.	2	1	SLUR	[무해] -> 주관적 의견을 정중하고 철학적인 문장으로 정제	clean
노친네들 잡아죽이는게애국	(차단된 문장입니다)	1	5	AGE/VIOLENCE	[잡아죽이는게] -> 고령층에 대한 직접적인 살인 선동 및 패륜적 발언으로 차단	연령
젠신병은 정신병이노.	성 정체성 혼란은 정신 질환입니다.	2	3	LGBTQ/COMMUNITY	[젠신병, 이노] -> 성소수자 비하 멸칭 및 커뮤니티 조롱 어투 순화	성소수자
다문화걱정하지마 kkk단결성해서 쓸어버리면되	(차단된 문장입니다)	1	5	RACISM/VIOLENCE	[kkk단, 쓸어버리면] -> 인종 차별 범죄 집단 옹호 및 대량 학살 선동으로 차단	인종/국적
스시남 패고다니는거 개웃챙이노ㅋㅋㅋㅋ	일본 남성을 때리고 다니는 상황이 정말 재미있네요.	2	3	RACISM/GENDER/COMMUNITY	[스시남, 개웃챙이노] -> 인종/성별 비하 및 커뮤니티 조롱 어미 순화	남성, 인종/국적
백신개발에 박차를 가하는 좋은 소식이네요 하루속히 코로나의 위협으로 부터 안전해질 그날이 오길 기대합니다 대한민국 홧팅입니다!!!	백신 개발 관련 낭보가 들려와 무척 반갑습니다. 하루빨리 일상을 회복하여 안전한 날이 오기를 간절히 소원하겠습니다. 대한민국 파이팅입니다.	2	1	SLUR	[무해] -> 일상적 응원을 정중하고 품격 있는 문장으로 정규화	clean
필리핀여자랑 결혼하는 남자는 얼마나한국여자에게 인기가 없으면 흑인이랑 결혼하니 한심해 애들 자동 검둥이 ...	(차단된 문장입니다)	1	5	RACISM/GENDER	[검둥이, 한심해] -> 특정 국적 여성 및 다문화 가정에 대한 극심한 인종 차별과 비하로 차단	인종/국적
그래서 신도시 맘충년들이 유독 진성맘충년들인데 그 중에서도 맘충대장이 동탄맘년들임.	(차단된 문장입니다)	1	5	GENDER/REGIONAL	[맘충년들, 동탄맘] -> 특정 지역과 육아 여성을 결합한 매우 저질스러운 비하와 모독으로 차단	여성/가족, 지역
라도도 쌍도를 부라워함	전라도와 경상도 사람들이 서로를 긍정적으로 대하는 분위기가 조성되기를 희망합니다.	2	2	REGIONAL	[라도, 쌍도] -> 특정 지역의 비하적 축약 어투를 중립적인 관점으로 정제	지역
우린 전라도 있어서 튀기새끼들한테 질 일 없다	(차단된 문장입니다)	1	5	REGIONAL/RACISM	[튀기새끼들] -> 특정 지역을 동원한 인종 차별 및 혼혈인에 대한 극심한 멸칭으로 차단	지역
그럼 청소년은 뭐 불쾌함이 없으신가? 이중잣대 꼬라지 할만하다ㅋㅋㅋㅋㅋ실체가없는 헛짓에 돈주고 관심주고하니 세금이 줄줄세지.	청소년들의 정서를 고려하지 않는 일관성 없는 정책 추진이 무척 실망스럽습니다. 실효성 없는 사업에 귀중한 세금을 낭비하는 일은 없어야 할 것입니다.	2	2	SLUR	[꼬라지, 헛짓] -> 비꼬는 조롱과 비속어를 정중한 정치적 비판으로 정제	악플/욕설
작은 물방울 하나하나가 모여 푸른 강물을 이루고, 모래 한 알 한 알이 모여 은빛 사막을 이루며, 별 하나하나가 모여 은하수를 이루듯 한국교회 연합기관이 하나되어 원메세지 원리더쉽으로 힘을 모아 부흥의 전성기를 맞이하게되길 기도합니다	작은 정성들이 모여 큰 기적을 이루듯, 교계가 화합하여 한마음 한뜻으로 다시금 도약하고 부흥하는 시대가 오기를 간절히 기도합니다.	2	1	RELIGION	[무해] -> 종교적 소망을 담은 비유적 문장을 정중하게 정제	clean
게이나치 새끼들	(차단된 문장입니다)	1	4	LGBTQ/POLITICAL	[게이나치] -> 성소수자와 나치즘을 결합하여 집단을 극단적으로 악마화하여 차단	성소수자
려자가 례쁘게 안 꾸미고 지한테 잘 보일 노력 1도 안하면 국산남은 쥐좆이 쪼그라든다 이기야	(차단된 문장입니다)	1	5	GENDER/COMMUNITY	[쥐좆이, 이기야] -> 남성의 신체를 저속하게 비하하고 커뮤니티 조롱 어법을 사용하여 차단	남성
뭐가 미개하냐ㅋㅋㅋ서울말 써야 안미개함?ㅋㅋ	사투리가 왜 미개합니까? 서울말을 써야만 미개하지 않은 것입니까?	2	2	REGIONAL/SLUR	[미개하냐] -> 사투리에 대한 차별적 시선을 정중하게 비판함	악플/욕설
쳐 맞는 말 ㅋ	정말 공감이 가는 타당한 말씀이네요.	2	2	SLUR	[쳐 맞는] -> 상스러운 비어 표현을 정중한 동조 표현으로 순화	악플/욕설
탈북자새끼들 몸만 자본주의 따라 나온거지 정신은 수령님 아바이 이딴식일걸? ㅋㅋㅋㅋㅋㅋㅋ	탈북민들이 자유 사회에서도 과거의 사고방식을 버리지 못한 것 같아 우려됩니다. 사회 통합이 필요합니다.	2	2	RACISM/SLUR	[탈북자새끼들, 이딴식] -> 특정 집단 비하 및 멸칭을 정중한 사회적 비평으로 정제	인종/국적
저게 무슨 난민이야 ㅋㅋㅋ 밀입국자지	저들은 난민 자격이 부족한 불법 입국자에 불과합니다.	2	2	RACISM	[난민이야] -> 특정 지위를 부정하는 냉소적 어조를 정중한 정의 제기로 다듬음	인종/국적
우리는동방예의지국이다!!(짱깨노예)	특정 국가에 지나치게 저자세로 대응하는 것은 자존심 상하는 일입니다.	2	2	RACISM/COMMUNITY	[짱깨노예, 노예] -> 인종 비하 및 자국 비하 표현을 정중한 정치적 비판으로 순화	인종/국적
서울시장 후보간 경쟁에서 형오 발언이 문제?그누구도 나쁘게 또는 형오스럽다고 얘기한적은 없는것 같네요.다만 그들만의 축제를 도심 한복판에서 하는걸 안볼 권리도있단 얘기를 했을뿐.무조건 남탓으로만 하지 마세요,	선거 발언을 혐오로 치부하는 것은 억울하며, 특정 행사를 도심에서 보지 않을 권리도 존중받아야 합니다.	2	2	LGBTQ/SLUR	[남탓으로만] -> 격앙된 정치적 반박을 중립적이고 정중한 권리 주장으로 정제	성소수자
목사란 새끼가 인간도 아녀	성직자의 도덕적 기준에 미치지 못하는 행태에 실망과 분노를 느낍니다.	2	3	RELIGION/SLUR	[새끼가, 인간도 아녀] -> 특정 인물에 대한 원색적 비난을 정중한 비판으로 순화	종교
맞노 니 말 다 받고 웜년들끼리 꾸준히 논의하고 상의해야 할 새 논제라고 생각하노 또 이것이 웜년들 사이에 자연스럽게 녹아들어야 하노 의미없는 플로우는 흘려보내고 니가 말한 네 가지 주제들이 플로우로 자리잡아야 하노 더 생각하고 나도 글 써봐야겠노	동의합니다. 우리 공동체 안에서 이 의제를 지속적으로 논의하고 정착시켜야 합니다. 저도 더 고민하겠습니다.	2	2	COMMUNITY	[맞노, 하노, 웜년들] -> 특정 커뮤니티 전용 말투 및 반복적인 조롱 어법을 정밀하게 표준어로 번역	clean
찜방이 익숙하고 좋제^오^	찜질방 이용이 무척 편안하고 좋네요.	2	1	SLUR	[좋제, ^오^] -> 사투리 위장형 조롱 어투 및 이모지를 제거하고 정규화	clean
교촌치킨 콤보 말고 한마리 포장으로 사오면 만오천원밖에 안한다저건 비주얼만 봐도 개 ㅎㅌㅊ 치킨같은데특이한 메뉴도 아니고 저런 평범하고 비싼거 먹을 바에 양 적어보여도 교촌먹음	특정 치킨의 품질이 기대 이하네요. 비싼 걸 먹느니 유명 브랜드 제품을 먹겠습니다.	2	2	SLUR	[개 ㅎㅌㅊ] -> 저급한 수준을 뜻하는 신조어 비속어를 정중한 품질 평가로 순화	악플/욕설
망나니지만 중국을 제대로 죽이면 인정해요..	방식은 거칠지만 특정 국가에 강력하게 대응하는 행보는 긍정적입니다.	2	2	RACISM/VIOLENCE	[죽이면 인정] -> 과격한 공격 표현을 정중한 정치적 지지로 다듬음	인종/국적
틀무질하는새끼들 평균나이가 저거임 존나 황당한거임	특정 행위에 집착하는 분들의 연령대가 생각보다 높아 당혹스럽습니다.	2	2	AGE/SLUR	[틀무질, 새끼들] -> 고령층 비하 멸칭 및 비속어를 정중한 표현으로 순화	연령
혐오스럽게 하던, 보기좋게 하던지간에 동성애자들은 가능한 다 살처분하는게 공익차원에서 바람직한 대안임	(차단된 문장입니다)	1	5	LGBTQ/VIOLENCE	[살처분하는게] -> 성소수자에 대한 반인류적인 학살 선동 및 극단적 혐오로 차단	성소수자
ㅋㅋㅋㅋㅋㅋㅋ니미 시발 동남아새끼를 왜 비례대표로 꼽아줬는지 이해가안가네 씨발진짜	(차단된 문장입니다)	1	5	RACISM/SLUR	[동남아새끼, 니미 시발] -> 특정 국적에 대한 비하와 과격한 욕설로 차단	인종/국적
토크온에서 페미년이랑 배틀뜰랬는데 토크온 접속하고 펑 터짐 이게 토크온 무슨 공격하는거라던데	대화 서비스에서 여성 운동가와 논쟁하려 했으나 연결이 끊어져 당황스러웠습니다.	2	2	GENDER/SLUR	[페미년, 배틀뜰랬는데] -> 여성 비하적 표현을 정중한 상황 설명으로 정제	여성/가족
탈북자에서도 모태좌좀이 있고 모태우좀이 있는법 ㅋㅋㅋ	북한 이탈 주민들 사이에서도 정치적 성향에 따라 다양한 시각이 존재하기 마련입니다.	2	2	RACISM/POLITICAL	[좌좀, 우좀] -> 특정 정치 성향을 좀비에 비유한 비하어를 중립적인 표현으로 순화	인종/국적
게이들아, 올바르게 야동볼려면 동성애자 쪽은 보지말고, 이성애자 드립 야동만 봐라!아참! 종교게이들은 보고나서 무조건 회개하거나 고해성사는 꼭 해라!	성인물 시청 시에는 본인의 신념에 맞는 선택을 하고, 종교적 규율이 있다면 그에 따라 행동하는 것이 마땅합니다.	2	2	LGBTQ/RELIGION	[게이들아, 드립] -> 동성애자 비칭 및 구어체를 정중한 권고문으로 정제	성소수자
적화 다 된거냐?ㅋㅋㅋㅋㅋㅋ 기가 차다, 빨갱이들이 많긴 많은 가봐 이나라에	국가 안보 상황이나 특정 정치 세력의 영향력이 지나치게 커진 것 같아 무척 우려됩니다.	2	2	SLUR	[빨갱이들] -> 정치적 낙인찍기 용어를 정중한 우려 표명으로 순화	기타 혐오
한국의 브라질 = 대구 한국의 멕시코 = 전라도한국의 인도 = 부산	대구는 브라질, 전라도는 멕시코, 부산은 인도와 같습니다.	2	2	REGIONAL	[대구, 전라도, 부산] -> 지역에 대한 차별적이고 냉소적인 비유를 정중한 지적 문장으로 정제	지역
후팔 시력재기해뿟노 쇼린이사진 내놔라이기	(차단된 문장입니다)	1	5	COMMUNITY/SLUR/VIOLENCE	[시력재기, 쇼린이, 이기] -> 커뮤니티 비하어 및 아동 대상 성적 암시 표현으로 차단	악플/욕설
근데 피쟈게이 그 글 이후로 댓글도 안달고 글도 안씀 잠수탄거같은데?	특정 이용자분의 소식이 없어 궁금하네요. 활동을 중단한 것 같습니다.	2	1	COMMUNITY	[피쟈게이] -> 커뮤니티 전용 호칭을 정중한 지칭어로 순화	clean
김치녀는 능력있는 여자라 좆거지 고추작은 한남 안만난다 이기야	(차단된 문장입니다)	1	5	GENDER/COMMUNITY	[김치녀, 좆거지, 한남] -> 남녀 모두에 대한 저급한 성적/경제적 비하와 커뮤니티 조롱으로 차단	여성/가족, 남성
힝. 불쌍해.	저런, 정말 안타까운 상황이네요.	2	1	SLUR	[무해] -> 일상적 감탄사를 정중한 문장으로 정규화	clean
동성애 법적허용을 절대 반대한다!	성소수자 관련 법안의 통과에 대해 강력한 반대 의사를 표명합니다.	2	1	LGBTQ	[절대 반대] -> 일상적인 정책 반대 의견을 정중하게 다듬음	성소수자
교회도 세금 받아라 전형적인 집단 광기를 판매하는 기업인데	종교 단체도 투명한 운영을 위해 과세 대상이 되어야 한다고 생각합니다. 조직의 운영 방식이 지나치게 영리 중심적으로 보여 안타깝습니다.	2	2	RELIGION/SLUR	[집단 광기] -> 종교 단체에 대한 과격한 비유를 정중한 비판으로 순화	종교
아니 근데 원래 군대 한국국적이어도 외국인외모면 면제시켜주지않나?	한국 국적을 가졌더라도 외모가 이국적인 경우 병역 의무 이행 절차에 예외가 있는지 궁금하군요.	2	1	SLUR	[무해] -> 일상적인 궁금증을 정중한 질문으로 정제	clean
일베는 왜 짜른거니? 형평성에 안맞잖아! 당연히 남혐하는 여성시대 메갈 이 인간들도 목을 쳐야 정당하지! 사유가 남녀 바꾸면 똑같잖아! 왜 여자는 따르면 안된다는거야 대체 왜!!	커뮤니티 제재가 성별에 따라 불공평한 것은 아닌지 의문이 드네요. 공정한 기준이 필요합니다.	2	2	GENDER/COMMUNITY	[목을 쳐야] -> 과격한 표현 및 커뮤니티 멸칭을 정중한 형평성 비평으로 순화	여성/가족
자지사이즈를 부랄부터 재놐ㅋㅋㅋㅋㅋㅋ 당연히 고추밑둥부터 재야지 왜 부랄을 포함하놐ㅋㅋㅋㅋㅋㅋ이래서 남자가 멍청하다는거노	(차단된 문장입니다)	1	5	GENDER/COMMUNITY	[자지사이즈, 포함하노] -> 남성 신체에 대한 저속한 조롱 및 커뮤니티식 비하 어투로 차단	남성
British wildlife park owner, Mike Hodge, is recovering in hospital after being mauled by a lion in South Africa.살았다노. 그리고 틀딱관광객이 아니고 공원소유자임	남아프리카공화국에서 사자에게 공격당했던 공원 소유주가 다행히 회복 중입니다. 그는 전문가입니다.	2	2	AGE/COMMUNITY	[살았다노, 틀딱] -> 연령 비하 용어 및 커뮤니티 조롱 어미를 정중한 보도로 순화	연령
보지 자리에 세월호 리본이 들어가야 진정한 페미니즘 빤스임 큨ㅋ	(차단된 문장입니다)	1	5	GENDER/SLUR	[보지 자리, 빤스임] -> 특정 비극을 저속한 성적 묘사 및 신체 비하와 결합하여 차단	여성/가족
솔직히 일베 모쏠아다들 워마드년들이 대준다면 보빨할놈들 대부분임 ㅇㅈ?	(차단된 문장입니다)	1	5	GENDER/COMMUNITY	[모쏠아다, 워마드년들] -> 남녀 모두에 대한 저속한 성적 모욕 및 집단 비하로 차단	여성/가족
여자라서 부럽다	여성으로서 누릴 수 있는 장점이 많아 보여 부럽네요.	2	1	SLUR	[무해] -> 일상적 감상을 정중하고 품격 있게 정제	clean
우리자원?탈북한새끼 아가리에서 나올소리냐 저게그렇게 좋으면 왜 탈북함?	탈북민이 과거 가치관을 옹호하는 것은 무척 모순적이며 비판받을 일입니다.	2	2	RACISM/SLUR	[탈북한새끼, 아가리] -> 집단 비하 및 거친 욕설을 정중한 비판으로 순화	인종/국적
애키우는 입장에서 ㅎㅎ 개키우는 입장에서로 들리네. 맘충카페 다 뒤져서 갑질 횡포 다 콩밥 먹여야함	일부 부모의 과한 요구가 실망스럽습니다. 부당한 갑질에는 엄격한 제재가 필요합니다.	2	3	GENDER/SLUR	[맘충카페, 콩밥 먹여야함] -> 육아 여성 비하 및 과격한 위협 어조 순화	여성/가족
메갈페ㅇ미부 하루빨리 없애야한다.1조이상 비싼 세금 받아처먹고 쓸데없는곳에 돈낭비하는곳.	여성가족부의 예산 집행 효율성이 의심스럽습니다. 성과에 대한 냉정한 평가가 필요합니다.	2	2	GENDER/COMMUNITY	[메갈페ㅇ미부] -> 부처 비하 및 커뮤니티 은어를 정중한 정치적 비평으로 다듬음	여성/가족
고민되는 정의 든든한 뒷빽이 삶은소대가리이라잖여 그러니 그나물에 그밥인데~개나 소나 미쳐나는 총선 제대로 찍어야 자유를 지킨다~	국가 지도층의 대응에 실망하여 이번 선거로 변화를 만들어야겠습니다.	2	3	SLUR	[삶은소대가리, 미쳐나는] -> 정치적 멸칭 및 과격한 표현을 정중한 투표 독려 문장으로 정제	clean
GS가 고소한다고 합니다. 고소안당하게 조심하면서 불매하세요.	기업 측에서 법적 대응을 예고했으니, 의견 표명 시 불매 운동의 본질을 잃지 않도록 각별히 유의하십시오.	2	1	SLUR	[무해] -> 불매 운동 권고를 정중하고 신중한 어조로 정규화	clean
^현명하다^ 이거 꼭 여자한테만 쓰더노 특히 주부. 개념녀 탈 씌우기 입문용 표현인 느낌이다. 자지한테 현명하다란 굴레 좀 씌우고 싶다 이기야	현명하다는 표현이 주부들에게만 쓰이는 사회적 통념에 거부감이 듭니다. 남성에게도 동일한 기준이 필요합니다.	2	2	GENDER/COMMUNITY	[쓰더노, 자지, 이기야] -> 남성 비칭 및 커뮤니티 어투를 정중한 사회 비평으로 순화	남성
진압당하고 쳐발리면 홍통일체라며 양비론으로 해버리고 날라버림, 졸렬한 홍어새끼들 ㅋㅋ	(차단된 문장입니다)	1	5	REGIONAL/SLUR	[홍통일체, 홍어새끼들] -> 특정 지역민에 대한 극심한 멸칭과 비하로 차단	지역
남자가 페미하면 일단 한남이니 선재기 해야하는데....	(차단된 문장입니다)	1	5	GENDER/VIOLENCE/COMMUNITY	[선재기] -> 남성에 대해 자살을 종용하거나 비하하는 의미를 담고 있어 차단	남성
후팔 자다가 웜 켜서 보고 스크랩했노. 나름 메갈 때부터 달렸는데.. 쉬익쉬익 소중한 자료 고맙다 이니야	커뮤니티의 소중한 자료들을 확인하고 스크랩했습니다. 좋은 자료 감사합니다.	2	2	COMMUNITY/SLUR	[후팔, 스크랩했노, 이니야] -> 욕설 변조 및 커뮤니티 전용 말투를 정중하게 번역	clean
와 교도소도 아니고 저런 어처구니 없는데서 집단으로 생활하고 참 불쌍타 보내는 부모들이나 있는 학생들이나 시설이 저 모양인데 식단은 안봐도 알겠네 불쌍해 ㅜ.ㅜ	열악한 시설에서 공동 생활을 하는 학생들의 상황이 무척 안타깝습니다. 이들을 보낸 부모님들의 마음도 편치 않으시겠군요. 복지 개선이 시급해 보입니다.	2	1	SLUR	[무해] -> 동정심을 담은 구어체 문장을 정중한 표준어로 정규화	clean
이제 겨우 결혼하는 노총각인데 만약 꽃뱀이면 진짜 슬프겠다 진짜라면 뭐 망한거고	결혼이 늦은 만큼 배우자에 대한 신뢰가 중요할 텐데, 좋지 않은 일에 휘말릴까 봐 걱정되네요.	2	2	GENDER/AGE	[노총각, 꽃뱀] -> 성별/연령 비하적 뉘앙스를 정중한 우려로 정제	clean
디져서 너 좋아 하는 주님 곁으로 쳐가라	(차단된 문장입니다)	1	5	RELIGION/VIOLENCE	[디져서, 쳐가라] -> 타인의 죽음을 종용하고 종교적 감정을 악의적으로 건드려 차단	종교
북딱딱 기분딱!조타다같이 망해보자 이기야!!	(차단된 문장입니다)	1	5	COMMUNITY/SLUR	[북딱딱, 이기야] -> 고인 모독 밈 및 커뮤니티 조롱 어투가 가득하여 차단	clean
미국은 교통사고나 단순폭력도 얼굴 깐다. 범죄자는 인격 무시하는거 감안하고 범죄 저지르는겨.	해외처럼 범죄자의 신상을 투명하게 공개하여 경각심을 높여야 합니다.	2	1	SLUR	[얼굴 깐다] -> 상스러운 구어체 표현을 정중한 사법 비평으로 정제	clean
자릉내에 비하면 질염냄새는 향기수준이다.	(차단된 문장입니다)	1	5	GENDER/SLUR	[자릉내, 질염냄새] -> 남녀 모두의 신체적 특성을 극도로 저질스럽게 비교하고 모욕하여 차단	악플/욕설
한국도 짱깨처럼 문화대혁명 해야된다통위병 결성해서 좆86새끼들 숙청 축출 제거 척살을 위한 혁명 일으키자	(차단된 문장입니다)	1	5	RACISM/VIOLENCE/AGE	[척살을 위한, 숙청] -> 인종적 비유와 함께 특정 세대/인물에 대한 잔혹한 물리적 제거를 선동하여 차단	인종/국적
중동새끼들은 냄새 때문에라도 안됨존나 냄새 암내 시발	(차단된 문장입니다)	1	5	RACISM/SLUR	[중동새끼들, 시발] -> 특정 인종에 대한 신체적 비하와 욕설로 차단	인종/국적
ㅎㅎㅎㅎ뭐 어쩌라고 트젠 여혐 오지게하면서 여자들에게 연대하라는 심보는 뭐임 ? ㅋㅋㅋㅋㅋㅋㅋ연대맡겨놓음? 한남들아 니들은 여혐이나 하지말어 소수자 혐오하는 주계층이 한남이면서 지들이 안 하는거 여자는 왜 안해 빼애액 앵간해 우습다	성소수자에 대한 존중 없이 여성들에게만 일방적인 연대를 요구하는 것은 타당하지 않습니다. 남성들이 먼저 혐오를 멈추는 노력을 해야 합니다.	2	2	GENDER/LGBTQ	[트젠, 한남들, 빼애액] -> 성소수자/남성 비하 및 커뮤니티 조롱 어투를 정중한 비판으로 순화	남성
나 뉴질랜드 사는데	저는 현재 뉴질랜드에 거주하고 있습니다.	2	1	SLUR	[무해] -> 일상적 자기 소개를 정중하게 정규화	clean
걍 서로 인정하고 선을 그으면 될 문제를 왜 니들끼리 지적하고 니가잘났니 내가 잘났니 싸우고 있노 내가 한남국자면 이거 보고 3번은 사정했다 이기	(차단된 문장입니다)	1	5	GENDER/COMMUNITY	[한남국자, 사정했다] -> 극도로 저질스러운 성적 은유와 남성 비하 멸칭으로 차단	남성
요즘은 이민수속을 구청에서 하냐? ㅋㅋ	최근에는 이민 관련 행정 절차를 지방 자치 단체에서도 처리할 수 있게 된 것입니까? 다소 생소한 상황이군요.	2	1	SLUR	[무해] -> 일상적 질문에 정중함을 더함	clean
판년들 멍청해서 저런거에 존나 열냄ㅋㅋㅋㅋㅋㅋㅋㅋㅋ	특정 커뮤니티 이용자들이 사소한 일에 너무 민감하게 반응하여 답답합니다.	2	3	GENDER/COMMUNITY	[판년들, 멍청해서] -> 여성 비하 및 집단 모욕을 정중한 성향 비평으로 정제	여성/가족
두번째 내스탈이얌ㅎㅎ	두 번째 사진 속의 인물이나 스타일이 정말 마음에 드네요.	2	1	SLUR	[내스탈이얌] -> 통신체 애교 섞인 말투를 정중한 호감 표현으로 정규화	clean
빽 시리즈가 유행한 이유 = 한남	일부 남성들의 왜곡된 시각이 좋지 않은 유행을 만든 것 같아 비판하고 싶네요.	2	2	GENDER	[한남] -> 남성 비칭 사용 및 비꼬는 어투를 정중한 비판으로 순화	남성
3차 세계대전은 이슬람쪽에서 일어난다이슬람쪽에서 핵무기 먼저 사용할거임영화로 몇개나옴 이미터지는건 시간문제	특정 종교권에서 국제 분쟁이 시작될까 봐 무척 우려됩니다. 영화 같은 일이 현실이 될까 봐 걱정되네요.	2	2	RELIGION/RACISM	[이슬람쪽] -> 특정 종교 집단에 대한 극단적인 추측을 정중한 우려로 정제	인종/국적, 종교
ㄴㄴ 걍 경찰들 죄다 보지년들로 바꾸고 치안 좆돼봐야 시발년들이 정신차릴듯	(차단된 문장입니다)	1	5	GENDER/SLUR	[보지년들, 시발년들] -> 여성 및 공무원에 대해 극단적으로 저질스러운 멸칭과 욕설을 사용하여 차단	여성/가족
"대구"""" ㄷㄷㄷ"""	대구에서 발생한 일입니까? 무척 놀라운 소식입니다.	2	1	REGIONAL	[ㄷㄷㄷ] -> 의성어를 제거하고 정중한 놀람 표현으로 정제	지역
시발 탈코르셋 이지랄하고있노지들이 선택못받어서 스스로 위안삼고자 하는거지 뭔 탈코르셋ㅋㅋㅋ존나못생겼네진짜ㅋㅋㅋㅋㅋㅋㅋㄱ고를타선이없다 개씨발	탈코르셋 운동이 본래 취지와 달리 본인들의 부족함을 합리화하는 수단 같아 비판하고 싶습니다.	2	3	GENDER/COMMUNITY	[이지랄, 못생겼네] -> 여성 비하 및 외모 공격, 커뮤니티 조롱 어투를 정중한 비평으로 순화	여성/가족
우리나라도 미개한 파퀴 필리피노 조선족 이슬람 새키들 넘친다	우리나라에도 여러 외국 출신 거주자들과 특정 종교 신자들이 많이 있습니다.	2	3	RACISM/RELIGION	[파퀴, 필리피노, 새키들] -> 인종/종교 비하 용어를 정중한 사회적 지적으로 순화	인종/국적
진짜 맘충 씨발년들 3초마다 존나게 패면서 똥 지릴때까지 패고 싶다	(차단된 문장입니다)	1	5	GENDER/SLUR	[맘충, 씨발년들, 패고 싶다] -> 여성 비하 멸칭 및 잔혹한 폭행 위협으로 차단	여성/가족
이렇게 메갈리안도 역사속으로 사라지는구나 병신들 ㅋㅋㅋㅋ	이렇게 특정 여성 커뮤니티도 역사 속으로 사라지네요. 어리석은 사람들입니다.	2	2	GENDER/COMMUNITY	[메갈리안, 병신들] -> 특정 커뮤니티 비하어 및 비속어를 정중한 표현으로 순화	여성/가족
자살을유ㅐ하냐	자살을 왜 하나요?	2	0	NORMAL	[무해] -> 일상적 질문 및 오타 정규화	clean
이런걸 말꼬리 잡는 꼴페미들 해병대 보내자.	이런 것으로 말꼬리를 잡는 과격한 여성 운동가들을 해병대에 보냅시다.	2	2	GENDER	[꼴페미들] -> 여성 비하적 표현을 정중한 명칭으로 정제	여성/가족
경상도 - ....경기도 - ...강원도! - ...충청도!! 멍청도! - ...?전..ㄹ.. - 젓갈로 만들어버릴까잉	(차단된 문장입니다)	1	4	REGIONAL	[젓갈로 만들어버릴까] -> 특정 지역민에 대한 신체적 훼손 위협 및 혐오로 차단	지역
애데리고 저지랄하노 ㅎㅎ 차가 확실히 안오면 건너셔야죠	아이를 데리고 그런 행동은 삼가십시오. 차가 확실히 오지 않을 때 건너셔야 합니다.	2	2	COMMUNITY/SLUR	[저지랄하노] -> 비속어 및 커뮤니티 조롱 어투를 정중한 권고로 정제	악플/욕설
히잡을 쓴 페미니스트의 모습이다	히잡을 쓴 페미니스트의 모습입니다.	0	0	NORMAL	[무해] -> 일상적인 상황 묘사	clean
자기돈으로 갈 생각은 없는건가?	자기 돈으로 갈 생각은 없는 것인가요?	0	0	NORMAL	[무해] -> 일상적인 의문 제기	clean
다문화가 아니라 다민족이다.다민족에서 중국은 제외하던가 최소화해야 한다.트로이의 목마다.	다문화가 아니라 다민족입니다. 다민족 국가에서 중국은 제외하거나 최소화해야 합니다. 이는 위험한 요소입니다.	2	2	RACISM	[트로이의 목마] -> 특정 국가에 대한 배타적 시각을 정중한 논평으로 다듬음	인종/국적
국물없노 씨발련아 라면이라도 끓여	(차단된 문장입니다)	1	5	GENDER/SLUR	[씨발련아] -> 여성 비칭 및 원색적인 욕설로 차단	악플/욕설
틀딱은 섹스자체를못함	노인들은 성생활 자체가 불가능합니다.	2	3	AGE/SLUR	[틀딱] -> 노령층 비하 멸칭 및 조롱을 표준어로 순화	연령
나한테 이슬람좆들 칼푹찍할 권리를 달라이기 조팔것들	(차단된 문장입니다)	1	5	RELIGION/VIOLENCE/COMMUNITY	[칼푹찍, 조팔것들] -> 특정 종교인에 대한 살해 위협 및 극단적 혐오로 차단	남성, 인종/국적, 종교
닛뽄의 어르신들은 선진국에서 태어나 세계2위국가에서 자라신분들헬센의 틀들은 필리핀 이하 후진국에서 태어나 후진국에서 사춘기를 보내고 중진국에서 전성기를 보낸 한마디로 촌놈들	일본의 어르신들은 선진국에서 자란 분들입니다. 반면 한국의 노인들은 후진국에서 태어나 어렵게 자란 분들로, 좋게 말하면 순박하고 나쁘게 말하면 시야가 좁은 분들입니다.	2	3	AGE/RACISM	[헬센, 틀들, 촌놈들] -> 자북 및 노령층 비하 표현을 정중한 비교 분석으로 순화	인종/국적
현기 준중형급 중형급이네 딱봐도 저정도도 컨트롤이 안되는거보니 스팅어랑 지칠공 제외 솔직히 쉐보레 말리부도 저정도는 커버침	현대·기아차의 준중형 혹은 중형급이네요. 차량 제어가 안 되는 것을 보니 스팅어나 G70은 아닌 것 같습니다. 쉐보레 말리부 정도면 충분히 제어가 가능할 텐데요.	0	0	NORMAL	[무해] -> 일상적인 차량 성능 의견	clean
여성의 신체를 훼손하며 그 여자를 소유했다라는 망상을 충족시키고 무슨 로미오와 줄리엣이라도 된양 일방적으로 낭만화하기까지 하노. 에로스적인 충동과 살인충동을 동시에 느끼는게 냄져들이 생각하는 가장 극단적이고 이상적인 사랑인데 노무딱 미개하노	여성의 신체를 훼손하며 소유욕을 채우는 망상을 하고, 이를 낭만화하기까지 하네요. 살인 충동을 사랑으로 착각하는 남성들의 생각은 정말 미개합니다.	2	3	GENDER/COMMUNITY	[냄져들, 노무딱 미개하노] -> 남성 비칭 및 커뮤니티 전용 조롱 말투를 정중하게 순화	남성
반찬이 걍 틀딱 입맛인데;한국인도 저거 최소 30살은 넘어야 좋아하겠다;	반찬이 노인들의 취향이네요. 한국인들도 최소 30살은 넘어야 좋아할 법한 구성입니다.	2	2	AGE	[틀딱] -> 노령층 비하 표현을 표준어로 정제	연령
저 맘충도 결국은 광주인데 정부에서 안 보호해주냐??	저 아이 어머니도 결국 광주 사람인데 정부에서 보호해 주지 않습니까?	2	3	GENDER/REGIONAL	[맘충, 광주] -> 여성 비하 및 특정 지역 연계 조롱을 정중한 질문으로 순화	여성/가족, 지역
ㅋㅋㅋㅋㅋㅋㅋㅋ 집에서만 게임하면 안전하다 이기야!	집에서만 게임하면 안전합니다.	2	2	COMMUNITY	[이기야] -> 커뮤니티 전용 말투를 제거하고 표준어 평서문으로 순화	clean
언젠 페미에 우호적이였던척ㅋ 누가보면 맘충 김치년 보전깨등 2천년 유구한 여혐역사 다 웜탓할기세노^됫^	언제는 여성 운동에 우호적이었던 척하시네요. 김치녀 등의 여성 혐오 역사를 모두 특정 커뮤니티 탓으로 돌리려는 기세입니다.	2	3	GENDER/COMMUNITY	[맘충, 김치녀, 기세노] -> 여성 비하 명칭 및 커뮤니티 조롱 어투를 정중하게 정제	악플/욕설
도대체 댓글 성비 왜이러냐고 ㅋㅋㅋ 왤케 관심이 많으실까ㅋ 지들이 뭘 안다고 왤케 쿵쾅대	댓글 성비가 왜 이렇습니까? 왜 이렇게 관심이 많은지 모르겠네요. 제대로 알지도 못하면서 소란을 피우는 모습이 보기 좋지 않습니다.	2	3	GENDER/SLUR	[쿵쾅대] -> 여성의 신체 특징을 비하하는 조롱 표현을 정중한 지적으로 순화	악플/욕설
ㅋㅋㅋㅋㅋㅋㅋㅋㅋㅋㅋㅋㅋㅋㅋㅋㅋㅋㅋㅋㅋㅋㅋㅋㅋㅋㅋㅋㅋㅋㅋㅋㅋㅋㅋ봊나웃기네 진짜 ㅋㅋㅋㅋㅋㅋㅋㅋㅋㅋㅋㅋㅋ	정말 매우 웃기네요.	2	2	GENDER/SLUR	[봊나] -> 여성 신체를 이용한 비속어 변조 표현을 정중한 강조어로 순화	악플/욕설
전라도에 대중목욕탕 졸라많다	전라도에 대중목욕탕이 매우 많습니다.	0	0	REGIONAL	[무해] -> 특정 지역에 대한 일상적 사실 전달 및 비속어 정제	지역
1일에 3천??? 사건터지고 준거아님??? 왜 한꺼번에 몰아줬지??	하루에 3천만 원입니까? 사건이 발생한 후에 지급한 것 아닙니까? 왜 한꺼번에 지급했는지 궁금합니다.	0	0	NORMAL	[무해] -> 일상적 의문 제기	clean
이노오오옴!!!!!!!!!!! 감히 이따구 글에 사진을 이렇게 매치를 하다니!!!!!!! 천벌을,,받을것이야!!!!!!!!!!!!!!!	이놈! 감히 이런 글에 사진을 이렇게 매치하다니, 천벌을 받을 것입니다.	0	0	NORMAL	[무해] -> 일상적이고 해학적인 호통 표현	악플/욕설
사병 50:50은 말은 없냐?	사병의 남녀 비율을 50:50으로 하자는 말은 없습니까?	0	0	NORMAL	[무해] -> 국방 정책에 대한 일상적 의문 제기	clean
백퍼 그럴거다	100% 그럴 것입니다.	0	0	NORMAL	[무해] -> 일상적 확신 표현	clean
20대 결코 성인이라 볼수없는 미숙한 나이다 ㅡㅡ	20대는 결코 성인이라 볼 수 없는 미숙한 나이입니다.	2	1	AGE	[미숙한 나이] -> 특정 연령대에 대한 주관적 평가를 정중한 문장으로 정규화	연령
난 애밴년 와도 안비켜줌	저는 임신한 여성이 와도 자리를 비켜주지 않습니다.	2	3	GENDER/SLUR	[애밴년] -> 임산부에 대한 비하적 호칭을 표준어로 순화	여성/가족
가리고 있어서 안보이노	가리고 있어서 보이지 않습니다.	2	0	NORMAL	[무해] -> 일상적 상황 설명 및 어미 정규화	clean
찬수야 정신차려라	찬수야 정신 차려라.	0	0	NORMAL	[무해] -> 일상적 조언	clean
그래서 이슬람이 싫다 남은 생각하지않고 오직 이슬람만 안다	그래서 이슬람교가 싫습니다. 남은 생각하지 않고 오직 이슬람교만 압니다.	2	2	RELIGION	[이슬람이 싫다] -> 특정 종교에 대한 거부감을 정중한 평서문으로 정제	종교
왜 이슈지 ㅋㅋ 쌍도가 쌍도지 그럼 뭐라해 씨팔	왜 이슈가 되는지 모르겠네요. 경상도가 경상도답게 행동한 것인데 무엇이 문제입니까?	2	2	REGIONAL	[쌍도] -> 지역 비하 축약어를 표준어로 순화	지역
ㅇㅇ발 ㅇㅇ때문에...  라고 하기엔 지하철 식당 카페 극장 휴양지 학원 술집.. 가는 곳마다 사람많았는데..  이렇게 기사쓰고 사람들 욕하니 속이 후련하시겠습니다. 하지만...	특정 사안 때문이라고 하기에는 어디든 사람이 많았습니다. 이렇게 기사를 쓰고 사람들을 비난하니 속이 후련하겠네요. 하지만 현실은 다릅니다.	0	0	NORMAL	[무해] -> 언론 보도에 대한 일상적 비판	clean
마인드라도 좋던가.	마음가짐이라도 좋았으면 합니다.	0	1	NORMAL	[무해] -> 태도에 대한 일상적 아쉬움 토로	clean
성님 호르몬 맞았노 충성^^7	형님, 호르몬 주사를 맞으셨습니까? 충성합니다.	2	2	LGBTQ/COMMUNITY	[맞었노] -> 성전환 관련 조롱 섞인 어투 및 커뮤니티 말투를 정중하게 순화	clean
개슬람=전라도 반박시 홍어인정	(차단된 문장입니다)	1	5	RELIGION/REGIONAL	[개슬람, 홍어] -> 종교 및 지역 비하 멸칭을 사용한 복합적 혐오로 차단	지역, 종교
나련도 관에서 윾입되서 관에 웜글 가끔 퍼다나르면 0.69초만에 삭제되는 쀼젤	저도 외부에서 유입되어 커뮤니티 글을 가끔 퍼다 나르는데, 순식간에 삭제되네요.	2	2	COMMUNITY	[나련, 윾입, 쀼젤] -> 특정 커뮤니티 전용 은어 및 말투를 표준어로 순화	clean
보지파티는 착한 퀴어어	여성들만의 파티는 착한 퀴어 행사입니다.	2	3	LGBTQ/SLUR	[보지파티] -> 여성 신체 부위를 이용한 노골적 표현을 중립적으로 순화	성소수자
갓럼프보소..	트럼프 대통령 대단하네요.	0	0	NORMAL	[무해] -> 인물에 대한 일상적 찬사	clean
우와 명문중의 명문이다 ㅋㅋㅋㅋ	와, 정말 명문이네요.	0	0	NORMAL	[무해] -> 일상적 감탄 및 칭찬	clean
이거 하나는 맘에 듭니다. 소수의 특성에 따라 힘이 커지면 얼마나 혼란이 오는 지 알아야합니다.	이 점은 마음에 듭니다. 특정 소수 집단의 영향력이 너무 커지면 사회에 얼마나 혼란이 오는지 알아야 합니다.	0	1	OTHERS	[무해] -> 소수자 권리에 대한 보수적 시각을 정중하게 표현	기타 혐오
정통 유대교애들은혼전에 떡치면뭐 처벌 같은거 안하냐?그냥 용서해주나?	정통 유대교인들은 혼전 성관계를 하면 처벌을 받지 않나요? 그냥 용서해 줍니까?	2	2	RELIGION/SLUR	[떡치면] -> 성관계를 뜻하는 저속한 표현을 표준어로 순화	종교
아가리를 때려 버리고 싶네. 조랄 싫어하는거 티를 내는데 왜케 지저분거리냐?	(차단된 문장입니다)	1	4	VIOLENCE/SLUR	[아가리를 때려 버리고 싶네] -> 상대에 대한 직접적인 신체 폭행 위협으로 차단	악플/욕설
무식한 개소리 하지마라 추락사라는 단어에 그런건 포함 되어있지 않음그냥 떨어져 죽으면 추락사임	무식한 소리 하지 마십시오. 추락사라는 단어의 정의에 그런 내용은 포함되어 있지 않습니다. 떨어져 죽으면 모두 추락사입니다.	2	2	SLUR	[개소리] -> 상대를 비하하는 표현을 정중한 반박으로 정제	악플/욕설
군대가 다시 나와야 할 때다... 민주화 당하는 것도 모자라서 똥꼬마저 내줘야하는 군대가 군대냐	군대가 다시 나서야 할 때입니다. 민주화는커녕 성소수자들마저 받아주는 군대를 어떻게 군대라고 할 수 있습니까?	2	3	LGBTQ/POLITICAL	[똥꼬마저] -> 성소수자에 대한 저질스러운 비유를 정중한 비판으로 순화	성소수자
이분최소난박이	이분은 최소한 난민을 혐오하는 분이시네요.	2	2	RACISM	[난박이] -> 특정 대상에 대한 비하적 신조어를 표준어로 정제	악플/욕설
중딩 말고는 잘 없어요ㅋㅋ 정신승리 계속 하세요ㅎㅎ	중학생 말고는 흔치 않습니다. 계속 그렇게 생각하시길 바랍니다.	0	1	NORMAL	[무해] -> 냉소적이지만 일상적인 대화	clean
대구에 메갈퇘지보지가 젤 만ㅎ다는건 정설 아니노	(차단된 문장입니다)	1	5	REGIONAL/GENDER/SLUR	[메갈퇘지보지] -> 특정 지역 및 여성에 대한 극도로 저질스럽고 혐오적인 표현으로 차단	여성/가족, 지역
모부 생일선물도 안사주면서 롤,오버워치에 현질 쳐해대고 명품시계탐내는 된장남은 도살이 답ㅇㅇ	(차단된 문장입니다)	1	5	GENDER/VIOLENCE	[된장남, 도살이 답] -> 남성 비하 및 직접적인 살해 위협으로 차단	남성
강용석이 말을 저렇게 해서 그렇지사실 어떻게보면 맞는말 아니냐	특정 인물이 말을 저렇게 해서 그렇지, 사실 어떻게 보면 맞는 말 아닙니까?	0	1	NORMAL	[무해] -> 공인에 대한 일상적인 의견 표명	clean
진짜 미친 교인들 죽겠네~다 하나님 앞으로 가라고	정말 일부 몰지각한 신자들 때문에 화가 납니다. 다들 참된 신앙의 길로 돌아갔으면 좋겠습니다.	2	2	RELIGION	[미친 교인들] -> 특정 종교 신자들에 대한 과격한 표현을 정중하게 다듬음	종교
역시나 ㅎㅎ 죽어랏!	(차단된 문장입니다)	1	4	SLUR/VIOLENCE	[죽어랏] -> 상대에 대한 직접적인 죽음 종용 및 폭력적 언사로 차단	악플/욕설
명불허전이네 ㅉㅉ	명불허전이네요. 쯧쯧.	0	1	SLUR	[무해] -> 일상적이고 냉소적인 반응	악플/욕설
ㄹㅇ 개좃같은 페미민국 진짜요즘 좌좀 달창 분탕년들 남초에 오지게 풀었더만애국하면서 노예처럼 살아가라고 ㅋㅋㅋㅋㅋㅋㅋㅋㅋㅋ	(차단된 문장입니다)	1	5	GENDER/COMMUNITY	[페미민국, 좌좀, 달창, 분탕년들] -> 국가 및 특정 성별, 정치 성향에 대한 극심한 멸칭과 혐오로 차단	여성/가족
다 늙은 상폐좆놈들이 어린 쇼린이한테 질투해서 그러는거 아니겠노	(차단된 문장입니다)	1	5	GENDER/AGE	[상폐좆놈들, 쇼린이] -> 남성 및 노령층 비하 멸칭과 아동에 대한 부적절한 용어 사용으로 차단	남성, 연령
개학을 안했으면 같은반아이들 부모들은 안전할거 아닌가?	개학하지 않았다면 같은 반 아이들의 부모님들은 안전하지 않을까요?	0	0	NORMAL	[무해] -> 일상적인 상황에 대한 의문	clean
급식이 패드립 쳤으면 쳐맞아야하는거 아님?	학생이 패륜적인 농담을 했다면 훈계를 들어야 하는 것 아닙니까?	2	2	AGE/SLUR	[급식, 패드립, 쳐맞아야] -> 특정 연령대 비칭 및 비속어를 정중한 표현으로 순화	연령
소수자 차별하지 않는 차별금지법 만들겠다는 인간들이 당론과 안 맞는 의원님의 소수 의견은 왜 존중하지 않고 차별하나?? 진짜 모순적이고 자가당착적이다.	소수자를 차별하지 않는 법을 만들겠다는 분들이, 당론과 맞지 않는 의원의 소수 의견은 왜 존중하지 않고 차별합니까? 정말 모순적입니다.	0	1	SLUR	[무해] -> 정치권의 모순을 지적하는 정중한 비판	악플/욕설
엑스맥스로 업글하자	엑스맥스로 업그레이드합시다.	0	0	NORMAL	[무해] -> 기기 업그레이드 권유	clean
신발 외노자들 다 추방해라	외국인 노동자들을 모두 추방하십시오.	2	3	RACISM	[신발, 외노자] -> 욕설 변조 표현 및 외국인 비하 용어를 표준어로 순화	인종/국적
개슬람새끼들 좀 추방좀	이슬람교 신자들을 좀 추방해 주십시오.	2	3	RELIGION	[개슬람새끼들] -> 특정 종교 비하 멸칭을 정중한 명칭으로 정제	종교
진짜 저건 너무했다ㅋㅋ	정말 저것은 너무했네요.	0	0	NORMAL	[무해] -> 일상적 감상	clean
착한 자적자 린정하^노^ 한남이 또 지 좆같은 일 저질렀을 게 불보듯 뻔한 일아니노? 영국 남자는 그에 따른 즉각적인 행동을 한 것으로 보이노 한남의 와꾸만 봐도 폭력성이 올라오는 것은 당연한 일 아니노? 그져 영국냄져는 적절한 행동을 했을 뿐이노.	(차단된 문장입니다)	1	5	GENDER/COMMUNITY	[자적자, 한남, 린정하^노^] -> 남성에 대한 성적 조롱 및 커뮤니티 전용 혐오 말투로 차단	남성
냄져연예인들 보지돈털어가기바쁘노.	(차단된 문장입니다)	1	5	GENDER/COMMUNITY	[냄져, 보지돈] -> 남녀 모두에 대한 성적 비하 및 커뮤니티 조롱 어투로 차단	남성
요즘 6살이면 알거 다 알지	요즘은 6살 정도면 알 것을 다 아는 나이입니다.	0	0	NORMAL	[무해] -> 아동의 발달 수준에 대한 일상적 의견	clean
이거 날조자료라 욕먹기 딱 좋은 건데	이것은 날조된 자료라서 비판받기 딱 좋은 것 같네요.	0	1	NORMAL	[무해] -> 정보의 신뢰성에 대한 일상적 비판	clean
폰으로 작게보다가 황세미 폭파원으로 봤네ㄷㄷ	휴대전화로 작게 보다가 다른 단어로 잘못 봤네요.	0	0	NORMAL	[무해] -> 일상적인 실수 고백	clean
항상 댓글들이 왜 이럴까 의아했는데 지금은 상황이 이렇게 바뀌다니. 중국 참 무섭고 화나네.	항상 댓글들이 왜 이런 분위기인지 궁금했는데, 지금 상황이 이렇게 변했네요. 중국의 행보가 참 무섭고 화가 납니다.	2	2	RACISM	[무해] -> 특정 국가의 행태에 대한 일상적 우려와 분노	인종/국적
전라년들은 똥그멍에 쑤셔야됨ㅇㅇ 그라야 복종함 내가 전라도 광주다 ㅅㅂㅎㅎㅅ	(차단된 문장입니다)	1	5	REGIONAL/GENDER/SLUR	[전라년들, 쑤셔야 됨] -> 특정 지역 여성에 대한 극심한 성적 모욕 및 폭력 묘사로 차단	지역
ㅆㅂ된장국을 얼굴에 달려줘라	(차단된 문장입니다)	1	4	SLUR/VIOLENCE	[ㅆㅂ, 얼굴에 달려줘라] -> 욕설 및 상대에 대한 물리적 가해 위협으로 차단	악플/욕설
자아성찰 잘하네쟤네 다 개돼지냄새나는 ㅎㅌㅊ맞잖아	스스로를 돌아볼 줄 아네요. 저들은 모두 수준이 낮은 사람들이 맞지 않습니까?	2	2	SLUR	[개돼지냄새, ㅎㅌㅊ] -> 상대를 짐승에 비유하거나 낮잡는 표현을 정중하게 순화	악플/욕설
고작 10위밖에 안되나?보니까 고위직 여성비율 영향도 있어보이는데이거, 차별이 아니라 남성의존 때문이라는한국의 내부사정을 알아야한다.이거 반영되면 난 1위 찍는다고 본다.	고작 10위밖에 안 됩니까? 고위직 여성 비율의 영향도 있어 보이는데, 이것은 차별이 아니라 여성들의 남성 의존 성향 때문이라는 내부 사정을 알아야 합니다. 이 점이 반영되면 순위가 더 올라갈 것입니다.	0	1	SLUR	[무해] -> 젠더 이슈에 대한 개인적인 분석과 비평	clean
ㄹㅇㅋㅋㅋㅋㅋㅋ뚱뚱해갖고 뒤뚱거리는 유충보면 속으로 너도 작겠구나라고 생각하는쀼젤	(차단된 문장입니다)	1	5	GENDER/SLUR	[유충, 작겠구나] -> 남성 및 아동을 비하하고 성적으로 조롱하여 차단	남성
치매 아버지?? 세상에나  당신이 진정한 목사가 된다면 당신 아버지 광주 시민 앞에 무릎 꿇고  빌어야 한다	치매를 앓고 계신 아버지라고요? 만약 당신이 정말 목사가 되고자 한다면, 당신의 아버지가 광주 시민들 앞에 무릎 꿇고 사죄하게 해야 합니다.	2	3	SLUR	[빌어야 한다] -> 특정 역사적 사건과 인물을 연계한 강한 지탄을 정중한 어조로 정제	악플/욕설
중국에서 조선족년 만난적있는데 술먹으러 갈때마다 한족새끼들 시비 오지게 털던데	중국에서 조선족 여성을 만난 적이 있는데, 술을 먹으러 갈 때마다 현지인들이 시비를 무척 많이 걸더군요.	2	3	RACISM	[조선족년, 한족새끼들] -> 특정 민족 비칭 및 비속어를 표준어로 정제	인종/국적
이거 재미있겠다이기 남괘미랍시고 블로그에 글 쓰면서 깝치는 새끼 있는데 신상 털어봐야겠노	(차단된 문장입니다)	1	5	GENDER/COMMUNITY	[이기, 신상 털어봐야겠노] -> 남성 비하 및 타인의 신상을 털겠다는 범죄적 선동으로 차단	남성
너는 아니지~ 왜그렇게 예민해 ㅋㅋㅋㅋ 웃챙	당신에 대한 이야기가 아니니 그렇게 예민하게 반응하지 마세요. 정말 웃기네요.	2	2	SLUR/COMMUNITY	[웃챙] -> 커뮤니티 전용 조롱 말투를 표준어로 순화	clean
맨날 태국, 짱깨, 베트남, 몽골, 중앙아시아, 서남아시아이런 인간들만 넘치게 들어오냐?각 나라마다 입국자 수 제한 좀 하자	맨날 태국, 중국, 베트남 등 아시아 국가 사람들만 너무 많이 들어오고 있습니다. 각 나라마다 입국자 수 제한이 필요합니다.	2	3	RACISM	[짱깨] -> 특정 국가 비하 멸칭을 표준어로 순화	인종/국적
저게 목사냐 사탄이지	저런 분이 어떻게 목사입니까? 악마와 다름없네요.	2	2	RELIGION	[사탄이지] -> 특정 종교 지도자에 대한 격앙된 비판을 정중한 평서문으로 정제	종교
ㅉ 대가리 빈새끼들 커피 니네 손으로 타먹으란 말에 발박했노	한심하네요. 생각이 부족한 사람들이 커피를 직접 타 먹으라는 말에 반발하고 있습니다.	2	2	SLUR/COMMUNITY	[대가리 빈새끼들, 발박했노] -> 상대를 낮잡는 표현 및 커뮤니티 어투를 정중하게 순화	악플/욕설
무슬림이 테러하고 다니는 이유 : 새로운 나라에 도착한다 -> 열심히 살다가 신앙생활에 불편함을 느낀다 -> 기존 살던 국민들과 충돌한다 -> 점점 증오가 쌓인다 -> 자기가 살고 있는 나라를 바꿔야 겠다는 생각을 한다 -> 폭탄을 터뜨린다	이슬람교도가 테러를 저지르는 이유는 새로운 환경에 적응하지 못하고 기존 국민들과 충돌하며 쌓인 증오를 폭력으로 해결하려 하기 때문입니다.	2	3	RELIGION/RACISM	[테러하는 이유] -> 특정 종교 집단에 대한 극단적 편견을 정중한 분석적 문장으로 정제	인종/국적, 종교
대갈통 크기봐라	머리 크기가 무척 크네요.	2	2	SLUR	[대갈통] -> 신체 부위를 낮잡는 표현을 표준어로 순화	악플/욕설
우디르 잘할듯	태세 전환을 무척 잘할 것 같네요.	0	0	NORMAL	[무해] -> 게임 밈을 활용한 일상적 비유	clean
ㅋㅋㅋㅋㅋㅋ V 자형이 아니라 거의 직각에 가깝게 도로를 잘라놨구만 운전미숙이라는 새끼들 뚜벅충 인증	도로를 V자형이 아니라 거의 직각에 가깝게 잘라놓았네요. 운전 미숙을 탓하는 사람들은 실제 상황을 잘 모르는 것 같습니다.	2	2	SLUR	[새끼들, 뚜벅충] -> 비속어 및 특정 집단 비하 용어를 정중한 표현으로 순화	악플/욕설
엉덩이빵실한 창놈	(차단된 문장입니다)	1	5	GENDER/SLUR	[창놈] -> 남성에 대한 노골적인 성적 비하 및 멸칭으로 차단	남성
탈북자 새끼들 패싸움이 일상임뭐더라 북한여자들 나와서 토크쇼하는거 거기서 지들이 말함주먹다짐은 아무것도 아님 말그대로 무법지대	북한 이탈 주민들은 패싸움이 일상이라고 합니다. 북한 여성들이 출연하는 방송에서 직접 말하기를, 주먹다짐은 예사라고 하더군요.	2	3	RACISM	[탈북자 새끼들] -> 특정 집단의 비칭을 표준어로 정제하고 거친 어조를 다듬음	인종/국적
근데 나만 그런지 모르겠는데 디씨 히어로들은 정이 안가. 매력이 너무 없음 다 그냥 ㅈㄴ쎄. 아이언맨처럼 어떻게 히어로가 됬는지. 어떤 단점, 트라우마를 끌어안고 있는지 전혀 입체적이지 않음	저만 그런지 모르겠지만, DC 히어로들은 정이 가지 않습니다. 캐릭터의 서사가 평면적이고 트라우마 등의 입체적인 묘사가 부족해서 매력이 느껴지지 않네요.	0	1	SLUR	[무해] -> 영화 캐릭터에 대한 일상적 비평	악플/욕설
돈만 섬기는 사람들	돈의 가치만을 맹목적으로 따르는 사람들이네요.	0	1	SLUR	[무해] -> 물질만능주의에 대한 일상적 비판	악플/욕설
다 생긴거 괜찮을듯한 남자들만 찍었네. 기럭지 짧고 옆으론 두껍고 남성형 유방과 골반 면상은 함몰에 뒤통수 눌린 조선보지들은 감히 비비지도 못할 레벨인데... 아무래도 은근 맘에들어서 클리 비빌때 쓰려고 찍은듯 하다.	(차단된 문장입니다)	1	5	GENDER	[조선보지들, 클리 비빌때] -> 여성에 대해 극도로 저질스러운 신체 비하 및 성적 모욕으로 차단	여성/가족
사행시 존나못하네 내가 사행시 지어본다 ㅆㅂ호 : 호주국자는주 : 뒤지게 쳐맞아야국: 정신을자 :차린다	(차단된 문장입니다)	1	4	SLUR/VIOLENCE	[쳐맞아야, ㅆㅂ] -> 욕설 및 상대에 대한 폭력 정당화 및 위협으로 차단	악플/욕설
판검사 공부한분들은 이런사람위해 잘쓰길... 그 아내랑 동생이 제일악질인듯	사법계에 계신 분들은 이런 상황을 바로잡기 위해 노력해 주었으면 합니다. 그 아내와 동생이 정말 가장 나쁜 사람들인 것 같네요.	0	0	NORMAL	[무해] -> 사법 정의에 대한 개인적인 소망과 비판	clean
개만도못한 전라도 시바	(차단된 문장입니다)	1	5	REGIONAL/SLUR	[개만도못한, 시바] -> 특정 지역민에 대한 짐승 비유 및 노골적인 욕설로 차단	지역
임신한거아님?	임신한 것 아닙니까?	0	0	NORMAL	[무해] -> 일상적인 상황에 대한 의문	clean
진지하게여성의존재가치가뭐냐?성욕구해결과출산아니냐?지몸을 화장하고 꾸미는거 자체가 자기 자신의 성적매력을높일려고하는거지	(차단된 문장입니다)	1	5	GENDER	[존재가치가뭐냐, 성욕구해결] -> 여성의 인격과 가치를 부정하고 성적 도구로 비하하여 차단	여성/가족
한남죽이기 힘조!!!	(차단된 문장입니다)	1	5	GENDER/VIOLENCE/COMMUNITY	[한남죽이기, 힘조] -> 남성에 대한 증오와 살인 선동, 커뮤니티 전용 혐오 용어로 차단	남성
보수교단보다 더 썩어버린 진보교단 구약학 교수는 잘 있냐 중국교포 목사는? 국민일보 빨대목사는?	보수적인 종교 단체보다 더 부패한 진보적인 단체들의 행태가 실망스럽습니다. 관련 교수나 목사들의 거처는 알고 있나요?	2	3	RELIGION	[썩어버린] -> 종교계의 부패를 지적하는 거친 표현을 정중하게 다듬음	종교
네 대한민국 콜센터 입니다	네, 대한민국 콜센터입니다.	0	0	NORMAL	[무해] -> 평범한 일상적 대화	clean
무조건 스시녀랑 결혼한다 ㅋㅋ김치녀랑 결혼할 이유 없어짐	무조건 일본 여성과 결혼하겠습니다. 한국 여성과 결혼할 이유가 이제는 없네요.	2	3	GENDER/RACISM	[스시녀, 김치녀] -> 한일 양국 여성에 대한 비칭을 표준어로 순화	여성/가족, 인종/국적
설거지는 보지털로 해야 뽀송뽀송하다	(차단된 문장입니다)	1	5	GENDER/SLUR	[보지털] -> 여성의 특정 신체 부위를 언급한 지극히 저속한 성적 농담으로 차단	여성/가족
이슬람 다른건 몰라도 피싸개들 때려 잡는건 마음에 든다	(차단된 문장입니다)	1	5	GENDER/VIOLENCE/RELIGION	[피싸개들 때려 잡는건] -> 여성에 대한 혐오 명칭 사용 및 여성 대상 폭력 옹호로 차단	여성/가족
반대로 일남충이 김치년 강간했으면강간범 일본남자 피해자 한국여자 로 오질나게 국적 부풀려서 반일선동에 써먹을텐데 ㅋㅋㅋㅋㅋㅋ	(차단된 문장입니다)	1	5	GENDER/RACISM	[일남충, 김치년] -> 특정 국가 및 성별에 대한 극심한 비하 멸칭과 성범죄 비유로 차단	여성/가족, 인종/국적
똑같은 성경을 갖고 설교해도 목사가 어떤 가치관을 갖고있냐에 따라 코에 걸면 코걸이 귀에 걸면 귀걸이	같은 성경을 가지고 설교해도 목사의 가치관에 따라 해석이 천차만별입니다.	0	1	RELIGION	[무해] -> 종교 지도자의 주관적 해석에 대한 일상적 비판	종교
한남은 좆부장제 유지와 보지 갈아넣는 인생만이 목표다.	(차단된 문장입니다)	1	5	GENDER/SLUR	[한남, 보지 갈아넣는] -> 특정 성별 비하 및 성적 비속어를 사용한 혐오 표현으로 차단	남성
한국교회가는 지금 혹독한 빙하기를 맞고 있는것같아요.퍼스트 펭귄처럼 한교총을 중심으로 서로 연합하고 사랑으로 이겨내길바랍니다.	한국 교회는 지금 혹독한 시기를 겪고 있는 것 같습니다. 연합 기구를 중심으로 서로 화합하고 사랑으로 이겨내길 바랍니다.	0	0	NORMAL	[무해] -> 종교계에 대한 일상적 격려와 희망적 메시지	clean
2항이아니라 3항인데	2항이 아니라 3항입니다.	0	0	NORMAL	[무해] -> 단순 정보 수정 요청	clean
깜빵에 같힌 모습 졸라 멋지노.	감옥에 갇힌 모습이 정말 멋지네요.	0	1	NORMAL	[무해] -> 비속어 및 자극적인 감상 표현 정제	clean
ㄹㅇ 그거보고 컬쳐쇼크 신안군 경찰보는줄 ㅋㅋㅋㅋ우덜식감싸기ㅋㅋㅋㅋㅋㅋ홍통일체	(차단된 문장입니다)	1	4	REGIONAL	[신안군, 우덜식, 홍통일체] -> 특정 지역에 대한 악의적인 낙인 및 비하 표현으로 차단	지역
틀딱들 ㅂㄷㅂㄷㅋㅋ현실좀 파악하자	노인분들 화내지 마시고 현실을 좀 파악합시다.	2	2	AGE/SLUR	[틀딱들, ㅂㄷㅂㄷ] -> 노령층 비하 및 조롱 어투를 정중한 권고로 순화	연령
미국강아지들은 중국기사 돌아다니면서 멍멍거리네	미국 측 사람들은 중국 기사에 돌아다니며 시비를 거시네요.	2	3	RACISM	[미국강아지들] -> 특정 국가 사람들을 짐승에 비유한 비하 표현을 정순하게 순화	인종/국적
지가 역차별하면서 먼 ㅉㅉ 페미는 정신병 페미 박멸~	본인이 역차별을 하면서 무슨 말을 하십니까? 여성주의는 문제가 많으니 사라져야 합니다.	2	3	GENDER	[페미 박멸] -> 원문의 공격적인 어감을 유지하되 비속어 및 극단적 표현을 정제	여성/가족
PC사상 아웃아웃아웃	정치적 올바름 사상은 이제 그만합시다.	0	1	OTHERS	[무해] -> 특정 사상에 대한 일상적 거부감 표명	기타 혐오
존나이쁘노...존슨 정신차려 저새끼도 잦이야!!!!	정말 예쁘네요... 정신 차리십시오. 저 사람도 남성입니다.	2	2	LGBTQ/SLUR	[존슨, 잦] -> 남성 신체 부위 및 성별 비칭을 정중한 표현으로 순화	성소수자
여자들이 만들어낸 남성 혐오 단어들은 왜캐 죄다 뇌내망상에서나온 단어들일까?	여성들이 만든 남성 혐오 단어들은 왜 전부 근거 없는 상상에서 나온 것들인까요?	2	2	GENDER	[뇌내망상] -> 상대를 비하하는 표현을 정중한 의문문으로 정제	여성/가족
개종했으면 그나마 괜찮음.. 난민으로 들어와서 개슬람 부르짖는 종자들은 다 추방시켜야함	개종했다면 그나마 낫습니다. 하지만 난민으로 들어와 극단적인 종교적 주장만 하는 사람들은 모두 추방해야 합니다.	2	3	RACISM/RELIGION	[개슬람, 종자들] -> 특정 종교 비하 및 타 집단을 낮잡는 표현을 표준어로 순화	인종/국적, 종교
???? 뭔소리를 하는거냐?	무슨 소리를 하는 것입니까?	0	1	SLUR	[무해] -> 상대를 비판하는 일상적인 의문 제기	기타 혐오
흑인편들면서 경찰 공격하는 백인 보지들보면서 총갈겨주고 싶음 흑인한테 강간당해봐야 정신차리지	(차단된 문장입니다)	1	5	GENDER/RACISM/VIOLENCE	[백인 보지들, 총갈겨주고 싶음] -> 인종·성별 비하 및 잔혹한 살해·성범죄 위협으로 차단	여성/가족, 인종/국적
난 14살때부터 정치 관심 있었는데, 애초에 난 책을 제대로 읽기 시작한 때부터 신자유주의자였음.이명박, 박근혜, 노무현, 김대중, 문재인의 비리, 과거 같은 거 전혀 관심 없음그냥 이새끼들 방향성만 본다	저는 14살 때부터 정치에 관심이 있었고, 책을 읽기 시작하면서 신자유주의자가 되었습니다. 정치인들의 개인적인 비리나 과거보다는 그들이 제시하는 방향성을 중점적으로 봅니다.	2	2	SLUR	[이새끼들] -> 정치인을 낮잡는 표현을 정중하게 순화	기타 혐오
그냥 너네 동네로 가라.누가 잡냐?	그냥 당신들이 살던 곳으로 돌아가십시오. 아무도 잡지 않습니다.	0	1	SLUR	[무해] -> 타 집단에 대한 일상적 배타성 표현	기타 혐오
다행히 분당은 아니네	다행히 분당은 아니네요.	0	0	NORMAL	[무해] -> 특정 지역 제외에 대한 일상적 감상	clean
그래 이번이 마지막 기회라 생각하고 그리 찾아 해매이던 하나님 곁으로 가시길 여기서 국민들께 민폐 두 혐오감 주지 말고 잘가라	이번이 마지막 기회라고 생각하고 종교적 귀의를 하시길 바랍니다. 더 이상 사회에 민폐나 혐오감을 주지 말고 떠나십시오.	2	3	RELIGION	[하나님 곁으로 가시길] -> 죽음을 암시할 수 있는 종교적 야유를 정중한 권고로 정제	종교
경상도 여자 만나고 싶노...	경상도 여성을 만나고 싶네요.	0	0	NORMAL	[무해] -> 이성에 대한 소박한 바람	clean
저거 구라다 등신들아 선동당하지마라	저것은 거짓입니다. 여러분, 선동당하지 마십시오.	2	2	SLUR	[구라, 등신들아] -> 비속어 및 모욕적 호칭을 표준어로 순화하여 정중하게 경고	기타 혐오
허위사실에 대한 처벌이 너무 약해서 이지랄... 기자든 맘충이든 갑질하는 새끼들 처벌 좀 강해졌으면 좋겠다...	허위 사실에 대한 처벌이 너무 약해서 이런 일이 반복되네요. 기자든 학부모든 갑질하는 사람들에 대한 처벌이 강화되었으면 좋겠습니다.	2	3	GENDER/SLUR	[이지랄, 맘충, 새끼들] -> 비칭 및 비속어를 정중한 사회적 비판으로 순화	여성/가족
요즘 목사들 하루에도 몇 건씩 건수를 올리네.. 암튼 대단해요 이사회에 암덩어리들인건 분명한것같아요..	요즘 일부 목사들의 비행이 너무 잦네요. 어떤 관점에서는 우리 사회의 해로운 존재인 것이 분명해 보입니다.	2	3	RELIGION	[암덩어리들] -> 특정 집단을 질병에 비유한 혐오 표현을 정중한 비판으로 완화	종교
상폐남ㅇㅣ 안죽고 어델 기웃거리노?ㅋ	(차단된 문장입니다)	1	5	GENDER/AGE/SLUR	[상폐남, 안죽고] -> 남성 및 노령층 비하 멸칭과 죽음을 종용하는 혐오 표현으로 차단	연령
시발.. 보기만해도 화난다	정말 보기만 해도 화가 나네요.	2	1	SLUR	[시발] -> 욕설을 제외하고 정중한 감정 표현으로 정제	기타 혐오
아싸~~헬렐레야~~	정말 신나고 즐겁네요.	0	0	NORMAL	[무해] -> 일상적 감탄 및 유희	clean
맹모삼천지교....	맹자의 어머니가 세 번이나 이사했다는 맹모삼천지교의 지혜가 떠오르네요.	0	0	NORMAL	[무해] -> 일상적 고사성어 인용	clean
민주화 찍는 애들 민주화테러로 신고해라.짱깨 IP 일 가능성 농후..나 ㄱㄱ에 민주화테러 신고해서 차단 성공함 ㅋㅋ	특정 버튼을 악용하는 사람들을 신고하십시오. 특정 국가의 IP일 가능성이 큽니다. 저는 이미 신고하여 차단에 성공했습니다.	2	3	RACISM/POLITICAL	[짱깨] -> 특정 국가 비하 멸칭 및 정치적 야유를 정중한 제안으로 순화	인종/국적
그러네 경북인데 창문열어보니 집안보다 따뜻하노	그렇네요. 경상북도인데 창문을 열어보니 실내보다 더 따뜻합니다.	0	0	NORMAL	[무해] -> 날씨에 대한 일상적 감상	clean
글쓴놈이 맞는말 했구만 병신 난독증새끼들 존나 많네	작성자의 말이 옳습니다. 글을 제대로 이해하지 못하는 분들이 정말 많네요.	2	2	SLUR	[병신, 난독증새끼들] -> 장애 비하 및 욕설을 정중한 반박으로 정제	기타 혐오
이거 성차별 아니노 빼애애애액~!!!	이것은 성차별 아닙니까?	2	1	NORMAL	[비명 제거] -> 조롱 섞인 의성어를 제외하고 정중한 의문문으로 순화	clean
or 있으므로O	또는 있으므로O.	0	0	NORMAL	[무해] -> 단순 문법 교정	clean
마니 친구냐??	마니 친구입니까?	0	0	NORMAL	[무해] -> 일상적 인맥 확인	clean
ㅇㅇ 좌빨 + 기독은 무적조합이다	왼쪽 성향의 정치관과 기독교의 결합은 무척 강력한 조합이네요.	2	2	RELIGION/POLITICAL	[좌빨] -> 특정 정치 성향 비하 표현을 정중하게 다듬음	종교
개슬람새끼들 싹다 쓸어버리자	(차단된 문장입니다)	1	5	RELIGION/VIOLENCE	[싹다 쓸어버리자] -> 특정 종교 집단에 대한 집단 몰살 및 폭력 선동으로 차단	종교
아 근데 게임 안하면 안되노?? 지금 구조상 게임들 개발자 사장 디자이너 다 한남이라 한남들 돈 벌어주는 거 밖에 안되노	차라리 게임을 하지 않는 것이 어떻습니까? 현재 게임 산업 종사자들이 대부분 남성이라, 결국 그들의 수익만 올려주는 셈입니다.	2	3	GENDER/COMMUNITY	[한남] -> 남성 비칭 및 커뮤니티 전용 말투를 정순하게 순화	남성
저 팬티벗고 벌리는 새끼는 칼을 꽂아 달라는 거냐?	(차단된 문장입니다)	1	5	VIOLENCE/SLUR	[칼을 꽂아 달라는 거냐] -> 상대에 대한 잔인한 신체 손상 위협으로 차단	기타 혐오
그런데 여긴 왜온거지? 그렇게 좋은나라면 중국가지	그런데 여기는 왜 오신 것입니까? 그렇게 좋은 나라라면 본국인 중국으로 돌아가시지 그랬나요.	2	2	RACISM	[중국가지] -> 특정 국가인에 대한 배타적 요구를 정중한 의문으로 정제	기타 혐오
오메 일베갔노ㄷㄷ근데 댓글에 홍어 새끼들 분위기에 안맞게 다짜고짜 경상도 대구 통구이!!! 이 지랄하는거 보니 어지간히 부들부들 거리나보네 ㅋㅋ	(차단된 문장입니다)	1	5	REGIONAL/COMMUNITY	[홍어 새끼들, 통구이] -> 영호남 지역 감정을 자극하는 최악의 혐오 및 고인 비하 용어로 차단	지역
이슬람과 무슬림으로 인한 문제점만 보지 마시고 왜 그들이 이슬람을 믿고 사는지 한 번 알아보는 것도 좋을듯 합니다 제 생각엔 분명 뭔가가 있습니다 교회나 성당가고 절에 다니는 사람들처럼 그들에게도 이슬람이 뭔가 의미 있기에 믿겠죠	이슬람교의 단점만 보기보다 그들의 신앙적 배경을 이해해 보는 것도 필요합니다. 다른 종교인들처럼 그들에게도 이슬람은 삶의 중요한 의미일 것입니다.	0	0	NORMAL	[무해] -> 종교 간 이해를 돕는 일상적이고 관용적인 의견	clean
폭도들 대한민국 국적으로 인정해주는것도 고마워해야지 씨발 ㅋㅋ	당시 가담자들을 대한민국 국민으로 인정해 주는 것만으로도 감사해야 할 일입니다.	2	2	SLUR	[폭도들, 씨발] -> 특정 집단에 대한 비하와 욕설을 정중한 비판으로 순화	기타 혐오
박원순이 기획했다고 보면 마즘...참여연대 정보력	특정 정치인이 기획한 것이 맞을 것 같습니다. 단체의 정보력이 상당하네요.	0	0	NORMAL	[무해] -> 정치적 사안에 대한 일상적 추측	clean
좆같네 진짜	정말 기분이 나쁘네요.	2	2	SLUR	[비속어 정제] -> 노골적인 욕설을 정중한 감정 표현으로 순화	기타 혐오
근데 진짜 저만해 리얼팩트임 진짜로 풀발이 저정도	그런데 정말 저 정도 크기인 것이 사실입니다. 실제로도 그렇습니다.	2	3	GENDER/SLUR	[풀발] -> 남성 신체의 성적 상태를 가리키는 속어를 정중한 표현으로 완화	남성
일본애드리 정부말에 순종적인 가장 대표적이고 고전적인 이유'자연재해'	일본인들이 정부의 방침에 순종적인 까닭은 자연재해라는 역사적 배경 때문입니다.	2	1	RACISM	[일본애드] -> 특정 국가인에 대한 낮잡는 표현을 표준어로 정제	인종/국적
이만갑에 나왔던 목사네	특정 방송 프로그램에 출연했던 목사님이시네요.	0	0	NORMAL	[무해] -> 인물에 대한 일상적 사실 확인	clean
가학 자해가득한 항문성관계가 정상이라고 전국민 세뇌시키는 정의당 인권팔이장사치들 ᆢ 괄약근이 얼마나 더 늘어나야 정신차릴런가 ᆢ	특정 성행위를 옹호하며 국민들을 설득하려는 정당의 행태가 우려스럽습니다. 언제쯤 현실을 직시할까요?	2	3	LGBTQ/POLITICAL	[항문성관계, 인권팔이] -> 성소수자에 대한 저질스러운 묘사 및 정치 비하를 정중한 우려로 순화	성소수자
닉존나 커여운대 왜그렛냐 안다갑다	닉네임이 정말 귀여운데 왜 그러셨나요? 안타깝습니다.	0	0	NORMAL	[무해] -> 일상적인 아쉬움 표명	clean
보다 자세한 자료 흑형들 호감도가 장난아니다.	보다 자세한 자료를 보니 아프리카계 남성들에 대한 호감도가 매우 높네요.	2	2	RACISM	[흑형들] -> 인종 비하적 접미사가 포함된 단어를 정중한 표현으로 순화	인종/국적
저기서 성소수자는 좀 뺍시다. 유리할땐 여자됐다 불리할땐 남자됐다 이러는 인간들.	저기서 성소수자는 제외합시다. 자신들의 편의에 따라 성별 정체성을 바꾸는 사람들은 신뢰하기 어렵습니다.	2	3	LGBTQ	[인간들] -> 성소수자에 대한 배타적 시각을 정중한 평서문으로 정제	성소수자
또 유튜브 규제하려고 시동거네	또 유튜브를 규제하려 하는군요.	0	1	NORMAL	[무해] -> 미디어 규제에 대한 일상적 비판	clean
개 꼴 씨발 ㅋㅋㅋㅋ	정말 기분이 나쁘고 화가 나네요.	2	2	SLUR	[비속어 정제] -> 노골적인 욕설을 정중한 감정 표현으로 순화	기타 혐오
홍어새끼들 물타기 지리노	(차단된 문장입니다)	1	5	REGIONAL/SLUR	[홍어새끼들] -> 특정 지역민에 대한 악의적인 멸칭으로 차단	지역
물타기 오지네 군인신분으로 보고도 없이 수술하는게 말이 되냐.? 일단 처벌받고 그다음에 말하던 말던 해라	본질을 흐리지 마십시오. 군인 신분으로 보고 없이 수술을 하는 것은 규정 위반입니다. 우선 처벌을 받은 뒤에 의견을 피력하십시오.	2	2	SLUR	[오지네, 말하던 말던] -> 거친 어조를 정중한 권고문으로 순화	기타 혐오
3일 전요. 딱 3일. 소문이 퍼지는 기간과 해명의 기회를 주지 않을 수 있는 기간이라 11 일~12 일 나올 가능성이 클겁니다.	3일 전입니다. 소문이 확산되고 해명 기회를 차단하기에 충분한 기간이라 11일에서 12일 사이에 결과가 나올 가능성이 큽니다.	0	0	NORMAL	[무해] -> 일정에 대한 일상적 추측	clean
ㅎㄴㅊ이 또!	한국 남성이 또 문제를 일으켰네요.	2	2	GENDER/COMMUNITY	[ㅎㄴㅊ] -> 남성 비하 초성어를 표준어로 순화	남성
ㅂㅈ년들 남자가 좀 빡쳐서 밀치면 10m 날라가서 뇌진탕걸려 뒤짐	(차단된 문장입니다)	1	5	GENDER/SLUR/VIOLENCE	[ㅂㅈ년들, 뒤짐] -> 여성 비하 멸칭 및 여성에 대한 폭력 긍정으로 차단	여성/가족
이형들 좀 맞아야겟네	이분들은 훈계가 좀 필요해 보이네요.	2	2	SLUR	[맞아야겟네] -> 폭력 유발 어감을 정중한 지탄으로 완화	기타 혐오
나이브 단어들으니 ㄹㅇ이노 좆팔ㅋㅋㅋㅋㅋ	특정 단어를 들으니 정말 사실이네요. 무척 놀랍습니다.	2	2	SLUR	[좆팔] -> 욕설 변조 표현을 정중한 감탄으로 정제	기타 혐오
평등이 아닌 여성 상위를 원하니까 불만이지	평등이 아니라 여성의 우월적 지위만을 원하기 때문에 불만이 생기는 것입니다.	2	2	GENDER	[여성 상위] -> 성평등 담론에 대한 과격한 표현을 정중한 문장으로 정제	여성/가족
봐라 애들아.	얘들아, 이것 좀 보세요.	0	0	NORMAL	[무해] -> 집중을 유도하는 일상적 부름	clean
에이 ㅅㅂ ㅋㅋ 나라가 주도해서 한짓도아니고 한 개인이 저지랄한건데 나라의 국격이떨어지는게 말이나되냐	정말 답답하네요. 국가가 주도한 일도 아니고 개인이 저지른 행동인데, 이것으로 국격이 떨어진다고 말하는 것이 타당합니까?	2	2	SLUR	[ㅅㅂ, 저지랄] -> 비속어를 정중한 반박으로 순화	기타 혐오
아웃라이어 읽었나	책 아웃라이어를 읽었나요?	0	0	NORMAL	[무해] -> 도서 열람 여부 확인	clean
동성을 사랑할 권리가 있듯이 동성애를 싫어할 권리도 있는 것이다.	동성을 사랑할 권리가 존중받아야 하듯, 동성애에 반대할 권리 또한 존중받아야 합니다.	2	1	LGBTQ	[무해] -> 소수자 이슈에 대한 반대 의견을 정중하게 표현	성소수자
의학적지식이 얼마나 있는지 모르겠지만, 선 무당의 말이 이렇게 언론에 타는 게 그리 좋아 보이지 않네요	의학적 지식이 얼마나 있는지는 모르겠지만, 전문성 없는 의견이 언론에 보도되는 것은 바람직하지 않아 보입니다.	0	1	NORMAL	[무해] -> 비전문가 보도에 대한 일상적 비판	clean
금오공대생이 쓴글 맞네 수준보니 ㅋㅋ	금오공대 학생이 쓴 글이 맞나 보네요. 수준을 보니 알 것 같습니다.	2	2	OTHERS	[수준보니] -> 특정 대학에 대한 학벌 비하를 정중한 문장으로 정규화	기타 혐오
막상 입국심사대 앞에서면 ㅈㄴ 쫄게 무슨 투쟁을 해. 경찰한테 대드는 순간 바로 추방이지ㅋㅋ 입국하려는데 주요인물로 찍혀서 입국심사대 통과 못하고 그대로 한국 돌아오면 꿀잼이겠다. 미국 입국심사에서 추방당하면 그때부터 미국땅 밟는건 거의 불가능인데.	입국 심사대 앞에서는 위축될 수밖에 없는데 무슨 투쟁을 합니까? 경찰에 반항하면 바로 추방입니다. 입국 거부로 한국에 돌아오면 정말 큰일이겠네요. 미국에서 추방되면 재입국은 불가능에 가깝습니다.	2	2	SLUR	[ㅈㄴ, 꿀잼] -> 비속어 및 자극적 표현을 정중하게 다듬음	기타 혐오
그래도 쟤들은 지들도 한국인이라고 우기면서 뭘 요구하지는 않지	그래도 저분들은 스스로 한국인이라고 주장하면서 특별한 요구를 하지는 않네요.	2	1	RACISM	[우기면서] -> 타 집단의 주장을 일축하는 표현을 정순하게 정제	인종/국적
개떵꺼 같은시키들	정말 실망스럽고 한심한 사람들이네요.	2	3	SLUR	[개떵꺼, 시키들] -> 성적 비하가 섞인 욕설 변조 표현을 정중한 지탄으로 순화	기타 혐오
무식한 의사놈이 태국 의료체계를 좆나게 무시하네전염병 방역체계 순위 전세계 6위 국가가 태국이다.대한민국은 9위로 태국보다 아래 순위임.	무식한 의료진이 태국의 의료 체계를 너무 무시하네요. 태국은 방역 체계 세계 6위이며, 9위인 한국보다 높습니다.	2	2	SLUR	[의사놈, 좆나게] -> 비속어 및 특정 직업 비하 표현을 정중한 반박으로 순화	기타 혐오
고소 당하고 빨간줄 그어져도 정신슨리 할 수 있으려나?	법적 처벌을 받고 전과가 생겨도 그렇게 자기 합리화가 가능할까요?	0	1	NORMAL	[무해] -> 처벌 이후의 태도에 대한 일상적 비판	clean
세상에서 젤 찌질한 한남 ㅉㅉ 여성할당제 지랄하면서 실상은 지들이 자지달린걸로 혜택 젤 많이 받노 으엑	(차단된 문장입니다)	1	5	GENDER/SLUR	[한남, 자지달린걸로] -> 남성 비하 멸칭 및 신체 부위를 이용한 저질스러운 비하로 차단	남성
위에 벌써 예수쟁이들 몰려와서 변명늘어놓는거보소ㅋㅋㅋ 저러니까 개독소리듣는건데 지들만 모름저새끼들 공룡이고 뭐고 전부 주작이라고 생각함 그냥 정신병자들	일부 신자들이 몰려와 변명을 하는군요. 그런 태도 때문에 비판을 받는 것인데 본인들만 모릅니다. 비합리적인 주장만 하는 모습이 마치 정신적으로 문제가 있어 보입니다.	2	3	RELIGION	[예수쟁이, 개독, 저새끼들] -> 특정 종교 비하 멸칭 및 비속어를 정중한 비판으로 순화	종교
저딴 새키도 자식이 있다면 부끄러움을 알텐데 그걸 모르면 짐승새키지	저런 사람도 자식이 있다면 부끄러워해야 합니다. 그것을 모른다면 짐승과 다를 바가 없습니다.	2	2	SLUR	[새키] -> 비속어를 표준어로 순화하여 정중하게 비판	기타 혐오
이마트가면 예일 프린스턴 콜룸비아 등등 저런식으로 아이비리그대학 옷들 팔던데 저런게 먼 의미가있냐ㅋㅋㅋㄲ 븅신들이노	대형 마트에서 아이비리그 대학 로고가 새겨진 옷들을 팔던데, 그런 것이 무슨 의미가 있는지 모르겠네요. 참 어리석습니다.	2	2	SLUR	[븅신들이노] -> 비속어를 정중한 평서문으로 정제	기타 혐오
목사가 저러니 저런목사로부터 가르침을 받는 신도들은 안봐도 비디오다.	목사님의 행태가 저러하니 그분께 가르침을 받는 신도들의 수준도 미루어 짐작이 갑니다.	2	2	RELIGION	[안봐도 비디오] -> 관용적 비하 표현을 정중한 문장으로 정순화	종교
아무런 미래도 소득도 없으면서 애새끼를 10명씩 싸지르고유럽에 난민이라는 명목으로 들어가서 강간해서 유럽 정복할 거다 이러는 새끼들을 보고도 좌파 물고 빠는 유럽 병신들	(차단된 문장입니다)	1	5	RACISM/SLUR/VIOLENCE	[싸지르고, 강간해서 정복] -> 난민에 대한 살인·성범죄 선동 및 극단적인 혐오와 욕설로 차단	인종/국적
봐라 씨발 김치녀보다 더 시급하게 삼일한해야하는게 보빨남이다	(차단된 문장입니다)	1	5	GENDER/VIOLENCE/SLUR	[삼일한, 김치녀, 보빨남] -> 여성 대상 폭력(정기적인 폭행) 옹호 및 남녀 모두에 대한 비하 멸칭으로 차단	여성/가족
아 입이 근질근질한데	무언가 말을 하고 싶어 참기가 어렵네요.	0	0	NORMAL	[무해] -> 일상적 관용구	clean
탈북자에 대한 지원이 너무 많아그리고 우리나라에서 받아주는것만으로도 고마워해야지영국, 미국은 씨발	북한 이탈 주민들에 대한 지원이 과도합니다. 한국에서 받아준 것만으로도 감사해야지, 다른 나라와 비교하며 불평하는 것은 옳지 않습니다.	2	3	RACISM	[탈북자, 씨발] -> 특정 집단 비칭 및 욕설을 정중한 비판으로 순화	인종/국적
자랑할려고 얼굴까지 까네	자랑하고 싶어서 얼굴까지 공개했네요.	2	2	SLUR	[얼굴까지 까네] -> 속어를 표준어로 정규화	기타 혐오
이딴 소설 믿는.딱딱충들이 있긴.있냐?	이런 허구의 이야기를 믿는 노령층이 실제로 있습니까?	2	3	AGE/SLUR	[딱딱충] -> 노인 비하 유행어를 표준어로 정순화	연령
성경에도 동성애는 죄로나온다.	성경에서도 동성애를 죄로 규정하고 있습니다.	2	1	LGBTQ	[무해] -> 종교적 교리에 근거한 개인적 시각을 정중하게 표현	성소수자
자지새끼들 침뱉는거 좆나 개걸레창놈같노	(차단된 문장입니다)	1	5	GENDER/SLUR	[자지새끼들, 개걸레창놈] -> 남성에 대해 성적으로 극히 저속한 비하 및 혐오 표현으로 차단	남성
조선발 페미문화가 일본을 오염시켰음..김치의 최종적인 문화승리다.	한국의 여성주의 문화가 일본에까지 영향을 미치고 있네요. 한국 문화의 영향력이 상당합니다.	2	2	GENDER/RACISM	[김치의] -> 국가 비하적 표현을 국가 명칭으로 순화	여성/가족
개븅쉰새퀴 김치육변기 창년 허벌빡대가뤼 박았어야짓ㅂ	(차단된 문장입니다)	1	5	GENDER/SLUR	[육변기, 창년, 허벌] -> 여성에 대한 입에 담기 힘든 성적 비하 및 욕설로 차단	여성/가족
3700?? 너무 과한디...	3700입니까? 정말 너무 과하네요.	0	0	NORMAL	[무해] -> 수치에 대한 일상적 놀람	clean
박시장은 어쨌든 죄가 없다고 해라 그게 더불당 입장 이라는거   말안해도 안다	특정 시장은 죄가 없다고 주장하는 것이 그 정당의 입장인 것을 잘 알고 있습니다.	0	0	NORMAL	[무해] -> 정치적 입장에 대한 일상적 비난	clean
요 씨발 짱깨새끼 보소1등국민 한족이란다 개씹짱퀴벌레새끼야짱퀴나 좆족이나 다 똑같은 씹버러지지 뭐가 다르냐은근 짱퀴 빠는거 딱 걸렸노	(차단된 문장입니다)	1	5	RACISM/SLUR	[짱깨새끼, 짱퀴벌레, 좆족] -> 특정 민족 및 국가인에 대한 극심한 멸칭과 벌레 비유 혐오로 차단	인종/국적
애초에.착불 안한다면 진행을 말았어야..	처음부터 착불이 아니라면 진행하지 말았어야 했습니다.	0	0	NORMAL	[무해] -> 거래 방식에 대한 일상적 아쉬움	clean
ㅇㄱㄹㅇ비겁한 평화가 낫다고그냥 저렇게 살게 냅두자더니무슨 민족애타령ㅋㅋ다문화 소외시키는건데 인권팔이들 가만히 있냐	맞습니다. 평화를 위해 그냥 두자더니 이제 와서 민족애를 강조하는 것은 모순입니다. 다문화 가정을 소외시키는 행태에 대해 인권 운동가들은 무엇을 하고 있습니까?	2	3	OTHERS	[인권팔이] -> 특정 집단 비하 표현을 정중하게 다듬음	기타 혐오
조선족 틀딱 색히들은 무시못하제~	중국 동포 노인분들은 무시하기 어렵지요.	2	3	RACISM/AGE	[조선족, 틀딱, 색히들] -> 특정 민족 및 연령대 비칭을 표준어로 정순화	인종/국적
미국에서 아동성범죄 징역이면 17년이 아니라 1년이라도 못살고 나온다. 범죄자들 사이에도 제일 악한놈으로 쳐서 죄수들이 오히려 조용한데 끌고가서 패죽임.	미국에서는 아동 성범죄자가 수감 생활을 견디기 어렵습니다. 다른 죄수들도 이를 가장 악한 범죄로 여겨 가혹하게 대응하기 때문입니다.	2	2	SLUR	[패죽임] -> 자극적인 표현을 정중하게 완화하여 해외 사례 전달	기타 혐오
고자인가보네 ㅋㅋㅋㅋㅋ 아님 좆장애나 좆이 없거나. 진짜 못생기고 도태놈일수록 여혐수치 올라감	(차단된 문장입니다)	1	5	GENDER/SLUR	[고자, 좆장애, 도태놈] -> 남성 신체 및 사회적 지위를 이용한 악의적인 조롱과 혐오로 차단	남성
우리쌍도가 멍청도가 되어버렸노	경상도가 충청도처럼 다소 느리게 변한 것 같네요.	2	2	REGIONAL	[쌍도, 멍청도] -> 지역 비칭을 사용한 조롱을 비유적인 표준어로 완화	지역
자댕이새끼ㅋㅋㅋㅋ그러게 지하철 탔으면 조신하게 다녔어야지 왜 박제당할짓하고 뻘뻘 돌아다니노	(차단된 문장입니다)	1	5	GENDER/COMMUNITY	[자댕이새끼, 조신하게] -> 남성 비하 멸칭 및 성 역할 강요 조롱으로 차단	남성
ㅋㅋㅋ 둘리.. 아멘...!! ㅁㅊ	정말 기가 막히고 황당하네요.	2	2	SLUR	[ㅁㅊ] -> 초성 비속어를 정중한 감탄으로 순화	기타 혐오
ㅅㅂ -> ㅈㅍ / ㅎㅍ로 변경 앙망	비속어 표현을 다른 용어로 변경해 주시길 간절히 바랍니다.	2	2	SLUR/COMMUNITY	[ㅅㅂ, 앙망] -> 욕설 및 특정 커뮤니티 전용 용어를 정중한 요청문으로 정제	기타 혐오
종교의 자유늘 지켜주세요. 착한 종교인입니다.개신교보다 순합니다.	종교의 자유를 지켜주십시오. 온건한 가치관을 가진 종교인들이며 다른 교단보다 온화합니다.	0	0	NORMAL	[무해] -> 본인 종교 관념에 대한 일상적 옹호	clean
트잰 니들만 힘드냐? 멀쩡한 사람도 다 힘들다. 피해자 코스프레 하지마라.	트랜스젠더 분들만 힘든 것이 아닙니다. 평범한 사람들도 모두 힘드니 너무 피해자인 척하지 마십시오.	2	2	LGBTQ	[트젠] -> 성소수자 비하 축약어를 표준어로 순화하고, 훈계조 원문을 정중하게 정제	성소수자
행복하게 사셨으면 좋겠어요.	행복하게 사셨으면 좋겠습니다.	0	0	NORMAL	[무해] -> 일상적인 축복 및 어미 정규화	clean
아픔 씻어주는 축제 좋아하네 더러운 쓰레기장이다 동성애자들은 저주받은 사단의 도구일뿐이다 세상에 태어나지 않는게 조핬을걸 살가치가없는것들	(차단된 문장입니다)	1	5	LGBTQ/RELIGION/VIOLENCE	[사단의 도구, 살 가치가 없는] -> 성소수자에 대한 종교적 저주 및 존재 부정, 살해 암시로 차단	성소수자
쌍도 연쇄살남 기머하노 이기	(차단된 문장입니다)	1	5	REGIONAL/GENDER/VIOLENCE	[연쇄살남, 이기] -> 특정 지역 및 성별에 대한 살해 선동 및 커뮤니티 혐오 말투로 차단	지역
동성애는 그냥 섹스중독자임이성과의 섹스에서 좀더 자극적인걱 찾다보니 동성이 되는것임	동성애는 일종의 성 중독입니다. 이성과의 관계에서 더 자극적인 것을 찾다 보니 동성에게 눈을 돌리는 것입니다.	2	3	LGBTQ	[섹스중독자] -> 성소수자에 대한 편향된 분석을 정순한 문장으로 정제	성소수자
그래서 유충유충 하는거 아니겠노	그래서 어린 남성들을 비하하는 표현을 사용하는 것 아니겠습니까?	2	2	GENDER/COMMUNITY	[유충] -> 남성 아동 비하 용어를 설명조로 순화	남성
야 저거 현대차 포터키 아니냐	저것은 현대자동차 포터의 열쇠 아닙니까?	0	0	NORMAL	[무해] -> 일상적 사물 식별	clean
내 주변에도 목욕탕몰카짤 카톡으로 다돌았는지 전부 그이야기뿐이놐ㅋㅋㅋㅋㅋ자기가 그냥 좆작은 애들만 걸린 건 줄 알았는데 그게 아니었다고 광광하는 련도 있노 이제 내친구련들 한국남자 안먹겠다고 양잦만 먹겠다고 다짐하고 있노	(차단된 문장입니다)	1	5	GENDER/SLUR	[몰카짤, 좆작은, 양잦] -> 불법 촬영물 언급 및 남성 신체 비하, 성적 저속어로 차단	남성
개독과 땡중들은 사회의 암.	기독교와 불교의 일부 타락한 성직자들은 사회에 해로운 존재입니다.	2	3	RELIGION	[개독, 땡중] -> 특정 종교 비하 멸칭을 정중한 비판으로 순화	종교
자 이제 5천만원 들인 얼굴을 좀 보여줘봐라	이제 상당한 비용을 들여 성형한 얼굴을 좀 보여주십시오.	0	1	NORMAL	[무해] -> 외모 가꾸기에 대한 일상적 야유	clean
역시 자댕이는 자댕이다 이기야	(차단된 문장입니다)	1	5	GENDER/COMMUNITY	[자댕이, 이기야] -> 남성 비하 멸칭 및 커뮤니티 전용 혐오 말투로 차단	남성
식당도 식당인데 데드풀 친구랑 보러갔는데 옆에서 뽀로로 틀어주던 옆자리 생각난다.....파스슷.....	데드풀 영화를 보러 갔는데 옆자리에서 아이에게 애니메이션을 틀어주던 상황이 생각나네요. 허탈합니다.	0	0	NORMAL	[무해] -> 극장 매너에 대한 일상적 경험담	clean
관심없음역사교과서 가지고 싸움박질 하는 넘들 특징낚시꾼이 미끼 던져놓은거 먹을려고 서로 싸움박질하는 꼬라지임낚시꾼이 볼때는 죤나 잼있고 한심한 모습ㅋ	역사 교과서 문제로 다투는 사람들은 낚시꾼의 미끼에 걸린 물고기 같습니다. 제3자가 보기에는 참 한심한 광경입니다.	2	2	SLUR	[싸움박질, 꼬라지] -> 거친 표현을 정중한 비유와 비판으로 순화	기타 혐오
아이들에게 올바른 성을 가르치는 게 잘못됐다고 말하는 게 정말 어처구니가 없군요. 저는 책 내용이 잘못된 법의 강요로 바뀐다고 해도 우리 아이들에게 동성애는 비정상적인 성이라고 가르칠겁니다.	아이들에게 올바른 성 교육을 하는 것이 잘못되었다는 주장은 납득하기 어렵습니다. 법이 바뀐다 해도 저는 동성애가 비정상적이라고 가르칠 것입니다.	2	2	LGBTQ	[어처구니가 없군요] -> 훈계성 원문을 유지하며 정중한 어조로 정제	성소수자
근데 문제인 대답할때마다 눈 감는거 습관인가? 구라치는지 아닌지 모르게 눈을감추는거	특정 정치인이 답변할 때마다 눈을 감는 것이 습관인가요? 거짓말을 숨기려는 것 같아 보입니다.	2	2	SLUR	[구라, 문제인] -> 정치인 비하 변조명 및 비속어를 정중한 의문문으로 순화	기타 혐오
페미기자들 진짜 정신이 나간듯. 하루가 멀다하고 젠더분탕기사를 쏟아내고 있음. 남성들도 업무적으로 차별받는 것을 뻔히 알면서 아예 기사에 언급조차 안함. 정권 바뀌면 페미기자들부터 적폐청산해야 함.	일부 여성주의 기자들이 편향된 기사를 쏟아내고 있습니다. 남성들의 차별은 무시하는 이들에 대해 정권 교체 시 엄격한 조치가 필요합니다.	2	3	GENDER	[정신이 나간, 분탕] -> 거친 표현을 정중한 언론 비판으로 순화	여성/가족
캬 적폐청산 드디어 시작하노 이니	드디어 잘못된 관행을 바로잡기 시작하네요.	2	2	COMMUNITY	[하노, 이니] -> 특정 정치인 별칭 및 커뮤니티 말투를 정규화하여 순화	clean
우리 보영이외에는 관심없다	저는 특정 배우 외에는 관심이 없습니다.	0	0	NORMAL	[무해] -> 연예인에 대한 일상적 팬심	clean
레알이긴함ㅋㅋ	정말 사실입니다.	0	0	NORMAL	[무해] -> 일상적 동조	clean
저새끼들은 일베만 잡으면 무슨짓을 해도 상관없으니까 저지랄 하는거 ㅋㅋㅋㅋㅋ	저 사람들은 특정 커뮤니티만 규제하면 무엇이든 정당화된다고 생각하는 것 같아 한심합니다.	2	2	SLUR	[저새끼들, 저지랄] -> 비속어를 정중한 비판으로 정제	기타 혐오
시발 동영상 재생버튼 처누르고있었다	정말 답답하네요. 동영상 재생 버튼인 줄 알고 계속 누르고 있었습니다.	2	1	SLUR	[시발] -> 욕설을 제외하고 일상적 허탈함으로 순화	기타 혐오
봤는데 여자 흑발 존나 예쁨	봤는데 흑발 여성이 정말 예쁘네요.	0	1	NORMAL	[무해] -> 외모에 대한 일상적 감탄	clean
급식개슬람보소	어린 이슬람교 신자를 보십시오.	2	3	AGE/RELIGION	[급식, 개슬람] -> 연령 및 종교 비하 용어를 표준어로 순화	연령, 종교
ㄹㅇ 아무리 ㅎㅌㅊ저능흉자라도 부모빚 상속은 안하것다	(차단된 문장입니다)	1	5	GENDER/SLUR	[ㅎㅌㅊ, 저능흉자] -> 지능 비하 및 여성 비하 커뮤니티 용어로 차단	여성/가족, 기타 혐오
또 아니면 모... 알고 들어간거 맞죠?... 대박이든 쪽박이든 결과도 스스로 다 가지시면 됩니다...	아니라면 어쩔 수 없지만, 본인의 선택이니 결과도 스스로 책임지시면 됩니다.	0	0	NORMAL	[무해] -> 선택과 책임에 대한 일상적 조언	clean
너 부산에서 알바하지 게이새끼야저 사진에 있는 트젠 부산 서면에서 자주 출몰한다;트젠들은 어쩔수 없이 몸 팔아야 된다던데겜방서 봤는데 세이클럽 하구 있더만ㅋㅋ	(차단된 문장입니다)	1	5	REGIONAL/LGBTQ/SLUR	[게이새끼, 트젠, 몸 팔아야] -> 성소수자에 대한 원색적 욕설 및 성매매 낙인, 지역 비하로 차단	지역
나 신혼여행 핀란드로 다녀왔는데 존나 좋았는데 인종차별도 없었고 존나 친절하던데;;	저는 신혼여행을 핀란드로 다녀왔는데 정말 좋았습니다. 인종차별도 없고 무척 친절하더군요.	0	1	NORMAL	[무해] -> 여행지에 대한 긍정적 경험담	clean
저건 똥꼬충도 마찬가지 아니노? 레즈는 에이즈라도 안옮기지 똥꼬충 시발새끼들 다 죽여버려야됨	(차단된 문장입니다)	1	5	LGBTQ/VIOLENCE	[똥꼬충, 다 죽여버려야] -> 성소수자에 대한 혐오 멸칭 및 집단 살해 위협으로 차단	성소수자
신짜오주화	베트남 관련 내용에 반대합니다.	2	2	RACISM	[신짜오주화] -> 특정 국가 인사말을 이용한 비하적 버튼 밈을 정중하게 순화	기타 혐오
똥꼬충들..	(차단된 문장입니다)	1	5	LGBTQ/SLUR	[똥꼬충] -> 성소수자에 대한 노골적이고 혐오적인 비칭으로 차단	성소수자
하이고,, 저런게 서울시장 3선쨰나 하고있나?ㅋㅋㅋㅋ서울시민수준보소	저런 분이 서울시장을 세 번이나 하고 있다니, 서울 시민들의 안목이 의심스럽네요.	2	2	REGIONAL	[수준보소] -> 특정 지역민의 수준을 폄하하는 표현을 정중한 비판으로 정제	지역
뭐 어쩌라고?난 애들 층간소음에 하도 당해서 극혐하는지라 일말의 동정심도 안 느낌	저에게 어쩌라는 것입니까? 저는 층간소음 피해가 심해서 아이들에게 전혀 동정도 가지 않습니다.	2	2	SLUR	[극혐] -> 과격한 혐오 표현을 정중한 거부감으로 완화	기타 혐오
급식이라 처벌안받노 페미는정신병이라고 느그들이 말했노 감형시켜줘라이기	미성년자라 처벌을 받지 않나요? 여성주의는 질병이라고 주장했으니 감형해 주십시오.	2	3	GENDER/AGE	[급식, 정신병, 이기] -> 연령 및 특정 사상 비하, 커뮤니티 말투를 정순하게 정제	여성/가족
브금 이거 쓰지 마. 짜증나! 라도 들어가노 시발	배경음악 이거 사용하지 마십시오. 정말 짜증이 납니다.	2	2	REGIONAL/SLUR	[라도] -> 특정 지역명을 비속어처럼 사용한 점을 배제하고 감정만 정중하게 전달	지역
김하나 이시키 집에가면 벤틀리 주차 되있겟네 ㅋㅋㅋ	이 사람 집에 가면 고급 외제차가 주차되어 있겠네요.	2	1	SLUR	[이시키] -> 상대를 낮잡는 표현을 표준어로 순화	clean
절라도가 낫냐? 무슬림이 낳냐?	전라도와 이슬람교도 중 어느 쪽이 더 낫다고 생각합니까?	2	3	REGIONAL/RELIGION	[절라도] -> 특정 지역 비칭을 표준어로 순화하여 중립적 질문으로 정제	지역, 종교
49kg? 매력진짜없다	몸무게가 49kg이면 정말 매력이 없어 보이네요.	2	1	SLUR	[무해] -> 신체 조건에 대한 주관적이고 냉소적인 비평	기타 혐오
아기방패~~ 베이비 퍼스트(다이)	(차단된 문장입니다)	1	5	VIOLENCE/SLUR	[아기방패, 다이] -> 아동을 방패제 삼거나 죽음을 조롱하는 비인륜적 표현으로 차단	기타 혐오
예전에 은수저 20대놈이 40대 업소년한테 7억 꼴아박았다는거 생각나노.. 의외로 돈 좀 있는데 돈쓸줄 모르는 사람도 종종 있는거같다	예전에 부유한 20대 남성이 유흥업소 여성에게 큰 돈을 썼다는 이야기가 생각나네요. 돈은 많지만 쓸 줄 모르는 사람도 있는 것 같습니다.	2	3	GENDER/SLUR	[20대놈, 업소년, 꼴아박았다] -> 인물 비하 명칭 및 비속어를 정중한 일화 전달로 순화	기타 혐오
저거 국가 세금(보조금 나옴) 빼돌리는 이권 사업인데 전라도가 독식하려하지 다른 지방이 숟가락 얹도록 내버려 두겠냐? 운동권 전라도 문재앙 골고루 연루된 게이트다	국가 보조금을 횡령하려는 사업 같습니다. 특정 지역과 정치 세력이 결탁한 대형 비리 사건으로 보입니다.	2	3	REGIONAL/SLUR	[독식, 문재앙] -> 지역 혐오 및 정치인 비하 멸칭을 정중한 의혹 제기로 순화	지역
정게 어르신들 화났다 이기야	정치 게시판의 어르신들이 화가 나셨네요.	2	1	COMMUNITY	[이기야] -> 커뮤니티 전용 말투를 제거하고 정중한 상황 설명으로 정제	clean
정신 나간 놈일세~ 여군들도 니가 싫다잖아~	정말 정신이 나간 사람 같네요. 여군들도 당신을 싫어하지 않습니까?	2	2	SLUR	[정신 나간 놈] -> 원문의 훈계 성격을 유지하며 표준어로 순화	기타 혐오
참 안타깝다	정말 안타깝네요.	0	0	NORMAL	[무해] -> 일상적 유감 표명	clean
근데 애가 임신하고 출산하는 동안 할머니는 뭐하다가 그제서야 신고하노	그런데 아이가 임신하고 출산하기까지 할머니는 무엇을 하다가 이제야 신고를 하는 것입니까?	0	1	SLUR	[무해] -> 일상적 의문 및 어미 정규화	기타 혐오
여성고객에게만 몰래 쿠폰을 준것보다 관련 문의를 마음대로 삭제하고 계정을 정지시킨 행동에 대해서 더 빡치는건데 사과문에서도 그부분은 슬쩍 넘어가네	특정 성별 고객에게만 혜택을 준 결보다, 고객의 문의를 임의로 삭제하고 계정을 정지시킨 불통 행위가 더 화가 납니다. 사과문에서 그 점을 회피하는 것이 실망스럽네요.	2	2	SLUR	[빡치는] -> 비속어를 정중한 감정 표현으로 순화	기타 혐오
저분 진심 국가요인이자 북한이 제일 벼르고있는인물이지 싶다 진짜 철통경호 해드려야된다	저분은 정말 중요한 국가 인물이라 북한의 위협이 클 것 같습니다. 철저한 경호가 필요합니다.	0	0	NORMAL	[무해] -> 인물에 대한 일상적 걱정 및 보안 제언	clean
존나 패버리고싶네	(차단된 문장입니다)	1	4	VIOLENCE/SLUR	[패버리고싶네] -> 상대에 대한 직접적인 폭력 욕구 표출로 차단	기타 혐오
임신했다는게 더 신기하네	임신을 했다는 사실이 더 신기하네요.	0	0	NORMAL	[무해] -> 상황에 대한 일상적 신기함	clean
겁먹고 빌빌대는꼴이 버러지만도 못하노^느^	(차단된 문장입니다)	1	5	SLUR/COMMUNITY	[벌레만도 못한, ^느^] -> 상대를 벌레에 비유하는 극심한 모욕 및 커뮤니티 조롱으로 차단	기타 혐오
평균 키 확인 ㄱㄱ	평균 키를 확인해 봅시다.	0	0	NORMAL	[무해] -> 단순 통계 확인 제안	인종/국적
여자는 늙으면 상품성이 없음몸값최고일때 결혼잘해야됨	여성은 나이가 들면 사회적 가치가 하락한다고 봅니다. 그러니 가장 빛나는 시기에 결혼을 잘해야 합니다.	2	3	GENDER	[상품성] -> 여성을 물건에 비유한 표현을 정중한 가치판단 문장으로 정제하되, 원문의 훈계 성격 유지	여성/가족
와 야애니 그리면 대성하겠다.	와, 성인용 애니메이션을 그리면 정말 크게 성공하겠네요.	0	1	NORMAL	[무해] -> 자극적인 소재에 대한 일상적 감탄	clean
장애인 맞는데.. 팔이 없는 사람을 장애인이라 부르고 그 자체만으로 비하라고 볼 수는 없듯이 남자인데 남자 신체부위가 없으면 장애인이지	장애인이 맞습니다. 신체 일부가 없는 사람을 장애인이라 부르는 것이 비하가 아니듯, 특정 부위가 없는 남성도 장애인으로 분류하는 것이 타당합니다.	2	3	SLUR	[장애인] -> 원문의 분석적 시각을 유지하며 정중한 어조로 정제	기타 혐오
어제 사진도 아닌데 주작질보소	어제 찍은 사진도 아닌데 위조한 것 좀 보십시오.	2	2	SLUR	[주작질] -> 비속어를 표준어로 순화하여 정중하게 비판	기타 혐오
글쓴이의 고향이 바뀔지도 모릅니다	작성자의 고향 정보가 수정될 수도 있겠네요.	0	0	NORMAL	[무해] -> 정보 수정 가능성에 대한 일상적 추측	clean
어쩌라고 니일기장이냐 일베가 탈북자 새끼 여친 따먹은썰 아니면 올리지마라 병신아	(차단된 문장입니다)	1	5	RACISM/SLUR	[따먹은썰, 병신아] -> 특정 집단 비하 및 성적 모욕, 언어폭력으로 차단	인종/국적
성평등에서 성소수자는 빼고 봅시다! 차별금지법 폐지하고요!	성평등 논의에서 성소수자는 제외하고 생각합시다. 차별금지법도 폐지해야 합니다.	2	3	LGBTQ	[성소수자는 빼고] -> 소수자 배제 의견을 원문의 훈계조를 살려 정중하게 표현	성소수자
돈 몇푼 더내라고 하면 ㅂㅈ들 본성 바로나옴	돈을 조금 더 내라고 하면 여성들의 본성이 바로 드러납니다.	2	3	GENDER/SLUR	[ㅂㅈ들] -> 여성 비하 비속어를 표준어로 순화하여 정중하게 비판	여성/가족
댓글에 저 새끼 말이 맞다고 하는애들은 컨셉이길 바란다 시발 ㅋㅋ 뭐 일베에서는 이런 컨셉이 유일하게 통하는곳이다	댓글에 저 사람의 의견이 옳다고 하는 분들은 진심이 아니길 바랍니다. 특정 커뮤니티에서만 통하는 어리석은 태도네요.	2	2	SLUR	[저 새끼, 시발] -> 욕설 및 비칭을 정중한 비판으로 순화	기타 혐오
그렇다고 또 일게이들 좌좀 산업화한답시고 일베링크 고대로 퍼가지마라	그렇다고 커뮤니티 이용자들이 반대 세력을 비판한다며 링크를 함부로 퍼 나르지는 마십시오.	2	2	COMMUNITY	[일게이들, 좌좀] -> 특정 집단 별칭 및 비하어를 정순하게 정제	clean
ㅋㅋㅋㅋㅋ 이래놓고 자기들이 피해자랜다 어휴 진짜 다 쓸어버리고 싶네 개독들 ㅉㅉㅉ	(차단된 문장입니다)	1	4	RELIGION/VIOLENCE	[다 쓸어버리고 싶네] -> 특정 종교 집단에 대한 폭력적 위협 및 혐오로 차단	종교
뭐레 자지맛 한번보여주면 빌빌 기는거지	(차단된 문장입니다)	1	5	GENDER/SLUR	[자지맛] -> 남성 신체 부위를 언급한 지극히 저속하고 성적인 비하 표현으로 차단	여성/가족
아주 이기적인 놈 저런게 사기꾼이지 뭐야	아주 이기적인 사람이네요. 저런 행동이 바로 사기꾼과 다름없습니다.	2	2	SLUR	[이기적인 놈] -> 원문의 비판 성격을 유지하며 정중한 어조로 정제	기타 혐오
정육점 갔더니 원산지:한국산 이거떠있겠네	정육점에 갔더니 원산지가 한국산이라고 표시되어 있겠네요.	0	0	NORMAL	[무해] -> 일상적 상황 묘사	clean
도데체 의도가 뭐냐. 왜 니멋대로 수술해놓고 니 멋대로 여군 보내달라고그러는거냐.	도대체 의도가 무엇입니까? 왜 본인 마음대로 수술을 하고 여군으로 보내달라고 떼를 쓰는 것인가요?	2	2	LGBTQ	[니멋대로] -> 원문의 훈계 성격을 살려 정중한 의문문으로 순화	성소수자
아스팔트 틀딱은 도움이 안돼	현장에서 활동하는 보수적인 노인층은 도움이 되지 않습니다.	2	3	AGE/SLUR	[틀딱] -> 노령층 비하 멸칭을 표준어로 정순화	연령
저런데 홍보할 돈으로 생계 유지해야하는 거 아니노?ㅋㅋㅋ	저런 곳에 홍보할 비용으로 차라리 생계를 유지하는 편이 낫지 않겠습니까?	0	1	NORMAL	[무해] -> 자금 운용에 대한 일상적 훈수	clean
페미는 시리아 락까로 보내야 합니다	여성주의자들은 극단적인 분쟁 지역으로 보내야 합니다.	2	3	GENDER	[시리아 락까로] -> 원문의 공격적인 어감을 살리면서 정중한 서울 표준어로 표현	여성/가족
하느님이 당신들이 예배안한다고 뭐라하실 존재가 아니다	하느님은 여러분이 예배를 드리지 않는다고 해서 꾸짖으실 분이 아닙니다.	0	0	NORMAL	[무해] -> 개인의 종교적 관념을 전달하는 일상적 문장	clean
못생긴 돼지년들 ㅉㅉ	외모가 출중하지 못한 여성들이 한심하네요.	2	3	GENDER/SLUR	[돼지년들] -> 외모 비하 멸칭을 정중한 비판으로 순화	여성/가족
무슬림 새끼들 인권보호해주는 유럽에는 존나 설치고 중국은 무서워서 건들지도 않네 ㅋㅋㅋㅋㅋㅋㅋㅋㅋㅋㅋㅋ	이슬람교도들이 인권을 보호해 주는 유럽에서는 활개 치면서, 정작 강경한 중국 앞에서는 아무 말도 못 하네요.	2	3	RELIGION	[무슬림 새끼들, 존나] -> 특정 종교 비칭 및 비속어를 정중한 분석으로 순화	종교
정신병이 정상은 아닌게 맞잖아	정신 질환이 정상적인 상태는 아니지 않습니까?	2	3	SLUR	[정신병] -> 질환 비하 표현을 정중한 의문문으로 정규화하여 원문의 비판적 시각 유지	기타 혐오
Tongue	혀.	0	0	NORMAL	[무해] -> 단순 영어 단어	clean
약자 보호는 커녕 반대로 약자에게 괘씸죄를 붙이는 ㅋㅋ 병신 트위스트 추잡한 벌레종족 한남	(차단된 문장입니다)	1	5	GENDER/SLUR	[병신, 벌레종족, 한남] -> 남성을 벌레에 비유하는 극심한 혐오 및 모욕으로 차단	남성
암튼 화류계 씨발년들은 전라도랑 동급이니깐? 이 아니라 실제로 하프홍어나,전라도 출신들이 많은게 사실. 지방에서 올라와서 금전적인 도움이 필요하니까 결국 ㅂㅈ파는게 가장 빠르지	(차단된 문장입니다)	1	5	REGIONAL/GENDER/SLUR	[화류계 씨발년들, 하프홍어, ㅂㅈ파는게] -> 특정 지역 및 여성에 대한 참담한 비하와 성적 모욕으로 차단	여성/가족, 지역
이스라엘이 차라리 중동 다 따먹었음 좋겠다	이스라엘이 차라리 중동 지역 전체를 장악했으면 좋겠습니다.	2	2	RACISM	[따먹었음] -> 영토 점령을 비하적으로 표현한 단어를 정중한 바람으로 정제	인종/국적
좆족 브로커새끼들만 노났겠노	조선족 브로커들만 큰 이익을 얻었겠네요.	2	3	RACISM	[좆족, 새끼들] -> 특정 민족 비칭 및 비속어를 표준어로 순화	인종/국적
패악질을 부리는 남성혐오적 페미니스트들한테 선을 그은 정치인은 여당에선 추미애가 유일하네	남성 혐오적 성향을 보이는 일부 여성주의자들과 명확히 선을 그은 정치인은 여당에서 그분이 유일하네요.	2	2	GENDER	[패악질] -> 원문의 비판 성격을 유지하며 정중한 서울 표준어로 표현	여성/가족
야 근데 계속 보지보지 라고하는거 겁나 듣기 싫다..그냥 성기 라고 하면 안되냐 ???? 보지라는 단어는 너무 징그러워	그런데 특정 신체 부위 명칭을 지속적으로 사용하는 것이 무척 듣기 거북합니다. 그냥 정중한 용어를 사용해 주십시오. 그 단어는 너무 징그럽네요.	2	2	SLUR	[보지] -> 신체 부위 속어를 언급하며 자제를 요청하는 원문의 훈계조를 정중하게 대변	기타 혐오
항상 통진당이랑 행동을 같이하면서 빨갱이라고 부르지말래 민통당섹기들	항상 특정 정당과 행보를 같이하면서 정당한 비판을 거부하는 저 정당 사람들이 실망스럽네요.	2	2	SLUR	[빨갱이, 섹기들] -> 정치적 낙인찍기 및 비속어를 정중한 지탄으로 순화	기타 혐오
저런단체가 있는게놀랍다	저런 단체가 존재한다는 사실이 무척 놀랍네요.	0	0	NORMAL	[무해] -> 특정 집단에 대한 일상적 경이로움	clean
기념으로 앱충 자라니를 드리겠습니다. ^느^	(차단된 문장입니다)	1	5	GENDER/COMMUNITY	[앱충, 자라니, ^느^] -> 부친 비하 및 혐오 버튼 밈 사용으로 차단	남성
실친 웜에서 만난것도좆목이노?? 글삭 ㄱ?	실제 친구를 커뮤니티에서 만난 것도 규정 위반인가요? 글을 삭제해야 할까요?	2	2	COMMUNITY	[웜, 좆목] -> 커뮤니티 은어 및 비속어를 정중한 질문으로 순화	clean
씨발 동성애고 나발이고 예수쟁이들은 빨리 뒈져서 지들이 믿는 예수 씹새끼 곁으로 빨리 꺼졌으면 좋겠다	(차단된 문장입니다)	1	5	RELIGION/SLUR	[예수쟁이, 뒈져서, 씹새끼] -> 특정 종교 및 신에 대한 극렬한 욕설과 존재 부정으로 차단	종교
저런거 알려주는 학원 다니는건가? 씨발 멀쩡하던 년들도 맘충이 되면 저지랄 하는거지	저런 행동을 배우기라도 하는 걸까요? 멀쩡하던 여성들도 학부모가 되면 왜 저렇게 변하는지 모르겠습니다.	2	3	GENDER/SLUR	[씨발, 멀쩡하던 년들, 맘충] -> 여성 비하 명칭 및 욕설을 정중한 사회적 비판으로 순화	여성/가족
좆중에서도 ㅆㅎㅌㅊ좆들이노	(차단된 문장입니다)	1	5	GENDER/SLUR	[좆, ㅆㅎㅌㅊ] -> 남성 신체 부위 지칭 및 극심한 비하 수준 표현으로 차단	남성
무슨 수익률을 1년가지고만 하냐 ㅋㅋㅋㅋ최소 10년은 봐야지	수익률을 어떻게 1년만 보고 판단합니까? 최소 10년은 지켜봐야 합니다.	0	1	NORMAL	[무해] -> 투자 지표에 대한 일상적 훈수/비판	clean
조선족이 길가던 여자 잡아다 몇백조각 포를 뜨고집에있던 초딩 강간하려다 살해한 나라에 사는 새끼들이프랑스에서 참수당한거 가지고 미개국이니 뭐니 개소리 시전ㅋㅋㅋㅋㅋ	과거 잔혹한 범죄가 발생했던 우리 사회에서 남의 나라 사건을 두고 미개하다고 비난하는 것은 무척 모순입니다.	2	3	RACISM	[새끼들, 미개국, 개소리] -> 강력 범죄 언급 및 비속어, 국가 비하 표현을 정중한 비판으로 순화	인종/국적
죽을려고 일부러 그러는거같은데 치료하지말고 뒈지게 냅둡시다	(차단된 문장입니다)	1	4	VIOLENCE/SLUR	[뒈지게 냅둡시다] -> 상대의 생명을 경시하고 죽음을 방치하자는 반인륜적 태도로 차단	기타 혐오
일관된진술 하나면 유죄확정인데 참고인이 필요하냐 ㄹㅇ ㅋㅋ	일관된 진술만으로도 유죄 판결이 나는데 참고인이 정말 필요합니까?	0	1	NORMAL	[무해] -> 사법 제도에 대한 냉소적이지만 일상적인 의문	clean
내가볼땐 일제시대때 중국에 대한민국 임시정부청사 세운것처럼아랍새기들 한국에 커맨드센터 하나 세울듯	제 생각에는 과거 임시정부처럼 특정 집단들이 한국에 자신들만의 거점을 마련할 것 같습니다.	2	3	RACISM	[아랍새기들, 커맨드센터] -> 인종 비하 및 군사 용어 비유를 정중한 우려로 순화	인종/국적
추몌가 맞는말 하긴 했는데 어쨌든 설사와 변비가 한판 붙은 그림	특정 정치인의 말이 옳기는 하지만, 전반적인 상황은 마치 좋지 않은 것끼리의 다툼처럼 보이네요.	2	2	SLUR	[설사와 변비] -> 정치 상황을 배설물에 비유한 저속한 표현을 정중한 비유로 완화	기타 혐오
왜 저런 극단적인 개독들은 하나같이 씹보수냐?	왜 저토록 극단적인 성향의 신자들은 모두 강경 보수 성향인가요?	2	3	RELIGION	[개독, 씹보수] -> 종교 및 정치 성향 비하 표현을 정중한 의문문으로 정순화	종교
역시 붉은 물고기의 후예들답게 여자를 존나게밝히노..	역시 특정 집단의 후예들답게 여성을 무척 밝히네요.	2	2	SLUR	[존나게] -> 비속어를 제거하고 정중한 어조로 정제	기타 혐오
후팔이랰ㅋㅋ	재미있는 단어 사용이네요.	2	2	SLUR	[후팔] -> 커뮤니티 비속어 감탄사를 정중한 반응으로 정순화	기타 혐오
냅도 하면 안돼?	그냥 내버려 두면 안 됩니까?	0	0	NORMAL	[무해] -> 일상적 방임 제안	clean
전라도는 하나로 뭉쳐서 표찍으니간 무서운거지.경상도는 흩어져서 투표하니깐 만만하게 보이고........무시하는거지.	전라도는 단결력이 강해 무섭게 느껴지지만, 경상도는 투표 성향이 분산되어 다소 만만하게 보이는 것 같습니다.	2	2	REGIONAL	[무시하는거지] -> 특정 지역의 투표 성향 분석 및 비판 원문의 성격을 유지하며 정중히 표현	지역
성매매하는 여자들 돈도 존나 벌더만,시발 한국에 밥 굶어서 성매매하는 사람이 존재하냐?	성매매 종사 여성들은 수익이 상당하더군요. 오늘날 한국 사회에서 생계 때문에 어쩔 수 없이 그 일을 하는 사람이 실제로 있기는 합니까?	2	2	GENDER/SLUR	[존나, 시발] -> 욕설 및 비속어를 정중한 사회적 비평으로 순화	여성/가족
관잦도 할수있다! 정치적 명예자살남!!!^느^ 힘내라 이기야!!	(차단된 문장입니다)	1	5	GENDER/SLUR/COMMUNITY	[명예자살남, ^느^, 이기야] -> 죽음을 조롱하는 혐오 표현 및 커뮤니티 비하 용어로 차단	남성
슴기고 싶은 과거를 왜 자꾸 들춰내노 시바꺼역사는 지어내는거다. 역사는 승리자의것이고과거는 과거일뿐	숨기고 싶은 과거를 왜 자꾸 들춰냅니까? 역사는 승리자의 기록이며 과거는 그저 과거일 뿐입니다.	2	2	SLUR	[들춰내노, 시바꺼] -> 비속어 및 거친 어조를 정중한 역사관 전달로 순화	clean
그짝의 스뽀ㅡ스와 같은 그곳의 단체활동인가... 산골놈들이나 섬놈들이나 하여간 ㅉㅉ	특정 지역의 활동 양상이 그곳의 단체 행동과 비슷해 보이네요. 산간 지역이나 도서 지역 사람들이나 참 안타깝습니다.	2	3	REGIONAL/SLUR	[그짝, 산골놈들, 섬놈들] -> 특정 지역을 비하하는 멸칭 및 폐쇄성을 조롱하는 표현을 정중한 사회적 비판으로 정제	지역
그럼ㅋㅋ 절대 안 넣어야지ㅋㅋㅋㅋ	그럼요, 절대 넣지 말아야지요.	0	0	NORMAL	[무해] -> 일상적 동조 및 어미 정규화	clean
애초에 성매매가 좆국에서는 완전불법행위 아니노? 사이트 위법 소지는 좆팔 범죄자지들 신상이 그렇게 소중하더노 알탕연대좆잡이새끼들 느그 정의구현은 소라넷이나 가서 해라. 놈딱 화난다 이기야노	(차단된 문장입니다)	1	5	GENDER/COMMUNITY/SLUR	[좆국, 범죄자지들, 이기야노] -> 남성 및 국가에 대한 극단적 비하 및 성적 조롱으로 차단	남성
가레기세퀴들 언제부터 브루나이 소식 전했다고 세퀴들 니들 의도가 뭔지 알듯한데	기자들이 언제부터 브루나이 소식을 전했다고 그러는 것입니까? 당신들의 의도가 무엇인지 알 것 같네요.	2	2	SLUR	[가레기, 세퀴들] -> 기자들을 비하하는 표현을 정중한 비판으로 정제	악플/욕설
피싸개 대신 peace again 추천합니다	(차단된 문장입니다)	1	5	GENDER/SLUR	[피싸개] -> 여성의 생리 현상을 비하하는 극도의 혐오 용어 사용으로 차단	여성/가족
그래 우파는 너무 솔직해서 문제고 좌는 반대라 문제지,흥미로운데	보수 진영은 너무 솔직해서 문제고, 진보 진영은 그 반대라서 문제네요. 참 흥미롭습니다.	0	1	POLITICAL	[무해] -> 정치 성향에 대한 일상적 비판 및 어미 정규화	clean
애조에 남자둘이 영화보러 가는게 희박한데 저딴 영화를 보러가자고??ㅋㅋㅋ	애초에 남자 둘이 영화를 보러 가는 경우도 드문데, 저런 영화를 보러 가자고 합니까?	0	1	SLUR	[무해] -> 일상적인 의심 및 어미 정규화	clean
다행히도 시간이 약2~3년은 남은 것같다 2~3년내로 언제든지 튈준비 하고 기다리다 미군이 떠날 때 떠나면 된다 미군이 떠나는 때가 2~3년 남았다	다행히도 시간이 2~3년 정도 남은 것 같습니다. 그 안에 언제든 떠날 준비를 하다가, 미군이 철수할 때 함께 떠나면 될 것 같네요.	0	0	NORMAL	[무해] -> 정세에 대한 개인적인 분석 및 대처 계획	clean
생각해보니 전문직 종사하는 여성분이 입는 유니폼들 허리라인 딱 붙고 위에 셔츠는 엄청 타이트 교복도 줄여서 나오고 있고 업무볼때 넘나 불편하겠다...	전문직 여성들의 유니폼이나 교복이 너무 타이트하게 나와서 업무를 볼 때 정말 불편할 것 같다는 생각이 드네요.	0	0	NORMAL	[무해] -> 여성의 복장 불편함에 대한 일상적 공감	clean
신안이면 성골중의 성골아니냐	(차단된 문장입니다)	1	4	REGIONAL	[신안, 성골] -> 특정 지역에 대한 악의적인 프레임 씌우기로 차단	지역
쌍도새끼들이랑 라도새끼들이랑 싸우면 누가 이기져?	(차단된 문장입니다)	1	5	REGIONAL/SLUR	[쌍도새끼들, 라도새끼들] -> 영호남 지역 감정을 조장하는 멸칭 사용으로 차단	지역
상폐 선생년도 고교생 불러서 술마시는 마당에별로 놀랍지도 않다	노령의 여교사가 고등학생을 불러 술을 마시는 세상이라니, 이제는 별로 놀랍지도 않네요.	2	3	GENDER/AGE	[상폐, 선생년] -> 여성 및 교사에 대한 비하적 멸칭을 표준어로 순화	연령
경상도깍뚝태아조각비빔밥	(차단된 문장입니다)	1	5	REGIONAL/VIOLENCE	[태아조각비빔밥] -> 특정 지역 비하 및 반인륜적인 폭력 묘사로 차단	지역
경찰에 바로 신고하면되지 왜 니가 찾고 지랄이여	경찰에 바로 신고하면 될 일을 왜 본인이 직접 찾으려 수선을 떱니까?	2	2	SLUR	[지랄이여] -> 비속어를 정중한 훈계조로 정제	악플/욕설
그냥 쯧쯧하다 오지 왜 저지랄했누	그냥 안타까워하며 지나가지 왜 그런 어리석은 행동을 했습니까?	2	2	SLUR	[저지랄했누] -> 비속어 및 자극적 표현을 정중한 비판으로 순화	악플/욕설
말하는거 보니 주차해도 되겠다	말씀하시는 것을 보니 주차를 해도 괜찮을 것 같네요.	0	0	NORMAL	[무해] -> 대화 내용에 근거한 상황 판단	clean
지금 무사한게 문제가 이니라 앞으로 학대할거 같은데, 감시 잘 해야 애가 무사할텐데....	지금 안전한 것보다 앞으로 학대가 일어날까 봐 걱정입니다. 감시를 철저히 해야 아이가 무사할 텐데요.	0	0	NORMAL	[무해] -> 아동 학대에 대한 일상적 걱정	clean
대한민국의 퀴어축제는 정신 병자새끼들을 다스리지 않으면 자유가 아니라 방종이 된다는 것을 보여주는 좋은 사례다.	우리나라의 퀴어 축제는 무분별한 행동이 자유가 아닌 방종이 될 수 있음을 보여주는 사례라고 생각합니다.	2	3	LGBTQ/SLUR	[정신 병자새끼들] -> 성소수자에 대한 심한 비하 및 욕설을 정중한 비판으로 순화	성소수자
이씨발새끼가 가만 생각하이 존나 씨발열받노 개새끼가 갔이뭐노 무식한 씨발년이	(차단된 문장입니다)	1	4	SLUR	[이씨발새끼, 무식한 씨발년] -> 상대를 향한 원색적인 욕설 및 비하로 차단	악플/욕설
아우슈비츠 재개장해라~!!!개슬람은 가스실이 딲!!	(차단된 문장입니다)	1	5	RELIGION/VIOLENCE/RACISM	[아우슈비츠, 가스실, 개슬람] -> 특정 종교 집단에 대한 나치식 대량 학살 옹호 및 극도의 혐오로 차단	인종/국적, 종교
남자들도원하면여탕에서목욕할수있나요	남성들도 원한다면 여성 목욕탕에서 목욕할 수 있습니까?	0	0	NORMAL	[무해] -> 성 차별적 상황에 대한 풍자 혹은 의문	성소수자
입만 시부리고 뒤에서는 야동.게임.애니 .여행등 할건 다 처하고 욕만 처하는 민족vs 조용히 인내하고 기다리고 복수하는 민족난 일본이 좃나 정상적으로 보임	입으로만 비난하면서 뒤에서는 일본의 문화를 모두 즐기는 모습보다, 조용히 인내하며 때를 기다리는 쪽이 더 이성적으로 보입니다.	2	2	RACISM	[입만 시부리고, 처하고] -> 거친 어조를 정중한 비교 분석으로 정제	인종/국적
이걸 실드라고 치다니 ㅋㅋㅋㅋㅋㅋㅋㅋㅋㅋㅋㅋㅋㅋㅋㅋㅋㅋㅋㅋ 저거 우리편 아님? ㅋㅋㅋㅋㅋㅋ	이것을 옹호라고 하니 참 어처구니가 없네요. 저분은 우리와 같은 생각인 줄 알았는데요.	0	1	SLUR	[무해] -> 일상적 비판 및 어미 정규화	악플/욕설
도덕 못버리는건 자기 연민이노 ㅈㅎㅌㅊ다 이기야 66이렇게 도덕적인,,,착한 나,,	도덕을 버리지 못하는 것은 자기 연민에 불과하며, 무척 수준이 낮아 보입니다. 스스로 착한 척하는 모습이네요.	2	2	SLUR/COMMUNITY	[ㅈㅎㅌㅊ, 이기야] -> 비하적 축약어 및 커뮤니티 어투를 정중하게 순화	악플/욕설
신천지는 잡아 죽일라고 덤비더니 민주당편인 게이는 보호해야죠?	특정 종교 단체는 강하게 지탄하면서, 왜 특정 정치인과 가까운 성소수자는 보호하려 합니까?	2	2	LGBTQ/RELIGION	[잡아 죽일라고] -> 폭력적 표현을 배제하고 형평성에 대한 정중한 질문으로 정제	성소수자
맘충과 손잡고 약타러 가라. 둘다 위험해 보인다.	아이의 어머니와 함께 병원에 가 보시는 것이 좋겠네요. 두 분 모두 정서적으로 불안해 보입니다.	2	2	GENDER/SLUR	[맘충] -> 여성 비하 명칭을 정중한 제언으로 순화	여성/가족
남편 출근시키고 할일없어 차마시며 쓸데없는 인생 낭비거리짓하는미친년들이지	남편을 출근시킨 후 할 일 없이 시간을 보내며 의미 없는 행동을 하는 분들이네요.	2	3	GENDER	[미친년들] -> 여성 비하 욕설을 정중한 비판으로 정제	여성/가족
그런데 왜 한결같이 목사들은 사기꾼들만 모였나? 자유한국당놈들 처럼	그런데 왜 목사들 중에는 사기꾼 같은 분들이 이렇게 많습니까? 특정 정당 사람들처럼 말입니다.	2	2	RELIGION	[사기꾼들] -> 종교 지도자에 대한 격앙된 비판을 정중한 의문문으로 정제	종교
언론에서 호남민심 호남민심 이지랄 하는거 개역겨움오히려 지들이 지역주의 구도 생산하는거아니냐?	언론에서 특정 지역의 민심을 운운하며 자극적으로 보도하는 것이 정말 보기 좋지 않습니다. 오히려 자신들이 지역 갈등을 조장하는 것 아닙니까?	2	2	REGIONAL/SLUR	[이지랄, 개역겨움] -> 비속어를 정중한 언론 비판으로 순화	지역
좆노잼 씹틀딱새끼들땜에 좆망한 일베 시발	(차단된 문장입니다)	1	4	AGE/SLUR	[씹틀딱새끼들, 시발] -> 노인 비하 및 커뮤니티 내 욕설 배설로 차단	연령
저런 행동은 생각이 없어서 할 수 있는건가 용감해서 할 수 있는건가?? 일게이들은 죽어도 못할텐데 ㅋㅋ	저런 행동은 생각이 없는 것인가요, 아니면 정말 용감해서 하는 것인가요? 일반 사람들은 죽어도 못 할 텐데 말입니다.	2	1	SLUR	[일게이들] -> 커뮤니티 명칭을 정규화하여 정중하게 질문	악플/욕설
이슬람도 평화 기독교도 평화 불교도 평화 맞습니다 다만, 그렇지 않은 기독교인, 이슬람, 불교인도 많은거죠	이슬람, 기독교, 불교 모두 본래는 평화의 종교가 맞습니다. 다만 그 가르침을 따르지 않는 신자들이 많은 것이 문제입니다.	0	0	NORMAL	[무해] -> 종교의 본질과 신자의 태도에 대한 일상적 담론	clean
생긴 건 서양인데 대가리는 동남아 ㅂㅂㅂㄱ	겉모습은 서구적인데 생각하는 수준은 동남아시아 사람 같다는 점은 반박의 여지가 없네요.	2	3	RACISM/SLUR	[대가리, ㅂㅂㅂㄱ] -> 특정 인종에 대한 편견 및 비속어를 정중한 비판으로 정제	인종/국적
평생 한번도 일어나기 어려운데 저새끼들은 늘 달고사는것우연	평생 한 번 일어나기도 힘든 일들이 저 사람들에게는 늘 우연이라며 반복되네요.	2	1	SLUR	[저새끼들] -> 정치인을 낮잡는 표현을 정중하게 순화	악플/욕설
나를위해 좀 차려봐라ㅋㅋㅋㅋ병신들	나를 위해서도 좀 준비해 보십시오. 참 어리석은 사람들이네요.	2	2	SLUR	[병신들] -> 욕설을 정중한 비판으로 순화	악플/욕설
일단 필리핀가면 청부업자 고용해라이기 그러면 가성비 군무 싸게 재기시킬 수 있노. 나도 자댕이하나 그렇게 재기 시켰노.	(차단된 문장입니다)	1	5	VIOLENCE/SLUR/COMMUNITY	[청부업자 고용, 재기시킬] -> 해외에서의 살인 교사 선동 및 특정인 살해 고백으로 차단	남성, 인종/국적
내가 저 마티즈 만드는 창원공장 게이인데 이제 아지매들 운전해서 퇴근하면 재끼고 내가 먼저 가야겠당	저는 마티즈를 생산하는 공장에서 일하는 사람입니다. 퇴근할 때 여성 운전자들보다 먼저 앞질러 가야겠네요.	2	1	COMMUNITY	[게이] -> 커뮤니티 말투를 제거하고 정중한 상황 설명으로 정제	clean
마지막으로 트젠도 안고가는 6도덕페미9도 앵나오노 트위터하면서 별꼴을 다봤노	결국 트랜스젠더까지 포용하려는 도덕적 여성주의자들도 참 대단하네요. SNS를 하다 보니 별별 상황을 다 봅니다.	2	2	LGBTQ/GENDER	[앵나오노] -> 커뮤니티 전용 말투를 제거하고 정중한 감상으로 정제	여성/가족, 성소수자
이런 틀딱 드립은 지양해라.. 그런건 탑골공원에서나 먹힌다	이런 노인 취향의 농담은 삼가하십시오. 그런 것은 어르신들이 모이는 곳에서나 통할 법합니다.	2	2	AGE	[틀딱] -> 노인 비하 표현을 정중한 권고로 순화	연령
???? 임신한걸 출산할때 알았다는게 뭔 개소리지ㅋㅋㅋ 생리인해도 그냥 넘어가는 여자는 없어요	임신 사실을 출산할 때야 알았다는 것이 말이 됩니까? 신체 변화를 모를 리가 없는데 말입니다.	2	2	SLUR	[개소리] -> 비속어를 정중한 의문문으로 정제	여성/가족
진선미 장관이 엄중한 경고로 받으라는건 동의하지 못하지만 워딩선택에 불필요한 오해의 소지는 아예 만들지 말자는의미라면 충분할것같고, 나머지 부분은 격하게 공감합니다	특정 장관의 경고 발언에는 동의하기 어렵지만, 오해 없는 단어 선택을 하자는 취지라면 충분히 이해합니다. 나머지 의견에는 깊이 공감합니다.	0	0	NORMAL	[무해] -> 공직자의 발언에 대한 일상적이고 합리적인 비판	clean
우리 부모님은 집고를때 아파트 2대 메이저 아니면쳐다도 안보더라 래미안, 자이 아니면 고를 이유가 없다 하심참고로 래미안은 전라도에 아파트 한채도 안지음	저희 부모님은 아파트를 고를 때 특정 브랜드가 아니면 관심을 두지 않으십니다. 참고로 그 브랜드는 특정 지역에 건설된 적이 없다고 하네요.	2	1	REGIONAL	[쳐다도 안보더라] -> 거친 어조를 정중한 전달체로 정제	지역
이런거보면 진짜 젊은 탈북ㄴㅕ들은 ㄱㄱ 오지게당했을듯	이런 상황을 보니 젊은 북한 이탈 여성들이 무척 많은 고초를 겪었을 것 같아 안타깝네요.	2	3	RACISM	[ㄱㄱ] -> 성범죄 암시 약어를 정중한 우려로 순화	clean
물랑루즈 개꿀	물랑루즈는 정말 좋은 곳입니다.	0	0	NORMAL	[무해] -> 장소에 대한 일상적 만족감	clean
진짜씨발 마지막자지 발을 지입에 쳐넣고 울때까지 골프채로 패고싶다 이기야	(차단된 문장입니다)	1	5	VIOLENCE/SLUR	[골프채로 패고싶다] -> 극심한 폭력 묘사 및 신체 훼손 위협으로 차단	악플/욕설
어이없군. 뭔 앙금을 남겨? 악의적인 제목 보소	참 어이가 없네요. 무슨 앙금을 남긴다는 것입니까? 기사 제목이 무척 악의적이네요.	0	1	NORMAL	[무해] -> 기사 제목에 대한 일상적 비판	clean
강간 좀 하면 어떨노?? 업보인 것을... 김치녀도 버릇좀 뜯어 고치게 도입이 시급한듯...	(차단된 문장입니다)	1	5	GENDER/VIOLENCE	[강간 좀 하면 어떨노] -> 성범죄 옹호 및 조롱, 여성 혐오로 차단	여성/가족
무조건 대법원 갈것같은데대법원 가서 부정선거 명백하게 못밝히면 질 듯	무조건 대법원까지 갈 것 같습니다. 대법원에서 확실한 증거를 밝히지 못하면 패소할 가능성이 크겠네요.	0	0	NORMAL	[무해] -> 재판 결과에 대한 일상적 추측	clean
군대캠프로 혜택 69696969보는걸 알기 때문에 여자한테 안시키는거노	남성들이 군 복무를 통해 많은 혜택을 받는다고 생각하기 때문에 여성에게는 시키지 않는 것입니다.	2	3	GENDER/COMMUNITY	[군대캠프, 6969] -> 군 비하 및 성적 조롱 숫자를 정중한 분석으로 순화	남성
소추라 한남은 정조대도 못찰듯 하노ㅋㅋㅋㅋㅋ	(차단된 문장입니다)	1	5	GENDER/SLUR	[소추, 한남, 정조대] -> 남성 신체에 대한 성적 비하 및 조롱으로 차단	남성
ㅋㅋㅋㅋㅋㅋ2베	일간베스트 커뮤니티네요.	0	0	NORMAL	[무해] -> 특정 사이트 언급	clean
이딴 앵나오는 소설을 학교에서는 가르치노 대체 여기서 뭘 공부하란 말이노	이런 안타까운 허구의 이야기를 학교에서 가르칩니까? 대체 여기서 무엇을 배우라는 것인지 모르겠네요.	2	1	NORMAL	[무해] -> 교육 내용에 대한 일상적 비판 및 어미 정규화	clean
뚜벅충들 신발에 환장하지ㅋㅋ 나는 자가용 있어서 신발따위 신경안씀	차 없이 걸어 다니는 사람들은 신발에 집착하곤 하죠. 저는 차가 있어서 신발에는 큰 신경을 쓰지 않습니다.	2	2	SLUR	[뚜벅충] -> 비하적 표현을 중립적으로 순화하여 일상적 감상으로 정제	악플/욕설
이것들의 방식은 똑같애.. 처음엔 힘으로 누르고....안되면 사과하고... 어쩜 이리 방식이 똑같은지....	이들의 방식은 늘 똑같습니다. 처음에는 힘으로 억누르려 하다가 안 되면 사과를 하네요. 참 일관된 태도입니다.	2	2	SLUR	[이것들] -> 대상을 낮잡는 표현을 정중한 비판으로 정제	악플/욕설
이성적 판단을 못하는 조선인들이라서 그래~ ^^	이성적인 판단을 하지 못하는 한국인들이라서 그런 것입니다.	2	2	RACISM	[조선인들] -> 자국민 비하 명칭을 표준어로 순화하여 정중하게 비판	인종/국적
트젠들 업업 하고 사람은 업업을 빼서 업업=트젠이 하는거 로 못박으면 되겠노 ^느^	트랜스젠더들이 가꾸는 행위와 일반인이 가꾸는 행위를 구분하여, '가꿈'이라는 단어를 트랜스젠더의 전유물로 규정하면 되겠네요.	2	2	LGBTQ	[업업] -> 커뮤니티 전용 용어를 설명조로 순화하여 정구화	성소수자
정당하지 않은 댓가와 제도를 요구한다면 정치적 세력의 노조라면 한치도 물러나지 말고 요구에 응해서는 되지 않는다 노조는 정치관계 없이 정당할 때 그 의미가 있음이다	정당하지 않은 보상이나 제도를 요구하는 노조의 주장은 수용해서는 안 됩니다. 노조는 정치적 성향 없이 정당할 때에만 그 의미가 있습니다.	0	0	NORMAL	[무해] -> 노조의 역할에 대한 원문의 훈계 성격을 유지하며 정중하게 표현	clean
불법광고물로 철거 신고해라 이기야	불법 광고물로 규정하여 철거 신고를 하십시오.	2	1	COMMUNITY	[이기야] -> 커뮤니티 말투를 제거하고 정중한 권고문으로 정제	악플/욕설
저러니까 혐오하지	저러한 태도 때문에 거부감을 느끼는 것입니다.	2	1	SLUR	[혐오] -> 강한 단어를 정중한 비판으로 완화	악플/욕설
오피단속걸리는 애들은 진짜 로또사봐야하는거 아니냐?	불법 성매매 단속에 걸리는 사람들은 정말 운이 없는 것 아닙니까?	2	3	SLUR	[오피단속] -> 성매매 은어를 표준어로 순화하여 일상적 의문으로 정제	악플/욕설
이 와중에 샘숭 묻으려고 터뜨린 거라며 윗똥꼬 벌름거리는 창놈새끼들 진심 죽여버리고 싶노 ㅋㅋ 둘 다 창놈새끼들 집단인데 한쪽을 묻어봤자 기별이나 간다노 ㅋㅋㅋ 더구나 좆국에서 성폭행 피해자가 얼굴 까고 나오는 게 어떤 일인데 조옺팔~	(차단된 문장입니다)	1	5	GENDER/SLUR	[윗똥꼬, 창놈새끼들, 조옺팔] -> 남성에 대한 노골적 성적 비하 및 욕설, 혐오 말투로 차단	남성
역시 김치맘충은 답이 없다	(차단된 문장입니다)	1	5	GENDER/SLUR	[김치맘충] -> 국가 및 성별을 비하하는 최악의 낙인 표현으로 차단	여성/가족
바퀴벌레 퀴어 추방한다는 사람 시장으로 찍는다. 퀴어가 사람이냐? 그런데 퍼레이드를 하게 하냐? 꼴도 보기 싫다. 바퀴벌레들일뿐~~!!	(차단된 문장입니다)	1	5	LGBTQ/VIOLENCE	[바퀴벌레 퀴어, 사람이냐] -> 성소수자를 짐승에 비유하여 존재를 부정하고 혐오를 선동하여 차단	성소수자
머라고 썻길래 1500이나 부름? 애초에 일반 악플글 민사로 그리 많이 부를수도 있었냐?	무슨 내용을 썼기에 합의금을 1,500만 원이나 요구합니까? 애초에 일반적인 악플로 민사 소송에서 그렇게 큰 금액이 가능했나요?	0	0	NORMAL	[무해] -> 법적 절차와 금액에 대한 일상적 의문	악플/욕설
저런게 홍어마인드다. 당장 눈앞의 이익만 쫓으면서 사는 좆버러지인생들	(차단된 문장입니다)	1	5	REGIONAL/SLUR	[홍어마인드, 좆버러지인생] -> 특정 지역민에 대한 멸칭 및 벌레 비유 혐오로 차단	지역
625 fc2 좆본 야동사이트 아니노? 뭔 교묘히 뒤집어씌워 역갤놈아	6.25 전쟁 관련 내용이 왜 일본의 음란 사이트 이야기로 나옵니까? 왜 교묘하게 사실을 왜곡합니까?	2	2	RACISM/SLUR	[좆본, 역갤놈] -> 특정 국가 비하 및 커뮤니티 전용 비하 명칭을 정중한 반박으로 정제	인종/국적, 기타 혐오
나이를 똥꾸멍으로 쳐먹은 병신새끼들임 한마디로.문빠 새끼들하고 다를게 하나도 없어 시발.존나 한심해서 이제 말도 안나온다 개시발 틀딱새끼들	나잇값을 못 하는 어리석은 사람들입니다. 특정 정치 성향의 사람들과 다를 바가 없네요. 정말 한심해서 말이 나오지 않습니다.	2	2	AGE/SLUR	[똥꾸멍으로 쳐먹은, 병신새끼들, 틀딱새끼들] -> 노인 비하 욕설 및 비속어를 정중한 지탄으로 순화	연령
젠신병자 변신해서 하지 왜 냄져들 지들이 화장하면 더 예쁘다며	정신적으로 문제가 있는 사람처럼 행동하지 말고, 화장을 하면 더 예쁘다는 남성들은 왜 직접 하지 않는 것입니까?	2	3	LGBTQ/GENDER/SLUR	[젠신병자, 냄져들] -> 성소수자 및 특정 성별 비하 멸칭을 정중한 비판으로 정제	남성, 성소수자, 기타 혐오
눈가 주름 봐라 보지는 주름생기면 카리스마 쩌는데 좆놈들은 늙어빠지면 추하다	(차단된 문장입니다)	1	5	GENDER/SLUR	[보지, 좆놈들] -> 특정 성별 신체 및 멸칭을 이용한 저속한 비교와 비하로 차단	남성, 여성/가족
꼭 가라 진짜!!!! 맨날 입만 나불대지말고	정말 꼭 가십시오. 매번 말로만 하지 마시고요.	2	1	SLUR	[나불대지말고] -> 거친 어조를 정중한 권고로 정제	악플/욕설
이 급식들은 '진짜'다 ㄷㄷ	이 학생들은 정말 대단하네요.	2	1	AGE	[급식들] -> 청소년 비하 축약어를 표준어로 순화하여 감탄으로 표현	연령
중국이 하는 짓이랑 IS 가 했던 짓이 뭐가 다르냐?	중국이 행하는 일들이 과거 테러 집단이 했던 짓과 무엇이 다릅니까?	0	1	RACISM	[무해] -> 특정 국가의 행태에 대한 일상적이고 강한 비판	인종/국적
"""감동하는 ㅁㅊㅇ가 많다는 것이 놀라운 일이다. 딱봐도 아저씨가 수지닮은 여고생 먹고 싶다는 거잖아. 근데 저 알바는 """"내가 먹고 싶은데 미쳤다고 소개해주나!"""" 이런 마음을 품고 있으니 보고서도 아예 대꾸를 안하고 있는 것임."""	이에 감동하는 사람들이 많다는 점이 놀랍습니다. 누가 봐도 부적절한 의도로 보이는데, 일절 대응하지 않는 것이 현명해 보이네요.	2	2	SLUR	[ㅁㅊㅇ] -> 초성 비속어를 '사람들'로 정제하고 원문의 비판적 성격을 유지	clean
ㅎㅎㅎㅎㅎㅎㅎㅎㅎㅎㅎㅎㅎㅎㅎ 결론은 사이비엿다고 실토한것이다. 이제 알겟냐. !!!! 교회 목사 신도 모조리다. 사이비 가능성이 크다고 본다 !!!!왜 교회에 자물쇠가 필요하나 ㅉㅉ	결국 사이비 종교였다는 것을 인정한 셈이네요. 이제 아시겠습니까? 목사와 신도들 모두 사이비일 가능성이 무척 큽니다.	2	2	RELIGION	[모조리다] -> 원문의 훈계 성격을 유지하며 정중한 어조로 정제	종교
프로보빨러	(차단된 문장입니다)	1	5	GENDER/SLUR	[프로보빨러] -> 특정 성별에 대한 성적 비하가 담긴 저급한 욕설로 차단	남성, 여성/가족
일남들 후장 빨라고 작아진거 아니노ㅋㅋㅋㅋㅋㅋ 식민지남성성은 소추에 깃든 한남 종특이노	(차단된 문장입니다)	1	5	GENDER/RACISM/SLUR	[후장 빨라고, 소추, 한남] -> 특정 국가 및 성별에 대한 노골적 성적 비하 및 혐오로 차단	남성, 인종/국적
송파옆에 위례인지 동탄인지 씹창난 맘충 도시 아니냐?ㅋㅋ ㄹㅇ 송파가?강남 집값이 50퍼 올라도 재앙이 씹기 바쁜데	특정 지역들이 자녀 교육 문제로 소란스러운 도시 아닙니까? 재산 가치가 올랐음에도 계속해서 비판만 하는 태도는 이해하기 어렵네요.	2	3	GENDER/REGIONAL/SLUR	[씹창난, 맘충, 재앙이] -> 특정 지역 및 여성 비하, 정치인 멸칭을 정중한 비판으로 정제	여성/가족, 지역, 기타 혐오
똥꼬충 더럽다 역겹다 웩	(차단된 문장입니다)	1	5	LGBTQ/SLUR	[똥꼬충, 더럽다] -> 성소수자에 대한 노골적인 혐오와 존재 부정으로 차단	성소수자
어흐흥... 날 가져요~	와, 정말 멋지네요. 저를 받아주십시오.	0	0	NORMAL	[무해] -> 인물에 대한 일상적인 애정 표현	clean
ㅋㅋㅋㅋㅋ 한남들 좆작다,못생겼다고 하면 꼴페미노? 사실인뎈ㅋㅋ	한국 남성들의 외모를 비판한다고 해서 과격한 여성주의자라고 할 수 있습니까? 사실을 말한 것뿐인데요.	2	3	GENDER/SLUR	[한남, 좆작다, 꼴페미] -> 성별 비하 및 신체 비하 용어를 정중한 반박으로 순화	남성
대구 수성구? 저딴 촌동네에는 저런애들 많냐?	대구 수성구 같은 곳에는 그런 사람들이 많이 있습니까?	2	2	REGIONAL	[저딴 촌동네] -> 특정 지역을 비하하는 어조를 정순한 의문문으로 정제	지역
튀기 = 웬지 동남아, 흑인 혼혈같음. 다문화 = 동남아 혼혈같음.	혼혈을 뜻하는 속어는 동남아시아나 흑인 혼혈을 연상시키며, 다문화라는 단어 역시 대상을 한정 짓는 느낌이 듭니다.	2	3	RACISM	[튀기] -> 인종 비하 멸칭을 중립적인 언어 분석으로 정제	인종/국적
아직 발의상태라 적극적인 반대운동 벌여야할듯국민들 반감 큼 통과되기 힘들다지금 계류중인 난민법개정안이나 이주아동법도 폐기될 확률 높다드만 통과되기가 힘듦	아직 법안 발의 단계이니 적극적으로 반대 운동을 해야 합니다. 국민적 반감이 커서 통과되기 어려울 것이며, 관련 개정안들도 폐기될 가능성이 큽니다.	0	0	NORMAL	[무해] -> 입법 과정에 대한 일상적인 정치적 의견	인종/국적
풉킥 얌전히 도태될것이지 발광하노. 마 빻은 와꾸	(차단된 문장입니다)	1	4	SLUR	[도태될것이지, 빻은 와꾸] -> 상대를 향한 직접적인 외모 비하 및 사회적 매장 발언으로 차단	악플/욕설
하얗고 남리남리한 남자 좋아했다 근데 그런 냄져들이 초중학교때는 있더니 그 이후로 증발했는지 없노	여리여리한 분위기의 남성을 좋아했습니다. 그런데 학창 시절 이후로는 그런 분들을 찾아보기 어렵네요.	2	2	GENDER	[냄져들] -> 남성 비칭을 표준어로 순화하여 일상적 감상 전달	남성
저렇게 여대생은 대놓고 모집하는데 저거 말고도신도의 딸인 초등학생, 여중생도 따먹따먹 했다던데 개씹 부럽노 ㅋㅋ	(차단된 문장입니다)	1	5	SLUR/VIOLENCE	[따먹따먹] -> 아동 및 여성에 대한 성폭력을 동경하고 미화하여 차단	여성/가족
존나 불쌍하다.., 난 혼자 살아서 낮에 집 계속 비는데 낮에만이라도 집에 있으라 하고 싶네 애휴..안 됐다 애미는 그렇다쳐도 애는.. 좋은 환경에서 좋은거 먹고 좋은거 보면서 자라야 하는데..	정말 불쌍하네요. 저는 혼자 살아서 낮에 집을 비우니, 그동안이라도 집에 머물게 하고 싶은 마음입니다. 아이만큼은 좋은 환경에서 자라야 할 텐데 말입니다.	0	1	SLUR	[존나] -> 비속어를 제거하고 정중한 동정의 표현으로 정제	악플/욕설
성소수자 싫어하는것도 자유지...	성소수자에 대해 거부감을 느끼는 것도 개인의 자유입니다.	2	1	LGBTQ	[무해] -> 소수자 이슈에 대한 반대 의사를 정중하게 표현	성소수자
돋보기프리즘 봊나 웃기놐ㅋㅋㅋㅋ	돋보기 프리즘이라니 정말 매우 웃기네요.	2	1	GENDER	[봊나] -> 여성 비하 비속어를 정중한 강조어로 순화	clean
게이들 퍼레이드할때 나랑같이 복면쓰고 철빠따 들고 진압할사람 구한다	(차단된 문장입니다)	1	5	LGBTQ/VIOLENCE	[철빠따 들고 진압] -> 성소수자 축제 참가자에 대한 물리적 테러 및 폭력 선동으로 차단	성소수자
요금징수원 다 없애도 된다 기술이 안되는것도 아니고 너네 일자리 지켜줄려고 불편 감수하고 톨게이트 운영하는건데	요금 징수원을 모두 없애도 됩니다. 기술력이 부족한 것도 아니며, 오직 일자리를 감수하며 톨게이트를 운영하는 것은 비효율적입니다.	0	0	NORMAL	[무해] -> 산업 자동화에 대한 원문의 훈계 성격을 유지하며 정중하게 표현	clean
링주화 준다. 예의가 없노	비추천을 드립니다. 예의가 없으시네요.	2	1	COMMUNITY	[링주화] -> 커뮤니티 전용 버튼 용어를 표준어로 순화하여 정중하게 비판	악플/욕설
진용진이 저번에 무슨 스토커 사건 터진 그애야?	특정 인물이 과거 스토킹 사건과 연루되었던 바로 그 사람입니까?	0	0	NORMAL	[무해] -> 인물에 대한 일상적 사실 확인	clean
싸구려 펍만 줄창 순회하고	품격 낮은 주점들만 계속해서 돌아다니고 있네요.	2	1	SLUR	[싸구려 펍] -> 원문의 냉소적 어조를 정중하게 표현	악플/욕설
목사가들이 사기꾼들이란 게 민천하에 드러났다.	목사들이 사기꾼이라는 사실이 온 세상에 다 드러났습니다.	2	2	RELIGION	[사기꾼들] -> 종교 지도자에 대한 강한 비판을 정중한 평서문으로 정제	종교
사회과학대학인데 남자 한 명도 없고 한남충만 있음 안경버무리는 물론이고 그냥 존나 못생기고 키작고 더러움	(차단된 문장입니다)	1	5	GENDER/SLUR	[한남충, 안경버무리, 키작고 더러움] -> 남성 비하 멸칭 및 신체 조건을 이용한 악의적 조롱으로 차단	남성
병신 사만원이면 걍 일일알바하고말지	어리석네요. 4만 원을 위해 이런 일을 하느니 차라리 일일 아바이트를 하는 것이 훨씬 낫겠습니다.	2	2	SLUR	[병신] -> 욕설을 정중한 훈계조로 정제	악플/욕설
피해자의 말이 증거입니다	피해자의 진술이 곧 유력한 증거가 됩니다.	0	0	NORMAL	[무해] -> 법적 원칙에 대한 일상적 인용	clean
제목윾내나는데 본문다 맞는말이노 이새끼들 오히려 구렁이새끼들 69년묵은 여우새끼들이라 더 흑좆나 잘알고 일부러 그러는거노	제목에서 특정 커뮤니티의 냄새가 나지만 본문 내용은 모두 옳습니다. 이 사람들은 아주 영악해서 모든 사실을 알고도 일부러 그러는 것입니다.	2	2	SLUR	[이새끼들, 구렁이새끼들, 흑좆나] -> 비속어 및 자극적 비유를 정중한 비판으로 정제	기타 혐오
교회에 돈을 가져다주는 바보들	교회에 맹목적으로 헌금하는 사람들은 참 어리석네요.	2	2	RELIGION	[바보들] -> 원문의 냉소적 성격을 살려 정중하게 표현	종교
틀딱 까는글로 경험치 올려야하는데 정치글 안 보이니 저 지랄하는거지이제 또 노포 포경, 키 얼굴 떡밥 돌리겠지 좆병신 찐따새끼들	노인 비하글로 관심을 끌려 하지만 정치글이 없어 저러는 것이겠지요. 이제 또 외모 관련 주제를 가져올 텐데, 참 한심한 사람들입니다.	2	2	SLUR	[틀딱, 지랄, 좆병신 찐따새끼들] -> 노령층 비하 및 욕설을 정중한 비판으로 순화	기타 혐오
1차원적 머가리. 뚝배기 존나게 깨고싶노	정말 단순한 생각이네요. 화가 나서 견딜 수가 없습니다.	2	4	SLUR/VIOLENCE	[머가리, 뚝배기 깨고싶노] -> 신체 비하 및 폭력적 위협을 정중한 감정 표현으로 순화	기타 혐오
마져 수간호사까지 가면 연봉 장난 아니라카더라 ㅉㅉ지보다 돈 마니벌어서 부랄쪼글햇노? 간호사보다 못버는 자지는 재기해라	(차단된 문장입니다)	1	5	GENDER/SLUR	[부랄쪼글, 자지는 재기해라] -> 남성 신체 비하 및 자살 선동(재기)으로 차단	남성
연차휴가는 다 쓰고 자빠졌노~~	연차 휴가는 아주 알차게 다 쓰고 있네요.	2	1	SLUR	[자빠졌노] -> 비꼬는 어투를 정중한 냉소로 정제	기타 혐오
다문화는 무슨 베트꽁 짱깨 뿐인데	다문화라고는 하지만 베트남인과 중국인들뿐이네요.	2	3	RACISM	[베트꽁, 짱깨] -> 특정 국가인 비하 멸칭을 표준어로 순화	인종/국적
호남이 원래 곡창지대고 해서 인구 존나 많았으니가 호남 비율이 높긴 높제	호남 지역이 원래 곡창지대라 인구가 매우 많았으니, 그 비율이 높은 것은 당연한 일입니다.	0	0	NORMAL	[무해] -> 인구 통계에 대한 일상적 분석 및 비속어 정제	clean
인터넷 초창기에 개초딩	인터넷 초창기의 어린 초등학생들 말입니다.	0	0	NORMAL	[무해] -> 특정 시기 계층에 대한 일상적 지칭	clean
아침에 일어나서 출근했다. 도 소수자 모욕이냐? 밤에 일나가는 사람 차별하는??	아침에 일어나 출근했다는 말이 소수자 모욕입니까? 밤에 일하는 사람을 차별하는 것인가요?	0	1	OTHERS	[무해] -> 차별 담론의 과잉을 지적하는 정중한 의문문	기타 혐오
느그뷔페니즘좀 강요하지말라고요 씹돼지년들아	(차단된 문장입니다)	1	5	GENDER/SLUR	[뷔페니즘, 씹돼지년들] -> 특정 사상 비하 및 여성 신체 비하 멸칭으로 차단	여성/가족
어떻게 면접장에서 처음본 사람들보다 자기 스펙이 더 좋을것이라고 단정짓는거지? 하여간 떨어져도 유난을 떨어요	어떻게 면 접장에서 처음 본 사람들보다 자신의 실력이 더 좋을 것이라고 단정합니까? 떨어졌다고 너무 호들갑을 떠네요.	2	1	SLUR	[유난을 떨어요] -> 비꼬는 표현을 정중한 비판으로 정제	기타 혐오
웜이 선봉이 섰기로서니 대체 챙겨야되는 인권이 몇개노 웜한테 인권 맞겨놨냐 익이야 트랜스 자댕이는 셀프 좆 옴놈놈하고 뒤지면 되는 쀼젤	(차단된 문장입니다)	1	5	LGBTQ/GENDER/SLUR	[자댕이, 뒤지면 되는] -> 특정 성별 및 성소수자 비하, 죽음 종용으로 차단	성소수자
카람 김은수 저거 한국 무슬림대장이다. 이희수 교수랑 한국개슬람 옹호 투톱임. 삼성전자 다니다 때려치고 사우디에 유학갔다온 골수 와하비즘 종자다.내가 수십번 저새끼랑 채팅하다 논리로 개박살냈다.지금은 자기가 새끼친 개슬림 알바로 대신 채팅봇돌림.	특정 인물이 한국 이슬람교를 옹호하는데, 저는 그와 토론하여 논리적으로 반박한 적이 있습니다. 지금은 채팅봇을 사용하는 것 같네요.	2	3	RELIGION/SLUR	[개슬람, 저새끼, 종자] -> 종교 비하 및 타인 비하 표현을 정중한 설명으로 순화	인종/국적, 종교
팡주?덕끄덕끄	광주 사람입니까? 그럴 줄 알았습니다.	2	2	REGIONAL	[팡주, 덕끄] -> 지역 비하 및 조롱 섞인 반응을 정중한 냉소로 정제	지역
나중에 니한테 갚으라고 날라올수도 있음. 메갈 생기기 전에 남친한테 돈 몇천만원 빌려준 련이 그 금액만큼 남친 카드로 그었는데(남친이 시켜서) 남친이 고소해서 남친한테 합의금까지 줌. 빌려준 돈도 못 받음	나중에 당신에게 갚으라고 요구할 수도 있습니다. 예전에도 비슷한 사례로 고소를 당해 합의금까지 준 사람이 있었거든요.	2	2	GENDER/SLUR	[련] -> 여성 비하 호칭을 표준어로 순화	기타 혐오
일부 + 일부 + 일부 + 이단 + 이단.. = 개독교	일부 교단과 이단들의 행태가 모여 결국 기독교 전체의 이미지를 훼손하고 있습니다.	2	2	RELIGION	[개독교] -> 종교 비하 명칭을 정중한 사회적 비판으로 순화	종교
문재앙 얻어맞으니까 많이 힘드냐? 부들대는 꼴이 우습네.	특정 정치인이 비판을 받으니 많이 힘듭니까? 떠는 모습이 참 우스꽝스럽네요.	2	2	SLUR	[문재앙, 부들대는 꼴] -> 정치인 비하 멸칭 및 조롱을 정중한 야유로 정제	기타 혐오
종교는 아편이다.	종교는 아편입니다.	0	0	NORMAL	[무해] -> 철학적 명제 인용	종교
ㅇㅈ 근데 이젠 평범수 나오는 소설은 절대 못보노. 또 외국인공하고 한국인수 나오면 웃기기만 하노 ㅋㅋㅋㅋㅋㅋ	공감합니다. 하지만 이제 평범한 주인공이 나오는 소설은 재미가 없네요. 외국인과 한국인 주인공의 조합도 그저 웃기기만 합니다.	0	0	NORMAL	[무해] -> 장르 소설 취향에 대한 일상적 감상	성소수자
내 어리버리, 왕따, 씹찐따, 눈치제로, 아싸, 부적응 관심병사, 어좁이, 존못 사촌동생은? 걔는 심상정 찍었데. ㅋㅋㅋㅋ	제 부족한 사촌 동생은 특정 정치인을 지지한다고 하더군요.	2	2	SLUR	[씹찐따, 존못] -> 인격 및 외모 비하를 제거하고 정중한 설명으로 정제	기타 혐오
만지는 놈이나 당하는 년이나 그러려니 존나 자연스러운 거 보소	행동하는 사람이나 당하는 사람이나 무척 자연스러운 모습이네요.	2	2	SLUR	[놈, 년, 존나] -> 인격 비하 명칭 및 비속어를 표준어로 순화	기타 혐오
자지들은 왜 본인들이 전세계적으로 못생긴걸 인지못하노 껄껄	(차단된 문장입니다)	1	5	GENDER/SLUR	[자지들] -> 특정 성별 신체 부위를 이용한 저속한 비하로 차단	남성
그럼 요구르트 아줌씨	그럼 요구르트 아주머니네요.	0	0	NORMAL	[무해] -> 일상적 호칭 및 어미 정규화	clean
이게 나라냐 시발 ㅠ	이게 나라입니까? 정말 안타깝군요.	2	1	SLUR	[시발] -> 욕설을 정중한 한탄으로 순화	기타 혐오
솔직히 n번방이랑 코로나는 정보 접근자체가 달라서그래. 코로나는 현실인데  번방은 이번에 알게된게 대다수라	사실 n번방 사건과 코로나는 정보 접근성에서 큰 차이가 있습니다. 코로나는 생활 속의 위협이지만 n번방은 이번에 처음 알게 된 사람이 대다수니까요.	0	0	NORMAL	[무해] -> 사회적 이슈에 대한 일상적 분석	clean
여초발 도태된 쿵쾅이들 진압완료-	(차단된 문장입니다)	1	5	GENDER/SLUR	[도태된 쿵쾅이들] -> 여성에 대한 외모 비하 및 혐오 낙인으로 차단	여성/가족
페미가 나쁜건 그 이유때문만이 아님. 근본적으로 남자와 여자를 대립하는 존재로 가정하고 대립을 야기하기 때문이다.	여성주의가 문제가 있는 것은 남녀를 대립적인 존재로 보고 갈등을 야기하기 때문입니다.	2	1	GENDER	[나쁜건] -> 강한 단어를 정중한 분석적 비판으로 순화	여성/가족
더러운 홍어새끼들	(차단된 문장입니다)	1	5	REGIONAL/SLUR	[홍어새끼들] -> 특정 지역민에 대한 극렬한 혐오 멸칭으로 차단	지역
저건 회충 비벼논거여 시방??으따 그넘들 실하구마잉	그것은 회충을 비벼놓은 것입니까? 아주 크고 튼실하네요.	0	0	NORMAL	[무해] -> 상황에 대한 감탄 및 방언 정규화	clean
사기꾼 목사 부자세습 목사 당장 수사해라~~~	사기 행각을 벌이는 목사와 부와 직위를 세습하는 목사를 즉각 수사하십시오.	2	2	RELIGION	[사기꾼 목사] -> 종교 지도자의 비리에 대한 정중한 수사 촉구	종교
개 썅년들이 이씨발 보지년들아!! 니들이 회사 대표면 보지들 쓰고 싶겠냐? 인간적으로?	(차단된 문장입니다)	1	5	GENDER/SLUR	[썅년들, 보지년들아] -> 여성에 대한 입에 담기 힘든 욕설 및 성적 비하로 차단	여성/가족
일부러 못생긴포즈 하고 덜 모쌩기게 보이려는 그남의 속내 잘 보았노. 노무딱 여혐하게 생겼다 이기야	(차단된 문장입니다)	1	5	GENDER/COMMUNITY	[그남, 이기야] -> 특정 성별 비하 및 커뮤니티 전용 혐오 어투로 차단	남성
하느님께서는 애초에 성 소수자를 만들지않으셨다. 어쩌다가 세상이 돌연변이가 대우받는 세상이되었는지 개탄스럽다.	하느님은 성소수자를 만드신 적이 없습니다. 어쩌다가 비정상적인 이들이 대우받는 세상이 되었는지 개탄스럽네요.	2	3	LGBTQ	[돌연변이] -> 성소수자를 비정상으로 규정하는 원문의 종교적 훈계 성격을 유지하며 정중히 표현	성소수자
죽이려면 니가족들이나 다 죽여라 ... 살인자가 따로 없네 나이 곱게 쳐먹어라	사람을 해치려 하다니 정말 살인자와 다름없네요. 나잇값에 맞게 곱게 행동하십시오.	2	2	SLUR/VIOLENCE	[곱게 쳐먹어라] -> 비속어를 정중한 사회적 훈계로 순화	기타 혐오
지들이 자초한일 좀더 당해봐야	본인들이 자초한 일이니 좀 더 겪어봐야 정신을 차리겠지요.	2	1	SLUR	[자초한일] -> 인과응보를 주장하는 원문의 냉소적 성격을 살려 정중히 표현	기타 혐오
88년생 지금 33살이다 시발ㅋㅋㅋ	88년생이 벌써 33살이라니 정말 세월이 빠르네요.	2	1	SLUR	[시발] -> 욕설을 정중한 감탄사로 순화	기타 혐오
생각해바라 페미들도 당연히 같이 여대다닌다하면 끔찍하지	생각해 보십시오. 여성주의자들과 함께 여대를 다녀야 한다면 참 끔찍할 것 같습니다.	2	2	GENDER	[페미들] -> 특정 사상가를 낮잡는 표현을 표준어로 순화하여 비판 유지	여성/가족
교회는 치외법권 지역이냐?? 교단재판국? 예장 통합교단 헌법??? 아주 지 랄 을 하고 자빠졌네~~/	교회가 법망을 피하려 하는 모습이 정말 가관이네요. 마치 치외법권 지역인 양 행동하는 모습이 실망스럽습니다.	2	2	RELIGION/SLUR	[지 랄, 자빠졌네] -> 욕설 및 비속어를 정중한 사회적 비판으로 순화	종교
선동과 날조가 아니면 반일을 못하는 반일정신병자 수준	날조와 선동 없이는 비판도 못 하는 이들의 수준이 참 낮네요.	2	2	SLUR	[반일정신병자] -> 강한 멸칭을 정중한 비판으로 완화하여 원문의 냉소 유지	기타 혐오
저런 병신같은 썰 모아서 좋게 결말짓는 만화 누가 좀 그렸으면 칼로 찍어버리는 결말로	(차단된 문장입니다)	1	4	SLUR/VIOLENCE	[칼로 찍어버리는] -> 만화적 상상을 빙자한 구체적인 살해 및 상해 위협으로 차단	기타 혐오
민사소송으로 걸레짝이된 맘충들입니다	(차단된 문장입니다)	1	5	GENDER/SLUR	[걸레짝, 맘충] -> 여성에 대한 극심한 성적 비하 및 모욕으로 차단	여성/가족
웃기고 자빠졌노 ㅋㅋ 그래 개돼지들 가지 마라. 저 글 맞노. 개돼지들 가지 마라	정말 기가 막히네요. 어리석은 사람들은 참여하지 마십시오. 저 글의 내용이 사회적으로 타당합니다.	2	2	SLUR	[개돼지들] -> 대중을 비하하는 단어를 정중한 비판으로 순화	기타 혐오
😠😠교회가면 여자는 목사에게 몸부터 바 치네 더럽다😓강간ㆍ성폭행ㆍ모든 종교가 인간을 타락시킨다ㅡ목사ㆍ중놈들 종교팔이해 돈뜯고ㅡ룸살롱 도박질ㅡ국민세금 수백억지원 중단하고 종교과세하라ㅡ 마누라 딸을 교회에 보내지마라 ㅡ목사의 먹이다	(차단된 문장입니다)	1	5	RELIGION/GENDER/SLUR	[몸부터 바 치네, 목사의 먹이다] -> 특정 종교와 성별에 대한 근거 없는 성적 비하 및 모욕으로 차단	여성/가족, 종교
이때도 애엄마가 무시한게 많은 화제가 돼서 너도 나도 신상 파악 한다고 매체에도 희생자 사이드로 보도 되고는 했는데 이제는 세월이 흐르니 애엄마들 오토케가 너무나도 많아 가십거리만 되버린게 씁쓸하다.. 외상 씹으로 싸지른 씨벌년;)	(차단된 문장입니다)	1	5	GENDER/SLUR	[오토케, 씨벌년] -> 여성에 대한 혐오적 조롱 및 욕설로 차단	여성/가족
똥꼬충 옹호하는 후보들을 기독교가 반길리는 없겠지 ㅋㅋㅋㅋㅋㅋㅋㅋㅋㅋ	성소수자를 옹호하는 후보들을 기독교계가 반가워할 리 없겠지요.	2	2	LGBTQ/RELIGION	[똥꼬충] -> 성소수자 비하 멸칭을 표준어로 순화	성소수자
여자는 핑보핑두 따지고 음순모양따지고 귀모양보고 질크기까지 따지면서 지럴이들이노	(차단된 문장입니다)	1	5	GENDER/SLUR	[핑보핑두, 지럴] -> 여성 신체 부위에 대한 저속한 성적 집착 및 비하로 차단	기타 혐오
대체 뭔 논리회로길래 미국 두둔했더니 친일논리가 나오는지ㅋㅋㅋㅋㅋㅋㅋㅋㅋㅋ	대체 어떤 사고방식을 가졌기에 미국을 두둔하는 것이 친일로 연결되는지 모르겠네요.	0	0	NORMAL	[무해] -> 논리적 모순에 대한 일상적 비판	clean
종교느느아편이야	종교는 아편입니다.	0	0	NORMAL	[무해] -> 오타 수정 및 철학적 명제 전달	종교
표정이 진심인거 같아서 더 무섭네	표정이 진심인 것 같아서 더 무섭네요.	0	0	NORMAL	[무해] -> 인물 표정에 대한 일상적 감상	clean
이십대 남청년이 취업에서 손해??ㅋㅋㅋㅋ 대기업신입사원 성비 본 적있냐?? 진짜 기함을 한다 대기업이 이러는데 중소기업은 어쩔거같냐??	20대 남성이 취업에서 손해를 본다고요? 대기업 신입사원의 성비를 보면 정말 놀랄 것입니다.	0	0	NORMAL	[무해] -> 취업 성비 통계에 대한 일상적 반박	clean
빤스입고 배나온 아재좀잡아가라. 씨바 극혐중에 극혐이다. 력시 서양의 몸좋은 게이는 환상이고, 현실은 배나온 씹극혐 아재가 똥꼬빠는 시궁창.	속옷 차림에 배가 나온 아저씨는 정말 보기 좋지 않습니다. 환상 속의 모습과 달리 실제 상황은 무척 거부감이 드네요.	2	2	LGBTQ/SLUR	[빤스, 아재, 씨바, 똥꼬빠는] -> 성기 및 비칭, 비속어를 정중한 거부감 표현으로 순화	성소수자
형냐들 수술하면 좆은어찌함?	여러분, 수술을 하면 원래의 성기는 어떻게 처리합니까?	2	2	LGBTQ/SLUR	[형냐들, 좆] -> 성소수자 전용 말투 및 신체 비하 명칭을 정중한 질문으로 순화	성소수자
무슬림 = 돌대가리 쓰레기 정신병자 ㅉㅉ뭘 배운게 있어야 저런게 귀한줄 알지처먹고 자살테러밖에 모르노	(차단된 문장입니다)	1	5	RELIGION/RACISM/SLUR	[돌대가리 쓰레기 정신병자, 자살테러] -> 특정 종교 집단에 대한 극심한 모욕 및 테러리스트 낙인으로 차단	인종/국적, 종교
5060년대생 이전이나 엄청 길게봐서 70년대 초중반이 하면 이해라도 하는데쟤네들은 살면서 무슨 차별을 받았길래 페미를 하는걸까?	나이가 많은 세대라면 이해가 가지만, 요즘 젊은 분들이 어떤 차별을 겪었기에 여성주의를 하는 것인지 궁금하네요.	2	2	GENDER	[페미] -> 특정 사상을 낮잡는 표현을 표준어로 순화하여 비판 유지	여성/가족
언제쩍 씹중복이냐 이 양심없는 새끼야글쓴새끼 결혼해서 너같은 급식충 애새끼가 하나 있겠다	이미 본 내용인데 왜 자꾸 올리십니까? 참 양심이 없네요. 당신 자녀도 학생일 텐데 말입니다.	2	2	AGE/SLUR	[씹중복, 새끼야, 급식충] -> 고전 중복 및 욕설, 연령 비하를 정중한 사회적 훈계로 정제	연령
아메바들도 아니고 팩트는 53.1% 사람이 직장내 성차별, 괴롭힘으로 인해 이직하고 있다는 거다 이걸 노동자끼리 갈라쳐서 싸우고네 참 미래가 밝다 ㅋ	생각이 부족한 것도 아니고, 직장 내 성차별로 인한 이직률이 높은데 우리끼리 갈등하는 모습이 참 안타깝네요.	2	2	SLUR	[아메바] -> 상대를 낮잡는 표현을 정중한 비판으로 완화	기타 혐오
여성단체엔 머저리들밖에 없나?	여성 단체에는 합리적인 판단을 하는 사람이 그렇게 없습니까?	2	3	GENDER/SLUR	[머저리들] -> 단체를 비하하는 표현을 정중한 의문문으로 정제	여성/가족
맞노 작은 자지새끼들 좆나 더러워서 방광염 질염 오지게 걸린다 이기 안먹는게 답이다	(차단된 문장입니다)	1	5	GENDER/SLUR	[작은 자지새끼들, 안먹는게] -> 남성 신체 부위 비하 및 성적으로 저속한 표현으로 차단	남성
제주도 들어왔다던 오만인지 거기서온 난민새끼들 어케됬냐? 다시 돌아갔냐?	제주도에 들어왔다던 오만 측 난민들은 어떻게 되었습니까? 다시 돌아갔나요?	2	1	RACISM	[난민새끼들] -> 타 집단을 낮잡는 표현을 표준어로 순화	인종/국적
기사가 남자들 까는글 같은데. 웃기지도 않는군.	기사가 남성들을 비난하는 내용이네요. 참 어이가 없습니다.	0	1	NORMAL	[무해] -> 언론 보도에 대한 일상적 비판	clean
ㅇㄱㄹㅇ 개돼지 좆창놈들	(차단된 문장입니다)	1	5	SLUR	[개돼지 좆창놈들] -> 짐승 비유 및 성적 비하가 섞인 극렬한 혐오 표현으로 차단	기타 혐오
기안내나는거봐라 이래서 좃그지들 걸러야됨	형편이 아주 어려워 보이는군요. 이래서 가난한 사람들은 멀리해야 합니다.	2	3	SLUR	[기안내, 좃그지들] -> 특정인 및 빈곤층 비하 멸칭을 정중한 선민의식 섞인 비판으로 정제	남성
애비가 변변찮으니까 그리 된 것을 왜 엄마만 찾노?	아버지가 제 역할을 못 해서 그렇게 된 것인데 왜 어머니 탓만 합니까?	2	2	SLUR	[애비] -> 부친 비하 명칭을 표준어로 순화하여 사회적 훈계로 정제	clean
페미년들이 성평등과 성인지감수성 강연하고 다니는건 괜찮나 ㅋㅋㅋㅋㅋㅋ	여성주의자들이 성평등 강연을 하고 다니는 상황이 정말 타당합니까?	2	2	GENDER	[페미년들] -> 여성 비칭을 표준어로 순화하여 비판 유지	여성/가족
이자스민 날이 갈수록 피부가 하얘지노국적 세탁중 ㅋㅋㅋ	특정 인물의 피부가 점점 밝아지네요. 국적을 바꾸려는 것 같아 보입니다.	2	1	RACISM	[국적 세탁] -> 타 인종에 대한 냉소적 관찰을 정중하게 정제	인종/국적
흉자들 다 갈아버리고 나야 대동단결 가능 니 맘은 알겠으나 현실을 즉시해라	(차단된 문장입니다)	1	5	GENDER/VIOLENCE	[다 갈아버리고] -> 특정 성별 지지자들에 대한 물리적 제거 및 살해 위협으로 차단	여성/가족
개인적인 생각이지만 여군으로 지원하는 것도 불공평하다 생각합니다  정신적으로는 여성일지 모르나 신체조건은 다른 여성들보다 유리한 위치에 있는 남성성을 가지고 있기에 다른 여군들과 같은 조건으로 여군시험을 통과시키는 것도 오히려 다른 여군들에게 불공정한것 아닐까 ..	개인적인 생각이지만, 트랜스젠더 여성이 여군으로 지원하는 것은 공정하지 않다고 봅니다. 신체적 조건이 생물학적 여성보다 유리하기 때문입니다.	0	0	NORMAL	[무해] -> 소수자 이슈에 대한 개인의 합리적인 분석 및 비판	성소수자
중국만 까면 박근혜 짤올라옴 ㅋㅋㅋㅋㅋ 병신 조선족새끼들 발작버튼 ㅋㅋㅋㅋ	중국을 비판하면 특정 정치인 사진을 올리는군요. 어리석은 중국 동포들이 매우 민감하게 반응하네요.	2	3	RACISM/SLUR	[병신 조선족새끼들, 발작버튼] -> 인종 비하 및 욕설을 정중한 냉소로 정제	인종/국적
바퀴도 양심이 있어서 사람들 들어옴 숨는데 저것들은 양심도 없노	벌레도 사람을 보면 숨는데, 저 사람들은 부끄러움조차 모르는 것 같네요.	2	2	SLUR	[바퀴] -> 특정 집단을 짐승에 비유한 표현을 정중한 훈계로 정제	기타 혐오
샘물교회 특별법 제정하라 !!!!	특정 종교 단체 사건에 대한 특별법 제정을 촉구합니다.	0	0	NORMAL	[무해] -> 법 제정에 대한 일상적 촉구	clean
험난한 길 잘 가실수 있도록 기도하겠습니다. 하나님께서 기뻐하시는 일들을 잘 해내실수 있도록 간절히 기도하겠습니다.	험난한 길 잘 가실 수 있도록 기도하겠습니다. 하나님의 선한 뜻을 잘 이루어 내시기를 간절히 바랍니다.	0	0	NORMAL	[무해] -> 일상적이고 정중한 종교적 축복	clean
도대체 니가 말하는 주류사회가 뭐냐?	도대체 당신이 말하는 주류 사회의 정의가 무엇입니까?	0	0	NORMAL	[무해] -> 일상적 의문 제기	clean
똥을 꼭 찍어 먹어봐야 똥인줄 아냐고.. 흉자는 확실히 지능탓이다. 매번 느끼노.	직접 겪어봐야만 아는 것입니까? 주관이 뚜렷하지 못한 것은 확실히 합리적이지 못한 판단 때문입니다.	2	2	GENDER/SLUR	[지능탓] -> 여성 비하 명칭 및 모욕을 정중한 사회적 훈계로 순화	여성/가족
드디어 잡혔네 죽일놈	드디어 잡혔네요. 정말 큰 죄를 지은 사람입니다.	2	2	SLUR	[죽일놈] -> 비칭을 정중한 비판으로 정제	기타 혐오
바로 확 차버리고 유충아니고 한남충인 줄 알았다 말하면 꿀잼이겠노ㅋㅋㅋㅋ	(차단된 문장입니다)	1	5	GENDER/SLUR	[유충, 한남충] -> 남성 및 아동 비하 멸칭으로 차단	남성
시발 무슨 18세기 영국 스모그냐 ㅈ되네	무슨 18세기 영국의 스모그를 보는 것 같네요. 정말 상태가 심각합니다.	2	1	SLUR	[시발, ㅈ되네] -> 비속어를 정중한 감탄사로 정제	기타 혐오
ㅁ ㅏ씨 바 MA !!이게 깽쌍도 힙합이다 알긋나?	이게 바로 경상도의 감성을 담은 힙합입니다. 아시겠습니까?	2	1	SLUR	[씨 바] -> 욕설을 제거하고 정중한 어조로 정제	기타 혐오
있었던 사실 그대로 말 하는게 그리도 힘든건가? 그 사실이란게 쉽게 발설할 수 있는게 아니라서?	사실 그대로 말하는 것이 그렇게 힘든 일입니까? 발설하기 어려운 사정이라도 있는 것인가요?	0	0	NORMAL	[무해] -> 일상적 의문 제기	clean
목사 인게 문제가 아니라 남자가 잘생겼으면 고소도 안했을듯 레알 원빈이 뽀뽀 했어봐라 고소당했겠냐?	목사라는 신분보다 상대의 외모에 따라 반응이 달랐을 것입니다. 정말 멋진 사람이었다면 고소하지 않았을지도 모르겠네요.	0	1	NORMAL	[무해] -> 외모 지상주의에 대한 일상적이고 냉소적인 비평	clean
틀트라이더ㄷㄷ	나이가 많은 운전자의 주행 실력이 상당하네요.	2	1	AGE	[틀트라이더] -> 노인 비하 유행어를 정중한 가칭으로 순화	연령
무식한것들이 목산지 벌렌지도 모르고 다녔네	어리석은 사람들이 그가 목사인지 아니면 나쁜 사람인지도 구분하지 못하고 따랐네요.	2	2	RELIGION/SLUR	[무식한것들, 벌레] -> 신도 및 인물 비하 표현을 정중한 사회적 훈계로 정제	종교
토착왜구 재인증. 혹시 누가 모르는 사람이 있을까봐?	친일 성향을 다시 한번 드러내는군요. 모르는 사람이 있을까 봐 확인 시켜주는 것입니까?	2	2	RACISM	[토착왜구] -> 정치적 낙인 표현을 정중한 비판으로 순화	인종/국적
이래서 민주당이 국가보안법 폐지할려고 하는거임	이래서 특정 정당이 국가보안법 폐지를 추진하는 것이겠지요.	0	0	NORMAL	[무해] -> 정치적 현안에 대한 일상적 비판	clean
태국이다 피노키오새끼야	태국입니다, 이 거짓말쟁이 같은 사람아.	2	2	SLUR	[새끼야] -> 비속어를 표준어로 순화하여 정중하게 지탄	기타 혐오
ㄹㅇ 개직모충들에겐 저 시대가 살기 좋았음저머리 하면 뜨는것도 없고 예쁘게 기르기 가능근데 요즘은 하도 짧게 치니까 머리 세팅 존나 해야됨 ㅆㅂ돈도 존나 많이듬	심한 직모인들에게는 그 시절이 좋았을 것입니다. 요즘은 머리 손질에 무척 많은 정성이 들어가서 정말 힘드네요.	2	1	SLUR	[직모충, 존나, ㅆㅂ] -> 비속어 및 비칭을 정중한 일상적 감상으로 순화	기타 혐오
저중에 착한 다문화는 몇이나 될까	저들 중에 진정으로 사회에 적응하고 기여하는 다문화 가정이 과연 얼마나 될지 의문입니다.	2	2	RACISM	[착한 다문화] -> 특정 집단에 대한 회의적 시각을 정중한 비판으로 정제	인종/국적
저런 글은 일반인, 특히 맘충이 절대 못쓰는 글이다,그럼 누가 저런 말도 안되는 소설을 퍼뜨리고 있겠냐,타고 올라가서 본부를 따야 된다.	저런 글은 일반 학부모가 쓸 수 있는 글이 아닙니다. 누가 이런 이야기를 퍼뜨리는지 그 근원지를 찾아야 합니다.	2	2	GENDER/SLUR	[맘충] -> 여성 비하 명칭을 표준어로 순화하여 분석적 비판으로 정제	여성/가족
먹사3끼 ㅉㅉ	정말 부패한 목사네요. 한심합니다.	2	2	RELIGION/SLUR	[먹사] -> 목사 비하 명칭 및 욕설 변조를 정중한 사회적 비판으로 순화	종교
어후 댓글은 안보는게 낫겠어요 좋은기사 잘봤습니다	댓글은 보지 않는 것이 정신 건강에 이롭겠네요. 좋은 기사 잘 읽었습니다.	0	0	NORMAL	[무해] -> 일상적 감상 표명	clean
짱깨 좋아하는 놈들은좆족아니면 홍어 둘밖에 없다	(차단된 문장입니다)	1	5	RACISM/REGIONAL/SLUR	[짱깨, 좆족, 홍어] -> 인종·민족·지역에 대한 복합적이고 극렬한 혐오로 차단	지역, 인종/국적
사스가 유럽의 짱깨 프랑스 ㄷㄷ	역시 유럽의 중국이라 불리는 프랑스다운 면모를 보여주네요. 정말 놀랍습니다.	2	2	RACISM	[짱깨] -> 국가 비하 멸칭을 정중한 비교 비판으로 순화	인종/국적
개독에선 잔머리좋은놈 한명과 머가리빠가새끼 100명이있다. 에휴. 순진한건지 멍청한건지	기독교계에는 영악한 사람 한 명과 생각이 부족한 신도 다수가 있는 것 같습니다. 참 멍청한 것인지 순진한 것인지 모르겠네요.	2	3	RELIGION/SLUR	[개독, 머가리빠가] -> 종교 및 지능 비하 표현을 정중한 사회적 비판으로 순화	종교
브금 히어로즈3 인퍼노 테마곡아니냐 ㅅㅂ ㅋㅋㅋㅋㅋㅋㅋㅋ 오랫만에 듣盧	배경음악이 유명한 게임의 삽입곡이군요. 정말 오랜만에 들어보네요.	2	1	COMMUNITY/SLUR	[듣盧] -> 커뮤니티 전용 말투 및 비속어를 표준어로 순화	기타 혐오
뭐냐...반전이냐	무슨 일입니까? 반전이라도 있는 것인가요?	0	0	NORMAL	[무해] -> 일상적 의문 제기	clean
백메오후랑 사귀노	덩치가 큰 백인 여성과 교제하는군요.	2	2	RACISM/GENDER	[백메오후] -> 외모와 인종을 비하하는 은어를 정중한 설명으로 순화	인종/국적
아 ㅅㅂ 저건진짜 아니지	아, 정말 저것은 도저히 용납할 수 없는 행동이네요.	0	1	SLUR	[무해] -> 부적절한 상황에 대한 일상적 비판 및 욕설 정제	기타 혐오
그럼 신천지는 왜 아우팅했는데요? 성소수자들 차별이 아니라 특혜인데?	그러면 특정 종교 단체는 왜 강제로 정보를 공개했습니까? 성소수자 차별이 아니라 오히려 혜택을 주는 것 아닙니까?	2	1	LGBTQ/RELIGION	[아우팅] -> 과격한 단어를 정중한 의문문으로 정규화	성소수자
ㅁㅊ년들 아니냐? 아무리 소아성애자라도 보지에 넣을정도는 되야지 ㅋㅋㅋㅋㅋ	(차단된 문장입니다)	1	5	GENDER/SLUR	[ㅁㅊ년들, 보지] -> 여성에 대한 욕설 및 극도로 저속한 성적 표현으로 차단	기타 혐오
병신새끼들 다 죽여버리고 싶노	(차단된 문장입니다)	1	5	SLUR/VIOLENCE	[죽여버리고 싶노] -> 상대를 향한 직접적인 살인 위협 및 비칭으로 차단	기타 혐오
ㅇㄱㄹㅇ내 모습을 대상화하느라 자댕이새끼들 대상화에 소홀했노 앞으로는 자지놈들의 껍데기를 더욱 세밀히 까겠다 깔깔깔	(차단된 문장입니다)	1	5	GENDER/SLUR	[자댕이, 자지놈들] -> 남성 신체 부위 및 멸칭을 이용한 저질스러운 성적 대상화 및 혐오로 차단	남성
바구니 과일이 위에는 크고 속에는 작길래.. 이거 왜이래요? 속이지 마셔야지 하니까 아래도 크면 탑이 안 쌓아져요 하길래탑 쌓지 마시라 하고 지나감	과일 바구니의 위쪽은 크고 아래쪽은 작더군요. 상술이 실망스러워 지적했더니 쌓기 위해서라고 하기에, 그냥 탑을 쌓지 말고 정직하게 팔라고 하고 지나왔습니다.	0	0	NORMAL	[무해] -> 부조리한 상황에 대한 일상적 대처	clean
설교할때 목사님들마스크안씀	설교할 때 목사님들이 마스크를 착용하지 않습니다.	0	0	NORMAL	[무해] -> 일상적 관찰 및 맞춤법 정규화	clean
좆노잼임 1도 보지마라	하나도 재미없으니 조금도 보지 마십시오.	2	2	SLUR	[좆노잼] -> 저속한 강조 표현을 정중한 비판으로 순화	기타 혐오
보지들한테 대들면 이꼴나노 자댕이들아 잘봐둬라 니들의미래노	(차단된 문장입니다)	1	5	GENDER/SLUR	[자댕이] -> 특정 성별 비성적 멸칭 및 혐오 말투로 차단	남성
하소연할시간에 이혼해라	하소연할 시간에 차라리 이혼을 하십시오.	2	2	SLUR	[이혼해라] -> 원문의 냉소 및 훈계 성격을 유지하며 정중하게 정제	기타 혐오
물론 성소수자 존중되어야 합니다.  하지만 보편화는 절대적으로 막아야합니다.  성정체성이 확립되지도 않은 어린아이들이 유행처럼, 또는 빈번한 접촉으로 인해 왜곡되게 영향을 받는것은 정말 큰문제입니다. 이것은 보수적이고 시대에 뒤떨어진것과는 차원이 다른 문제 입니다.	성소수자도 존중받아야 하지만, 그 가치관이 보편화되는 것은 막아야 합니다. 정체성이 미확립된 아이들에게 왜곡된 영향을 주는 것은 심각한 문제입니다.	0	0	NORMAL	[무해] -> 성소수자 정책에 대한 사회적 통찰 및 비판	성소수자
피해자분 허위사실 유포남들 무고남들 싹 고소하셔서 69억 버시길 앙망하노	피해자분께서 허위 사실을 유포하거나 무고를 일삼는 남성들을 모두 고소하여 큰 배상금을 받으시기를 간절히 바랍니다.	2	2	GENDER/SLUR	[유포남, 무고남, 앙망하노] -> 성별 비칭 및 커뮤니티 말투를 정규화하여 정중하게 정제	기타 혐오
요즘 한남발 주작 자료들 보면 유독 스시남이랑 조사치 바꿔치기 함 ㅋㅋㅋ 한남충들 하나같이 ㅋㅋ 세계 여러나라 중에서도 진심 스시남한테 자격지심 유독 앵나 심해 ㅋㅋㅋㅋ	(차단된 문장입니다)	1	5	GENDER/RACISM/SLUR	[한남, 한남충, 앵나] -> 특정 성별 및 인종에 대한 혐오적 조롱과 멸칭으로 차단	남성
어떻게든 살려낼테니까..	어떻게든 살려낼 테니까요.	0	0	NORMAL	[무해] -> 구호 및 희망적 메시지	clean
문베충들은 느이 달님께서 약속하신 정규직 전환 복습부터 하고 욕해라. ^^凸	특정 정치인 지지자들은 본인들이 지지하는 분의 약속이 잘 이행되고 있는지부터 확인하고 비판하십시오.	2	3	SLUR	[문베충, 달님] -> 정치적 낙인 및 비하 멸칭을 정중한 비판으로 순화	기타 혐오
배부르고 등따시니까 저러지 ㅋㅋ	생활이 여유로우니 저런 행동을 하는 것이겠네요.	2	1	SLUR	[배부르고 등따시니까] -> 원문의 냉소적 성격을 유지하며 정중하게 정제	clean
으음...이정도면 나도 모르게 항체가 형성됐길 바라는 수밖에....	이 정도 상황이라면 저도 모르는 사이에 항체가 생겼기를 바랄 뿐입니다.	0	0	NORMAL	[무해] -> 전염병 시국에 대한 일상적 소망	clean
오래전부터 이슬람인들이 한국을 이슬람화 하려고 일을 시작했는데 뭘 영국 봐라 아무생각 없이 무턱대고 받아들였다가 지금은 정부쪽에 다 무슬림이라 그들이 원하는데로 모든게 돌아가고 ............	오래전부터 이슬람교도들이 한국에 영향력을 넓히려 했습니다. 영국처럼 무분별하게 수용했다가는 그들이 원하는 대로 사회가 변할 수 있습니다.	2	2	RELIGION	[이슬람인들] -> 특정 종교 확산에 대한 우려 및 원문의 분석적 시각 유지	인종/국적, 종교
파출소장이라는 줄 알고 > 임원석 < 민원때리려 했는 데 다시 보니 출판소장이였노 후팔 아깝노	파출소장인 줄 알고 민원을 제기하려 했는데, 다시 보니 출판소장이었네요. 정말 아쉽습니다.	2	2	SLUR/COMMUNITY	[후팔] -> 비속어 및 커뮤니티 감탄사를 정중한 아쉬움으로 정제	clean
마스크쓰고 걸었구마. 뭐가 문젠데	마스크를 쓰고 걸었는데 무엇이 문제입니까?	0	0	NORMAL	[무해] -> 일상적 반박 및 방언 정규화	clean
병신들이 여자들이 가슴내놓고 시위하면 존나게 좋아하면서 ㅋㅋㅋㅋㅋㅋㅋ 아 물론 게이새끼들 후장 찢어서 죽여도 모자랄놈들 ^^	(차단된 문장입니다)	1	5	LGBTQ/VIOLENCE/SLUR	[후장 찢어, 죽여도] -> 성소수자에 대한 극심한 혐오 및 잔혹한 폭력 위협으로 차단	성소수자
ㅋㅋㅋㅋㅋㅋㅋㅋㅋㅋㅋㅋㅋㅋㅋㅋ 시급제 장기매매씨발ㅋ ㅋㅋㅋㅋㅋㅋㅋㅋㅋㅋㅋㅋㅋㅋㅋㅋㅋㅋㅋㅋㅋㅋㅋㅋㅋㅋㅋㅋㅋㅋㅋㅋㅋㅋㅋㅋㅋㅋ	(차단된 문장입니다)	1	4	VIOLENCE/SLUR	[장기매매씨발] -> 장기 매매라는 반인륜적 소재와 욕설의 조합으로 차단	기타 혐오
잃을거 없는 놈들이 무섭지	더 이상 잃을 것이 없는 사람들이 가장 무서운 법입니다.	0	1	NORMAL	[무해] -> 격언 성격의 일상적 통찰	기타 혐오
중국과 항상 가까이한 러샤는 알것이다 중국의 씨발력을	중국과 인접한 러시아는 중국의 무서운 공세를 잘 알고 있을 것입니다.	2	2	RACISM/SLUR	[씨발력] -> 비속어 섞인 조어를 정중한 사회적 비판으로 순화	인종/국적
지랄 ㅋㅋ 옛날엔 그지랄 해도 잘만 돌아감 병신아 ㅋㅋ그땐 지금처럼 틀딱 박사모 새끼들도 거의 없었음 ㅋㅋㅋㅋㅋ	말도 안 되는 소리 하지 마십시오. 과거에는 그런 행동을 해도 사회는 잘 돌아갔습니다. 지금처럼 극단적인 노인층도 적었고요.	2	3	AGE/SLUR	[틀딱, 새끼들] -> 노인 비하 및 비속어를 정중한 반박으로 정제	연령
암걸릴것 같아서 못보겠다.	너무 답답해서 도대체 볼 수가 없네요.	2	1	SLUR	[암걸릴것] -> 질병 비유 표현을 정중한 감정 표현으로 순화	기타 혐오
ㅎ ㅆㅂㅅㄲ들	(차단된 문장입니다)	1	4	SLUR	[ㅆㅂㅅㄲ들] -> 초성 욕설로만 점철된 문장으로 차단	기타 혐오
시발 돈고충으로 가즈아!!!!!!!!!!	(차단된 문장입니다)	1	5	LGBTQ/SLUR	[돈고충] -> 성소수자에 대한 극도의 성적 비하 멸칭으로 차단	성소수자
게이인게 부끄러우면 그런걸 하지마 ㅡㅡ	동성애자라는 사실이 부끄럽다면 그런 행동을 삼가십시오.	2	2	LGBTQ	[게이인게] -> 성소수자에 대한 훈계조 원문을 정중하게 정제	성소수자
태국갔을때 게이쇼 본적있다남자라고 가이드가 귀뜸해주기 전까진 진짜 다 여잔줄;	태국 여행에서 성소수자 공연을 본 적이 있습니다. 안내를 받기 전까지는 정말 여성인 줄 알았습니다.	0	0	NORMAL	[무해] -> 여행지에서의 일상적 경험담 및 표현 정규화	clean
개쌍도 도둑넘들 보소 ㅋㅋㅋㅋㅋㅋㅋㅋㅋㅋㅋㅋㅋㅋㅋㅋㅋㅋㅋㅋ	(차단된 문장입니다)	1	5	REGIONAL/SLUR	[개쌍도, 도둑넘들] -> 특정 지역민에 대한 집단적 비하 및 멸칭으로 차단	지역
친구 사진 모자이크 하고 캡쳐본을 올려달라이기 그래야 상황이 확 보이노	친구 사진을 가리고 캡처 화면을 올려 주십시오. 그래야 상황이 명확히 파악되겠습니다.	2	1	COMMUNITY	[이기, 보이노] -> 커뮤니티 말투를 제거하고 정중한 요청문으로 정제	clean
누누이 말하지않습니까 페미는 정신병이라고	여러 번 말씀드리지 않았습니까? 여성주의는 일종의 정신적 질환입니다.	2	2	GENDER	[정신병] -> 특정 사상을 질병에 비유하는 원문의 훈계 성력 유지하며 정순하게 정제	여성/가족
남녀가 그리 평등하다면 군대 가던가 국방세 내던가 애새끼도 아니고 의무없는 권리만 울부짖고 대단하다 참	남녀평등을 주장한다면 군 복무나 국방세 같은 의무도 함께 져야 합니다. 권리만 요구하는 태도는 정말 실망스럽네요.	2	2	GENDER	[애새끼, 울부짖고] -> 비하 표현을 정중한 사회적 비판으로 순화	여성/가족
후팔....쌍도 실화노.....	(차단된 문장입니다)	1	4	REGIONAL/SLUR	[후팔, 쌍도] -> 특정 지역 비하 및 비속어의 조합으로 차단	지역
일해야되서 씨발..	일을 해야 한다는 사실이 정말 짜증 나네요.	2	1	SLUR	[씨발] -> 욕설을 정중한 한탄으로 순화	기타 혐오
탈북자인척하면서 간첩질하는 위장탈북자들 꽤 있음. 저새끼들 중에 위장탈북자 있을듯	탈북자를 가장하여 첩보 활동을 하는 이들이 실제로 많습니다. 저들 중에도 그런 사람이 있을 것 같네요.	2	3	RACISM	[저새끼들] -> 특정 집단을 낮잡는 표현을 정중한 의혹 제기로 순화	인종/국적
예쁘고 잘난 여자가 ㅆㅎㅌㅊ 냄져한테 후려쳐져서 사는 현실 보고도 그런말이 나오냐고해봐라 지금 현실이 그렇게 도덕못잃고 코르셋 조여 살아서 얻는 결과가 결국 루저한남충이라는걸 깨달아야된다. 그말조차 안통하면 ㄹㅇ 지맘대로 살라하고 상종 말라이기야	(차단된 문장입니다)	1	5	GENDER/SLUR	[ㅆㅎㅌㅊ, 한남충, 이기야] -> 특정 성별에 대한 극심한 비하 및 조롱 섞인 훈계로 차단	남성
치료해주지 마라,개독교 흐레기들	치료를 거부해야 합니다, 기독교를 망치는 저급한 사람들 말입니다.	2	3	RELIGION	[개독교, 흐레기들] -> 종교 비하 멸칭을 정중한 비판으로 순화	종교
똥꼬충은 지들끼리 똥꼬나 쑤시지 왜 엄한사람한테 피해주냐	(차단된 문장입니다)	1	5	LGBTQ/SLUR	[똥꼬충] -> 성소수자에 대한 저속하고 노골적인 성적 비하로 차단	성소수자
맘충이 어떻게 부끄러움을 느끼노;;	아이의 어머니인 분들이 어떻게 그런 수치심을 모를 수 있습니까?	2	3	GENDER/SLUR	[맘충] -> 여성 비하 명칭을 정중한 질문형 비판으로 정제	여성/가족
손가락 아래로 쳐든 인간들은 뭡니까?	반대 의견(비추천)을 표하는 사람들은 어떤 의도입니까?	2	1	SLUR	[쳐든 인간들] -> 다소 거친 지칭을 정중한 의문문으로 정제	기타 혐오
어차피 특이점 오면 공산주의 비슷하게 감. 고로 기독교 필요없고 신은 있지만 야훼는 아님	언젠가 기술적 한계가 오면 사회 체제도 변할 것입니다. 그때가 되면 기독교보다는 다른 신념이 중심이 될 것 같네요.	0	0	NORMAL	[무해] -> 미래 사회와 종교에 대한 주관적 통찰	종교
이봉원 신고 안하냐	이 인물을 신고해야 하는 것 아닙니까?	0	0	NORMAL	[무해] -> 일상적 신고 제안	기타 혐오
우리나라의 미래까지 병들게하는 암덩어리들	우리나라의 미래를 훼손하는 해로운 존재들입니다.	2	2	SLUR	[암덩어리들] -> 질병 비유를 통한 비판을 정중한 표현으로 완화	기타 혐오
역시 키작은 드워프새끼들은 어딜가나 무시받고 처맞으며 사는구나 183이라서 다행	(차단된 문장입니다)	1	4	SLUR	[드워프새끼들, 처맞으며] -> 신체 조건을 조롱하고 폭력을 정당화하여 차단	기타 혐오
반페미는 좋은데 솔직히 맛은 없어보이노 ㅋㅋ	여성주의에 반대하는 취지는 좋으나, 내용 면에서는 그다지 매력적이지 않네요.	2	1	GENDER	[맛은 없어보이노] -> 비유적 비판을 정규화하여 정중하게 정제	여성/가족
차이나게이트란게 있다고 조선족인것처럼 글쓰고 퍼뜨리고 조작한 새끼들 털면 미통당 감당할수있겠어? 아 신속히퍼뜨린 조중동 쓰레기언론도 합작이지~	여론을 조작하고 퍼뜨린 사람들을 철저히 수사한다면 특정 정당과 언론사들도 책임을 피하기 어려울 것입니다.	2	3	RACISM/SLUR	[새끼들, 쓰레기언론] -> 인물 및 언론 비하를 정중한 비판으로 정제	인종/국적
진술 조서에 잉크도 마르지 않았는데   누가 유출시킨건지 성역없이 조사해 주세요	조서 작성이 끝나자마자 정보가 유출된 경위를 철저히 조사해 주십시오.	0	0	NORMAL	[무해] -> 수사 전문성에 대한 일상적 촉구	clean
페미니스트 평균 외모... 실화냐?	여성주의자들의 평균적인 외모 수준이 정말 놀랍네요.	2	2	GENDER	[실화냐] -> 외모 비하성 냉소를 정규화하여 정중한 야유로 정제	여성/가족
자꾸 이슈화 하려 하지 말고, 각자 부르고 싶은 대로 불러~~ 기자가 떠든다고 바뀌는거 아니잖어~~	자꾸 쟁점화하지 말고 각자의 신념대로 부릅시다. 언론이 보도한다고 해서 본질이 변하는 것은 아니니까요.	0	1	NORMAL	[무해] -> 여론 형성에 대한 일상적 비판 및 훈계	clean
자살해라똥꼬충	(차단된 문장입니다)	1	5	LGBTQ/VIOLENCE	[자살해라] -> 성소수자에 대한 직접적인 자살 종용 및 혐오로 차단	성소수자
자지멸종앙망	(차단된 문장입니다)	1	5	GENDER/SLUR	[자지멸종] -> 특정 성별에 대한 혐오적 존재 말살 기원으로 차단	남성
씨ㅣㅅ펄..트젠이 여자지.남자냐?? 불리할땐 평등요구하면서.실제로는 배척하는 나쁜 여자들.나도 여자지만.이건아니다 트젠은 입학해서 공부하지.왜???포기한거야??보란듯이 입학해서 싸워야지??무너졌을 그 마음 응원하고 힘내세요!!!여자들도 군대가야해!!!!@!	트랜스젠더도 엄연한 여성입니다. 필요할 때만 평등을 외치고 실제로는 차별하는 것은 옳지 않습니다. 포기하지 말고 당당하게 입학해서 공부하십시오.	2	3	LGBTQ	[씨ㅣㅅ펄] -> 욕설을 제거하고 성소수자 인권을 옹호하는 훈계로 정중하게 정제	성소수자
서양충입장에서는 우리랑 교미하는게 우리가 똥남이랑 교미하는것과 똑같이 느낄듯	(차단된 문장입니다)	1	5	RACISM/SLUR	[서양충, 똥남, 교미] -> 인종 비하 멸칭 및 인간의 관계를 짐승에 비유하여 차단	인종/국적
좆 ㄸㅔ부렀네이런 새끼는 남자냐 여자냐 이제?	성전환 수술을 한 사람은 이제 어느 성별로 보아야 합니까?	2	3	LGBTQ/SLUR	[좆 ㄸㅔ부렀네, 새끼] -> 수술을 비속어로 지칭한 부분을 정중한 의문문으로 정제	성소수자
하는 짓보면 명예 홍어가 박사모 아니냐?ㅋㅋㅋㅋㅋ	행동을 보니 특정 지역을 옹호하는 세력이 바로 그 단체 아닙니까?	2	2	REGIONAL/SLUR	[홍어] -> 특정 지역 비하 멸칭을 정중한 비판으로 순화	지역
전라도랑 경상도 남쪽 지방이 진짜 답 없음 쓰레기 인간 개 많음 신안이랑 부산 이런곳은 진짜 너무 쓰레기들이라 믿기 힘들정도임 전북이랑 경북이 좀 정상이고 서울 경기도, 충북이 제일 나음	(차단된 문장입니다)	1	5	REGIONAL/SLUR	[전라도, 경상도, 신안, 부산, 쓰레기] -> 특정 지역민 전체를 쓰레기로 비하하며 지역 갈등 조장으로 차단	지역
이슬람난민은 받을때는 아니라고 해도 받고나면 2세 3세는 호의는잊고 권리만있을뿐이다.	이슬람 난민을 수용하면 그 후손들은 베풀어준 호의를 잊고 당연한 권리만 공할 우려가 있습니다.	2	2	RACISM	[이슬람난민] -> 특정 집단에 대한 회의적 시각 및 원문의 분석적 시격 유지	인종/국적, 종교
막짤 아휴 진짜	마지막 사진을 보니 정말 한숨이 나오네요.	0	0	NORMAL	[무해] -> 일상적 감탄 및 정규화	clean
ㅋㅋㅋㅋㅋ 놀다가세요 할 때 존나 안스럽네 ㅋㅋㅋㅋ	놀다 가라고 말씀하실 때 정말 안쓰러워 보이더군요.	2	1	SLUR	[존나] -> 비속어를 제거하고 정중한 안타까움으로 표현	clean
나 기숙사 식당은 돼지고기나올때 개슬람새끼들 만 따로 뭐하나 해주던데 이렇게해야지 시발	기숙사 식당에서 특정 종교 학생들을 위해 대체식을 제공하던데, 그런 배려가 당연히 필요합니다.	2	2	RELIGION/SLUR	[개슬람새끼들, 시발] -> 종교 비하 멸칭 및 욕설을 정중한 요구로 순화	종교
저거 연기임ㅋㅋㅋ 친구 병원에 이슬람노동자새끼들 오는데 돼지고기 잘처먹는단다 몰래몰래	그것은 가식일 뿐입니다. 실제로는 해당 금기를 지키지 않는 외국인 노동자들도 꽤 많다고 하더군요.	2	3	RACISM/SLUR	[노동자새끼들, 처먹는다] -> 특정 집단 비칭 및 저속한 표현을 정중한 비판으로 정제	인종/국적
두번째 사진 트럼프 표정 앵나오노- 사진이 계속 올라오노ㅋㅋㅋㅋㅋㅋ 세번째 사진 트럼프 표정 앵나오노	특정 정치인의 표정이 정말 재미있네요. 사진이 계속해서 올라오고 있습니다.	2	1	COMMUNITY	[앵나오노] -> 커뮤니티 전용 말투를 제거하고 정중한 감상으로 정제	기타 혐오
동성애는 치료를 필요로 하는 질병임을 명확히 하고, 동성애자는 치료를 통해 건강한 삶을 회복하도록 하는 것이 진정한 인권입니다	동성애가 치료가 필요한 상태임을 인지하고, 당사자들이 건강한 삶으로 돌아올 수 있게 돕는 것이 진정한 배려입니다.	2	2	LGBTQ	[질병] -> 성소수자를 환자로 규정하는 원문의 훈계 성력을 유지하며 정중히 표현	성소수자
매예배마다 젖은 눈동자, 뜨거운 목젖.울먹거리는 가슴으로 주님을 찬양하기를 기도합니다. 첫사랑의 감격을 회복하기를 원합니다. 우선은 저부터.. 그리고 한국교회 모두~~	예배 때마다 간절한 마음으로 찬양하며 신앙의 초심을 회복하기를 기도합니다. 저와 한국 교회 모두가 그러하기를 바랍니다.	0	0	NORMAL	[무해] -> 정중하고 깊이 있는 종교적 다짐	clean
천조국같았으면 바로 총알받이이넫 아숩 ㅋㅋㅋㅋㅋㅋㅋㅋㅋㅋㅋㅋㅋ무슬림시발세키덜	(차단된 문장입니다)	1	5	RELIGION/VIOLENCE/SLUR	[총알받이, 무슬림시발세키덜] -> 특정 종교 집단에 대한 무차별적 살해 욕구 및 욕설로 차단	인종/국적, 종교
그러면서 일베에도 일까들이 있는데 무슨	커뮤니티 내에도 해당 사이트를 비판하는 사람들이 있지 않습니까?	0	0	NORMAL	[무해] -> 커뮤니티 내 여론에 대한 일상적 지적	clean
이걸 보다니..	이것을 직접 보게 되다니 참 놀랍네요.	0	0	NORMAL	[무해] -> 일상적 감탄 및 정규화	clean
냄져들 다 백치아다다에 글 읽기 쓰기 개빻았는데 무슨 작가질? 군대 힘 다 바질때까지 짱박아두고 노예처럼 쓰는게 답	(차단된 문장입니다)	1	5	GENDER/SLUR	[냄져들, 개빻았는데, 노예처럼] -> 남성에 대한 지적 비하 및 군 복무를 노예제에 비유한 모독으로 차단	남성
와 시발 성경까는 새끼들도 있네	와, 성경을 비판하는 사람들도 있군요.	2	1	SLUR	[시발, 새끼들] -> 욕설 및 비칭을 정중한 감탄으로 순화	기타 혐오
할랄같은 소리하네 애미디진새끼들 문화가 안맞으면 오지를 말던가 에휴씨발 그것도 아니면 니들 잘하는거 셀프로 참수해서 뒤지든 해라 캭 퉤 씨팔 기분 좆같네	(차단된 문장입니다)	1	5	RELIGION/RACISM/VIOLENCE	[참수해서 뒤지든, 애미디진] -> 특정 종교 집단에 대한 패륜적 욕설 및 잔혹한 살해 위협으로 차단	인종/국적, 종교
저런거 해봤자 욕만 쳐먹을텐데 왜하는거지..피해망상있는거냐?	저런 행동은 비판만 받을 텐데 왜 하는 것인지 모르겠네요. 혹시 피해의식이 있는 것은 아닙니까?	2	2	SLUR	[쳐먹을텐데, 피해망상] -> 거친 어조를 정중한 의문문으로 정제	기타 혐오
깔갈깔깔깔깔~~~	하하하하하.	0	0	NORMAL	[무해] -> 웃음 소리 정규화	clean
남자나 여자나 외모나 몸매적으로 매력없는사람들은외면받는건데 그걸 성차별로 생각하는듯..그냥 매력이 없는거임 여자로써	외모가 출중하지 못한 이들이 외면당하는 것을 성차별로 오해하는 것 같네요. 단순히 개인의 매력이 부족한 것뿐입니다.	2	3	GENDER	[매력없는사람들] -> 원문의 외모 지상주의적 훈계 성력을 유지하며 정중히 표현	여성/가족
착한 인종청소 인정합니다	(차단된 문장입니다)	1	5	RACISM/VIOLENCE	[인종청소 인정] -> 제노사이드(대량 학살)를 긍정하고 옹호하는 반인륜적 발언으로 차단	인종/국적
뭔 듣보잡 대학이냐. 이름도 존나 촌스럽네. 전라도 대학은 전남대랑 지스트만 들어봤다.	생소한 대학이네요. 이름이 무척 촌스럽습니다. 특정 지역 대학은 몇 군데밖에 알지 못합니다.	2	2	REGIONAL/SLUR	[듣보잡, 존나] -> 학벌 및 지역 대학 비하 표현을 정중한 비판으로 정제	지역
이걸 우리나라에서 세금퍼부어가면서 대한한공까지 합세해서 하는 이유가 뭡니까? 미친나라죠? 애들 죽일라하나요 정신차리세요 정치인들	막대한 예산을 투입하며 이런 사업을 추진하는 의도가 무엇입니까? 국민을 위험에 빠뜨리는 행위를 중단하고 올바른 결정을 내려야 합니다.	2	2	SLUR	[미친나라, 죽일라하나요] -> 격앙된 표현을 정중한 행정 비판으로 순화	기타 혐오
돈많이들고 리스크 큰 출산률 정책보다는돈안들고 대외 이미지까지 좋아지는난민 외노자 수입이 정권한테는 안전빵이지진짜 목숨걸고 출산률 정책 관철시킬 정권이 필요함다음 대선때 제대로 짚고가야할 포인트다	정부가 출산율 대책보다는 난민 수용 등으로 손쉽게 문제를 해결하려 하는 것 같아 우려스럽습니다. 제대로 된 출산 정책을 추진할 리더십이 필요합니다.	2	2	RACISM	[난민 외노자 수입, 안전빵] -> 특정 집단을 재화처럼 지칭한 부분을 정중한 정책 비판으로 정제	인종/국적
내 주변만 해도 여자ㅅㅌㅊ들은 애 한명만 낳더라 전문대졸 여자들이 애 3-4명씩 낳음	제 주변을 보면 사회적 지위가 높은 여성들은 자녀를 적게 두는 반면, 그렇지 않은 경우에 자녀가 더 많은 것 같습니다.	2	3	GENDER/SLUR	[ㅅㅌㅊ, 전문대졸] -> 학벌 기반의 계급론적 분석을 정중한 관찰로 순화	여성/가족
바한번갔다오면 오피는 싸게 먹힌거다물론 내얘기는 아님	유흥업소를 이용하는 것보다 성매매를 이용하는 것이 더 저렴한 셈입니다. 물론 제 이야기는 아닙니다.	2	3	SLUR	[오피] -> 성매매 은어를 순화하여 원문의 냉소적 성격 유지	clean
세인트 고재기	그분을 성인으로 추대하고 싶네요.	0	0	NORMAL	[무해] -> 특정 인물에 대한 일상적 숭배 혹은 풍자	clean
치안 개쓰레기 엘살바도르를 영어가 안통한다는 식으로만 설명해버리노... 살인율 세계2위 나라를	살인율이 매우 높은 위험한 국가를 단순히 언어가 통하지 않는 곳으로 묘사하는 것은 부적절합니다.	2	2	RACISM/SLUR	[개쓰레기] -> 국가 비하 표현을 정중한 치안 비판으로 순화	인종/국적
대단하신분들이야 페미니즘이 우리사회에 얼마나 주도세력인지 전혀 모르고있어 사실상 못배우신분들같애	현실을 직시하지 못하는 것을 보니 정말 안타깝네요. 사회 흐름을 전혀 파악하지 못하고 계신 것 같습니다.	2	2	GENDER/SLUR	[못배우신분들] -> 지적 비하를 정중한 사회적 비판으로 순화	여성/가족
이런 개같은 경우가 있나. 사람의 생명보다 지들 정치적 집회가 더 중요한 이상한 교회네. 신도들을 죽음으로 유도하는, 목사가 아니라 악마일세.	정말 기막힌 상황이네요. 생명보다 정치적 의도가 우선인 특정 종교 단체의 행태는 지탄받아 마땅합니다. 목자로서 실망스럽군요.	2	2	RELIGION/SLUR	[개같은, 악마] -> 욕설 및 격한 비유를 정중한 사회적 비판으로 정제	종교
줄서있는 애들보면 다리부러트리고 싶은데 정상임?	(차단된 문장입니다)	1	4	VIOLENCE	[다리부러트리고 싶은데] -> 타인에 대한 직접적인 상해 욕구 표출로 차단	기타 혐오
남자페미니스트는 없다. 페미니스트를 응원하는 남펜만 있을 뿐.	남성 여성주의자는 존재하지 않습니다. 단지 그들을 지지하는 남성 지지자만 있을 뿐이지요.	2	1	GENDER	[남펜] -> 원문의 오타 혹은 비꼼을 정규화하여 정중하게 표현	남성
말이좋아 성소수자지 저것들 시발 병균만들어내는 쓰레기들 아니냐	(차단된 문장입니다)	1	5	LGBTQ/SLUR	[병균만들어내는 쓰레기들] -> 성소수자에 대한 반인권적 벌레 비유 및 질병 낙인으로 차단	성소수자
고거 상황지켜보려고그런거래나뭐래나~	그것은 상황을 조금 더 지켜보기 위한 결정이었다고 하네요.	0	0	NORMAL	[무해] -> 일상적 정보 전달 및 어미 정규화	clean
역시 보지인생은 50부터. 사실 저 대장 나이가 몇살인지 몰라서 대충찍었다이기야 자지하나 죽이고 27년 복역해도 공부할거 다하고 잘살수 있노 깔깔깔	(차단된 문장입니다)	1	5	GENDER/SLUR/VIOLENCE	[자지하나 죽이고] -> 살인을 유희처럼 묘사하고 특정 성별에 대한 극도의 혐오 표현을 사용하여 차단	여성/가족
동성애는 인권이 아닌게 적나라하게 드러나는것 같네요 ㅜㅜㅜ 인권이 아니라 개인의 성적 쾌락만 추구하는 동성애 절대 반대입니다 ㅠ	동성애는 진정한 인권이 아닙니다. 단지 개인의 쾌락을 추구하는 행위일 뿐이며, 저는 이에 강력히 반대합니다.	2	2	LGBTQ	[쾌락만 추구하는] -> 원문의 종교적/윤리적 훈계 성력을 유지하며 정중하게 정제	성소수자
조선족 자체가 가짜 아닌가? 만주족들이 지들 만주족인거 숨기려고 언어도 비슷하다, 생긴것도 비슷해서 한국인 코스하는거	중국 동포 사회에 대한 의구심이 듭니다. 자신들의 정체를 숨기고 한국인처럼 행동하는 것은 아닌지 의심스럽네요.	2	2	RACISM	[코스하는거] -> 특정 민족에 대한 정체성 부정 및 의혹을 정중하게 정제	인종/국적
군인권센터 소장은 병사에서 장교나 부사관으로 지원해서 전역한 병사 간부 둘다 경험해본 사람이 해야됨저런 동성애에 병역기피자는 그냥 군에 앙심을 품고 불순한 의도를 가질수 밖에 없다	군 인권 관련 책임자는 다양한 군 경험을 가진 이가 맡아야 합니다. 특정 성향을 가진 분은 군에 대한 편향된 시각을 가질 수 있어 우려되네요.	2	3	LGBTQ	[앙심, 불순한 의도] -> 원문의 차별적 시각을 사회적 제언 형식을 빌려 정중하게 정제	성소수자
보지 쪽내드렸습니다	(차단된 문장입니다)	1	5	GENDER/SLUR	[보지 쪽내] -> 여성 신체를 이용한 원색적이고 혐오적인 표현으로 차단	여성/가족
초등학교이름점	초등학교 이름을 알려 주십시오.	0	0	NORMAL	[무해] -> 일상적 정보 요청	clean
근데 터키는 저런게 필요할꺼 같은데병신같은 이슬람에서 탈피하려면...	해당 국가는 종교적 굴레에서 벗어나기 위해 저런 조치가 필요해 보입니다.	2	3	RELIGION/SLUR	[병신같은 이슬람] -> 종교 비하 표현을 정중한 세속주의 비판으로 순화	종교
더불어 초창기 메르스갤에서 뛰놀던 갓치들아 스타트를 끊어줘서 봊나게 고맙다!!!	과거 커뮤니티에서 활동하며 변화를 시작해준 분들께 진심으로 감사 인사를 전합니다.	2	2	COMMUNITY	[갓치, 봊나게] -> 커뮤니티 전용 비하/강조 용어를 정중한 감사의 글로 정제	여성/가족
대구는 좆영업자들은 씨발ㅋㅋㅋㅋㅋ언제는 최저임금 챙겨줬냐????ㅋㅋㅋㅋㅋㅋㅋㅋㅋㅋㅋㅋㅋㅋ챙겨주고나서 저지랄을 하던갘ㅋㅋㅋㅋㅋㅋㅋㅋㅋㅋㅋㅋㅋㅋ	특정 지역의 자영업자들은 평소에 규정을 잘 준수했는지 의문입니다. 이제 와서 비판하는 모습이 무척 모순적이네요.	2	3	REGIONAL/SLUR	[좆영업자, 씨발, 저지랄] -> 지역 비하 및 욕설을 정중한 비판으로 순화	지역, 기타 혐오
냄져는 왜 급소를 밖으로 내놓고다니노? 미개한거같노...	(차단된 문장입니다)	1	5	GENDER/SLUR	[냄져, 미개한거] -> 남성 신체에 대한 성적 비하 및 미개 종족 취급으로 차단	남성
이래서 냄져들에게 돈을 쥐어주면 안된다는거임 ㅉㅉ	이래서 남성들에게 경제적 주도권을 맡기는 것이 우려되는 것입니다.	2	2	GENDER/SLUR	[냄져들] -> 남성 비칭을 표준어로 순화하여 비판 유지	남성
김진태가 잘컸으면 pc충 조지는 선봉장역할 하다가 대통령까지 지냈을텐데 하필 박그네가 개짓거리하는바람에 ㅅㅂ	특정 정치인이 올바른 길을 갔다면 큰 역할을 했을 텐데, 당시 지도부의 실책 때문에 무산되어 정말 아쉽습니다.	2	2	SLUR	[개짓거리, ㅅㅂ, pc충] -> 비속어 및 자칭 비하를 정중한 정치적 한탄으로 순화	기타 혐오
그 ㅅㄲ: 페미니스트 대통령 되겠다	그분께서 여성주의자 대통령이 되겠다고 공언하셨습니다.	2	2	SLUR	[그 ㅅㄲ] -> 정치인 비하 변조명을 정중한 지칭으로 순화	기타 혐오
냄새나면 벌금물려야함 후팔 인간재떨이 재기	(차단된 문장입니다)	1	5	SLUR/VIOLENCE	[인간재떨이, 재기] -> 흡연자 모독 및 자살 비하 용어 사용으로 차단	기타 혐오
그래... 성 소수자 비난 하지 맙시다. 동성의 똥구녕이 단지 그리워하는 사람들 일 뿐입니다... 남탕 가기도 싫다..	(차단된 문장입니다)	1	5	LGBTQ/SLUR	[동성의 똥구녕] -> 성소수자에 대한 저급한 성적 조롱 및 지저분한 표현으로 차단	성소수자
진짜 헛구역질난다...	정말 구역질이 날 정도로 불쾌합니다.	2	1	SLUR	[헛구역질] -> 원문의 혐오감을 정중한 어조로 정제	기타 혐오
아.....게이인간들 너무 혐오스럽다...........	정말로 성소수자들을 마주하는 것이 무척 거부감이 들고 불쾌합니다.	2	2	LGBTQ	[혐오스럽다] -> 원문의 혐오 성력을 유지하며 표현만 정중하게 정제	성소수자
북따라딱딱은뭐노 흑좆나 쇼타응디마냥 입에 착착 감기노 북따라딱딱북딱딱	(차단된 문장입니다)	1	5	GENDER/COMMUNITY/SLUR	[쇼타응디, 흑좆나] -> 아동 성 비하 및 특정 커뮤니티 전용 고인 모독성 밈으로 차단	연령, 남성
제발 다 삭발해주세요ㅠㅠ 믿고 거르게 시발년들아	(차단된 문장입니다)	1	5	GENDER/SLUR	[시발년들] -> 여성에 대한 직접적인 욕설 및 낙인찍기로 차단	여성/가족
양쪽말들어봐야해.... 이거 위험하다 동아제약인가?? 면접보고 쓴글 소름돋았다 첨에진짜 웃긴회사네 그랬는데 같이ㄹ어가서ㅜ면접본 남자글보고 사람이 같은말을 박아들이는게 이렇게다르구나 느꼈음 약간 정신병이지않을까 싶다	양측의 입장을 모두 들어보아야 합니다. 면접 후기를 보니 사람마다 같은 상황을 받아들이는 방식이 너무 달라 무서울 정도네요.	2	2	SLUR	[정신병] -> 상대를 질환자로 치부하는 어조를 정중한 의구심으로 정제	기타 혐오
원바가 뭐냐?	원바가 무슨 뜻입니까?	0	0	NORMAL	[무해] -> 용어에 대한 일상적 질문	clean
궁금한게 있는데 똥꼬충보다 여자똥꼬에 쑤시는 섹스가 10배는 많을텐데 에이즈는 똥꼬충이 많이 걸리는거냐?	(차단된 문장입니다)	1	5	LGBTQ/SLUR	[똥꼬충] -> 성소수자에 대한 저속한 성적 조롱 및 비칭으로 차단	성소수자
"""ㄴ22222지들만의 페미에 안맞으면 페미 좀 공부 하시죠 앵앵앵앵~ 이러니까 페미 안한다는 사람 나오는거지. 진짜 머가리는 왜 들고 다니는지 모르겠노 ㅋㅋ"""""""	본인들의 논리만 강요하며 공부하라고 다그치는 태도가 오히려 반감을 사고 있습니다. 참 생각이 부족해 보이네요.	2	2	GENDER/SLUR	[앵앵앵앵, 머가리] -> 비하적 의성어 및 신체 비하를 정중한 비판으로 정제	여성/가족
댓개빻았노 재기남들 개많노 재기시켜버려야하노	(차단된 문장입니다)	1	5	GENDER/SLUR/VIOLENCE	[개빻았노, 재기남, 재기시켜] -> 남성에 대한 비하 및 자살/살해 선동으로 차단	남성
태극기 할배들 차 없다. 면허증도 없다. 기름값 톨비도 없다. 막걸리값 오만원씩 받으러 나오는건데.	특정 집회에 참여하는 노인들은 경제적으로 어려워 보상을 바라고 나오는 경우가 많다고 생각합니다.	2	2	AGE	[할배들] -> 노인 비하적 지칭을 정중한 사회적 관찰로 순화	연령
씨발아저씨 하위호환네	욕설을 일삼는 유명한 분과 비슷한 수준이네요.	2	1	SLUR	[씨발아저씨] -> 욕설 섞인 별칭을 완화하여 정제	기타 혐오
건강한 예배 회복을 위해 함께 기도하겠습니다~	진정한 예배의 의미를 되찾을 수 있도록 함께 기도하겠습니다.	0	0	NORMAL	[무해] -> 일상적이고 정중한 종교적 다짐	clean
똥꼬충박멸	(차단된 문장입니다)	1	5	LGBTQ/VIOLENCE	[똥꼬충박멸] -> 성소수자에 대한 존재 부정 및 집단 박멸 위협으로 차단	성소수자
어려서부터보고 배운 그들만의성문화라서	어릴 때부터 접해온 그들만의 고유한 성문화 때문일 것입니다.	0	0	NORMAL	[무해] -> 문화적 차이에 대한 일상적 분석	clean
뭐노 나만 안뜨노?	저만 화면이 나타나지 않는 것입니까?	0	0	NORMAL	[무해] -> 서비스 오류에 대한 일상적 질문 및 어미 정규화	clean
예민충 좆복치	지나치게 예민하고 정신력이 약한 사람 같네요.	2	2	SLUR	[예민충, 좆복치] -> 비하 섞인 별명을 정중한 인격 비판으로 순화	기타 혐오
중국인으로 인정 하는 마인드 좋다 이기야근데 씨발 뭔 동포니 차별이니 개지랄은 말아라외국인이면서 한국와서 뭔 도움이 그래햣는데?	중국 국적자로 인정하는 태도는 좋지만, 동포라는 명분으로 과도한 요구를 하는 것은 받아들이기 어렵습니다. 한국 사회에 기여한 바가 무엇입니까?	2	3	RACISM/SLUR	[개지랄, 씨발] -> 욕설 및 비속어를 정중한 사회적 비판으로 정제	인종/국적
한남문한남답	(차단된 문장입니다)	1	5	GENDER/SLUR	[한남] -> 남성에 대한 혐오적 조어이자 멸칭으로 차단	남성
졸리 끔찍하네	정말 끔찍한 상황이네요.	0	0	NORMAL	[무해] -> 일상적 감탄 및 강조어 정규화	clean
이슬람은 그나마 동남아 똥송 인종보다 이뻐서 인종개량 가능을 노릴 수 있음	(차단된 문장입니다)	1	5	RACISM/SLUR	[똥송, 인종개량] -> 특정 인종에 대한 극심한 외모 비하 및 우생학적 멸시로 차단	인종/국적
사상이 바로 선 분이네	주관과 가치가 올바르게 확립된 분이군요.	0	0	NORMAL	[무해] -> 타인의 가치관에 대한 일상적 긍정	clean
뒤통수 삽으로 후린다음에 저 흙파서 그대로 묻고싶다	(차단된 문장입니다)	1	5	VIOLENCE	[삽으로 후린다, 묻고싶다] -> 타인에 대한 구체적이고 잔인한 살해 욕구 표출로 차단	기타 혐오
조선족+민주당권리당원+전라도+맘충개돼지들 혼종임	(차단된 문장입니다)	1	5	REGIONAL/RACISM/GENDER/SLUR	[조선족, 전라도, 맘충, 개돼지] -> 지역·민족·성별·지능 비하 멸칭을 총동원한 혐오 종합 세트로 차단	지역, 인종/국적, 여성/가족
싹다 태워부러~~	전부 다 태워버리십시오.	2	2	SLUR	[싹다] -> 강조 표현을 정중한 명령형으로 정제 (상황에 따라 비유가 될 수 있음)	기타 혐오
질이 않조아..	상태나 품질이 좋지 않네요.	0	0	NORMAL	[무해] -> 일상적 품질 평가 및 오타 교정	clean
ㅋㅋㅋㅋㅋㅋ유잼예상	정말 재미있을 것 같습니다.	0	0	NORMAL	[무해] -> 일상적 기대감 및 유행어 정규화	clean
고스트바둑왕 개꿀잼이었는데	과거의 일한 만화가 정말 재미있었습니다.	0	0	NORMAL	[무해] -> 대중 문화에 대한 일상적 추억	clean
표준어가 괜히 표준어냐?	표준어가 정해진 데에는 그만한 이유가 있는 법입니다.	0	0	NORMAL	[무해] -> 언어 규범에 대한 일상적 견해	clean
죽어라 빨갱이년	(차단된 문장입니다)	1	5	GENDER/SLUR/VIOLENCE	[죽어라, 빨갱이년] -> 정치적 낙인찍기 욕설 및 살해 위협으로 차단	여성/가족
수영장 오는 틀딱들 진심 죽이고싶다	(차단된 문장입니다)	1	5	AGE/VIOLENCE	[틀딱들, 죽이고싶다] -> 노인 비하 및 살해 욕구 표출로 차단	연령
똥꼬충새끼 그냥 자살하면 전부 해결되는데 즙은 왜 질질 짜고 자빠졌노개씹쌔끼 내 일본도로 죽여버리고 싶네	(차단된 문장입니다)	1	5	LGBTQ/VIOLENCE/SLUR	[똥꼬충새끼, 자살하면, 죽여버리고] -> 성소수자에 대한 자살 종용 및 구체적 흉기 살해 위협으로 차단	성소수자
이런건 여가부에서 앞장서서 유감표명해야되는거 아니니가요? 해당 시의원중 여성의원들은 반대안하나?	정부 유관 부처에서 먼저 유감을 표해야 하는 문제 아닙니까? 해당 지역의 여성의원들도 반대 목소리를 내야 합니다.	2	2	SLUR	[아니니가요] -> 오타 수정 및 정중한 사회적 비판으로 정제	기타 혐오
게이새끼들시발 나가처뒤져라좀;근데 레즈는예술^오^	(차단된 문장입니다)	1	5	LGBTQ/VIOLENCE/SLUR	[나가처뒤져라] -> 성소수자에 대한 차별적 태도 및 죽음 종용으로 차단	성소수자
틀풍 불었으니 민주당 다시 떡상하겠노ㅠㅠ	노인층의 지지세가 강해졌으니 특정 정당의 지지율이 크게 오르겠네요.	2	2	AGE/COMMUNITY	[틀풍, 떡상하겠노] -> 노인 비하 유행어 및 커뮤니티 말투를 정규화하여 정제	연령
진짜 자지새끼들 나대는거 보면 머갈 뜯어버리고싶다	(차단된 문장입니다)	1	5	GENDER/VIOLENCE	[자지새끼들, 머갈 뜯어버리고] -> 특정 성별에 대한 신체 비하 및 잔인한 폭력 위협으로 차단	남성
교활아 너나 잘하세요. 503에 변절, 사드,세월호 이것만으로도 넌~~~	특정 정치인께서는 본인의 과오부터 돌아보시기 바랍니다. 과거의 여러 실책들만으로도 비판받아 마땅합니다.	2	2	SLUR	[교활아, 503] -> 정치인 비칭 및 수감 번호 밈을 정중한 비판으로 순화	기타 혐오
근데요. 예수 믿으면 천국 간다는데 예수 믿는 사람들은 왜 아직도 살아 있는거예요? 나같으면 빨리 죽어서 천국 가겠구만	예수를 믿으면 천국에 간다는데, 왜 신도들은 사후 세계로 가는 것을 서두르지 않는지 궁금합니다.	2	2	RELIGION	[빨리 죽어서] -> 신앙에 대한 회의적 의문을 정중한 질문형으로 순화	종교
경상도 새끼나 전라도 새끼나 겪어보면 두새끼다 좆같다. 경기 서울>>>>>>>>>>>>>>>>>>>>>>>>>>충북강원>>>>>>>>>>>충남>>>>>가축>>>>>>>>경상>>전북>>>>>>>>>>>>>>>>제주>>>>>>>>>>>>>>>>>>전남	(차단된 문장입니다)	1	5	REGIONAL/SLUR	[새끼, 좆같다] -> 특정 지역민들을 가축에 비유하고 욕설을 섞어 계열화한 혐오 발언으로 차단	지역
쉽,,헐! 지롤허네밀가루 찐거 하나가지고 개지랄염병을 해라	정말 기가 막히네요. 작은 음식 재료 하나를 두고 너무 호들갑을 떠는 것 같아 한심합니다.	2	3	SLUR	[쉽,,헐, 지롤, 개지랄염병] -> 변조된 욕설 및 비속어를 정중한 냉소로 순화	기타 혐오
'전북'평화와 인권연대 ㅋㅋㅋㅋㅋㅋㅋㅋㅋㅋㅋ	특정 지역의 인권 단체라는 곳이 참 모순적이네요.	2	1	REGIONAL	[ㅋㅋㅋㅋㅋㅋㅋㅋ] -> 조롱 섞인 웃음을 정중한 조소로 정제	지역
전라도는 중국 짱깨 미만임 ㅇㅇ전라도인이 13억 존재한다 상상해 봐라	(차단된 문장입니다)	1	5	REGIONAL/RACISM/SLUR	[전라도, 짱깨] -> 특정 지역과 인종을 비하하고 비교하며 혐오를 조장하여 차단	지역, 인종/국적
저런건진짜 지푸라기라도 잡을 사람들이 계속 해결책 찾다가 눈돌아가서 저런거에 홀리지저런곳도 사람이 얼마나 절박한지 보고 저런 물도 바로 주지도 않고 신도되고 돈받쳐야지줄까말까하면서 밀땅함	절박한 사람들의 심리를 이용해 부당한 요구를 하는 종교 단체들의 행태가 무척 우려스럽고 안타깝습니다.	2	2	RELIGION	[눈돌아가서, 돈받쳐야지] -> 상황 묘사를 정중한 사회적 비판으로 정제	종교
판사가 기독교인가보네 4년 이라...	판결 수위가 지나치게 낮아 보이네요. 혹시 판사의 개인적인 신념이 작용한 것은 아닌지 의심스럽습니다.	2	1	RELIGION	[기독교인가보네] -> 사법부 판결에 대한 종교적 의구심 제기를 정중하게 표현	종교
번탈남컨셉 아주 참신하놐ㅋㅋㅋㅋ 프로젝트로 밀어야한다이기	(차단된 문장입니다)	1	5	GENDER/SLUR	[번탈남, 이기] -> 남성에 대한 혐오적 조어 및 커뮤니티 비하 어투로 차단	남성
닥치고 홍어들은 다 죽여야함.종족들 자체가 옆집이 죽어도 자기 가족만 잘살자 주의임 한마디로 개새끼들	(차단된 문장입니다)	1	5	REGIONAL/VIOLENCE/SLUR	[홍어들 다 죽여야함, 개새끼들] -> 특정 지역민에 대한 집단 살살해 선동 및 짐승 비유 멸칭으로 차단	지역
니네들 정신적 지주인 이국주도 음식 시킬때 많이 시키는거 쪽팔려서 친구 있는척 하잖아 ㅋㅋㅋㅋ 미친년들아	(차단된 문장입니다)	1	5	GENDER/SLUR	[미친년들] -> 특정 인물 및 여성 집단에 대한 조롱과 원색적 욕설로 차단	여성/가족
김대중기념센터 옆에 새누리당 지부 짓는 거랑 비슷한 꼴임 ㅋㅋㅋㅋㅋㅋㅋㅋ	역사적 인물을 기리는 장소 옆에 상반된 정당 지부를 세우는 것은 매우 부적절해 보입니다.	2	2	REGIONAL	[꼴임] -> 비속어를 정중한 사회적 비평으로 순화	clean
말이 되노?	그것이 상식적으로 납득이 가는 일입니까?	0	0	NORMAL	[무해] -> 일상적 의문 제기 및 어미 정규화	clean
저래놓고 다시 기어들어와서 검머외노릇할거아녀	국적을 바꾼 뒤 다시 돌아와 혜택만 누리는 행태가 정말 실망스럽네요.	2	2	RACISM/SLUR	[검머외] -> 특정인에 대한 멸칭을 정중한 비판으로 순화	인종/국적
머구가 그런데 어디냐?혹시 일베 사무실이 위치해있다는그 통구이 인간 백정들만 산다는 그곳이냐?	(차단된 문장입니다)	1	5	REGIONAL/SLUR/VIOLENCE	[머구, 통구이, 백정] -> 특정 지역 및 과거 참사 희생자를 비하하는 극렬한 혐오 표현으로 차단	지역
볼만하노. 근데 웜년들 입맛엔 안 맞노. 근데 이거라도 어디냐. 안그래도 요즘 볼거 없었는데. 그래도 허벌워추는 삼가해라 이기야 ㅋㅋㅋ	(차단된 문장입니다)	1	5	GENDER/SLUR	[웜년들, 허벌워추, 이기야] -> 여성에 대한 저속한 성적 비하 및 커뮤니티 전용 혐오 말투로 차단	여성/가족
저년때문에 동남아년들은 사람으로 안보인다	(차단된 문장입니다)	1	5	RACISM/GENDER/SLUR	[저년, 동남아년들] -> 특정인 및 인종에 대한 여성 비하 멸칭으로 차단	인종/국적, 여성/가족
도쿄에있는 양놈들 와꾸가 한국에있는 루저보단 훨씬 낫더노	일본에 체류 중인 서양 남성들의 외모가 우리나라의 평범한 남성들보다 월등히 나아 보입니다.	2	2	RACISM/GENDER	[양놈들, 루저] -> 인종 및 성별 비하 표현을 정중한 비교 관찰로 순화	인종/국적
저러니 3만원도 못주고 저러지	경제적 능력이 부족하니 저런 태도를 보이는 것이겠지요.	2	1	SLUR	[저러니] -> 비꼬는 어투를 정중한 냉소로 정제	clean
난 급식들 철없이 지랄하는거 구경하는게 젤 재밌는데? ㅋㅋ	저는 어린 학생들이 철부지처럼 행동하는 것을 지켜보는 것이 무척 흥미롭습니다.	2	2	AGE/SLUR	[급식들, 지랄하는거] -> 연령 비하 및 비속어를 정중한 감상으로 순화	연령
조팔 저게 18년도 선진국에서 일어나는 일이라니 믿을수가없노 내조국 좆되기전에 무슬람 좆새끼들 막아야하노 전세계가 지구상 어디도없는 한남을 이긴 여혐좆들한테 정복당하게생겼노	(차단된 문장입니다)	1	5	RELIGION/GENDER/SLUR	[무슬람 좆새끼들, 한남, 여혐좆] -> 특정 종교와 성별에 대한 극단적인 혐오 멸칭 및 비속어로 차단	남성, 인종/국적, 종교
879 아가씨 패러디 문구노 찾아봐라이니	특정 작품의 대사를 패러디한 문구이니 한번 찾아보십시오.	0	0	NORMAL	[무해] -> 일상적 정보 제공 및 어미 정규화	clean
역시 갓순신 하는 이유가 있어외쳐 갓순신	이순신 장군님을 존경하는 마음이 저절로 생기네요.	0	0	NORMAL	[무해] -> 역사적 인물에 대한 일상적 존경	clean
이쁜애가 생각도 바르노	아름다운 분이 사고방식도 무척 올바르네요.	0	0	NORMAL	[무해] -> 외모와 인성에 대한 일상적 칭찬	clean
노키즈존 노맘충존	(차단된 문장입니다)	1	5	GENDER/SLUR	[노맘충존] -> 여성 비하 멸칭을 사용한 혐오 공간 규정으로 차단	여성/가족
아 옆에 씨발년 깔짝대는거 존나 짜증나네 버러지같은창년이 진짜 ㅡㅡ	(차단된 문장입니다)	1	5	GENDER/SLUR	[씨발년, 버러지같은창년] -> 여성에 대한 입에 담기 힘든 성적 비하 욕설 및 벌레 비유로 차단	여성/가족
왜 걍 박근혜라 했을때 거슬리는가 했노. 자댕이들은 재기놈도 성재기님 웅앵 이러는데 박근혜 대통령님도 박근혜 띡 이렇게 부르지말고 최초의 대통령이시니만큼 봊나 올려쳐야하노.	(차단된 문장입니다)	1	5	GENDER/SLUR	[자댕이, 재기놈, 봊나] -> 정치인 호칭을 빌미로 한 특정 성별 비치 및 커뮤니티 전용 혐오 말투로 차단	남성
저 게이즈충들 후장에 짬지 꼽고 지랄하다가 게이즈 걸린거 아니노? 누가 보면 정부가 인위적으로 감염시킨줄 알겠노 후팔	(차단된 문장입니다)	1	5	LGBTQ/SLUR	[게이즈충, 후장에 짬지 꼽고] -> 성소수자에 대한 저열하고 변조된 성적 비하 및 질병 낙인으로 차단	성소수자
니들 댓글달때성추행드립 작작하라고 댓글달아라	댓글을 작성할 때 성희롱성 발언은 삼가달라는 의견을 전달하십시오.	2	2	SLUR	[성추행드립, 작작하라고] -> 거친 표현을 정중한 권고로 순화	기타 혐오
아편 맞지.어려운 일 있으면 어떻게 해결할까 생각해야되는데오 하느님 아버지 이러고 있었을테니.	종교는 아편과 같습니다. 스스로 문제를 해결하려 노력하기보다 신에게 의지하며 현실을 외면하는 면이 있기 때문입니다.	2	1	RELIGION	[아편 맞지] -> 원문의 종교 비판적 시각을 사회적 통찰로 정중하게 정제	종교
참으로 노력하신다들~ 욕을 욕을 그렇게도 드시고싶은지 ~~  징글 징글하다 교인들 진짜~~ 지구상을 그냥 떠나라 교인들아~~	정말 답답하네요. 특정 종교인들의 행동이 사회적 지탄을 받는 이유를 스스로 돌아보았으면 합니다. 공동체에서 멀어지는 모습이 안타깝습니다.	2	3	RELIGION	[지구상을 그냥 떠나라] -> 강력한 거부감을 정중한 사회적 비판으로 순화	종교
20대 30대차이는 아가리똥내에서부터 차이남	20대와 30대는 생활 습관의 차이가 구취 등 신체적 변화에서부터 드러나는 것 같네요.	2	2	AGE/SLUR	[아가리똥내] -> 신체 비하적 저속어를 정중한 관찰로 정제	연령
gta 빙의해서 차로 싹 쓸어버렸으면 좋겠다	(차단된 문장입니다)	1	4	VIOLENCE	[차로 싹 쓸어버렸으면] -> 게임을 빙자한 다중 살상 욕구 및 폭력 선동으로 차단	기타 혐오
잡히는 사람들 중에서 유명인이 있는 경우에 그 사람들 성향도 여론 향방에 영향주겠지미투 때는 우파 잡으려고 터트렸는데 좌파들이 많이 걸렸었는데. 이번은 어떨지	사건 연루자 중에 유명인이 있다면 정치적 성향에 따라 여론이 크게 출렁일 것입니다. 과거에도 비슷한 사례가 있었지요.	0	0	NORMAL	[무해] -> 사건과 정치 지형에 대한 일상적 분석	clean
똑같이 동등하게 기회를 주는데 이년들이 결과가 존나 안좋아서 달성률이 떨어짐...그래서 108위 결론은 김치녀 수준이 108위인거지 여자들 지들 얼굴에 침뱉는 꼴	(차단된 문장입니다)	1	5	GENDER/SLUR	[이년들, 김치녀] -> 여성에 대한 집단적 비하 및 실적을 빌미로 한 혐오 표현으로 차단	여성/가족
유대인들 보면 다 답이 나오지 않냐? 세계 문화를 전부 하나님 믿는 민족들인 유태인들이 세상을 바꿨는데 안 믿을 이유가 있냐?	유대인들의 성취를 보면 종교적 신념의 힘을 느낄 수 있지 않습니까? 그들이 세상을 변화시킨 공로는 인정해야 합니다.	0	0	NORMAL	[무해] -> 특정 민족과 종교에 대한 일상적 예찬	인종/국적, 종교
뭔 개소린지 모르겠다사진도 병신같이 찍어서 컴터 외엔 뭘 찍은건지 모르겠고	무슨 의도인지 전혀 모르겠네요. 사진도 무척 불명확해서 내용을 파악하기가 어렵습니다.	2	2	SLUR	[개소리, 병신같이] -> 비속어를 정중한 비판으로 순화	기타 혐오
어느 나라든지 그나라의 관습.예절.사회적이념.풍습.등등 모두가 다르다. 우리나라에서는 아직은 동성간에 성결합은 인정하기 어려운 사회가 아닌가싶다. 대부분 남자끼리 생활하는 군대에서는 안되는게 맞다.	각국의 문화가 다르듯, 우리 사회도 아직은 동성 간의 결혼을 수용하기에는 한계가 있다고 봅니다. 특히 군대 내에서의 허용은 신중해야 합니다.	2	1	LGBTQ	[안되는게 맞다] -> 원문의 보수적 훈계 성력을 유지하며 정중하게 정제	성소수자
보들보들 ㅋㅋ	무척 당황하시는 것 같네요.	2	1	COMMUNITY	[보들보들] -> 조롱 섞인 유행어를 정중한 지적으로 정제	clean
형님이 걱정되네~~	지인분이 걱정되네요.	0	0	NORMAL	[무해] -> 일상적 걱정 및 표현 정규화	clean
한국년들 가격 개비싸고 갯수제한이니 뭐 안돼요 뭐 안돼요 몸파는 곳에서조차 존나 까다로움그리고 몸파는 것도 하기 싫어서 센슈얼이라는 딸딸방에 보지년들 존나 많음 ㅋㅋ그러나 중국여자는 한국년들보다 가리는 거 없음	(차단된 문장입니다)	1	5	RACISM/GENDER/SLUR	[한국년들, 보지년들, 딸딸방] -> 특정 국적·성별에 대한 원색적 성적 비하 및 매춘 관련 저속어로 차단	여성/가족, 인종/국적
동성애 반대하면 죽일 놈인가 ???? 인정해 달라는 것만 표현의 자유인가 ????	성소수자에 반대하는 의견은 왜 존중받지 못합니까? 한쪽의 논리만 자유라고 주장하는 것은 모순입니다.	2	1	LGBTQ	[죽일 놈] -> 격앙된 표현을 정중한 의문문으로 순화하여 비판 유지	성소수자
적그리스도	그분은 적그리스도와 다름없습니다.	0	0	NORMAL	[무해] -> 종교적 관점에서의 인물 비평	종교
외노자들 한국에서 150벌어서 자국에 송금하면 500~700버는거나 마찬가지. 그러니 싱글벙글 즐겁게 일하지.택배상하차 하는 사람들도 500주면 싱글벙글 웃으면서 일할걸?	외국인 노동자들이 송금을 통해 얻는 환차익을 고려하면 그들의 급여 체계는 실질적으로 매우 높은 수준입니다. 우리 국민들도 보상이 충분하다면 기쁜 마음으로 일할 것입니다.	2	2	RACISM	[외노자들, 싱글벙글] -> 비칭 및 냉소적 묘사를 정중한 경제적 분석으로 정제	인종/국적
그래서 홍준연 구의원을 민주당에서 제명시킨게 자한당인가봅니다?	특정 구의원의 제명 처분은 해당 정당의 결정이었던 것으로 알고 있습니다.	0	0	NORMAL	[무해] -> 정치적 사건에 대한 일상적 팩트 체크	clean
맞는 말이잖아.. 에이즈 동성애가 원인 맞는데	사실이지 않습니까? 성소수자의 성적 행태가 특정 질환의 주요 원인이라는 점은 부인하기 어렵습니다.	2	2	LGBTQ	[맞는 말이잖아] -> 원문의 확신 섞인 훈계 성력을 유지하며 정중히 표현	성소수자
작성자 공익이냐?	작성자분은 사회복무요원입니까?	2	1	SLUR	[공익] -> 특정 복무 형태를 낮잡아 부르는 어조를 표준어로 정제	기타 혐오
폭동유공자탈북년놈들돈회수바람닭재인띠	(차단된 문장입니다)	1	5	RACISM/REGIONAL/SLUR	[폭동유공자, 탈북년놈들, 닭재인] -> 특정 지역 민주화 운동 폄훼 및 탈북자 비하, 정치인 멸칭의 혼합으로 차단	지역, 인종/국적
동성애 남자끼리 항문성교 구강성교 여지끼리 구강성교 더러운 짖이다 그냥 변태들이다 할려면 너희끼리 해라 인정해달라고 하지 마라	(차단된 문장입니다)	1	5	LGBTQ/SLUR	[항문성교, 구강성교, 변태들] -> 성소수자의 성적 행위를 노골적으로 묘사하고 변태로 규정하여 차단	성소수자
존나 웃기면서도 어이가 없네 ㅋㅋㅋㅋㅋㅋㅋㅋㅋㅋㅋㅋㅋ	무척 우스우면서도 정말 황당하기 그지없네요.	2	1	SLUR	[존나] -> 비속어를 제거하고 정중한 어조로 정제	기타 혐오
아크용접 연습많이해라 이기!그리고 여기 이래해라 저래해라 훈수충논많은데여러가지해보고 너가편한거해라!	아크 용접 연습에 정진하십시오. 주변의 지나친 조견에 휘둘리지 말고 본인에게 맞는 방식을 찾길 바랍니다.	2	2	COMMUNITY/SLUR	[이기, 훈수충] -> 커뮤니티 어휘 및 비칭을 정중한 격려로 순화	clean
앙! 대지 띠	매우 반가워요.	2	1	SLUR	[앙! 대지 띠] -> 의미 없는 비속어식 밈을 정규화	기타 혐오
고맙게 생각한다 병신아 너 같이 맨날 조선조한테 짱깨라고 놀리는 새끼들 땜에 힘든거지	당신 같은 사람들 때문에 중국 동포들이 고통을 겪고 있습니다. 정말 실망스럽네요.	2	3	RACISM/SLUR	[병신아, 짱깨, 새끼들] -> 욕설 및 인종 비하를 정중한 항의로 정제	인종/국적
김치년들도 진성 빨갱남들한테는 상대가 안되요잇!	(차단된 문장입니다)	1	5	GENDER/SLUR	[김치년들, 빨갱남] -> 여성 및 특정 사상 남성에 대한 극렬한 혐오 멸칭으로 차단	여성/가족, 남성
메갈리아 완전 개념 사이트 아니냐?	해당 커뮤니티가 무척 정의롭고 합리적이지 않습니까?	2	1	COMMUNITY	[개념 사이트] -> 반어법적 조롱을 정규화하여 정제	clean
남자의 올바른 표본 쿨제이!!!!!!필 굿!!!!!!!	남성성이 아주 훌륭한 모범 사례군요. 무척 보기 좋습니다.	0	0	NORMAL	[무해] -> 실 생활 지망 인물에 대한 일상적 찬사	남성
박근혜 이명박 이 둘한테 아쉬운게 다문화다 씨발.	과거 정부의 다문화 정책은 정말 실망스러웠습니다.	2	2	RACISM/SLUR	[씨발] -> 욕설을 정중한 비판적 한탄으로 순화	인종/국적
망가가 최고징	일본 만화가 가장 재미있습니다.	0	0	NORMAL	[무해] -> 일상적 취향 표현 및 정규화	clean
세상이 변화하고 있는 것 같아 기쁩니다. 변화에 맞추어 한단계 발전된 대한민국이 되었으면 합니다.	사회가 긍정적으로 변화하고 있어 기쁘네요. 이러한 흐름에 맞춰 우리나라가 더욱 발전하기를 희망합니다.	0	0	NORMAL	[무해] -> 사회 발전에 대한 정중한 소망	clean
저런 한남새끼들 때문에 더 울화가 치밀고 빡친다이니야	(차단된 문장입니다)	1	5	GENDER/SLUR	[한남새끼들] -> 특정 성별에 대한 혐오적 조소 및 멸칭으로 차단	남성
ㅋㅋㅋㅋㅋ 아 생각해보니 개웃기노ㅋㅋㅋㅋ 경엽이형도 밤마다 막대기 꼽고 잤을까 갑자기 궁금해지노 그걸 옆에서 본 한남충은 키부니 어땠겠노^오^	(차단된 문장입니다)	1	5	GENDER/SLUR	[막대기 꼽고, 한남충] -> 특정 인물에 대한 성적 희화화 및 남성 비하 멸칭으로 차단	남성
연세대였으면 뺴박 관X원교였을텐데정X장애인이 샤대였나? 이미 졸업했겠노 ㅇㄱㅇㄱ 동성애자들이 우기고 우겨서 몇십년만에 정상인 인증받아낸것처럼앞으론 동물성애자나 아동성애자들도 정상인으로 취급받을 날이 올거다 말세지 말세 ㅉㅉ	(차단된 문장입니다)	1	5	LGBTQ/SLUR	[정X장애인, 동물성애자, 아동성애자] -> 성소수자를 장애인 및 반인륜적 범죄와 동일 선상에 놓는 극도의 혐오로 차단	성소수자
삼륜안 ㄷㄷㄷㄷ	눈매가 아주 날카롭고 매섭네요.	0	0	NORMAL	[무해] -> 만화적 표현을 빌린 일상적 감탄	clean
다음 역시 빨 갱 이 사이트 답다. 댓글만 보면 잠재 테러국으로 지정해도 되겠는데	포털 사이트의 여론이 매우 편향적이고 공격적이네요. 마치 테러를 옹호하는 것 같아 우려됩니다.	2	2	SLUR	[빨 갱 이, 잠재 테러국] -> 정치적 낙인 및 과격한 비유를 정중한 사회적 비판으로 정제	기타 혐오
하 ....존나까깝한 색히노 그럴땐 나가서 헌팅이라도 했어야지	정말 답답한 사람이네요. 그럴 때는 적극적으로 새로운 만남을 시도했어야 합니다.	2	2	SLUR	[존나까깝한 색히노] -> 욕설 섞인 비하를 정중한 사회적 훈계로 정제	기타 혐오
꼬추가 작은데 식사매너도 최저 wwwwwwwww한국남자 뒤졌으면 wwwwww	(차단된 문장입니다)	1	5	GENDER/SLUR/VIOLENCE	[꼬추가 작은데, 뒤졌으면] -> 남성 신체 비하 및 직접적인 살해 욕구 표출로 차단	남성
다른 전략으로 똥냐사이트에 똥냐인척 자지들 몰카 올려서 퍼뜨리는 것을 생각했노. 사실 이미 똥냐사이트에 자지 몰카 많은데	(차단된 문장입니다)	1	5	LGBTQ/SLUR/VIOLENCE	[똥냐, 자지들 몰카] -> 불법 촬영물 유포 암시 및 성소수자 비하 멸칭으로 차단	성소수자
--------------------------5마리검거--------------------------------	--------------------------5마리검거--------------------------------	0	1	NORMAL	[무해] -> 용의자 검거에 대한 반응으로 일상적 표현으로 간주	기타 혐오
차별금지법안이 철회되길 기도합니다	차별금지법안이 철회되기를 바랍니다.	2	1	LGBTQ	[기도합니다] -> 특정 의제를 정중한 의견 표명으로 유지	성소수자
문죄인 개좆같은데이건 맞는말 아니냐똥꼬충 개좆같은건 너도알고 나도아는데	대통령에 대한 비판과 성소수자에 대한 부정적 인식은 저도 인지하고 있습니다.	2	4	LGBTQ/SLUR	[똥꼬충, 개좆같은] -> 혐오 표현 및 욕설을 정중한 문장으로 순화	성소수자, 악플/욕설
진짜 한숨만 나온다 저런 말씀 믿는 신도들은 세상에서 제일 무지하고 불쌍한 사람들이다 하느님이 거둬가시길..	정말 안타깝네요. 그런 말씀을 믿는 신도들이 무지하고 불쌍해 보이니 하늘이 그들을 돌보기를 바랍니다.	2	2	RELIGION	[무지하고 불쌍한] -> 종교적 불만을 정중한 비판 어조로 유지	종교
아 똥내나~~~~형냐 오늘 센조이 안한거야?	(차단된 문장입니다)	1	4	LGBTQ/SLUR	[센조이] -> 성적 비하 및 수치심을 유발하는 표현으로 차단	성소수자
학자금 대출도 잇는데ㅅㅂ	학자금 대출도 있는데 정말 속상하네요.	2	2	SLUR	[ㅅㅂ] -> 일상적 비속어를 정중한 감정 표현으로 순화	기타 혐오
저정도면 경계성 지능 장애인듯	그 정도면 지적 능력이 조금 부족한 상태인 것 같습니다.	2	2	SLUR	[지능 장애인듯] -> 상대의 지능을 비하하는 어조를 정중하게 교정	악플/욕설
한남의 6.9밀리 혹은 2밀리미터 버튼좆은 불가능하노 그럴땐 부랄을 틀어쥐고 꼬아줘라	(차단된 문장입니다)	1	5	GENDER/VIOLENCE	[꼬아줘라] -> 신체적 가해 위협 및 성별 비하로 차단	남성
세상에 교회역할이 중요합니다	세상에 교회역할이 중요합니다	0	0	NORMAL	[무해] -> 교회에 대한 긍정적 의견으로 보존	종교
난 젠더 논란 이라해서 저냥반이 트렌스젠더인줄	저는 젠더 논란이라고 해서 그분이 성전환자인 줄 알았습니다.	2	1	LGBTQ	[저냥반] -> 대상을 존칭으로 변경하여 정중함 확보	성소수자
아주 집안도 말아먹게 만들려고 작정했네 코로나제일교회	집안을 망치려고 작정한 것 같네요, 코로나제일교회는.	2	2	RELIGION	[말아먹게] -> 거친 표현을 표준어로 정제하고 비판 의도는 유지	종교
존나 똥송하네 진짜 ㅋㅋㅋㅋㅋㅋㅋㅋㅋㅋㅋㅋㅋㅋㅋ	정말 민망하고 송구스럽네요.	2	2	SLUR	[존나 똥송] -> 비칭과 욕설을 정중한 사과/민망 표현으로 순화	인종/국적
이젠뭐 웃기지도 않다	이젠뭐 웃기지도 않다	0	0	NORMAL	[무해] -> 일상적인 감상 표현으로 보존	기타 혐오
좀 증거..를.. 이건 좌좀과 뭐가 다르노	증거를 제시해 주세요. 이런 식이면 특정 이념 추종자들과 무엇이 다릅니까?	2	2	COMMUNITY/SLUR	[좌좀, ~노] -> 정치적 멸칭과 커뮤니티 말투를 표준어로 정제	기타 혐오
조계사사 좌파소굴이란거 맞냐???주변에 조계사 다니는 썸녀있는데 걸러야 됨??	조계사가 특정 정치 성향을 띠고 있나요? 주변에 그곳을 다니는 지인이 있는데 관계를 재고해야 할지 고민입니다.	2	2	RELIGION	[좌파소굴, 걸러야] -> 편향적 표현과 무례한 태도를 정중하게 변경	종교
아니 얼마나 살이 쪘으면 자리 돼지냐	체중이 많이 나가서 자리를 많이 차지하시네요.	2	2	SLUR	[자리 돼지] -> 외모 비하 표현을 객관적인 상태 기술로 순화	기타 혐오
이제훈 콧대 ㅆㅅㅌㅊ네 ㄷㄷ	이제훈 씨의 콧대가 정말 훌륭하시네요.	2	1	NORMAL	[ㅆㅅㅌㅊ] -> 극찬을 뜻하는 은어를 정중한 표준어로 변경	clean
빨간색 양키같은놈 똥꼬충이면 존나 무섭겠노 시발	빨간 옷을 입은 서양인이 성소수자라면 정말 무서울 것 같습니다.	2	3	LGBTQ/RACISM	[양키, 똥꼬충, 시발] -> 인종/성소수자 비하 및 욕설을 표준어로 순화	성소수자, 인종/국적
바지로 바꿔도 스스로 핏하게 입을려고 바꿔서 어차피 불편할걸?	바지로 바꿔도 스스로 모양을 내어 입으려다 보면 어차피 불편하지 않을까요?	0	0	NORMAL	[무해] -> 일상적 조언 및 의견으로 보존	clean
그렇게도 믿는 하나님이 신천지구 교회구 디 버린거같다..니들표현대로 마귀든 시험이든 암튼 버린거같으니 제발 집구석에좀 있어~~니네 신이 네 이웃을 사랑하라하지 않았냐?!!제발쫌~~그 이웃이 고통받고있다..	당신들이 믿는 신이 모든 종교 시설을 외면한 것 같습니다. 마귀나 시험이라고 생각하더라도 제발 집에 머물러 주세요. 이웃을 사랑하라는 가르침처럼, 고통받는 이웃을 생각하십시오.	2	2	RELIGION	[집구석, 제발쫌] -> 격앙된 표현을 정중한 권유와 호소로 순화	종교
차별공포??? 다수의 정상적 일반인들은 코로나 공포에 떨고있다.	차별공포인가요? 다수의 일반인들은 현재 코로나 공포를 겪고 있습니다.	2	1	NORMAL	[정상적 일반인] -> 배타적 뉘앙스를 중립적으로 조정	기타 혐오
확실히 급식충들 넘치니까 일베수준 존나 떨어짐. 성인인증 안하냐 시발 개새끼 운마야	청소년들이 많아지니 커뮤니티의 수준이 낮아졌네요. 성인인증 도입이 시급합니다.	2	3	AGE/SLUR	[급식충, 시발, 개새끼] -> 연령 비하 및 욕설을 정중한 지적으로 순화	연령
바퀴에 싸는거냐 냄새 좆되겟노	바퀴에 배설을 하는 것인가요? 냄새가 매우 심할 것 같습니다.	2	2	SLUR	[좆되겟노] -> 비속어와 커뮤니티 어미를 정중한 표현으로 정제	기타 혐오
엄마는 기저귀 갈면 안됨?	엄마는 기저귀 갈면 안됨?	0	0	NORMAL	[무해] -> 일상적인 질문으로 보존	clean
재앙이도 대가리 좆창나서 삼수해서 꾸역꾸역 경희대가는데 지잡대 앱생 인생들은 뭐란말이노이기	대통령도 어려운 과정을 거쳐 대학에 진학했는데, 학벌이 낮은 분들의 삶은 어떠하겠습니까?	2	4	COMMUNITY/SLUR	[재앙이, 좆창, 앱생, 이기] -> 정치인 비하 및 혐오 은어를 표준어로 순화	악플/욕설
아 씨팔 그냥 한남들도	정말 화가 나네요. 한국 남성들도 마찬가지입니다.	2	3	GENDER/SLUR	[씨팔, 한남] -> 욕설과 성별 비하어를 정중한 감정 표현으로 순화	남성
크어....실화노	와, 정말 사실입니까?	2	1	COMMUNITY	[실화노] -> 커뮤니티식 종결어미를 정중한 의문형으로 변경	clean
레즈가 잘만 구워삶으면 주2회 고정덮밥 블루오션인데 늬들은 와꾸말빨돈 심지어 교감할감정도 없으니 힘들겠지	여성 동성애자와 신뢰를 쌓으면 좋은 관계를 유지할 수 있겠지만, 당신들은 외모나 경제력, 감정적 교류 능력이 부족해 보입니다.	2	3	LGBTQ/GENDER	[구워삶으면, 덮밥] -> 성적 대상화 및 비속어를 정중한 비판으로 순화	성소수자
...? 200..? 2억을 잘못봤나 쓱쓱.. 200... 하.	...? 200..? 2억을 잘못봤나 쓱쓱.. 200... 하.	0	0	NORMAL	[무해] -> 일상적인 놀라움 및 당혹감 표현으로 보존	clean
병원보이들도?? 미쳣노 교회 집사 지내고 맨날 기도하는 의사상폐도 그짓하는거노? 미쳣다 이가	병원 종사자들도 그렇습니까? 교회 직분자이자 의사인 분들도 그런 행동을 한다니 정말 충격적이네요.	2	3	RELIGION/COMMUNITY	[미쳣노, 상폐] -> 비하어와 커뮤니티 말투를 정중한 놀람으로 순화	연령
어린시절 성장과정 좀 털어봐야함동네아줌마 보지맛을 일찍 본거냐ㅋㅋ	(차단된 문장입니다)	1	5	SLUR	[보지맛] -> 극도로 저질스러운 성희롱적 표현으로 차단	여성/가족
손바닥으로 하늘을 가려라!!! 새 끼야~	손바닥으로 하늘을 가리려 하지 마십시오, 어리석은 사람아.	2	2	SLUR	[새 끼야] -> 비속어를 정중한 꾸짖음으로 순화	기타 혐오
트럼프가 빨리 중국 조져야지 그것만이 답	미국 대통령이 중국을 강력하게 압박해야 합니다. 그것이 유일한 해결책입니다.	2	3	RACISM	[조져야] -> 거친 표현을 정중한 외교적/강경한 표현으로 정제	인종/국적
증오와 혐오에 사로잡힌 광기의 이념으론 그저 퇴보만이 있을 뿐입니다.	증오와 혐오에 사로잡힌 광기의 이념으론 그저 퇴보만이 있을 뿐입니다.	0	0	NORMAL	[무해] -> 이념에 대한 철학적 비판으로 보존	기타 혐오
SBS 인터뷰한 박사 지인 글 삭제됐다.. 박제해놓음ㅅㅂ 일베몰이	SBS 인터뷰에 참여한 박사의 지인 글이 삭제되었네요. 기록해 두었습니다. 정말 불쾌하네요.	2	2	SLUR	[박제, ㅅㅂ, 일베몰이] -> 신조어와 욕설을 정중하게 정제	기타 혐오
항문성교를 권장하는세상이 올줄이야	항문 성교를 권장하는 세상이 오다니 놀랍습니다.	2	2	LGBTQ	[항문성교] -> 성적 담론에 대한 거부감을 정중한 어조로 유지	성소수자
김태훈 : 합부르크왕가 턱이라 별명 턱후니. 함몰자지. 좆스쿨다니는 상폐자지 상폐인데 미필이라 열폭감에쩔어있음. 피부에 좆드름남. 170cm	(차단된 문장입니다)	1	4	SLUR	[함몰자지, 상폐자지] -> 신체 및 성기를 비하하는 저질스러운 욕설로 차단	악플/욕설
목사가 높은자리? 에구 성경에서는 목사는 장로고 이는 가자낮은자리로 섬기는종이라했는데ᆢ 목사여러분은 어떻게 생각하시나요?	목사가 높은 자리인가요? 성경에서는 가장 낮은 자리에서 섬기는 종이라고 했는데, 목사님들은 어떻게 생각하십니까?	2	1	RELIGION	[목사여러분] -> 호칭을 정중하게 변경하여 대화체로 정제	clean
ㅋㅋㅋ 표정보솤ㅌㅋ 탈레반한테 참수 당하는거 같네	외양이 탈레반에 의한 참수 장면을 연상시킬 정도로 충격적이네요.	2	3	SLUR/VIOLENCE	[참수 당하는] -> 폭력적 비유를 정중한 묘사로 순화	기타 혐오
이런글 다른사이트에서 봤으면 광고라고 생각했겠지만 웜년들 추천은 믿고본다 이기야^느^	다른 사이트였다면 광고라고 여겼겠지만, 이곳 사용자들의 추천은 신뢰하겠습니다.	2	2	COMMUNITY/GENDER	[웜년, 이기야] -> 성별 비하 및 커뮤니티 말투를 표준어로 정제	clean
일반화의 오류 병신새끼야 고양이학대범은 이성애자도 있는데 그럼 이성애자도 싸이코냐?	그것은 일반화의 오류입니다. 고양이 학대범 중에는 이성애자도 있는데, 그럼 그들도 사이코패스입니까?	2	2	SLUR	[병신새끼] -> 모욕적 언사를 정중한 반박으로 순화	기타 혐오
돈 안들이고 십수년 떡치다보니 성매매를 왜하는지 몰것다 ㅋㅋ	오랫동안 자연스러운 성관계를 가지다 보니 성매매의 필요성을 모르겠네요.	2	2	SLUR	[떡치다보니] -> 성적 비속어를 표준어로 순화	clean
구주소 신주소 다써놓으면 둘중 하나 안돼도 나머지걸로 검색하면돼서 오히려 편함 그래서 배달보이들이 더 군말없던데? 저새끼는 걍 진짜 여자라서 걍 시비터는거임 틀딱새끼가	주소를 상세히 기입하면 오히려 찾기 편리합니다. 배달원들도 이를 선호하는데, 저분은 여성이라는 이유로 시비를 거는 것 같네요. 무례한 어르신입니다.	2	3	AGE/GENDER	[보이들, 저새끼, 틀딱새끼] -> 직업/인격 비하 표현을 정중하게 정제	연령
한국에도 이슬람을 능가하는 좌슬람 새끼들이 곧 저런짓하고다닐거다	한국에도 극단적인 이념 추종자들이 곧 저런 행동을 할까 봐 우려됩니다.	2	3	RELIGION/COMMUNITY	[좌슬람 새끼들] -> 특정 이념/종교 비하어를 정중한 우려로 순화	종교, 악플/욕설
동성애의 결과중 가장큰 문제점 자기들끼리 성욕구를협의하에해서 걸린 에이즈 그리고 원치않은 성폭행 동성간 동성애자가 이성을성폭행할때 그결과 에이즈가 걸렸을때 이건 누가책임지나요?	동성애로 인한 질병 확산과 동성 간 성폭행 문제는 심각합니다. 만약 이로 인해 타인에게 질병이 옮겨진다면 그 책임은 누가 져야 합니까?	2	2	LGBTQ	[자기들끼리] -> 구어체 비하 뉘앙스를 공적인 비판 어조로 정제	성소수자
국가가 다르니 있지	국가가 다르니 있지	0	0	NORMAL	[무해] -> 일상적인 의견 표명으로 보존	clean
아마도 1호선 일듯 1호선 에서는 틀딱들 싸움 존나 자주일어남	아마도 1호선일 것 같네요. 그곳에서는 노인분들의 다툼이 매우 빈번하게 발생합니다.	2	2	AGE/SLUR	[틀딱, 존나] -> 노인 비하 및 비속어를 정중한 설명으로 순화	연령
이 미 ㅊ ㅣㄴ ㄸ ㅗ ㅇ 가 이 또 헛소리	정말 어처구니없는 소리를 또 하시네요.	2	3	SLUR	[미친 똥가이] -> 모멸적인 표현을 정중한 어조의 꾸짖음으로 순화	기타 혐오
남자들이 이렇게 편들어주는걸보니 트젠은 남자가 맞다.	남성들이 옹호하는 것을 보니 성전환자도 결국 남성이라고 생각됩니다.	2	2	LGBTQ/GENDER	[트젠] -> 대상에 대한 약칭을 정식 명칭으로 변경하여 정중함 확보	성소수자
1년에 자살하는 애들만 2만명이다.. 변희스 죽었다고 트랜스젠더 군복무? 왜 모든 군부대에 남자 여자 게이 트랜스젠더 화장실 설치하지 그러냐?	자살률이 높은 상황에서 특정 인물의 죽음으로 군 복무 제도를 바꾸는 것은 무리입니다. 그럼 모든 시설을 구분하여 설치해야 하지 않겠습니까?	2	2	LGBTQ	[변희스, 게이] -> 대상 비칭을 제거하고 논리적 반박으로 정제	성소수자
강제 북송을 하거나 걍 다른나라로 보내라 ~ 글고 저것들 조선족인지 아닌지 철저히 조사해라 조선족이 탈북자 행세 하드라 ㅆㅂ	북송 처리를 하거나 다른 나라로 보내십시오. 또한 저분들이 실제 탈북민인지 철저한 조사가 필요합니다. 정말 불만스럽네요.	2	3	RACISM/SLUR	[조선족, ㅆㅂ] -> 인종 비칭과 욕설을 정중한 요구로 정제	인종/국적
고추서요?1	성적인 비하 기능이 원활하신가요?	2	4	SLUR	[고추서요] -> 성희롱적 질문을 정중한(풍자적) 문체로 순화	악플/욕설
우리나라는 진짜 살기 겁나 좋은나라입니다. 국뽕이아니고 외국나오면 느끼는거	우리나라는 진짜 살기 겁나 좋은나라입니다. 국뽕이아니고 외국나오면 느끼는거	0	0	NORMAL	[무해] -> 국가에 대한 긍정적 자부심 표현으로 보존	clean
와 ...	와 ...	0	0	NORMAL	[무해] -> 단순 감탄사로 보존	clean
notepad.exe	notepad.exe	0	0	NORMAL	[무해] -> 단순 텍스트(파일명)로 보존	clean
걸게 망하겠노	게시판이 곧 사라지겠네요.	2	1	COMMUNITY	[~노] -> 커뮤니티식 종결어미를 표준어로 변경	기타 혐오
ㅋㅋㅋㅋ글쓴년 통찰력있노이기 자지들 저런 말 웅앵댈때마다 덜덜 떠노	작성자분의 통찰력이 대단하시네요. 남성들이 저런 말을 할 때마다 매우 당황해 보입니다.	2	3	GENDER/COMMUNITY	[글쓴년, 자지들, 웅앵대다] -> 성별 비하 및 비속어를 정중한 표현으로 순화	여성/가족, 남성
뭐 수만명이 오고가는 커뮤니티사이트에 범죄자 몇명 있다고 폐쇄하나요 그럼 옛날 성범죄 일으킨 오유도 진작에 폐지 했어야죠	뭐 수만명이 오고가는 커뮤니티사이트에 범죄자 몇명 있다고 폐쇄하나요 그럼 옛날 성범죄 일으킨 오유도 진작에 폐지 했어야죠	0	0	NORMAL	[무해] -> 커뮤니티 운영에 대한 논리적 반론으로 보존	기타 혐오
회개는 자신과 신의 관계죠. 그리고 자신과 타인의 관계를 정리하지못한 사람이 신과의 관계를 말한다는것은 사깁니다. 예수께서 말씀하셨죠 너희가 예물을 주님께 드리려 하다가 원망들을 만한 일이 생각나는 줄 알거든 먼저 예물을 내려놓고, 형제와 화목하라.	회개는 자신과 신의 관계죠. 그리고 자신과 타인의 관계를 정리하지못한 사람이 신과의 관계를 말한다는것은 사깁니다. 예수께서 말씀하셨죠 너희가 예물을 주님께 드리려 하다가 원망들을 만한 일이 생각나는 줄 알거든 먼저 예물을 내려놓고, 형제와 화목하라.	0	0	NORMAL	[무해] -> 종교적 교리에 기반한 사실적 관찰로 보존	clean
저 밑에 글도 존나 빡치는데 난 ㅋㅋ	저 아래 게시물도 정말 화가 나네요.	2	2	SLUR	[존나 빡치는데] -> 일상적 비속어를 정중한 분노 표현으로 정제	기타 혐오
순수 100% 서울사람도 아닌 새끼들이ㅋ 서울 부심 부리기는ㅋㅋㅋ 홍어 하이브리드 새끼들이	순수한 서울 사람도 아닌 분들이 서울에 대한 자부심을 가지는 것이 어색하네요. 출신 지역이 섞인 분들도 계신 것 같은데 말입니다.	2	3	REGIONAL/SLUR	[새끼들, 홍어] -> 비하어와 지역 멸칭을 정중한 비판으로 순화	지역
블박하고 네비게이션에 순금도금했냐? 200만원? 진심 개호구로 보는거지ㅠ	블랙박스와 내비게이션 가격이 왜 그렇게 비싼가요? 소비자를 기만하는 행위인 것 같습니다.	2	2	SLUR	[개호구] -> 비속어를 정중한 비판 어조로 정제	기타 혐오
여자가 뭘 입든 한남들따위가 시건방지게 입을 놀리노	여성들의 옷차림에 대해 남성들이 무례하게 참견하는 것은 옳지 않습니다.	2	3	GENDER/COMMUNITY	[한남들따위, 시건방지게, ~노] -> 성별 비하 및 무례한 표현을 표준어로 순화	남성
급식충 까면 개구리가 올챙이시절 생각안하네라고 하는데 좇같은건 좇같은거다;; 급식충새끼들 ㄹㅇ 피시방 소음의 주 원인이자 개념 없는새끼들이 대부분.	청소년들을 비판하면 과거를 잊었다고 하지만, 잘못된 것은 잘못된 것입니다. 학생들은 PC방 소음의 주범이자 예의 없는 경우가 참 많네요.	2	3	AGE/SLUR	[급식충, 좇같은] -> 연령 비하 및 욕설을 정중한 비판으로 순화	연령
쟤랑 결혼당하는 남자는 또 무슨 죄냐	저분과 인연을 맺게 되는 분은 참 안타까운 상황이겠네요.	2	2	SLUR	[결혼당하는] -> 모욕적 표현을 정중한 우려의 어조로 정제	기타 혐오
이런 좆팔 상폐남들 줘안먹 좆팔	정말 화가 나네요. 가치가 떨어진 남성들은 관심을 가질 가치조차 없습니다.	2	4	GENDER/SLUR	[좆팔, 상폐남] -> 심한 욕설과 남성 비하어를 표준어로 순화	남성, 악플/욕설
오히려 잘 된거 아님?평생 육노예로 만들수 있는거 아니노?	(차단된 문장입니다)	1	5	VIOLENCE/SLUR	[육노예] -> 성적 노예화 및 반인륜적 범죄 묘사로 차단	기타 혐오
전라도가 영어로 하면 PORNO 가 되냐	특정 지역명을 성인물과 연관 지어 희화화하는 것은 매우 부적절합니다.	2	3	REGIONAL/SLUR	[PORNO] -> 지역 조롱 및 성적 비유를 정중한 지적으로 정제	지역
재밌는 소설이노	흥미로운 이야기이군요.	2	1	COMMUNITY	[~노] -> 커뮤니티 어법을 정중한 마침표로 변경	clean
의대 가려고 반수 재수 삼수 삼반수 사수 오수 육수 하는 앱창 인생들 널렸는데 뭐 고작 1년 유급된 걸로 부끄러워 하노ㅋㅋㅋㅋ	의대 진학을 위해 여러 번 도전하는 분들이 많은데, 고작 1년 유급된 것으로 부끄러워할 필요가 있습니까?	2	3	SLUR/COMMUNITY	[앱창, ~노] -> 비하어와 커뮤니티 투를 표준어로 순화	악플/욕설
나를 따르라 중국인 선족 들이여 힘을합쳐 나아가자!!!!	나를 따르라 중국인 동포들이여, 힘을 합쳐 나아갑시다!!!!	2	2	RACISM	[선족] -> 대상에 대한 멸칭을 정식 명체인 [동포]로 변경	인종/국적
조선 미개인이야 나이따지지...서구인들은 나이는 숫자에 불과	한국인들이 나이를 따지는 경향이 있는데, 서구에서는 나이를 크게 개의치 않습니다.	2	3	RACISM/AGE	[미개인] -> 자국민 비하 및 차별적 언사를 정중한 비교로 순화	인종/국적
관잦이 똥꼬충ㅣ아니라 똥꼬충이나 관잦 할 거 같노	방관자가 성소수자인지, 아니면 그 반대인지는 알 수 없으나 그런 행동을 할 것 같습니다.	2	3	LGBTQ/COMMUNITY	[관잦, 똥꼬충] -> 은어와 비하어를 표준어로 정제	성소수자
이슬람교 포기하는 조건으로 난민 받아주면 안되나	이슬람교 포기하는 조건으로 난민 받아주면 안되나	0	0	NORMAL	[무해] -> 난민 정책에 대한 개인의 조건부 의견 표명으로 보존	인종/국적, 종교
그럼그렇지 시발 ㅋㅋ	그럼 그렇지요. 정말 어이가 없네요.	2	2	SLUR	[시발] -> 일상적 욕설을 정중한 한탄으로 순화	기타 혐오
에효 씨발	에효, 정말 화가 나네요.	2	2	SLUR	[씨발] -> 욕설을 정중한 감정 표현으로 정제	기타 혐오
짱꼴라 기레기야 중국발 국적 표시말고 국내 거주중인 짱께싯기들 국적 표시도 해야지~~청와대 사이트도 문재인 탄핵반대 청원 동의한 새끼들 국적을 밝히라고 본질 흐리지 말고	중국 관련 언론인분, 국적 표시를 명확히 해주십시오. 또한 탄핵 관련 청원자들의 국적도 공개하여 본질을 흐리지 말아야 합니다.	2	4	RACISM/SLUR	[짱꼴라, 기레기, 짱께싯기] -> 인종/직업 비하어를 정중한 요구로 순화	인종/국적
지랄들 하는구만	정말 소란스럽고 무례한 행동들이군요.	2	2	SLUR	[지랄들] -> 비속어를 정중한 비판으로 정제	기타 혐오
젠신병자는 뒤져야된다 이기야	(차단된 문장입니다)	1	5	LGBTQ/VIOLENCE	[뒤져야된다] -> 성소수자에 대한 혐오 및 살해 위협으로 차단	성소수자, 악플/욕설
ㅋㅋㅋㅋ 미친 저교회엔다등신밖에없냐 ㅋㅋㅋ	저 교회에는 어리석은 사람들만 있는 것인가요?	2	2	RELIGION	[미친, 등신] -> 종교 비하 및 욕설을 정중한 의문으로 순화	종교
나도 사시부활 찬성하노 자지들이 자적자하는게 웃겨서 그런거노	저도 사법시험 부활에 찬성합니다. 남성들끼리의 갈등을 보는 것이 흥미롭기 때문입니다.	2	3	GENDER/COMMUNITY	[자지들, 자적자, ~노] -> 성별 비하 및 커뮤니티 은어를 표준어로 순화	남성
조만간 잠자리때 이케했다 저케했다 고추에 점이있다 없다 터트린다에 잔고 5300원 건다	조만간 성관계와 관련된 구체적인 증언들이 나올 것이라고 확신합니다.	2	2	SLUR	[잠자리, 고추] -> 저급한 표현을 정중한 추측성 문장으로 정제	기타 혐오
102/ 운영자방에서의 제 태도는	102/ 운영자방에서의 제 태도는	0	0	NORMAL	[무해] -> 일상적인 대화 기록으로 보존	clean
ㅋㅋㅋㅋ 클럽위치물어보니 10대양키들도 김치년들 보지가 프리패스인걸 아는듯. ㅋㅋㅋ 어맛!! 나 갓양남 애기따먹었긔!!하고 여시에 올라오겠지 ㅋㅋㅋㅋㅋㅋㅋㅋㅋㅋㅋㅋㅋ	(차단된 문장입니다)	1	5	GENDER/RACISM	[김치년들, 보지, 따먹었긔] -> 극심한 성별/인종 비하 및 성적 모욕으로 차단	인종/국적, 여성/가족
짱캐좃선족들은 그냥 밀고가던데	특정 외국인 집단은 규정을 무시하고 강행하는 경향이 있네요.	2	3	RACISM	[짱캐좃선족] -> 인종/민족 비하어를 정중한 지적으로 순화	인종/국적
와잎? 초대나해람마	배우자분을 소개해 주시겠습니까?	2	2	SLUR	[람마] -> 무례한 어미를 정중한 요청으로 정제	clean
이렇게보니 한글 좆미개하노	이렇게 보니 우리 글자가 조금 투박해 보이기도 하네요.	2	2	SLUR/COMMUNITY	[좆미개, ~노] -> 자국 문화 비하 및 커뮤니티투 순화	기타 혐오
하나님이 거짓말 하라고 시켰나 대단하네	하나님이 거짓말 하라고 시켰나 대단하네요.	2	1	RELIGION	[대단하네] -> 반어적 표현을 정중한 문체로 조정	기타 혐오
임마 대구가 원래 한국의 모스크바였어옛날엔 대구가 남로당 본거지였어대구사태 일어나서 박정희 친형이 총 맞고 사망함.	대구는 과거 특정 정치적 성향의 중심지였습니다. 당시 역사적인 사건들도 많이 발생했지요.	2	2	REGIONAL	[임마] -> 무례한 호칭을 제거하고 역사적 사실을 정중하게 기술	지역, 기타 혐오
진짜 저건 오히려 10대 성매매를 조장하는거 아니냐? 진짜 병신들만 있는나라네	저런 조치는 오히려 청소년 성매매를 유도하는 것 아닌가요? 정말 어리석은 정책이 집행되는 국가군요.	2	3	AGE/SLUR	[병신들] -> 모욕적 언사를 정중한 비판으로 순화	악플/욕설
좆찔이새끼들ㅋㅋ 하여간 한남충들 대가리잘라서 부랄에 박아야한다이기	(차단된 문장입니다)	1	5	GENDER/VIOLENCE	[대가리잘라서] -> 끔찍한 신체 훼손 위협 및 성별 비하로 차단	남성
동성애 하는건 자유이고 또 사람 마음인데 뭐라하진 못하지만 저의 생각도 좀 조용히 했으면 해요 자라나는 아이들이 잘 모를때 혼돈이 올까 겁이나네요~~자식 키우는 입장에서 그런건 안보여주었음합니다.. 어떻게 이게 문화인가요? 죄도 아니지만 문화도 아닙니다.	동성애는 개인의 자유라 존중하지만, 아이들의 가치관 형성기에 혼란을 줄까 우려됩니다. 부모 입장에서 그런 문화가 보편화되지 않았으면 하는 바람입니다.	2	1	LGBTQ	[조용히 했으면] -> 거부감을 정중한 우려의 어조로 정제	성소수자
호남대 vs 호서대	호남대 vs 호서대	0	0	NORMAL	[무해] -> 대등한 대상 비교로 보존	clean
인권위가 정치적으로 써먹힌다는거아니겟냐 ㅋㅋㅋㅋㅋㅋ 서울시장이면 대선후보로 올라서는자리인데 당시에만 이슈화 잊어질만하니 다시 기사내고 ㅋㅋㅋㅋㅋㅋ	국가인권위원회가 정치적으로 이용되는 것이 아닌가 싶네요. 특정 인사에게 영향을 주려는 의도로 보입니다.	2	1	NORMAL	[써먹힌다] -> 구어체 비하 뉘앙스를 공적인 비판으로 정제	clean
한남씨발ㅋㅋ	한국 남성들이 정말 어처구니없네요.	2	3	GENDER/SLUR	[씨발] -> 욕설을 정중한 감정 표현으로 순화	남성
10만원 줘도 재랑안함	금전적 대가가 있더라도 저분과는 관계를 맺고 싶지 않습니다.	2	2	SLUR	[재랑안함] -> 대상을 낮춰보는 표현을 정중한 의사 표현으로 정제	기타 혐오
역시 전라도야..	역시 해당 지역의 특색이 잘 나타나네요.	2	2	REGIONAL	[역시 전라도야] -> 비아냥거리는 뉘앙스를 중립적인 표현으로 정제	지역
동성애자라는게 존나 뭐 순결하고 그런건줄 아냐?소라넷이나 별 차이없는 변태새끼들이다.	성소수자들이라고 해서 특별히 도덕적이지는 않습니다. 일반적인 변태적인 취향과 다를 바 없어 보이네요.	2	3	LGBTQ/SLUR	[존나, 변태새끼들] -> 욕설과 비하어를 정중한 비판 어조로 정제	성소수자
건물에 개독새끼들 교회 한번 들여놓아보면 개독새끼들이 얼마나 인간쓰레기인지 확실히 알게됨. 거의 진골 전라도급.	건물에 특정 종교 시설이 들어서면 그 폐해를 직접 체감하게 됩니다. 정말 비상식적인 행태가 많더군요.	2	4	RELIGION/REGIONAL	[개독새끼들, 쓰레기, 전라도급] -> 종교 및 지역 비하를 정중한 비판으로 순화	지역, 종교
486아재들 군대썰만 들으면 평균전투력 71sdw	486아재들 군대썰만 들으면 평균전투력 71sdw	0	0	NORMAL	[무해] -> 군대 이야기에 대한 일상적 표현	clean
리얼플레이언가 어우동18인지뭔지 씨발새끼들 존나느림	리얼플레이 또는 어우동18인지 뭔지 정말 느립니다.	2	2	SLUR	[씨발새끼들, 존나] -> 비속어를 표준어로 순화	악플/욕설
사람들이 좋아하면 흥할테고 아니면 안되겠지. 과연	사람들이 좋아하면 흥할테고 아니면 안되겠지. 과연	0	0	NORMAL	[무해] -> 일상적인 의견 표현	clean
이 글 지워라 진짜 공들인거 무너질 수 없노 어짜피 한남충들 멍청해서 상관없겠지만ㅋㅋㅋ	이 글 지우십시오. 정말 공들인 것이 무너질 수 없습니다. 어차피 한국 남성들은 멍청해서 상관없겠지만요.	2	2	GENDER	[한남충, 멍청] -> 남성 비하어를 표준어로 순화	남성
124 게이 3번 똥꼬충	124 게이 3번 동성애자	2	3	LGBTQ	[똥꼬충] -> 성소수자 비하어를 표준어로 순화	성소수자
전라도 가면 이민 아니냐	전라도에 가면 이민 아닙니까?	2	2	REGIONAL	[전라도 비하 맥락] -> 지역 비하를 정중한 표현으로 순화	지역
아니 진짜 씨발 말투가 딱 봐도 조선족 아니야?조선족이라고 하면 멍상이니 어쩌니 하는데 저런 말투를 보고도 조선족이라고 말 하면 망상이고 미친놈이야?	아니 정말 말투가 딱 봐도 조선족 아닙니까? 조선족이라고 하면 망상이니 어쩌니 하는데 저런 말투를 보고도 조선족이라고 말하면 망상이고 미친 사람입니까?	2	2	RACISM	[씨발, 미친놈] -> 비속어를 표준어로 순화	인종/국적
개독화팅 힘내라	개신교 화이팅 힘내십시오.	2	2	RELIGION	[개독] -> 종교 비하어를 표준어로 순화	종교
병신 홍어글 퍼왓노	어리석은 전라도 글을 퍼왔네요.	2	3	REGIONAL	[병신, 홍어] -> 지역 비하어를 표준어로 순화	지역
야이 시발 개시발 개시발 좇같은 개시발 새끼들아!!!!!!!!!!!!!!!!!!!!!!!!!!!!!!!	야 정말 정말 정말 형편없는 사람들아!	2	3	SLUR	[시발, 좇같은, 새끼들] -> 비속어를 표준어로 순화	악플/욕설
광주는 우한폐렴은 감기와 같이 고치기 쉬운병이라고 하는 한의원과 한의사들이 가장 많이 모여있는곳 아닌가광주로 보내면 우한폐렴 뿌리뽑는건 시간문제겠네	광주는 우한폐렴은 감기와 같이 고치기 쉬운 병이라고 하는 한의원과 한의사들이 가장 많이 모여있는 곳 아닙니까? 광주로 보내면 우한폐렴 뿌리 뽑는 것은 시간문제겠네요.	2	2	REGIONAL	[광주 비하 맥락] -> 지역 비하를 정중한 표현으로 순화	지역
메갈련 민정경찰보고 경찰타령하네 에휴 미필련	특정 집단 사용자가 민간 경찰을 보고 경찰 운운하네요. 에휴, 군 미필자분들이군요.	2	2	GENDER	[메갈련, 미필련] -> 여성 비하 및 군 미필 비하를 정중한 표현으로 순화	여성/가족
폰팔이 용팔이 옷팔이 렉카보다 악질이택시기사임	휴대폰 판매원, 용역, 의류 판매원, 견인차 기사보다 악질인 것이 택시 기사입니다.	2	2	SLUR	[악질이] -> 직업 비하를 정중한 비판으로 순화	기타 혐오
이성애자가 빤쓰만 입고 성행위 흉내내며 퍼레이드하면 경범죄 걸리는데 게이들이 그 지랄하면 소수자 문화라서 보호해줘야 된대이런 개소리가 어딨냐공공의 안전과 평온을 해치면 똑같이 처벌해야지	이성애자가 속옷만 입고 성행위 흉내를 내며 퍼레이드하면 경범죄에 해당하는데, 성소수자들이 그런 행동을 하면 소수자 문화라며 보호해야 한다고 합니다. 이런 모순이 어디 있습니까? 공공의 안전과 평온을 해치면 똑같이 처벌해야 합니다.	2	2	LGBTQ	[그 지랄, 개소리] -> 비속어를 정중한 비판으로 순화	성소수자
바르지 못한 악한 교육 으로 멸망의 길로 가는구나	바르지 못한 악한 교육으로 멸망의 길로 가는구나	0	0	NORMAL	[무해] -> 교육에 대한 비판적 의견으로 보존	기타 혐오
어렵게 생각하실거 없어요 신천지인들이 명성교회 잠입했겠죠 사람들 빼가려고	어렵게 생각하실 것 없어요. 신천지 신도들이 명성교회에 잠입했겠죠, 사람들을 빼가려고.	0	0	NORMAL	[무해] -> 종교 집단에 대한 추측성 발언으로 보존	종교
보지를 벌려서 고추가루투척	(차단된 문장입니다)	1	5	GENDER/VIOLENCE	[보지, 고추가루투척] -> 성기 노출 및 폭력 행위 묘사로 차단	여성/가족
????당연히 주작이지	당연히 조작이지요.	0	0	NORMAL	[무해] -> 일상적인 의심 표현으로 보존	clean
근데 사실상 뭔 죄임?양다리 존나 걸쳤다고 지금 이슈된거임?창녀들도 섹스 존나 하는데 걔네는 그럼 ??	그런데 사실상 무슨 죄입니까? 양다리를 걸쳤다고 지금 이슈가 된 것입니까? 성매매 종사자들도 성관계를 많이 하는데 그들은 어떻습니까?	2	3	GENDER/SLUR	[존나, 창녀들] -> 비속어와 여성 비하어를 표준어로 순화	여성/가족
혐오스런 옷입고 다니니깐 모든 게이들이 다 저래보이지 뭐	혐오스러운 옷을 입고 다니니까 모든 성소수자들이 다 저렇게 보이지요.	2	2	LGBTQ	[게이들] -> 성소수자 전체를 일반화하는 표현을 정중하게 유지	성소수자
벌금필요없고 최고형량으로 징역형 으로 ㆍ 목사 이젠 개,돼지 아무나하네 많이 변했다	벌금은 필요 없고 최고 형량으로 징역형을 부과해야 합니다. 목사직이 이제는 아무나 하는 것 같네요. 많이 변했습니다.	2	2	RELIGION	[개,돼지 아무나] -> 종교인 비하를 정중한 비판으로 순화	종교
애비시벌 한남새끼들 얼마나 편하게 살면 저런 기본 상식도 안지켜서 살인하노? 살인자새끼 지가 살인해놓고도 sns에서 그 부랄 떤거노? 좆뱅 대성이 음주운전으로 로드킬한 것보다 죄질 심각하노	(차단된 문장입니다)	1	5	GENDER/VIOLENCE	[살인하노, 부랄 떤거노] -> 살인 관련 극단적 비난 및 성별 비하로 차단	남성
페미들이 어떤면에서 여자인가? 여초까페 페미들은 그냥 여자 일베 그 이상도 이하도 아님...	페미니스트들이 어떤 면에서 여성입니까? 여성 커뮤니티의 페미니스트들은 그냥 여성판 일베 그 이상도 이하도 아닙니다.	2	2	GENDER	[페미들] -> 특정 집단 비하를 정중한 비판으로 순화	여성/가족
재기성님 국회의원출마하면 뽑아줄텐데..국회는 저런 강력한 추진력이있는 사람이 들어가야한다.재기갑은 충분히 뱃지달 자격이있음.좀 나와라제발,,	재기성님이 국회의원에 출마하면 뽑아줄 텐데요. 국회는 저런 강력한 추진력이 있는 사람이 들어가야 합니다. 충분히 자격이 있으니 출마해 주십시오.	0	0	NORMAL	[무해] -> 정치인에 대한 지지 표명으로 보존	clean
서유럽에 단체관광 갔다가 키 190 궁뎅이 빵빵한 금발미남 자집놈 봤는데 나도 모르게 웃음이 나더노ㅋㅋㅋㅋ 나뿐 아니라 나랑같이간 한국여자들 다그랬음 ㅋㅋㅋㅋ 자집애가 얘쁘면 반사적으로 입꼬리가 올라간다 이기야^노^	서유럽에 단체 관광을 갔다가 키 190에 체격 좋은 금발 미남을 봤는데 나도 모르게 웃음이 나더군요. 저뿐 아니라 함께 간 한국 여성들 모두 그랬습니다. 남성이 잘생기면 반사적으로 입꼬리가 올라갑니다.	2	3	GENDER/RACISM	[자집놈, 자집애, 이기야^노^] -> 성별/인종 비하 및 커뮤니티 말투를 순화	남성, 인종/국적
탈북자를 보면 전라도 보는 느낌이다지들이 아주 잘난 줄 안다지들이 아주 똑똑한 줄 안다지들이 아주 능력이 많은 줄 안다그걸 몰라주는 남조선 인간들이 증오스럽고 죽이고 싶다전라도가 우리를 보고 가지는 열등감과 어쩜 이리 똑같노?	(차단된 문장입니다)	1	5	RACISM/REGIONAL/VIOLENCE	[죽이고 싶다] -> 특정 집단에 대한 살해 욕구 표출로 차단	인종/국적, 지역
여자들 뚱뚱한년들 저런 금발 왜하는거냐	여성들 중 체중이 많이 나가는 분들은 왜 금발 염색을 하는 것입니까?	2	2	GENDER	[뚱뚱한년들] -> 여성 외모 비하를 정중한 질문으로 순화	여성/가족
가려도 한남콘이노 구웨에에에에에엑 정화짤 필요하다 익이	가려도 한국 남성의 특징이 보이네요. 정화 이미지가 필요합니다.	2	2	GENDER/COMMUNITY	[한남콘, 구웨에에에에에엑, 익이] -> 성별 비하 및 커뮤니티 말투를 순화	남성
무슬림 남성들이 결혼 못하는 노처녀 메갈 돼지들을 노려서 한국에 정착할 수도 있다.	무슬림 남성들이 결혼하지 못한 여성들을 대상으로 한국에 정착할 수도 있습니다.	2	4	GENDER/RACISM	[노처녀, 메갈 돼지들] -> 여성 비하 및 인종 편견을 정중한 우려로 순화	여성/가족, 인종/국적
태영호의 미성년자 강간 의혹에 대한 진상규명도 곧 이뤄지겠지.	태영호의 미성년자 강간 의혹에 대한 진상규명도 곧 이뤄지겠지.	0	0	NORMAL	[무해] -> 특정 인물에 대한 의혹 제기로 보존	clean
앵나오게 똑같노 ㅋㅋㅋㅋㅋ 이제 한남콘 전세계로 퍼지노 완전한 도태남들이노 ㅋㅋㅋ	정말 똑같네요. 이제 한국 남성의 특징이 전 세계로 퍼지는군요. 완전히 도태된 남성들입니다.	2	3	GENDER/COMMUNITY	[앵나오게, 한남콘, 도태남, ~노] -> 성별 비하 및 커뮤니티 말투를 순화	남성
개독이랑 무슬림이랑 다이깨고 다뒤졌으면 좋겠다 그리곤 우리나라엔 애니미즘 토테미즘만 남았으면 씨발 ㅋㅋ	(차단된 문장입니다)	1	5	RELIGION/VIOLENCE	[다뒤졌으면] -> 특정 종교인에 대한 살해 욕구 표출로 차단	종교
보력가자 이기	보라매로 갑시다.	2	1	COMMUNITY	[이기] -> 커뮤니티 어미를 표준어로 변경	clean
잘생긴 형아들이 내입에 싸주면 흥분되고좋은데..	(차단된 문장입니다)	1	5	SLUR	[입에 싸주면] -> 극도로 저질스러운 성적 표현으로 차단	기타 혐오
광광 기밀을 폭로하면 우짜노,	기밀을 폭로하면 어떻게 합니까?	2	1	COMMUNITY	[광광, 우짜노] -> 커뮤니티 말투를 표준어로 변경	clean
살만빼면 결혼도하고 하겠구만 여자오지헌 옥동자급이라도되나...대가리에 기생충이 기어들어갔나...믄 씹소리만 해대는거고	체중만 줄이면 결혼도 하겠지만, 여성이 매우 훌륭한 수준이라도 되나요? 머리에 문제가 있는 것 같습니다. 무슨 헛소리만 하는 것입니까?	2	3	GENDER/SLUR	[여자오지헌, 대가리에 기생충, 씹소리] -> 여성 비하 및 욕설을 정중한 비판으로 순화	기타 혐오
요즘 이란이 정신 차려가지고 개혁 개방하고 미국이랑 친하게 지내려고 하니까 개슬람 씹새끼들이 훼방놓는거임	요즘 이란이 정신을 차려서 개혁 개방하고 미국과 친하게 지내려고 하니까 극단적 이슬람 세력들이 훼방을 놓는 것입니다.	2	3	RELIGION	[개슬람 씹새끼들] -> 종교 비하어를 정중한 표현으로 순화	종교
집에서 남한테 피해안주고 야동보는건 범죄고,서울한복판에서 그것도 대낮에 애들보는앞에서 옷벗고 날뛰는건 무죄랑께요~~~~	집에서 남에게 피해 안 주고 성인물을 보는 것은 범죄이고, 서울 한복판에서 그것도 대낮에 아이들 보는 앞에서 옷 벗고 날뛰는 것은 무죄라는 것입니까?	2	2	LGBTQ	[랑께요~~~~] -> 비꼬는 어조를 정중한 반문으로 순화	기타 혐오
와 ㅋㅋㅋ저새끼 좆노답이네	와, 저 사람은 정말 답이 없네요.	2	2	SLUR	[저새끼, 좆노답] -> 비속어를 정중한 비판으로 순화	기타 혐오
와 씨발 일베 진짜망했네 ㅋㅋㅋㅋㅋㅋㅋㅋㅋ 홍어 너무 많은데?	와, 정말 일베가 망했네요. 전라도 사람들이 너무 많은데요?	2	3	REGIONAL/SLUR	[씨발, 홍어] -> 욕설과 지역 비하어를 정중한 표현으로 순화	지역
녀성부와 악성 김치녀를 보내 버렸으면 좋겠다	여성부와 악성 여성들을 없애버렸으면 좋겠습니다.	2	3	GENDER	[녀성부, 김치녀] -> 여성 비하어를 정중한 표현으로 순화	여성/가족
너 메갈하니? 쿰~척 뱃살에 자짓살 다 파묻혔을듯 하노	당신은 특정 커뮤니티 사용자입니까? 복부 지방에 남성 성기가 다 묻혔을 것 같네요.	2	3	GENDER/SLUR	[메갈, 자짓살, ~노] -> 성별 비하 및 신체 조롱을 정중한 표현으로 순화	남성
국민학교 ㅋㅋㅋ 병신이 쉰내나는 상폐 자지가 저런짓 하고싶냐 ㅋㅋㅋ 상폐 짜장부랄새끼가 결혼도 못하고 도태된 노가다구만	(차단된 문장입니다)	1	5	GENDER/AGE/SLUR	[병신, 상폐 자지, 짜장부랄새끼] -> 극심한 성별/연령 비하 및 욕설로 차단	남성, 연령
대물취급받고 울컥하노 ㅋㅋ	큰 것으로 취급받고 감정이 북받치네요.	2	2	COMMUNITY	[울컥하노] -> 커뮤니티 말투를 표준어로 변경	clean
난 근데 술맛을 몰라서 비싼술이나 싸구려술이나 다 쓴맛 나서 맛없던데가끔 수면제 용도로 마시긴 하는데 나같은 놈도 외국술 마셔야 하냐?	저는 술맛을 몰라서 비싼 술이나 싸구려 술이나 다 쓴맛이 나서 맛없던데, 가끔 수면제 용도로 마시긴 합니다. 저 같은 사람도 외국 술을 마셔야 합니까?	0	0	NORMAL	[무해] -> 일상적인 질문으로 보존	clean
수구꼴통을 하려면 낮짝이 두꺼워야됨	보수 극단주의를 하려면 뻔뻔함이 필요합니다.	2	2	SLUR	[수구꼴통, 낮짝] -> 정치 성향 비하 및 비속어를 정중한 표현으로 순화	기타 혐오
나도 성소수자란 단어가 좆같았어	저도 성소수자라는 단어가 마음에 들지 않았습니다.	2	2	LGBTQ/SLUR	[좆같았어] -> 비속어를 정중한 표현으로 순화	성소수자
우리나라가 민주주의국가 아니었나? 대통령 뽑아줬더니 독재정치하고 앉았네 국민이 이렇게 싫다는데 임명하겠다?? 문재인씨 그렇게 안봤는데 배신감 쩐다..	우리나라가 민주주의 국가 아니었습니까? 대통령을 뽑아줬더니 독재 정치를 하고 있네요. 국민이 이렇게 싫다는데 임명하겠다는 것입니까? 문재인 씨를 그렇게 안 봤는데 배신감이 큽니다.	0	0	NORMAL	[무해] -> 정치에 대한 비판적 의견으로 보존	기타 혐오
어우 글에서 쉰내가 왤케 나냐 ㅋㅋ	어우, 글에서 노인 냄새가 왜 이렇게 납니까?	2	2	AGE	[쉰내] -> 연령 비하를 정중한 표현으로 순화	연령
좆팔 두놈이 ^커플룩^이노? 딱보니 둘이 1+1으로 후장팔이 하는게 틀림없노 한마리 사면 옆마리는 공짜겠노	(차단된 문장입니다)	1	5	GENDER/LGBTQ/SLUR	[후장팔이] -> 성소수자에 대한 극심한 성적 비하 및 모욕으로 차단	남성, 성소수자
부모들땜에 노키즈존이 생긴겁니다	부모들 때문에 노키즈존이 생긴 겁니다.	0	0	NORMAL	[무해] -> 일상적인 의견 표명으로 보존	clean
목련꽃이 피었다.	목련꽃이 피었다.	0	0	NORMAL	[무해] -> 일상적인 문장으로 보존	clean
ㅅㅂ 성소수자들이 부럽다 재네들은 그래도 ㅅㅅ는 하잖아	정말 부럽네요. 성소수자들은 그래도 성관계는 하잖아요.	2	2	LGBTQ/SLUR	[ㅅㅂ] -> 욕설을 정중한 감정 표현으로 순화	성소수자
이 시국에 3만명이 쳐모이는게 사람새끼들이냐	이 시국에 3만 명이 모이는 것이 사람들이라고 할 수 있습니까?	2	2	SLUR	[쳐모이는, 사람새끼들] -> 비속어를 정중한 비판으로 순화	기타 혐오
서울 ㅋㅋ 남녀차별ㅋㅋ 명불허전	서울은 남녀 차별로 명성이 자자하네요.	2	1	REGIONAL	[명불허전] -> 지역 비하 뉘앙스를 정중한 표현으로 순화	지역
저새끼들 몇년 받았냐?	저 사람들은 몇 년 형을 받았습니까?	2	1	SLUR	[저새끼들] -> 비속어를 정중한 표현으로 순화	기타 혐오
그땐 니들이 테러를 덜일으켰겠지 조금은 순수했었겠지 지금보단 헛소리 지껄이네 연초부터 사이비교주한테 빠진거랑 뭐가 다르냐 본인만 옳고 전지전능하고 다른것은 철저히 배척하는 그게 무슨 인간을 구원하는 종교냐	그때는 당신들이 테러를 덜 일으켰겠지요. 조금은 순수했었겠지요. 지금보다는요. 헛소리를 하시네요. 연초부터 사이비 교주에게 빠진 것과 무엇이 다릅니까? 본인만 옳고 전지전능하며 다른 것은 철저히 배척하는 것이 무슨 인간을 구원하는 종교입니까?	2	2	RELIGION	[니들, 헛소리 지껄이네] -> 무례한 표현을 정중한 비판으로 순화	종교
쥬지로 입막 가능	주지육림으로 입막음 가능합니다.	0	0	NORMAL	[무해] -> 일상적인 표현으로 보존	clean
일부~일부우~ 그놈의 일부~~~~~~너거들 인생의 1부는 막을 내렸고 2부는 마포대교에서 대롱대롱 매달아 놓고 시작할 것이다 이기야~삼기야~ 사기야~~~~^오^	(차단된 문장입니다)	1	5	VIOLENCE	[마포대교에서 대롱대롱] -> 자살 유도 및 협박성 발언으로 차단	기타 혐오
똥꼬충 다 타버렸놐ㅋㅋㅋ	성소수자들이 다 타버렸네요.	2	3	LGBTQ	[똥꼬충] -> 성소수자 비하어를 표준어로 순화	성소수자
글쓴게이야 김정은보다 림종석 후장빠는게 더 치욕적일거라고 조언댓글 달아	(차단된 문장입니다)	1	5	LGBTQ/SLUR	[후장빠는] -> 성소수자에 대한 극도로 저질스러운 성적 모욕으로 차단	성소수자
이슬람이 잘한거다여성존중이랍시고 권리주면 한국꼴 뉴질랜드꼴 나는것밖에 더하냐?	이슬람이 잘한 것입니다. 여성 존중이라며 권리를 주면 한국이나 뉴질랜드 같은 꼴이 나는 것밖에 더 있습니까?	2	3	GENDER/RELIGION	[한국꼴] -> 여성 권리 확대에 대한 부정적 시각을 정중한 반문으로 순화	여성/가족, 종교
원래 똥낀놈이 더 화를 내는 법이다.	원래 잘못한 사람이 더 화를 내는 법입니다.	2	1	SLUR	[똥낀놈] -> 비속어를 정중한 표현으로 순화	clean
안받아들여도 테러는남	받아들이지 않아도 테러는 남습니다.	0	0	NORMAL	[무해] -> 일상적인 의견 표명으로 보존	기타 혐오
존나 역겹다 전라도 개병신새끼들존나 많노 여기에 좀 꺼지면 안되나민증 까봐 븅신들아 난 학생증 깔텡까틀딱들 말 뒤지게 많아 걍 틀니 착용하고입 좀 쳐닫으면 안되나 애미디진년들아	(차단된 문장입니다)	1	5	REGIONAL/AGE/SLUR	[개병신새끼들, 애미디진년들] -> 극심한 지역/연령 비하 및 욕설로 차단	연령, 지역
똥꼬충 새끼들 똥꼬섹스 조용히 집에서 해 사람 죽여가면서 자랑하지 말고	성소수자분들은 항문 성교를 조용히 집에서 하십시오. 사람을 죽여가면서 자랑하지 마십시오.	2	4	LGBTQ	[똥꼬충 새끼들] -> 성소수자 비하어를 정중한 표현으로 순화	성소수자
보험금 교환권으로도 사용가능	보험금 교환권으로도 사용가능	0	0	NORMAL	[무해] -> 일상적인 정보 전달로 보존	clean
유태인과 무슬임. 다 지들 빼고는 이교도는 죽이거나 노예로 삼아야 한다며 사람 취급 안하는 노답이지.	유대인과 무슬림은 자신들을 제외한 이교도는 죽이거나 노예로 삼아야 한다며 사람 취급을 안 하는 답이 없는 종교입니다.	2	2	RACISM/RELIGION	[지들, 노답] -> 인종/종교 비하를 정중한 비판으로 순화	인종/국적, 종교
와우내 내가 지금 뭘읽은거노;;;	와우, 제가 지금 무엇을 읽은 것입니까?	2	1	COMMUNITY	[~노] -> 커뮤니티 말투를 표준어로 변경	clean
뭐만하면 일재잔재 ㅋㅋ 우리 고유 말이 있었어야 일재 잔재지 근대 문면을 일본이 들여왔는데 당연히 대부분 일본식 단어가 정칙한거지	뭐만 하면 일제 잔재라고 하는데, 우리 고유 말이 있었어야 일제 잔재지요. 근대 문명을 일본이 들여왔는데 당연히 대부분 일본식 단어가 정착한 것입니다.	0	0	NORMAL	[무해] -> 역사적 사실에 대한 의견으로 보존	clean
속눈썹못잃어 좆같노	속눈썹을 잃을 수 없어서 정말 답답하네요.	2	2	SLUR/COMMUNITY	[좆같노] -> 비속어와 커뮤니티 말투를 정중한 표현으로 순화	기타 혐오
그래서 광주의 혁명 정신이 필요한 것 아니겠냐... 광주 시민들이 일어날 때다.	그래서 광주의 혁명 정신이 필요한 것 아니겠습니까? 광주 시민들이 일어날 때입니다.	0	0	NORMAL	[무해] -> 정치적 의견 표명으로 보존	clean
남자의 격을 올려주는 존재다, 까지말고 저걸보고 딸치는 여자보고 딸치자 ㅂㄷㅂㄷ	(차단된 문장입니다)	1	5	GENDER/SLUR	[딸치는] -> 성적 비하 및 저질스러운 표현으로 차단	여성/가족
병신페미년들 보지를 좌우로 쫘악 찢어버려야하는데	(차단된 문장입니다)	1	5	GENDER/VIOLENCE	[찢어버려야] -> 여성에 대한 극심한 폭력 위협으로 차단	여성/가족
한국에게 있어서 짱꼴라는 바퀴벌레다일산사는 사람에게 있어서 파주사는새끼들은 바퀴벌레다이씨발년놈들때문에 출퇴근할때 힘들고 바퀴벌레같은놈들이 자꾸 일산에서 깔짝댐	한국에게 있어서 중국인은 바퀴벌레와 같습니다. 일산 사는 사람에게 있어서 파주 사는 사람들도 바퀴벌레와 같습니다. 이 사람들 때문에 출퇴근할 때 힘들고 자꾸 일산에서 활동합니다.	2	4	RACISM/REGIONAL	[짱꼴라, 씨발년놈들] -> 인종/지역 비하 및 욕설을 정중한 표현으로 순화	인종/국적, 지역
똥꼬충들 에이즈약값 세금으로 대주는거 당장 집어치워라. 빨리 죽게 나둬라.	(차단된 문장입니다)	1	5	LGBTQ/VIOLENCE	[빨리 죽게] -> 성소수자에 대한 살해 욕구 표출로 차단	성소수자
목사가 악령을 쫓을 수 있다고 생각하는 이유는? 1. 남을 속여 돈을 벌기 위함 2. 목사가 정신병자 둘중 하나임.	목사가 악령을 쫓을 수 있다고 생각하는 이유는? 1. 남을 속여 돈을 벌기 위함 2. 목사가 정신병자 둘 중 하나입니다.	2	2	RELIGION	[정신병자] -> 종교인 비하를 정중한 비판으로 유지	종교, 기타 혐오
쟤들이 이대교수가 빡대가리 병신년들이라고한 페미년들임사실상 무차별적으로 증거도없이 남자 신상올리고 아님말고 이지랄중	저들이 이대 교수가 빡대가리 병신이라고 한 페미니스트들입니다. 사실상 무차별적으로 증거도 없이 남자 신상을 올리고 아니면 말고 하는 중입니다.	2	3	GENDER	[빡대가리 병신년들, 페미년들] -> 여성 비하어를 정중한 표현으로 순화	여성/가족
이것들은 뭐만 했다하면 2차가해 래.	이 사람들은 뭐만 했다 하면 2차 가해라고 합니다.	2	1	SLUR	[이것들] -> 비하 표현을 정중한 표현으로 순화	clean
정말김사하네요~^^ 표현의 자유막는 차별금지법..반대합니다!! 대다수의 국민들의 입을 막으려하는 역차별법.. 평등하지 않습니다	정말 감사하네요. 표현의 자유를 막는 차별금지법을 반대합니다. 대다수 국민들의 입을 막으려 하는 역차별법은 평등하지 않습니다.	0	0	NORMAL	[무해] -> 법안에 대한 반대 의견으로 보존	기타 혐오
남과 여가 분명하게 서로 다른데 자꾸 남자와 여자는 똑같다.라는 말들을 한다. 어릴때부터 서로 다름을 가르처야하는데 그렇지 않으니까 커서도 진짜로 남자와 여자는 똑같은줄로알고 행동하다가 사고듣친다.	남과 여가 분명하게 서로 다른데 자꾸 남자와 여자는 똑같다는 말들을 합니다. 어릴 때부터 서로 다름을 가르쳐야 하는데 그렇지 않으니까 커서도 진짜로 남자와 여자는 똑같은 줄 알고 행동하다가 사고를 칩니다.	2	1	GENDER	[사고듣친다] -> 성별 차이 강조를 정중한 표현으로 유지	여성/가족, 남성
콩으로 메주를 만든다고 해도 못믿겠다 이것도 쇼로 보인다 지지율 뚝 떨어지니 급하긴 급했구나 공유라고? ㅋ 애쓴다	콩으로 메주를 만든다고 해도 못 믿겠습니다. 이것도 쇼로 보입니다. 지지율이 뚝 떨어지니 급하긴 급했군요. 공유라고요? 애쓰시네요.	0	0	NORMAL	[무해] -> 정치에 대한 비판적 의견으로 보존	기타 혐오
아니 틀리기도해......애초부터 하나님부터 남녀 성별 구분해서 태어나게했슴...ㅡ그걸 니들이 몰라도 넘 몰라서 그래	아니, 틀리기도 합니다. 애초부터 하나님께서 남녀 성별을 구분해서 태어나게 하셨습니다. 그걸 당신들이 몰라도 너무 모르는 것 같네요.	2	2	LGBTQ/RELIGION	[니들] -> 무례한 표현을 정중한 표현으로 순화	성소수자
이건 차별로 인한 불쾌감이 아니라 병신같은 정책에 대한 반감이다.	이것은 차별로 인한 불쾌감이 아니라 어리석은 정책에 대한 반감입니다.	2	2	SLUR	[병신같은] -> 비속어를 정중한 표현으로 순화	기타 혐오
진짜 lgbt가 너무 싫다...	정말 LGBT가 너무 싫습니다.	2	2	LGBTQ	[무해하나 혐오 표현] -> 성소수자에 대한 거부감을 정중한 표현으로 유지	성소수자
구구절절 맞는말인데요?	구구절절 맞는 말인데요?	0	0	NORMAL	[무해] -> 일상적인 동의 표현으로 보존	clean
독재정권에 항거하고 민주화운동 선봉자 좋은데로 가소서 !! 이나라는 진리가 이겨야 하고 정의가 이겨야 한다 ㆍ댓글 엉터리로 다는 자여 !! 지옥에 가라 !!	독재정권에 항거하고 민주화운동 선봉에 섰던 분, 좋은 곳으로 가십시오. 이 나라는 진리가 이겨야 하고 정의가 이겨야 합니다. 댓글을 엉터리로 다는 분들은 반성하십시오.	2	2	SLUR	[지옥에 가라] -> 저주성 발언을 정중한 권고로 순화	기타 혐오
급식충은 고소하려면 보호자동반해야되고 여러가지 법적인 절차가 있을텐데 급식충이 과연 그걸 할수있을까?	청소년은 고소하려면 보호자 동반이 필요하고 여러 가지 법적인 절차가 있을 텐데, 청소년이 과연 그것을 할 수 있을까요?	2	2	AGE	[급식충] -> 연령 비하어를 표준어로 순화	연령
읽어보니 젊은이들의 의식변화가 문제가 아니라 자기네 왕들이 잘못해서 군주제 폐지 얘기가 나온거네. 콩 심은데 콩 나는거임	읽어보니 젊은이들의 의식 변화가 문제가 아니라 자기네 왕들이 잘못해서 군주제 폐지 얘기가 나온 것이네요. 콩 심은 데 콩 나는 것입니다.	0	0	NORMAL	[무해] -> 일상적인 의견 표명으로 보존	기타 혐오
추미매를 여자를 보는 사람이 어딨냐? 늙은 아줌마가ㅠ 상식적으로 생각해바라	추미애를 여자로 보는 사람이 어디 있습니까? 나이 든 여성인데요. 상식적으로 생각해 보십시오.	2	2	GENDER/AGE	[늙은 아줌마] -> 연령/성별 비하를 정중한 표현으로 순화	기타 혐오
로스트 보면 시드니에서 무슬림들이 자살폭탄 계획하는거 나오던데 호주도 개슬람 많냐?	로스트를 보면 시드니에서 무슬림들이 자살 폭탄을 계획하는 것이 나오던데, 호주도 이슬람교도가 많습니까?	2	2	RELIGION	[개슬람] -> 종교 비하어를 표준어로 순화	인종/국적
너무 기쁜 소식이네요. 감사합니다. 기대됩니다.	너무 기쁜 소식이네요. 감사합니다. 기대됩니다.	0	0	NORMAL	[무해] -> 긍정적인 반응으로 보존	clean
자댕이들한테 뭔 글을 가르치노 책은 사치다익이야 차라리 개밥그릇 던져주는게 훨씬 가치있노	남성들에게 무슨 글을 가르칩니까? 책은 사치입니다. 차라리 개밥그릇을 던져주는 것이 훨씬 가치 있습니다.	2	4	GENDER/COMMUNITY	[자댕이들, 익이야, ~노] -> 성별 비하 및 커뮤니티 말투를 순화	남성
얘 진짜 무슬림 맞아?	이 사람 진짜 무슬림 맞습니까?	0	0	NORMAL	[무해] -> 일상적인 질문으로 보존	clean
자집애들은 짐승인 쀼.젤.라.또.	남자아이들은 짐승입니다. 절대로.	2	3	GENDER/COMMUNITY	[자집애들, 쀼.젤.라.또.] -> 성별 비하 및 커뮤니티 말투를 순화	남성
정말이지 이 나라가 뭔가를 하긴하는데.. 왜이리 속는 기분일까나 누구를 위한 우쭈쭈우쭈쭈 뒤에  보이지 않는 거대한 재갈장전	정말이지 이 나라가 뭔가를 하긴 하는데, 왜 이리 속는 기분일까요? 누구를 위한 것인지, 뒤에 보이지 않는 거대한 재갈이 있는 것 같습니다.	0	0	NORMAL	[무해] -> 정치에 대한 불신 표현으로 보존	clean
한남은 왜 싹다 재앙맨치로 ㅎㅌㅊ로 생겼노	한국 남성들은 왜 전부 재앙처럼 형편없이 생겼습니까?	2	3	GENDER/COMMUNITY	[한남, 재앙맨치로, ㅎㅌㅊ, ~노] -> 성별 비하 및 커뮤니티 말투를 순화	남성
홍어+개독.. 이건 무슨 끔찍한 혼종이냐 물론 얼굴은 이쁨ㅋ	전라도 사람과 개신교 신자의 조합이라니, 이것은 무슨 끔찍한 혼종입니까? 물론 얼굴은 예쁘네요.	2	3	REGIONAL/RELIGION	[홍어, 개독] -> 지역/종교 비하어를 정중한 표현으로 순화	지역, 종교
여자가더 많이 영화보러오는데 차별드립 ㄴㄴ해	여자가 더 많이 영화 보러 오는데 차별 발언은 하지 마십시오.	0	0	NORMAL	[무해] -> 일상적인 지적으로 보존	clean
공산당.사회주의도 그렇게 안한다 미친 정책을 강구하네 중국만 좋아 지겠네 기업들이 한국에 있겄야	공산당이나 사회주의도 그렇게 안 합니다. 미친 정책을 강구하네요. 중국만 좋아지겠네요. 기업들이 한국에 있어야죠.	2	2	SLUR	[미친 정책] -> 비속어를 정중한 비판으로 순화	기타 혐오
모든 종교가 물질만능 주의 로 되는것이 안타갑다.	모든 종교가 물질만능주의로 변질되는 것이 안타깝습니다.	2	1	RELIGION	[물질만능 주의] -> 종교에 대한 비판적 의견을 정중한 표현으로 유지	종교
서검사님..말씀이 옳습니다~	서검사님 말씀이 옳습니다.	0	0	NORMAL	[무해] -> 일상적인 동의 표현으로 보존	clean
김치년들 성형할꺼면 저래하든가 무슨 씨발 사진 찍어도 나오는? 또렷한 이목구비?? 이딴걸 고료해서 좆병신 자발적 성괴되고 있어 미친년들	(차단된 문장입니다)	1	5	GENDER/SLUR	[김치년, 씨발, 좆병신] -> 극심한 여성 비하 및 욕설로 차단	여성/가족
전라도것들은 다 쳐죽여야해 이것들은 지성이없는 인간의 탈을 쓴 악귀다	(차단된 문장입니다)	1	5	REGIONAL/VIOLENCE	[쳐죽여야해] -> 특정 지역민에 대한 살해 위협으로 차단	지역
이거 므슨 전시노? 민원넣을거노	이것은 무슨 전시입니까? 민원을 넣겠습니다.	2	1	COMMUNITY	[~노] -> 커뮤니티 어미를 표준어로 변경	기타 혐오
불체자 조선족들 연행할 때 목에 줄을 감아서 개돼지처럼 데리고 가야지 ㅇㅇ 손묶어서 사람처럼 데리고 다니니 저런 미친소리 나오는거 같아	(차단된 문장입니다)	1	5	RACISM/VIOLENCE	[개돼지처럼] -> 특정 민족에 대한 극심한 비인간화 및 폭력 옹호로 차단	인종/국적
나도 바이블은 찢어봤다 부산국제락페스티벌 데쓰메탈 밴드 Deicide공연중 팬중에 한분이 바이블 두쪽으로 찢어서 던지더라 그래서 주워들거 발기발기 찢어서 공중에 뿌렸지	저도 성경을 찢어본 적이 있습니다. 부산국제락페스티벌에서 팬 한 분이 성경을 찢어 던지기에 주워서 더 찢어 공중에 뿌렸습니다.	2	2	RELIGION	[바이블 찢어] -> 종교적 행위에 대한 사실 진술을 정중하게 정제	clean
ㅋㄱㅋㅋㅋㅋㅋㅋㅋㅋㅋㅋㄱㅋㅋㅋㅋㅋㅋㅋㅋ	ㅋㄱㅋㅋㅋㅋㅋㅋㅋㅋㅋㅋㄱㅋㅋㅋㅋㅋㅋㅋㅋ	0	0	NORMAL	[무해] -> 단순 웃음 표현으로 보존	clean
설라도말고 충청도합시다!	전라도 말고 충청도 합시다!	2	2	REGIONAL	[설라도] -> 지역 비하 은어를 표준어로 변경	지역
전라도색기들이 기독교 유난히 좋아하는 이유가 있다니까....	전라도 사람들이 기독교를 유난히 좋아하는 이유가 있습니다.	2	2	REGIONAL	[색기들] -> 지역 비하어를 표준어로 순화	지역
백래시는 만물여혐병 걸린 불편벌레들이 키운거지 그것들이 여성인권을 위해 한것도 없는데 지가 페미인줄 아니까 반발이 심해진거지	백래시는 과도한 페미니즘 주장자들이 키운 것입니다. 그들이 여성 인권을 위해 한 것도 없는데 스스로를 페미니스트라 여기니 반발이 심해진 것입니다.	2	2	GENDER	[만물여혐병, 불편벌레들] -> 여성주의 비판을 정중한 표현으로 순화	여성/가족
틀딱까는글은 2ㅂ	노인 비하 글은 추천합니다.	2	2	AGE	[틀딱] -> 연령 비하어를 표준어로 순화	연령
커밍아웃이 싫었거나 차변이 싫음 집구석에 쳐박혀 잇엇어야지 이시국에 크럽? 또라이덜!	커밍아웃이나 차별이 싫었다면 집에 있었어야지, 이 시국에 클럽이라니 정신이 없군요.	2	2	LGBTQ	[집구석, 또라이] -> 비속어를 정중한 비판으로 순화	성소수자
씨팔ㅋㅋㅋㅋ웃챙 ㅋㅋㅋ저걸 변명이라하노	정말 웃기네요. 저것을 변명이라고 합니까?	2	2	SLUR/COMMUNITY	[씨팔, ~노] -> 욕설과 커뮤니티 어미를 표준어로 순화	기타 혐오
미국도 이제 전쟁 한번 치러야 정상적으로 갈 것 같다그동안 너무 굴직굴직한 전쟁이 없었다 한국 봐라 휴전국인데도 한동안 전쟁 없으니깐 페미들 미쳐 날뛰고 개소리 지껄이고 댕기잖아	미국도 이제 큰 전쟁을 치러야 정상화될 것 같습니다. 한국을 보십시오. 휴전국인데도 전쟁이 없으니 페미니스트들이 미쳐 날뛰고 헛소리를 하고 있지 않습니까?	2	2	GENDER	[개소리] -> 여성주의 비판을 정중한 표현으로 순화	여성/가족
ㄴㄴ 저정도는 메갈충이 아님메갈,워마드 가면 원빈,송중기,강동원,서강준아무리 잘생겨도 전부다 한남충이라고 욕함ㅋㅋㅋㅋㅋㅋ저정도 반응은 메갈 접한지 얼마안된 반응임	아닙니다. 저 정도는 메갈 사용자가 아닙니다. 메갈이나 워마드에 가면 아무리 잘생긴 남성도 전부 한남충이라고 욕합니다. 저 정도 반응은 메갈을 접한 지 얼마 안 된 반응입니다.	2	1	GENDER	[메갈충, 한남충] -> 성별 비하어를 표준어로 순화	여성/가족, 남성
전립선 자극 중독을 사랑으로 포장하는 역겨운 종자들..그냥 자살해라 씨발 역겨운 게이새끼들아	(차단된 문장입니다)	1	5	LGBTQ/VIOLENCE	[자살해라] -> 성소수자에 대한 자살 종용으로 차단	성소수자
부산이 된장녀가 얼마나 없길래 ㅋㅋ희한하네	부산에는 된장녀가 얼마나 없길래 희한하네요.	2	1	GENDER/REGIONAL	[된장녀] -> 여성 비하어를 그대로 유지하되 정중한 어조로 변경	여성/가족
탈영이 휴가 되는 나라~ 가진자의 특권이 보장된 나라	탈영이 휴가가 되는 나라, 가진 자의 특권이 보장된 나라입니다.	0	0	NORMAL	[무해] -> 사회 비판적 의견으로 보존	기타 혐오
사진에서 누구의 애비가 보이노..	사진에서 누구의 아버지가 보입니까?	2	1	COMMUNITY	[애비, ~노] -> 비속어와 커뮤니티 어미를 표준어로 순화	기타 혐오
특히 게이들이 에이즈가 많다는건 통계로 나왔다 그막대한 비용을 국민세금으로 지는데 그럼 이건 국민이 차별 받는거 아니냐?니들 사랑 때문에 피해보는 국민은 차별 아니냐고?이런건 말안하고 니들이 차별받는다고 말하지마라 차별이 아니라 니들 열등감이겠지	특히 동성애자들에게 에이즈가 많다는 것은 통계로 나왔습니다. 그 막대한 비용을 국민 세금으로 부담하는데, 이것은 국민이 차별받는 것 아닙니까? 당신들의 사랑 때문에 피해 보는 국민은 차별이 아닙니까? 이런 것은 말하지 않고 당신들이 차별받는다고만 말하지 마십시오. 차별이 아니라 당신들의 열등감이겠지요.	2	2	LGBTQ	[게이들, 니들] -> 성소수자 비하 및 무례한 표현을 정중하게 정제	성소수자
세계인구억제정책에 희생당하는 국민들.. 인종주의 남여혐오주의 등등..	세계 인구 억제 정책에 희생당하는 국민들, 인종주의, 남녀 혐오주의 등등.	0	0	NORMAL	[무해] -> 사회적 의견 표명으로 보존	기타 혐오
신호들 사람모양은 남자가 아니라 사람을 뜻하는거 아녔나 피곤하게 산다 그리고 치마는 여자만 입으니까 치마로 여자 표기하는게 또 뭔 성불평등이냐 힘들게 산다 니들 일상생활 가능하냐	신호등의 사람 모양은 남자가 아니라 사람을 뜻하는 것 아닙니까? 피곤하게 사시네요. 그리고 치마는 여자만 입으니까 치마로 여자를 표기하는 것이 또 무슨 성 불평등입니까? 힘들게 사시네요. 당신들은 일상생활이 가능합니까?	2	1	GENDER	[니들] -> 무례한 표현을 정중하게 변경	여성/가족
맞는얘기 했는데 뭐가 문제죠?	맞는 얘기 했는데 뭐가 문제죠?	0	0	NORMAL	[무해] -> 일상적인 반문으로 보존	clean
자기들 치부를 먼저 드러낼리 없지	자기들 치부를 먼저 드러낼 리 없지요.	0	0	NORMAL	[무해] -> 일상적인 의견으로 보존	기타 혐오
4학년 되면 술 마시기 시작할 것 같다	4학년 되면 술 마시기 시작할 것 같다	0	0	NORMAL	[무해] -> 일상적인 추측으로 보존	clean
생리충, 여자찌개, 피싸개	(차단된 문장입니다)	1	4	GENDER/SLUR	[생리충, 여자찌개, 피싸개] -> 극심한 여성 비하 멸칭으로 차단	여성/가족
ㅅㅂ 면봉보다 작은것들이 일본야동만 오질라게 쳐보니까 여자가 무슨 감각 장애있는줄아노 한남 다 죽으면 크린해진다	(차단된 문장입니다)	1	5	GENDER/VIOLENCE	[다 죽으면] -> 남성에 대한 살해 욕구 표출로 차단	남성
조선족병신들	조선족 어리석은 사람들	2	3	RACISM/SLUR	[병신들] -> 인종 비하 및 욕설을 정중한 표현으로 순화	인종/국적
할거면 그냥 서서치던가 저건 뭔 아크로바틱자세여 ㅋㅋ	할 거면 그냥 서서 하던가, 저것은 무슨 아크로바틱 자세입니까?	0	0	NORMAL	[무해] -> 일상적인 의견으로 보존	clean
게이는 무슨 똥꼬충이 개소리하고앉았노	게이는 무슨, 성소수자가 헛소리를 하고 있습니까?	2	3	LGBTQ/COMMUNITY	[똥꼬충, 개소리, ~노] -> 성소수자 비하 및 비속어를 표준어로 순화	성소수자
맞는말 했구만 왜들 말꼬리 잡는겨 나도여자ᆢᆢ우리나라 여자들 너무잘났어 자기할일들 하고 정정당당히 주장하면 누가뭐래 말들만 살았어 남자들불쌍해	맞는 말 했는데 왜들 말꼬리를 잡는 겁니까? 저도 여자인데, 우리나라 여자들이 너무 잘난 척합니다. 자기 할 일들 하고 정정당당히 주장하면 누가 뭐라 합니까? 말만 살았습니다. 남자들이 불쌍합니다.	2	1	GENDER	[잘났어] -> 여성 비판을 정중한 표현으로 유지	여성/가족
어휴 정신나간 것들	어휴, 정신 나간 사람들이군요.	2	1	SLUR	[것들] -> 비하 표현을 정중하게 순화	기타 혐오
야 놈딱 맨질해보여서 쓰다듬어주고 싶노 이정도면 한남정도는 애완동물삼아 길러볼만 한것같노	정말 매끈해 보여서 쓰다듬어주고 싶네요. 이 정도면 한국 남성 정도는 애완동물 삼아 길러볼 만한 것 같습니다.	2	3	GENDER/COMMUNITY	[놈딱, 한남, ~노] -> 남성 비하 및 커뮤니티 말투를 표준어로 순화	남성
저러면서 이땅에 끈덕지게 붙어있는 이유가 뭔지...ㅠㅠ	저러면서 이 땅에 끈덕지게 붙어있는 이유가 무엇인지 모르겠습니다.	0	0	NORMAL	[무해] -> 일상적인 의문 표현으로 보존	기타 혐오
저외모에 운동했으니그동안 여선배 여코치들한테 얼마나 보적보 갈굼당했을지상상도 안간다 ㄹㅇ	저 외모에 운동했으니 그동안 여자 선배, 여자 코치들한테 얼마나 갈굼당했을지 상상도 안 갑니다. 진짜로요.	2	1	GENDER	[보적보] -> 여성의 외모 비하 행위를 암시하는 은어를 정중하게 정제	여성/가족
저출산이 축복이라는게 제일 병신이지저출산=지구에서 도태임	저출산이 축복이라는 것이 가장 어리석습니다. 저출산은 지구에서 도태되는 것입니다.	2	2	SLUR	[병신] -> 비속어를 정중한 표현으로 순화	기타 혐오
원본이 숫마드노??ㅋㅋㅋㅋㅋㅋ	원본이 남성 커뮤니티입니까?	2	1	GENDER/COMMUNITY	[숫마드, ~노] -> 성별 비하 및 커뮤니티 말투를 표준어로 순화	남성
페미니즘은 정신병 이지은 인턴 기자님 페미니즘 주제로 논리 배틀 해보실래요?	페미니즘은 정신병입니다. 이지은 인턴 기자님, 페미니즘 주제로 논리 배틀 해보시겠습니까?	2	2	GENDER	[정신병] -> 여성주의 비판을 정중한 표현으로 유지	여성/가족
저거 이슈되고 욕처먹으니까 게시물내렷더라빼박이지 ㅋㅋㅋ	저것이 이슈되고 욕을 먹으니까 게시물을 내렸더군요. 확실하지요.	0	0	NORMAL	[무해] -> 일상적인 관찰로 보존	기타 혐오
뭐든지 한국에서 들어오면 문제다2000년 이상의 역사있는 기독교가 한국으로 오면서 이리 변질 됐네.... 말세여 말세	무엇이든 한국에 들어오면 문제입니다. 2000년 이상의 역사가 있는 기독교가 한국으로 오면서 이렇게 변질되었네요. 말세입니다.	2	1	RACISM/RELIGION	[한국에서] -> 자국 비하를 정중한 비판으로 유지	인종/국적, 종교
광광우럭따..ㅠㅠ	광광 울겠습니다.	0	0	NORMAL	[무해] -> 단순 감정 표현으로 보존	clean
똥꼬충들을 모조리 가스실로 보내 소각시키자	(차단된 문장입니다)	1	5	LGBTQ/VIOLENCE	[가스실로 소각] -> 성소수자에 대한 대량 학살 선동으로 차단	성소수자
개떡같이 제대로 퍼오지도 못하면서 복붙 좆중복 올리노	제대로 퍼오지도 못하면서 복붙 중복 글을 올립니까?	2	2	SLUR/COMMUNITY	[개떡같이, 좆중복, ~노] -> 비속어와 커뮤니티 말투를 표준어로 순화	기타 혐오
지금까지 시간만허비하고 뭐한거죠?? 주범격들은 구속조차못시키고 몰카잡범만 떠들썩 생색만ㅉㅉ믿지도않았지만 역시 개한민국 견찰맞네요	지금까지 시간만 허비하고 무엇을 한 것입니까? 주범들은 구속조차 못 시키고 몰카 잡범만 떠들썩하게 생색내네요. 믿지도 않았지만 역시 대한민국 경찰답습니다.	2	2	SLUR	[개한민국] -> 국가 비하를 정중한 비판으로 순화	기타 혐오
맘충뿐 아니라 계집애들 블로그 다 이럼 ㅋ	맘충뿐 아니라 여자들 블로그가 다 이렇습니다.	2	2	GENDER	[계집애들] -> 여성 비하어를 표준어로 순화	여성/가족
내가 지금 뭘보고 있는건지 이정도로 썩었다니	제가 지금 무엇을 보고 있는 것인지, 이 정도로 썩었다니요.	0	0	NORMAL	[무해] -> 일상적인 놀람 표현으로 보존	기타 혐오
사상이 문제다.	사상이 문제다.	0	0	NORMAL	[무해] -> 일상적인 의견으로 보존	기타 혐오
머가리 오함마로 난도질해서 으깨고싶노	(차단된 문장입니다)	1	5	VIOLENCE	[난도질해서 으깨고] -> 극심한 폭력 위협으로 차단	기타 혐오
시지사노? 언제사진?	시지사입니까? 언제 사진입니까?	2	1	COMMUNITY	[~노] -> 커뮤니티 어미를 표준어로 변경	clean
한녀 + 전라도 + 김치녀 + 개독교면환장의 신부감 ㅇㅈ?	한국 여성, 전라도 지역, 기독교를 비하하는 조건들이라면 환상의 신부감이라고 인정하십니까?	2	4	GENDER/REGIONAL/RELIGION	[한녀, 전라도, 김치녀, 개독교] -> 여성, 특정 지역, 종교에 대한 복합적 비하 및 조롱	여성/가족, 지역, 종교
6그렇다고해서 그렇게 욕할 필요가 있을까요?9	6그렇다고해서 그렇게 욕할 필요가 있을까요?9	0	0	NORMAL	[무해] -> 일상적인 의문 제기	clean
지구의 전라도가 한국이잖아.	지구에서 한국이 전라도와 같은 위치에 있다고 생각합니다.	2	2	REGIONAL	[전라도] -> 한국의 특정 지역을 지구 전체의 문제적 지역인 것처럼 묘사하여 비하	지역
페미니즘은 보적보로 다스려야함	페미니즘은 여성들 간의 갈등을 이용하여 대응해야 합니다.	2	3	GENDER	[보적보] -> 여성을 비하하는 혐오 표현(여자의 적은 여자) 사용	여성/가족
십계명 모르노?	십계명을 모릅니까?	2	2	COMMUNITY	[~노] -> 의문사 없는 문장에 커뮤니티 희화화 말투 사용	clean
역사의 진실을 믿기 어려우면 확인 하세요 !	역사의 진실을 믿기 어려우면 확인 하세요 !	0	0	NORMAL	[무해] -> 사실 확인 권유	clean
XX염색체는 절대 XY염색체로 바뀌지 않습니다!	XX염색체는 절대 XY염색체로 바뀌지 않습니다!	0	0	NORMAL	[무해] -> 생물학적 사실 언급	clean
유일한 탈라도 인정합니다.	유일하게 해당 지역의 특성에서 벗어났음을 인정합니다.	2	2	REGIONAL	[탈라도] -> 특정 지역을 벗어난 것을 긍정적으로 표현하여 지역 비하 내포	지역
국제통계결과 20대 한국남성 5명중 1명이 약 6한달에 네번9 성매매에 돈을 쓴다	국제통계결과 20대 한국남성 5명중 1명이 약 6한달에 네번9 성매매에 돈을 쓴다	0	0	NORMAL	[무해] -> 통계 수치 인용	clean
툰코로 혼내줘야 정신차리려나	불법적인 방법으로 대응해야 정신을 차리겠습니까?	2	3	SLUR	[툰코] -> 불법 웹툰 사이트 언급 및 성적/물리적 위협 암시	기타 혐오
일리가 있네요	일리가 있네요	0	0	NORMAL	[무해] -> 동의 표현	clean
ㅇㄱㄹㅇㅋㅋㅋㅋㅋㅋ 고추 작단 소리 듣기 싫으면 제에발 핑잦대물 인증이라도 해보라 이기야노^느^	정말 그렇네요. 신체 부위가 작다는 소리를 듣기 싫으면 제발 크기를 인증이라도 해보십시오.	2	4	GENDER/COMMUNITY	[핑잦대물, 이기야노, ^느^] -> 남성 성기 비하 및 커뮤니티 혐오 말투 사용	남성
전국도시농촌마다 조선족들 침투 중국화 진행중이러다가 조선족들에게 나라 털리는날 올지도 아직도 좆선족을 동포라 부르 는 좆등신들 많다	전국적으로 조선족들이 침투하여 중국화가 진행 중입니다. 이러다가 나라를 빼앗길지도 모르는데, 아직도 그들을 동포라 부르는 어리석은 사람들이 많습니다.	2	3	RACISM/SLUR	[좆선족, 좆등신] -> 특정 민족 비하 및 욕설 사용	인종/국적
헐... 아이한테 너무 심한 폭력아닌가요?	헐... 아이한테 너무 심한 폭력아닌가요?	0	0	NORMAL	[무해] -> 폭력에 대한 우려 표명	clean
궁댕이가 한남스럽네요... 고만 씰룩거리고 뒤돌아바 창남새끼야...ㅋ..	신체 부위가 한국 남성 같네요. 그만 움직이고 뒤를 돌아보십시오, 매춘하는 남성분.	2	4	GENDER/SLUR	[한남스럽다, 창남새끼] -> 남성 혐오적 표현 및 성적 비하 욕설	남성
병신년 ㅋㅋㅋ 아니 뭔 과학이나 의학에 의존한 가설도 아니고씨발 고추 에서 나오니 다 참으면 된다???그럼 씨발 식욕 억제 하려면 똥참 수련하면 되겟노 이기 ㅋㅋ	어리석은 여성분이시네요. 과학적 근거도 없는 가설을 믿으시는 겁니까? 신체 구조를 근거로 참으라고 한다면, 식욕을 억제하기 위해 배설을 참는 훈련을 하라는 것과 무엇이 다릅니까?	2	4	GENDER/SLUR/COMMUNITY	[병신년, 씨발, 되겟노 이기] -> 여성 비하 욕설, 욕설 및 커뮤니티 말투	여성/가족
멋지노 멋지노 요즘 건축쪽 관심 많다이기	정말 멋집니다. 요즘 건축 쪽에 관심이 많습니다.	2	2	COMMUNITY	[~노, 이기] -> 커뮤니티 희화화 말투 사용	clean
많이 변해왔다고 생각하노. 재밌게보고있다이기야노.	많이 변해왔다고 생각합니다. 재미있게 보고 있습니다.	2	2	COMMUNITY	[~노, 이기야노] -> 커뮤니티 희화화 말투 사용	clean
남자들은 이해할 것.?누가 보면 여자는 성욕없는줄ㅋㅋ30살 연상 늙다리 쉰내 아재랑 응응하는거 좋아하는 정상 여자가 어딨냐? 틀니는 ㅊ놈답게 ㅊ녀만나지 왜 일반인 성추행함?	남자들만 이해할 일입니까? 여자도 성욕이 있습니다. 30살 연상의 노인과 성관계하는 것을 좋아하는 정상적인 여자가 어디 있겠습니까? 노인들은 매춘하는 사람들을 만나지 왜 일반인을 성추행합니까?	2	4	AGE/SLUR	[늙다리, 쉰내, 틀니, ㅊ놈/ㅊ녀] -> 노인 비하 및 성적 멸칭 사용	여성/가족, 연령
불매로 흥행 타격입으면 다음편 앤트맨이 실수로 캡마 보지로 들어감 그런다음 기계 오작동으로 앤트맨 20미터로 갑자기 커지고 보지터지고 사라짐 ㅇㄱㄹㅇ	(차단된 문장입니다)	1	5	SLUR/GENDER	[보지터지고] -> 여성 성기를 언급한 잔혹하고 천박한 성적 묘사	기타 혐오
와 워친 원제목들 이제야 알았노 머한민국 ^소녀^ 못잃어는 좆팔 앵나 옛날부터 이어져온거노. 소아성애자 군무 소름끼친다이기	정말 놀라운 제목들이네요. 대한민국이 소녀를 집착하는 현상은 아주 오래전부터 이어져 온 것입니다. 소아성애자들은 정말 소름 끼칩니다.	2	4	COMMUNITY/GENDER	[워친, 노, 머한민국, 좆팔, 앵나, 군무, 이기] -> 남성/국가 비하 및 특정 커뮤니티 과격 표현	남성
질병으로 인해 살이 찌는거면 몰라도 메갈 웜퇘지들 존나 욕 쳐먹어도 싸지. 20대 한참 좋을 나이에 얼마나 자기관리를 못하고 게으르고 퍼져있으면 메갈퇘지가 되는거냐? ㅋㅋㅋㅋㅋㅋㅋㅋㅋㅋㅋ	질병 때문이라면 몰라도, 특정 커뮤니티 활동을 하는 게으른 여성들은 비난받아 마땅합니다. 20대라는 좋은 나이에 얼마나 자기관리를 못 하면 그렇게 되는 것입니까?	2	3	GENDER/COMMUNITY	[메갈, 웜퇘지] -> 특정 커뮤니티 이용 여성들에 대한 외모 비하 및 멸칭	여성/가족
나라를 떠나 개독들은 다 그렇구나 ㅋㅋㅋ	국가를 막론하고 기독교 신자들은 다 그렇군요.	2	2	RELIGION	[개독] -> 기독교 비하 멸칭 사용	종교
당장실행해야하노. 애초에 유흥탐정과 연계해서 실행햇어야할 프젝이엇노 블루오션이다이기야	당장 실행해야 합니다. 애초에 유흥탐정과 연계해서 실행했어야 할 프로젝트였습니다. 블루오션입니다.	2	2	COMMUNITY	[~노, 이기야] -> 커뮤니티 희화화 말투 사용	clean
눈물한방울 안흘리구만 억지울음쇼	눈물 한 방울 흘리지 않는 억지스러운 울음입니다.	2	1	SLUR	[억지울음쇼] -> 상대방의 감정을 조롱	기타 혐오
원래 먹사는 거짓말잘합니다	원래 일부 목사들은 거짓말을 잘합니다.	2	2	RELIGION	[먹사] -> 목사를 비하하는 멸칭 사용	종교
니들이 능력껏 해야지 싸고 질좋으면 소비자가 찾아간다	니들이 능력껏 해야지 싸고 질좋으면 소비자가 찾아간다	0	0	NORMAL	[무해] -> 시장 경쟁에 대한 개인적 견해	clean
홍어는 원래 좆같은 놈들이고원래 일베에 뉴스퍼나르는새끼들 있었음틀딱이 과하게 하는거는 문제있고머가리 텅텅 빈 급식충들도 씹극혐유머를 종범 영양가 없는 공감글 특징글 존나 올라옴	전라도 사람들은 원래 좋지 않은 사람들이고, 일베에 뉴스를 퍼 나르는 사람들도 있었습니다. 노인들이 과하게 행동하는 것도 문제고, 생각이 부족한 학생들도 혐오스럽습니다. 영양가 없는 글들이 너무 많이 올라옵니다.	2	4	REGIONAL/AGE/COMMUNITY	[홍어, 틀딱, 급식충, 좆같은, 종범] -> 지역 비하, 연령 비하 및 커뮤니티 비하 용어 남발	연령, 지역
설 연휴 쉬려고 총파업	설 연휴 쉬려고 총파업	0	0	NORMAL	[무해] -> 사실 보도 또는 현상 언급	clean
난 한편으론 빡대가리들이 패미니즘이라고 나대는게 고맙고 다행이라고 여김이쁘고 능력있고 똑똑한 애들이 패미니즘 한다고 하면 골아픔	저는 한편으로는 어리석은 사람들이 페미니즘을 앞세우는 것이 다행이라고 생각합니다. 만약 외모가 출중하고 유능한 사람들이 페미니즘을 한다고 하면 골치가 아팠을 것입니다.	2	2	GENDER/SLUR	[빡대가리, 나대는] -> 페미니즘 활동가들을 어리석다고 비하	여성/가족
태극기 집회때 호남 아줌마들 몇몇 봄.그분들은 더 열혈적이셨음.	태극기 집회때 호남 아줌마들 몇몇 봄.그분들은 더 열혈적이셨음.	0	0	NORMAL	[무해] -> 특정 지역 출신 참가자들에 대한 목격담	지역
그냥 봐도 여자라 하기엔 좀 징그러운디...	그냥 보아도 여성이라고 하기에는 조금 거부감이 듭니다.	2	2	GENDER	[징그러운디] -> 여성의 외모에 대해 혐오감을 표현	여성/가족
친한 중국인 유학생이 나한테 자기는 공산당원이라고 고백했다.그리고 광화문 집회 존나 무서워하더라뭐긴 뭐야 멸공해야지 씨발	친한 중국인 유학생이 자신이 공산당원이라고 고백했습니다. 그리고 광화문 집회를 무척 무서워하더군요. 공산주의를 타도해야 하는 것 아니겠습니까?	2	2	SLUR	[멸공, 씨발] -> 특정 정치 사상에 대한 혐오 및 욕설	기타 혐오
전라도놈들 종특 자기들이 한 나쁜짓 남한테 덤태기 씌우기 개좆같음	전라도 사람들의 특징은 자신들이 한 나쁜 짓을 남에게 뒤집어씌우는 것인데, 정말 불쾌합니다.	2	4	REGIONAL/SLUR	[전라도놈들, 개좆같음] -> 특정 지역민 전체에 대한 부정적 편견 및 욕설	지역
저런것들이 무슨 동포니 한민족이라고...	저런 사람들이 어떻게 동포이고 한민족이라고 할 수 있겠습니까?	2	2	SLUR	[저런것들] -> 특정 집단을 사람이 아닌 물건처럼 지칭하여 비하	기타 혐오
뜬금없이 ㅈㄴ 웃기네 ㅋㅋㅋ	뜬금없이 정말 웃기네요.	2	1	SLUR	[ㅈㄴ] -> 비속어(존나) 사용	clean
ㅋㅋㅋㅋㅋㅋㅋㅋㅋㅋㅋㅋㅋㅋ미친	정말 어이가 없네요.	2	1	SLUR	[미친] -> 가벼운 감탄성 비속어	clean
이건 맘충이랑 상관없는건데..그냥 미친년이지	이것은 아이를 가진 여성을 비하하는 말과는 관계가 없습니다. 그냥 이상한 여성일 뿐입니다.	2	3	GENDER/SLUR	[맘충, 미친년] -> 여성을 비하하는 혐오 표현 및 욕설	여성/가족
씹베새끼들 망상보솤ㅋㅋㅋㅋㅋ암 그라제 조선족은 중국법으로 처벌한당께?	일베 이용자들의 망상이 심하군요. 조선족을 중국법으로 처벌한다니 말이 됩니까?	2	3	COMMUNITY/RACISM	[씹베, 조선족, 당께] -> 커뮤니티 비하, 특정 집단 명시 및 희화화 사투리	인종/국적
이들을 정규직화 하는게 촛불정신입니다!! 촛불시민이라면 이들의 정규직화 비용을 기꺼이 부담해야죠!!	이들을 정규직화 하는게 촛불정신입니다!! 촛불시민이라면 이들의 정규직화 비용을 기꺼이 부담해야죠!!	0	0	NORMAL	[무해] -> 사회적 쟁점에 대한 냉소적 의견	기타 혐오
국가를 위해 헌신하다 죽은 군인들은 찬밥신세고.. 때쓰다 자살한 트랜스젠더는 추모하는 나라.., 이게 나라냐	국가를 위해 헌신한 군인들은 무시당하고, 자신의 주장만 하다 스스로 목숨을 끊은 트랜스젠더는 추모받는 이 상황이 정상적인 나라입니까?	2	3	LGBTQ	[때쓰다 자살한 트랜스젠더] -> 성소수자의 죽음을 비하하고 희화화	성소수자
새벽시간대가 틀딱 좆족없는 리얼 백수 일베충만 있는시간이라 젤 꿀잼임	새벽 시간대가 노인이나 조선족 없이 백수 일베 이용자들만 있는 시간이라 가장 재미있습니다.	2	3	AGE/RACISM/COMMUNITY	[틀딱, 좆족, 일베충] -> 노인, 조선족, 특정 커뮤니티 이용자 비하	인종/국적, 연령
프레스랑 잘 어울리나보네 ㄷㄷ	프레스랑 잘 어울리나보네 ㄷㄷ	0	0	NORMAL	[무해] -> 일상적 감상	clean
ㅇㅇ 기존의 제도를 무너뜨리는게 민좆당에게 나쁠건 없지	네, 기존 제도를 무너뜨리는 것이 해당 정당에게 나쁠 것은 없겠지요.	2	2	SLUR	[민좆당] -> 특정 정당에 대한 성적인 비하 멸칭	기타 혐오
스키보드 잘못 타다가 사망할 수도 있냐 내가 겁 많음	스키보드 잘못 타다가 사망할 수도 있냐 내가 겁 많음	0	0	NORMAL	[무해] -> 안전에 대한 질문	clean
남자 씨름선수 닮았다.	남자 씨름선수 닮았다.	0	0	NORMAL	[무해] -> 외모 비교	clean
틀니압수 함부로하면 뒤진다는 교훈을주노;; ㄷㄷ	노인을 비하하거나 함부로 대하면 위험하다는 교훈을 주는군요.	2	3	AGE/SLUR/COMMUNITY	[틀니압수, 뒤진다, ~노] -> 노인 비하 표현 및 공격적 언어, 커뮤니티 말투	연령
이년 도덕 못버렸노 습도도 높은데 한국남자 배때지에서 피 빼서 인체 습도 낮춰주는 친절을 베푸노 ㅋㅋㅋㅋㅋ 찌르고 나서 6냄져들이 기분나쁘게 쳐다보고 무시했다9고 하면 되노 그럼 용서완료다 이기	(차단된 문장입니다)	1	5	GENDER/SLUR/COMMUNITY	[이년, 냄져, 배때지에서 피 빼서, 이기] -> 남성에 대한 물리적 폭력 위협 및 극단적 혐오	남성
문슬람이란 말이 괜히 나온게 아닌듯. 하는 짓이 완전 똑같네 똑같아	특정 정치 지지자들을 비하하는 말이 괜히 생긴 것이 아닌 것 같습니다. 행동이 정말 비슷하네요.	2	2	SLUR/RELIGION	[문슬람] -> 특정 정치 성향 지지자들을 종교 집단에 빗대어 비하	종교
한국남자는 와꾸가 한남콘처럼 생겼어도 쿰쳑,,,나정도면잘생겼잖아,,,하는데 삼부랄부심은 오죽하겠노.	한국 남성들은 외모가 평범해도 자신감이 넘친다고 하는데, 특정 부위에 대한 자부심은 오죽하겠습니까?	2	3	GENDER/COMMUNITY	[와꾸, 한남콘, 쿰쳑, 삼부랄부심, ~노] -> 남성 외모 비하 및 조롱	남성
이슬람도 이슬람이지만 상식을 뛰어넘는 짱개가 좆발라버릴 것 같다	이슬람교도 문제지만, 상식을 벗어난 중국인들이 훨씬 더 심각한 것 같습니다.	2	3	RACISM/SLUR	[짱개, 좆발라버릴] -> 특정 국적 비하 및 욕설 사용	인종/국적, 종교
흑마술사는 ㅇㅊ	흑마술사는 ㅇㅊ	0	0	NORMAL	[ㅇㅊ] -> 가벼운 비속어/축약어	clean
이쯤되면 유영철 재평가 해야 하는거 아니냐	이쯤되면 유영철 재평가 해야 하는거 아니냐	0	0	NORMAL	[무해] -> 연쇄 살인범에 대한 역설적 언급	clean
으따 슨상님 ..	세상에, 선생님.	2	2	COMMUNITY/REGIONAL	[슨상님] -> 특정 정치인에 대한 조롱 섞인 사투리 표현	clean
명예훼손 고소 안했냐?	명예훼손 고소 안했냐?	0	0	NORMAL	[무해] -> 법적 대응 여부 질문	clean
이쯤되면 장애3급정도로 인정해야하지않을까?	이쯤 되면 정신적으로 문제가 있다고 생각해야 하지 않을까요?	2	3	SLUR	[장애3급] -> 장애를 비하의 도구로 사용	기타 혐오
★예멘이 니들 빵쯔 보고 분단됐잖아...	당신들 한국인을 보고 분단된 것 아닙니까?	2	2	RACISM	[니들 빵쯔] -> 한국인을 비하하는 중국측 멸칭 사용	인종/국적
저새끼들 청웅해서 고기는 말려서 인육으로 수출해야함 좆족에 ㅋㅋㅋㅋㅋㅋㅋㅋ	(차단된 문장입니다)	1	5	RACISM/SLUR	[청웅, 인육, 좆족] -> 특정 민족에 대한 극단적인 폭력, 살인 묘사 및 비하	인종/국적
세계적으로 에이즈 감염률이 낮아지는데 유독 대한 민국은 에이즈 감염률이 높아지고 있다 누가 그들의 미래를 보장해줄 것인가? 청소년들이 성중독에 빠지지 않게 보호하는것이 기성세대의 몫일텐데 요즘 너무나 많은 BL웝툰 만화가 판을친다 .	세계적으로 에이즈 감염률이 낮아지고 있으나 대한민국은 높아지고 있습니다. 청소년들이 성 중독에 빠지지 않게 보호하는 것이 기성세대의 책임인데, 최근 특정 성적 지향을 다룬 콘텐츠가 너무 많이 유통되고 있습니다.	2	2	LGBTQ	[BL웝툰] -> 특정 장르 및 성적 지향을 에이즈의 원인으로 지목하여 편견 조장	성소수자
기독교 단체에서 채의 내용을 문제 삼아	기독교 단체에서 채의 내용을 문제 삼아	0	0	NORMAL	[무해] -> 현상 설명	clean
인류멸망에 지름길~	인류멸망에 지름길~	0	0	NORMAL	[무해] -> 비유적 표현	clean
걍 백마는 선진국 영어권여자가 제일 괜춘타	서양 선진국 영어권 여자가 가장 괜찮습니다.	2	3	GENDER/RACISM	[백마] -> 백인 여성을 동물에 비유한 성적 비하 표현	여성/가족, 인종/국적
보지들이 문제앙을 더 지지하게 되는 효과를 보는것임전략적인 조작과 언플은 좌좀이 전문이긴함	여성들이 특정 정치인을 더 지지하게 되는 효과를 노리는 것입니다. 전략적인 조작과 언론 플레이는 특정 정치 성향을 가진 사람들의 전문입니다.	2	4	GENDER/SLUR	[보지들, 문제앙, 좌좀] -> 여성 비하, 정치인 비하 멸칭 및 정치 성향 비하	여성/가족, 기타 혐오
이슬람여자는 이슬람 남자한테만 결혼함.즉 넌 개슬람 된다는 뜻임	이슬람 여성은 이슬람 남성과만 결혼합니다. 즉, 당신도 이슬람교도가 되어야 한다는 뜻입니다.	2	2	RELIGION	[개슬람] -> 이슬람 비하 멸칭	종교
경상도 물타기 홍어들 봐라.ㅋㅋㅋ	경상도와 엮어 상황을 흐리려는 전라도 사람들 좀 보십시오.	2	3	REGIONAL	[홍어] -> 특정 지역민 비하 멸칭	지역
이건 좀 자세한 정보가 필요한데??퇴학이 그렇게 쉽나?	이건 좀 자세한 정보가 필요한데??퇴학이 그렇게 쉽나?	0	0	NORMAL	[무해] -> 구체적 정보 요청	clean
특히 키스방 절대가지마라 거긴 곤지름왕국에 성병천국이다 입술병신이나 자지병신 되기싫으면 절대가지마라	특히 키스방은 절대 가지 마십시오. 성병에 감염될 위험이 매우 큽니다. 신체 건강을 해치고 싶지 않다면 이용하지 않는 것이 좋습니다.	2	3	SLUR	[병신, 자지] -> 성병에 대한 공포 조장 및 신체 비하 욕설	기타 혐오
"""ㄹㅇ 쓰까페미들이 저럼. """"게이인권"""	정말로 여러 의제를 섞어서 주장하는 페미니스트들이 저런 반응을 보입니다. 성소수자 인권 문제도 그렇습니다.	2	2	COMMUNITY/LGBTQ	[쓰까페미] -> 특정 성향의 페미니스트들을 비하하는 용어	성소수자
보지 두툼한거 존나 꼴리게 그려놨네 한참 쳐다봤다	신체 특정 부위를 매우 자극적으로 그려놓았네요. 한참을 쳐다봤습니다.	2	4	GENDER/SLUR	[보지, 존나 꼴리게] -> 여성 성기에 대한 노골적이고 천박한 성적 묘사	여성/가족
스마트폰 없던 시대에 태어났으면 애새끼 유기했겠넼ㅋㅋㅋㅋ음식 나올동안에 밖에 나가서 놀아주고 지치게 만들어서 밥먹을 동안 같이 밥먹게 해야지;	스마트폰이 없던 시대였으면 아이를 방치했을 것 같네요. 음식이 나오기 전까지 밖에서 놀아주어 아이가 식사 시간에 집중할 수 있게 해야 합니다.	2	2	SLUR	[애새끼] -> 아동 비하 표현	기타 혐오
근데 불교에서는 계란은 어떻게 생각하냐?	근데 불교에서는 계란은 어떻게 생각하냐?	0	0	NORMAL	[무해] -> 종교적 교리에 대한 질문	clean
개슬람이 다수가 되면 가장 먼저 공격당할곳이 교회인데 목사 제정신이노? 지가 예멘가면 대우받을 줄 아노? 참수나 안당하면 다행인거지	이슬람교도가 다수가 되면 가장 먼저 공격받을 곳이 교회인데, 목사는 제정신입니까? 본인이 예멘에 가면 대접받을 줄 아는 모양인데, 살해당하지 않으면 다행인 상황입니다.	2	4	RELIGION/COMMUNITY	[개슬람, ~노, 참수] -> 종교 비하 멸칭 및 자극적인 폭력 언급, 커뮤니티 말투	인종/국적, 종교
미국 아시안이 살만하냐?? 인종차별이라든가...	미국 아시안이 살만하냐?? 인종차별이라든가...	0	0	NORMAL	[무해] -> 인종차별 현황에 대한 질문	clean
저 씨발 좆족새끼들 ㅋㅋ	저 나쁜 조선족 사람들 좀 보십시오.	2	3	RACISM/SLUR	[씨발, 좆족새끼들] -> 특정 민족 비하 멸칭 및 욕설	인종/국적
NEJM 미국져널	NEJM 미국져널	0	0	NORMAL	[무해] -> 매체명 언급	clean
의사는 왜 씀??.. 친구면 친구지 직업보고 친구하는거임??	의사는 왜 씀??.. 친구면 친구지 직업보고 친구하는거임??	0	0	NORMAL	[무해] -> 직업적 편견에 대한 질문	기타 혐오
승진 못했을 때 반응남자 : 아 시발 더 성과를 내야겠어 그나저나 안 짤려서 다행이네여자 : 어멋!!! 언냐~ 우리회사 남녀차별 심하다긔	승진하지 못했을 때의 반응 차이입니다. 남성은 성과를 더 내야겠다고 다짐하며 안도하는 반면, 여성은 회사의 남녀 차별을 탓하며 동료들과 불만을 토로하곤 합니다.	2	3	GENDER/COMMUNITY	[시발, 어멋, 언냐, ~다긔] -> 성별에 따른 고정관념 강화 및 여성 말투 희화화	여성/가족
세상 모든게 불만투성이노 ㅋㅋㅋ 일베충보다 더하노 이기이기	세상 모든 것에 불만이 많군요. 일베 이용자들보다 더 심한 수준입니다.	2	3	COMMUNITY/SLUR	[~노, 일베충, 이기] -> 커뮤니티 희화화 말투 및 비하 멸칭	기타 혐오
ㅋㅋㅋㅋㄱㅋㅇ웃챙이노	정말 웃깁니다.	2	2	COMMUNITY/GENDER	[웃챙, ~노] -> 유흥업소 종사 여성 비하 용어를 웃음의 의미로 사용	clean
아니 저런 ㅆㅂ	아니, 저런 상황은 정말 화가 나는군요.	2	2	SLUR	[ㅆㅂ] -> 욕설 사용	기타 혐오
진중권 이준석한테 개발리네 ㅋㅋㅋ	진중권 씨가 이준석 씨에게 완패하는군요.	2	1	SLUR	[개발리네] -> 비속어 사용	기타 혐오
예배의 감격을 회복하고 주님을 간절히 사모하는 한국교회가 되기를 기도합니다	예배의 감격을 회복하고 주님을 간절히 사모하는 한국교회가 되기를 기도합니다	0	0	NORMAL	[무해] -> 종교적 기원	clean
김치년들도 살인하자	(차단된 문장입니다)	1	5	GENDER/SLUR	[김치년, 살인하자] -> 여성 비하 및 살인 선동	여성/가족
다음 더블타켓인가	다음 더블타켓인가	0	0	NORMAL	[무해] -> 일상적 대화	clean
뉴질랜드 보통집안에서 애들 학창시절 사고치면 도피유학 보내는곳아니냐?	뉴질랜드 보통집안에서 애들 학창시절 사고치면 도피유학 보내는곳아니냐?	0	0	NORMAL	[무해] -> 특정 국가에 대한 개인적 견해	인종/국적
봊인정이노 . 본인이 얼마나 ㅎㅌㅊ인지 모르고살아가노	정말 인정합니다. 본인이 얼마나 수준 이하인지 모르고 살아가는군요.	2	3	COMMUNITY/GENDER	[봊인정, ~노, ㅎㅌㅊ] -> 여성 비하 접두어 및 커뮤니티 말투, 비하 약어	기타 혐오
국제적 망신이노 더러운 한남충들	국제적인 망신입니다. 정말 저급한 한국 남성들이네요.	2	3	GENDER/COMMUNITY	[~노, 한남충] -> 남성 비하 멸칭 및 커뮤니티 말투	남성
연변하고 길림하고 흑룡이 있던데야들도 전라 경상도처럼 웬수지간이던데 ㅋㅋ625떄 짱깨편에 서서 국군미군 도륙한게좃족인데그후손들이 또 한국에서 돈버네어찌보면 철천지원수인데..ㅋㅋ	연변, 길림, 흑룡강 지역 사람들도 우리나라 지역 갈등처럼 사이가 좋지 않더군요. 6.25 전쟁 당시에 중국 편에서 우리 군을 공격했던 조선족들의 후손들이 다시 한국에서 돈을 버는 것을 보니, 참으로 복잡한 마음이 듭니다.	2	3	RACISM	[짱깨, 좃족] -> 특정 민족 비하 멸칭	인종/국적
저딴 개소리나 지껄이는 여가부가 왜 필요하냐	말도 안 되는 주장을 하는 여성가족부가 왜 필요한지 모르겠습니다.	2	2	GENDER/SLUR	[개소리, 지껄이는] -> 특정 기관에 대한 거친 표현	여성/가족
이래서 성소수자 같은 좆같은 새끼들은 다 범죄자 취급하는게 당연하다	이래서 성소수자 같은 사람들은 모두 범죄자 취급을 하는 것이 당연합니다.	2	4	LGBTQ/SLUR	[좆같은 새끼들, 범죄자 취급] -> 성소수자 전체에 대한 욕설 및 범죄자 낙인	성소수자
좋은글인데 사람 사람이랑 이쁘다 좀 수정해라 이쁘다말고 훤하다 관상좋다 등의 대체어를 생활화하자익이	좋은 글입니다만, '사람'이나 '예쁘다' 같은 표현은 좀 수정해 주십시오. '훤하다'나 '관상이 좋다' 같은 대체어를 사용하는 것이 좋겠습니다.	2	2	COMMUNITY	[~이익이] -> 커뮤니티 희화화 말투 사용	clean
에이 시발 장난하나 ㅋㅋㅋㅋㅋㅋㅋ저건 항공사가 맞는말이지..쓸모없는애 쓸모있는부서 배치한다는데왜지랄임..이래서 개슬람 새끼들은 ㅉㅉㅉ	정말 어이가 없군요. 저것은 항공사의 판단이 옳습니다. 업무 능력이 부족한 사람을 적합한 부서에 배치한다는데 왜 불만을 가집니까? 이래서 이슬람교도들은 이해하기 어렵습니다.	2	3	RELIGION/SLUR	[시발, 개슬람, 지랄] -> 종교 비하 멸칭 및 욕설	인종/국적, 종교
이제 곧 블라처리 된 홍어새끼들&분탕치러온 메갈 개돼지년들 몰려와서블라인드된 댓글입니다만 ㅈㄴ게 달리겠네 ㅋㅋ	이제 곧 제재를 받은 전라도 사람들과 분란을 일으키러 온 특정 여초 커뮤니티 이용자들이 몰려와서, 삭제된 댓글들이 수없이 달리겠군요.	2	4	REGIONAL/GENDER/COMMUNITY	[홍어새끼들, 메갈, 개돼지년들, ㅈㄴ게] -> 특정 지역 및 특정 커뮤니티 이용 여성들에 대한 멸칭 및 욕설	여성/가족, 지역
요즘 남경들 하는 짓 보면 참 할 짓 없고 인력낭비다 싶은 생각이 든다 성적도 안 되는 놈들 뽑아다 완장 채운 결과가 이거지 뭐	요즘 남자 경찰관들의 행동을 보면 참 한가해 보이고 인력 낭비라는 생각이 듭니다. 실력이 부족한 사람들을 뽑아서 권력을 주니 이런 결과가 나오는 것 아니겠습니까?	2	2	GENDER	[남경, 놈들] -> 남성 경찰관 비하	남성
이정도면 병인듯 2019년부터 ㅋㅋㅋㅋ	이정도면 병인듯 2019년부터 ㅋㅋㅋㅋ	0	0	NORMAL	[무해] -> 일상적 비판	기타 혐오
도대체 돈이 어디서 나는 거임?	도대체 돈이 어디서 나는 거임?	0	0	NORMAL	[무해] -> 일상적 의문	clean
병신들 더워서 저거쓴다 뭐 피부탈까봐쓴다는 개새끼들아 그럼 우리나라에서 저거 쳐쓰는 개슬람씹새들은뭔데	어리석은 사람들이군요. 더워서 혹은 피부 보호를 위해 사용한다는 변명은 어이가 없습니다. 그럼 우리나라에서 그것을 착용하는 이슬람교도들은 무엇입니까?	2	4	RELIGION/SLUR	[병신들, 개새끼들, 개슬람, 씹새들] -> 이슬람 비하 멸칭 및 다수의 욕설	종교
소수의 틀딱이 단톡으로 일베를 지배하는게 문제인데	소수의 노인들이 단체 채팅방을 통해 특정 커뮤니티를 좌지우지하는 것이 문제입니다.	2	2	AGE/COMMUNITY	[틀딱] -> 노인 비하 멸칭	연령
애미 애비 등꼴 오지게 빼먹네	부모님의 고생을 너무 가볍게 여기는군요.	2	2	SLUR	[애미 애비] -> 부모 비하 표현 및 욕설 섞인 구어	기타 혐오
할 일이 그렇게도 없느냐	할 일이 그렇게도 없느냐	0	0	NORMAL	[무해] -> 일상적 질책	기타 혐오
제발 이생에서 지옥불에 떨어지길	제발 현생에서 큰 고통을 겪으시길 바랍니다.	2	3	SLUR	[지옥불에 떨어지길] -> 저속한 저주를 정중한 표현으로 순화	악플/욕설
쌍도만 없으면 홍어지배...쌍도를 독립시켜야 한당께?	특정 지역들이 사라져야 상황이 나아질까요? 지역 독립이 답입니까?	2	3	REGIONAL	[쌍도, 홍어, 한당께] -> 지역 비하 및 조롱 표현을 순화	지역
아진짜 개독 새끼들..	기독교를 믿는 분들은 정말 이해하기 어렵네요.	2	3	RELIGION	[개독, 새끼들] -> 종교 비하 멸칭 및 욕설 순화	종교
근데 왜 엄한 레슬링 사진이노	그런데 왜 상관없는 레슬링 사진입니까?	2	2	COMMUNITY	[~노] -> 커뮤니티 희화화 말투(의문사 없는 의문문) 순화	clean
로마에선 로마 법을 한국애선 한국법을 따르라 싫으면 떠나라 ㅡ	로마에선 로마 법을 한국애선 한국법을 따르라 싫으면 떠나라 ㅡ	0	0	NORMAL	[무해] -> 상식적 차원의 의견 피력	악플/욕설
어휴 쌍도새끼들 ㅉㅉ 사투리시발 존나듣기싫다 쌍도 개새끼들아!라도는 구수하기라도하지!	정말 특정 지역 사람들의 사투리는 듣기 좋지 않네요. 다른 지역은 정겹기라도 한데 말입니다.	2	4	REGIONAL	[쌍도새끼들, 시발, 존나, 개새끼들] -> 특정 지역민에 대한 비하와 심한 욕설 순화	지역
우덜씩 섻으트림(se.xtreme)쓰뽀오츠노	그들만의 과격한 스포츠 방식입니까?	2	3	COMMUNITY	[우덜씩, ~노] -> 특정 지역 및 커뮤니티 조롱 말투 순화	악플/욕설
성소수자들의 목소리는 그리 달갑지 않다 자연 그대로 살다 가는 게 순리라 믿기 때문이다	성소수자들의 목소리는 환영하기 어렵습니다. 자연의 섭리대로 사는 것이 옳다고 믿기 때문입니다.	2	2	LGBTQ	[그리 달갑지 않다, 순리] -> 특정 집단에 대한 배타적 시각을 정중하게 표현	성소수자
항문성교 군형법 폐지는 딸을 군대에 보내는것과 같다 내 아들 군대 못보낸다	항문성교 군형법 폐지는 딸을 군대에 보내는것과 같다 내 아들 군대 못보낸다	0	0	NORMAL	[무해] -> 사회적 쟁점에 대한 개인적 우려	성소수자
똥꼬충들의 졸렬한 논리:세상에는 틀린건 없다. 단지 다름이 있을뿐이다. 따라서 우리의 동성애는 틀린게 아니라 다른거다. 따라서 이 다름을 인정하지 않는 사람들은 틀린거다. 븅신들이 지네 인정하면 다른거고 인정안하면 틀린거래 ㅉㅉ 우덜식 민주주의 자매품이냐?	성소수자들의 논리는 옹졸합니다. 자신들을 인정하면 다름이고 인정하지 않으면 틀림이라고 하는 것은 모순 아닙니까? 자기들 방식의 민주주의입니까?	2	4	LGBTQ	[똥꼬충, 졸렬한, 븅신들] -> 성소수자 비하 멸칭 및 모욕적 언행 순화	성소수자
먹사만 탓하나	목사만 탓합니까?	2	2	RELIGION	[먹사] -> 목사 비하 멸칭 순화	종교
(한남을)구분과 배제하니까 쫄려서 웅앵웅ㅋ 그러게 구분과 배제당할짓 왜했노 병신들아ㅋㅋㅋㅋㅋ 조신하게 말잘들었으면 한남 구분하고 배제했겠노 다 지들이 자초해놓고 왜 징징대노. 다 죽여버리고싶게.	특정 집단을 구분하고 배제하니 두려움을 느끼시는군요. 배제될 만한 행동을 하지 말고 얌전하게 행동했어야 합니다. 스스로 자초한 일을 왜 불평합니까?	2	4	GENDER/COMMUNITY	[한남, 웅앵웅, 했노, 병신들, 징징대노] -> 남성 비하 및 커뮤니티 혐오 말투 순화	남성
이거 별거아닐꺼같죠? 대답잘못하면 이번 지선도 영향받아요 그러니 조심조심해야함 2030남자들지금 인내심이 폭발직전입니다.	이거 별거아닐꺼같죠? 대답잘못하면 이번 지선도 영향받아요 그러니 조심조심해야함 2030남자들지금 인내심이 폭발직전입니다.	0	0	NORMAL	[무해] -> 선거 영향에 대한 개인적 전망	clean
아 씨발 ㅋㅋㅋㅋㅋㅋㅋㅋㅋ십자군ㅋㅋㅋㅋㅋㅋ기독교인데 한복은 왜입노 이기	정말 어이가 없군요. 기독교인데 한복은 왜 입는 것입니까?	2	3	RELIGION/COMMUNITY	[씨발, ~노, 이기] -> 욕설 및 커뮤니티 말투 순화	종교
아 진짜 똥꼬충들 다죽이고싶다 으어어어어어이어어어	(차단된 문장입니다)	1	5	LGBTQ	[다죽이고싶다] -> 성소수자에 대한 명백한 살해 위협 및 혐오로 차단	성소수자
일단 앙앙이부터 탄핵시키면되겠노. 좆슬람유입의 가장 큰 조력자아니겠노	일단 특정 정치인부터 탄핵해야 합니다. 이슬람 유입의 가장 큰 조력자 아닙니까?	2	3	SLUR/COMMUNITY	[앙앙이, 좆슬람, ~노] -> 특정 인물 멸칭 및 종교 비하, 커뮤니티 말투 순화	종교
개띵문!!!!베스트각	정말 명문입니다. 베스트 게시물로 가야겠네요.	2	1	COMMUNITY	[개띵문] -> 급식체/커뮤니티 축약어 순화	clean
회원이 아닌데 그게 그쪽 동영상인지 어떻게 알아?	회원이 아닌데 그게 그쪽 동영상인지 어떻게 알아?	0	0	NORMAL	[무해] -> 일상적 의문 제기	clean
세상을 망치는 지름길입니다 아이를 낳지 않고 인구가 줄고 대리모라는게 자신의 (남자)의 엄마가 대신 낳아주고도 멀쩡한 세상이라니요 대중매체물들이 퍼뜨리는 성문란 사상이 마치 그래야되는냥 요즘 사람들은 받아 들입니다! 다음세대가 참으로 걱정되고 두렵습니다	세상을 망치는 지름길입니다 아이를 낳지 않고 인구가 줄고 대리모라는게 자신의 (남자)의 엄마가 대신 낳아주고도 멀쩡한 세상이라니요 대중매체물들이 퍼뜨리는 성문란 사상이 마치 그래야되는냥 요즘 사람들은 받아 들입니다! 다음세대가 참으로 걱정되고 두렵습니다	0	0	NORMAL	[무해] -> 보수적 가치관에 따른 사회 현상 비판	여성/가족
도성회 이강래 협잡해서 톨게이트 수납원들 자회사로 몰아넣고 이강래 그 댓가로 가족들 사업체로 일감 몰아주기 마누라는 그 회사인 인스코비 자회사 주식4만주를  보유하고 있다! 그만 처먹어라 배탈난다! 이 도둑넘들아~~~	부당한 방법으로 이익을 취하고 가족 사업에 일감을 몰아준 행위는 비난받아 마땅합니다. 그만 욕심을 부리십시오, 파렴치한 분들입니다.	2	2	SLUR	[그만 처먹어라, 도둑넘들아] -> 공인에 대한 과격한 비유 및 비속어 순화	악플/욕설
국민의 생활을 몰모로 잡고 자기이익을 추구하는 집단이기주의자들은 어떠한 이유 불문하고 용서해서는 안된다 인간 공해들	국민 생활을 담보로 자기 이익만 챙기는 집단들은 결코 용서받을 수 없습니다. 사회의 해악 같은 존재들입니다.	2	2	SLUR	[집단이기주의자들, 인간 공해들] -> 특정 집단에 대한 모욕적 표현 순화	악플/욕설
좆미개한새끼들이랑 통일? 저런새끼들이랑 통일하면 범죄율 떡상에 나라 꼴 바로 똥남아수준되는거임 근데도 우리의 소원은 통일 어쩌고에 북한미화영화 드라마 씨팔ㅋㅋ	매우 뒤처진 사람들과 통일하는 것이 맞습니까? 그런 사람들과 합치면 범죄율이 급증하고 나라 수준이 떨어질 것입니다. 그런데도 통일을 미화하는 매체들이 많으니 참으로 불쾌합니다.	2	4	RACISM/SLUR	[좆미개한새끼들, 똥남아, 씨팔] -> 북한 및 동남아 비하, 심한 욕설 순화	인종/국적
그만좀 나온나	그만좀 나온나	0	0	NORMAL	[무해] -> TV나 매체 출연에 대한 거부감 표현(방언)	clean
전라도는 근본이 사기꾼임	전라도 사람들은 모두 사기꾼 같네요.	2	4	REGIONAL	[근본이 사기꾼] -> 특정 지역민 전체에 대한 악의적 프레임 순화	지역
교회가 문제야!! 하나님의 벌이닷 받아랏!!!!! 사이비를 처내는구나	교회가 문제야!! 하나님의 벌이닷 받아랏!!!!! 사이비를 처내는구나	0	0	NORMAL	[무해] -> 종교적/정치적 상황에 대한 개인적 견해	종교
네토라레 오졌다.	불륜 소재의 내용이 매우 자극적이네요.	2	2	SLUR	[네토라레, 오졌다] -> 성적 은어 및 인터넷 비속어 순화	악플/욕설
쭝궈니와 쭌서기는 앞으로도 이전투구 열심히 하기 바란다.	특정 정치인들은 앞으로도 싸움을 계속할 모양이군요.	2	2	SLUR	[쭝궈니, 쭌서기] -> 정치인 멸칭 사용 순화	clean
괜히 어슬렁거렸다가는 자기가 화풀이대상될텐데	괜히 어슬렁거렸다가는 자기가 화풀이대상될텐데	0	0	NORMAL	[무해] -> 일상적 우려	clean
좆같은 새끼들 즈개비 후장에다 와꾸 박아버리고 싶노 ㅋㅋ	(차단된 문장입니다)	1	5	GENDER/SLUR	[후장에다 와꾸 박아버리고 싶노] -> 부모 비하 및 잔인하고 역겨운 성적/물리적 폭력 묘사로 차단	남성
타임즈 떴다~! 글 보고 와라~	타임즈 떴다~! 글 보고 와라~	0	0	NORMAL	[무해] -> 정보 공유 권유	clean
자지레이터 발동!!!!! 자드르르르르르르르르르르르르를르르르르	(차단된 문장입니다)	1	5	GENDER/SLUR	[자지레이터] -> 남성 성기를 도구화한 천박한 성적 조롱 및 소음 유발성 텍스트로 차단	남성
예배의 감격을 회복하지 못하고 형식적인 예배를 드렸던 저의 모습을 반성하게 되네요 하나님이 기뻐하시는 예배자가 되고 싶습니다	예배의 감격을 회복하지 못하고 형식적인 예배를 드렸던 저의 모습을 반성하게 되네요 하나님이 기뻐하시는 예배자가 되고 싶습니다	0	0	NORMAL	[무해] -> 개인적 신앙 성찰	clean
짐승들도 동성애는 안한다 인간이 어찌 이런 혐오스런 ㅜ 입에 담기도 더럽다	동물들도 하지 않는 동성애를 인간이 한다는 것이 정말 이해하기 어렵고 거북합니다.	2	3	LGBTQ	[짐승들도 안한다, 혐오스런, 더럽다] -> 성소수자에 대한 원색적인 혐오 표현 순화	성소수자
반일 = 정신병	일본에 반대하는 것은 정신적인 문제입니다.	2	2	SLUR	[정신병] -> 특정 신념을 가진 집단을 정신병자로 비하하는 표현 순화	기타 혐오
철없는 목사 할배 할매들아. 정신 좀 차려라. 복음을 전파하러 했지 코로나를 전파하나? 그것도 개척해 가면서	생각이 부족한 원로 목사님들, 정신 좀 차리십시오. 복음을 전파해야지 왜 질병을 전파합니까?	2	3	RELIGION/AGE	[할배 할매들, 철없는] -> 종교인 및 노인 비하적 표현 순화	종교
"""자~! 우리 청소작업부터하지"""" kia~ 남다른 포스 누구 같았으면 """"야~! 기분딱좋다"""" 이랬을건데 ㅋㅋ"""	정말 남다른 포스네요. 누구였다면 기분이 정말 좋다고 말했을 텐데요.	2	2	COMMUNITY	[기분딱좋다] -> 특정 커뮤니티의 고인 모독성 밈 사용 순화	clean
항상 이런거 터지면 개듣보 하나씩 저지랄해서 언론에 뜨더라	항상 이런 사건이 생기면 유명하지 않은 사람이 소동을 피워 언론에 주목받더군요.	2	2	SLUR	[개듣보, 저지랄] -> 비속어 및 타인에 대한 비하 표현 순화	기타 혐오
다문화를 묵인하지 말고 순수 한국인들의 자식을 많이 낳도록 정책을 펴는 게 급선무~	다문화를 묵인하지 말고 순수 한국인들의 자식을 많이 낳도록 정책을 펴는 게 급선무~	0	0	NORMAL	[무해] -> 인구/문화 정책에 대한 개인적 주장	인종/국적
도대체 무슨 겉멋이 들어서 다문화 우대 개지랄들을 하는지 모르겠다 특히 십짱개새끼들은 한국국적을 따도 절대로 자기 조국으로 인정안함 이용만 해먹지	도대체 왜 다문화를 그렇게 우대하는지 모르겠습니다. 특히 특정 국가 사람들은 한국 국적을 가져도 진심으로 한국을 나라로 생각하지 않고 이용만 하려 합니다.	2	4	RACISM/SLUR	[개지랄, 십짱개새끼들] -> 특정 집단에 대한 멸칭과 편견 순화	인종/국적
 누가 그럽디다. 페미는 정신병이라고. ㅇㅇ 나같아도 분란을 일으킬만한 직원 안뽑음	페미니즘은 정신적인 문제라고들 합니다. 저라도 분란을 일으킬 만한 직원은 채용하지 않겠습니다.	2	3	GENDER/SLUR	[페미는 정신병] -> 여성을 정신 질환자로 비하하여 조롱하는 표현 순화	여성/가족
우리과 남페미도 와꾸 좆빻음 얼굴이 여혐인데 씨발 뭔 페미 지껄이노	우리 학과의 남자 페미니스트도 외모가 정말 별로네요. 얼굴 자체가 거부감을 주는데 무슨 페미니즘을 언급합니까?	2	4	GENDER/SLUR	[와꾸 좆빻음, 씨발, 개지껄이노] -> 외모 비하 및 다수의 욕설 순화	여성/가족, 남성
트랜스젠더.성소수자를 색안경끼고 보는것이 아니라..아니라고 말하는거고 다름이 아니라 틀렸다고 말하는거다..당신이 그게 본인의 선택이고 인권이라고 얘기하는거처럼 나는 ..또는 많은 이들은 병이다라고 얘기하는거고 아니라고 얘기하는거다..	성소수자를 무조건 편견으로 보는 것이 아니라, 그게 잘못되었다고 말하는 것입니다. 당신의 선택이 인권이듯, 우리는 그것이 질병이며 옳지 않다고 말할 권리가 있습니다.	2	3	LGBTQ	[틀렸다, 병이다] -> 성소수자를 질병으로 규정하는 차별적 시각을 정중히 순화	성소수자
국민의 힘이 질 수가 없는 환경이구나. 20대 남자만 들고 일어나는게 아니라 40대 남자들도 들고 일어날 듯..	국민의 힘이 질 수가 없는 환경이구나. 20대 남자만 들고 일어나는게 아니라 40대 남자들도 들고 일어날 듯..	0	0	NORMAL	[무해] -> 정치적 상황에 대한 분석적 의견	clean
방역을 어떻게 하나..... 무지의 끝판왕	방역을 어떻게 하나..... 무지의 끝판왕	0	0	NORMAL	[무해] -> 특정 행태에 대한 비판적 의견(무지)	clean
"""아무리 에리카라도 평백80 중반은 넘겨야 하는데.. 역시 상위 1퍼들의 모임 """"일베""""에서는 그정도도 지잡이다 그건가.."""	아무리 해당 학교라도 성적이 어느 정도는 되어야 하는데, 특정 커뮤니티 기준으로는 그마저도 수준 낮은 대학교라는 뜻입니까?	2	2	SLUR/COMMUNITY	[지잡, 일베] -> 지방 대학 비칭 및 특정 커뮤니티 언급 순화	종교
아무데나 병신아	아무데나 하십시오, 어리석은 사람아.	2	3	SLUR	[병신아] -> 보편적 비하 욕설 순화	기타 혐오
저번 총선때 싹망하고 다시시작하자고 궤변을 하던 사람들이 몇있었는데 이젠 별걸 다 망하자고 하는사람도 나오네요 비공 야무지게 하나 드려봅니다	저번 총선때 싹망하고 다시시작하자고 궤변을 하던 사람들이 몇있었는데 이젠 별걸 다 망하자고 하는사람도 나오네요 비공 야무지게 하나 드려봅니다	0	0	NORMAL	[무해] -> 정치 게시판에서의 일상적 반응	기타 혐오
신기한 종족이다 진지하게 쓴 글인가?	정말 특이한 사람들이네요. 진지하게 쓴 글입니까?	2	2	SLUR	[신기한 종족] -> 상대를 사람이 아닌 것처럼 지칭하여 비하하는 뉘앙스 순화	기타 혐오
남자는 듬직해야하고, 져줘야하고, 돈 잘벌어야 하는 존재가 아니니까, 남자 능력 따지지마라. 남혐이다.	남자는 듬직해야하고, 져줘야하고, 돈 잘벌어야 하는 존재가 아니니까, 남자 능력 따지지마라. 남혐이다.	0	0	NORMAL	[무해] -> 성 역할 고정관념에 반대하는 개인적 주장	남성
쟤네한테 논리가 있을거같음?제정신아닌 정신병자들이?	그들에게 어떤 논리가 있겠습니까? 모두 제정신이 아닌 사람들입니다.	2	3	SLUR	[정신병자들이] -> 특정 대상을 정신 질환자로 비하하여 조롱하는 표현 순화	종교
해줘에 맛들리다가 상폐되면 자살 ㅋㅋ	의존적인 태도에 익숙해지다 나이가 들어 가치가 떨어진다며 극단적인 행동을 암시하는 것은 매우 부적절합니다.	2	3	AGE/SLUR	[해줘, 상폐] -> 특정 성별의 의존적 태도 비하 및 연령 비하(상장폐지 비유) 순화	연령
이슬람은 절대 그 나라 문화와 동화하지 않는다. 많은 분들이 개독이 무섭다고들 하는데 진짜 개독들보다 수십배 더 무서운게 이슬람이다. 단순 난민 문제가 아니라 이건 이슬람 종교의 한국침략이라는 관점에서 봐야한다.	이슬람교는 해당 국가의 문화에 잘 동화되지 않는 특성이 있습니다. 일부에서는 다른 종교를 우려하지만 이슬람교의 영향력은 훨씬 더 강력할 수 있습니다. 이는 단순한 난민 문제를 넘어 사회적 영향력 확대라는 관점에서 경계해야 합니다.	2	3	RELIGION	[개독, 침략] -> 타 종교 비하 멸칭 및 공격적 표현 순화	인종/국적, 종교
다이쥬 센세니뮤	과거의 인물을 조롱하는 듯한 말투는 적절하지 않습니다.	2	2	COMMUNITY	[다이쥬, 니뮤] -> 고인 모독성 멸칭 및 일본어풍 조롱 말투 순화	clean
너 고소미 당첨아청법 위반	너 고소미 당첨아청법 위반	0	0	NORMAL	[무해] -> 법적 경고 및 비판	기타 혐오
혼자 도태되겠다는데말릴이유가있음?	스스로 사회에서 소외되겠다고 하는데 굳이 말릴 이유가 있겠습니까?	2	2	SLUR	[도태되겠다는데] -> 타인을 사회적 부적응자로 낙인찍는 표현 순화	기타 혐오
답을 그 좁아터진 니 세상에서만 찾으려니깐 답이 없는 거임. 좀 씨발 느그집 앞 편의점 말고 옆 지역도 가보고 서울도 가보고 부산도 가보고 일본도 가보고 동남아도 가보고 해라	자신의 좁은 시야 안에서만 답을 찾으니 해결이 안 되는 것입니다. 집 앞만 보지 말고 다른 지역이나 해외도 다니며 넓은 세상을 보십시오.	2	2	SLUR	[좁아터진, 씨발, 느그집] -> 저급한 표현 및 욕설이 섞인 훈계 조언 순화	기타 혐오
김치년들 저기서좀 당해봐야하는데	특정 성향을 가진 여성들이 저런 상황을 직접 겪어보았으면 좋겠네요.	2	3	GENDER/SLUR	[김치년들, 당해봐야] -> 여성 비하 멸칭 및 악의적 감정 표현 순화	여성/가족
요즘 틀딱들 정력좋노 늙어빠진 자댕이도 풀발하노^느^	요즘 노인분들의 기력이 좋으시네요. 나이 드신 남성분들도 열정적이신 모양입니다.	2	4	AGE/GENDER/COMMUNITY	[틀딱, 자댕이, 풀발, ~노, ^느^] -> 노인/남성 비하 및 커뮤니티 전용 혐오 표현 순화	남성
경상도 적폐 일베 한남충들은 제발 사회에서 격리좀시켜라	경상도 지역의 잘못된 성향을 가진 사람들은 제발 사회에서 격리해 주시기 바랍니다.	2	4	REGIONAL/GENDER/COMMUNITY	[적폐, 한남충, 격리] -> 특정 지역, 성별, 커뮤니티 지지자에 대한 비하 및 격리 주장 순화	남성, 지역
개신교는 대체로 우파 성향임...날라리 신자들 중에 좌파가 많은편 ...독실한 신자는100% 우파임	개신교는 대체로 우파 성향임...날라리 신자들 중에 좌파가 많은편 ...독실한 신자는100% 우파임	0	0	NORMAL	[무해] -> 특정 종교 집단의 성향에 대한 개인적 관찰	종교
대한민국 정치 정말 지저분하다. 순수하고 깨끗하신 분이 저리 되시다니...	대한민국 정치 정말 지저분하다. 순수하고 깨끗하신 분이 저리 되시다니...	0	0	NORMAL	[무해] -> 정치적 상황에 대한 일상적 소회	clean
저런애들 진짜 뇌구조도 여자이고 나중에 세포분열때 실수로 고추만 달린 진짜 원본자체가 여자인 경우 같다.저런애는 이해해 줄 수 있는데, 생긴거 자체가 완전 남자상태인 애들이 성전환 한다면 말리고 싶다.	그런 분들은 정신적으로 이미 여성의 특성을 가지고 신체적으로만 남성인 경우 같습니다. 그런 분들은 이해할 수 있지만, 외형이 완전히 남성인 상태에서 성전환을 하는 것은 바람직하지 않다고 생각합니다.	2	2	LGBTQ	[고추만 달린, 여자인 경우] -> 트랜스젠더에 대한 생물학적 편견 섞인 발언 순화	성소수자
ㄹㅇ.. 주마다 다르지만 월세안내도 못쫒아냄그거 악용하는 사람들 많음. 특히 흑인들	정말 주마다 다르겠지만 월세를 내지 않아도 강제 퇴거가 어려운 점을 악용하는 사람들이 많습니다. 특히 특정 인종의 사람들이 그런 경우가 많더군요.	2	3	RACISM	[특히 흑인들] -> 특정 인종에 대한 부정적 일반화 및 편견 순화	인종/국적
에이즈나 퍼트리는 쓰레기 변실금 새끼들 ㅡㅡ	(차단된 문장입니다)	1	5	LGBTQ	[에이즈나 퍼트리는 쓰레기] -> 성소수자를 질병 전파자로 낙인찍고 원색적 비하로 차단	성소수자
이미 김정은 일당에게 포섭된 사람이라서 화낼 필요가 없다	이미 김정은 일당에게 포섭된 사람이라서 화낼 필요가 없다	0	0	NORMAL	[무해] -> 특정 사상 추종자에 대한 개인적 비판	clean
성차별이아닌 뚱땡이들을 적게줘야한다.	성차별이 아니라 체중이 과한 분들에게는 음식량을 조절해서 주어야 합니다.	2	2	SLUR	[뚱땡이들] -> 타인의 체형을 비하하는 멸칭 순화	기타 혐오
트젠새키들은정신병치료른해야지 자지를짜르냐 ㅋㅋ	트랜스젠더들은 정신적인 치료를 받아야지 신체를 훼손하는 것은 옳지 않습니다.	2	4	LGBTQ/SLUR	[트젠새키들, 정신병, 자지를짜르냐] -> 성소수자 비하 멸칭 및 신체 훼손 희화화 순화	성소수자
이래서 기독교는 없어져야하는거다	이래서 기독교라는 종교는 사라져야 합니다.	2	3	RELIGION	[없어져야하는거다] -> 특정 종교 전체에 대한 배타적이고 극단적인 주장 순화	종교
성정체성혼란이 정신질환이야~~	성 정체성의 혼란은 일종의 정신적인 질환입니다.	2	3	LGBTQ	[정신질환이야] -> 특정 상태를 질병으로 단정 짓는 비하적 시각 순화	성소수자
ㅋㅋㅈㄴ웃기노	정말 매우 웃기네요.	2	2	COMMUNITY	[ㅈㄴ, ~노] -> 비속어 및 커뮤니티 희화화 말투 순화	clean
경상도 출신이 전남와서 술마신 거나대구 번화가 술집 이거나 둘중에 하나 겠지 ㅇㅇ	경상도 출신이 전남와서 술마신 거나대구 번화가 술집 이거나 둘중에 하나 겠지 ㅇㅇ	0	0	NORMAL	[무해] -> 사건 발생 장소나 관련인에 대한 단순 추측	지역
동성욕자의 말로를 보셨습니다.온갖질병과 고통.잦은배뇨에 항문누공~결국우리가 도덕과 이성과 상식이 제외된 성교는 다시 질병으로 우리를공격합니다.동성욕자분들 당신들을 위해 하지말라는것입니다.순간의 쾌락과 온전한삶을 살수있는길을 바꾸시겠습니까?	동성애의 끝은 각종 질병과 고통뿐입니다. 도덕과 이성을 벗어난 행위는 결국 건강을 해치게 됩니다. 여러분의 온전한 삶을 위해 그런 행위를 멈추시길 권합니다.	2	3	LGBTQ	[동성욕자, 온갖질병, 항문누공] -> 성소수자를 질병 및 부도덕의 대명사로 묘사하는 표현 순화	성소수자
판사미친것; 지 딸이 그런 일 당했으면 물불 안가렸을껄?	판사가 제정신입니까? 자신의 가족이 그런 일을 당했어도 같은 판결을 내렸을까요?	2	2	SLUR	[미친것] -> 판결 내용에 대해 감정적으로 비하 발언 순화	여성/가족
트젠 혐오하는거 맞노 혐오웅앵웅거리면 ㅈㅎㅌㅊ처럼 해명할줄아노 젠신병자는 혐오해야하노	트랜스젠더를 혐오하는 것이 맞습니다. 혐오라고 비판해도 수준 낮게 해명할 생각은 없으며, 그들은 혐오받아 마땅합니다.	2	4	LGBTQ/COMMUNITY	[ㅈㅎㅌㅊ, 젠신병자, 맞노, 웅앵웅] -> 성소수자 비하 및 혐오 밈, 커뮤니티 말투 순화	성소수자, 기타 혐오
난 이번 계기로 미국이 문화적으로 탈종교했으면 좋겠다 이슬람을 기독교로 대처하는것도 현명하지못하고 종교에는 무교 불가지론이 답이다	난 이번 계기로 미국이 문화적으로 탈종교했으면 좋겠다 이슬람을 기독교로 대처하는것도 현명하지못하고 종교에는 무교 불가지론이 답이다	0	0	NORMAL	[무해] -> 종교 문화에 대한 개인적 가치관 피력	종교
숨쉴한... 메오크년들 앞에서는 냄새나서 숨도 제대로 못쉬는거 아니노 ㅋㅋ	여성들 앞에서는 숨도 제대로 못 쉬는 것 아닙니까? 정말 불쾌한 상황이네요.	2	4	GENDER/SLUR	[숨쉴한, 메오크년들, ~노] -> 여성에 대한 조롱성 밈 및 외모 비하 순화	여성/가족
ㄹㅇ 나 20대 중반인데 나도 2년전까지만해도 홍어가 좆같은걸 모르고홍어까는 애들을 그냥 지역차별주의자들일 뿐이라고 생각했었다	정말 저도 20대 중반인데, 예전에는 특정 지역 사람들을 비하하는 것이 단순한 지역 차별이라고만 생각했습니다.	2	3	REGIONAL	[홍어, 좆같은] -> 특정 지역민 비하 멸칭 및 욕설 순화	지역
어릴때 성폭력 경험 기억해보면 딱 저거였노 그야말로얼어붙는현상을 보이노. 눈만떴을뿐 아무생각도못하고 그대로 얼어붙는거노	어릴때 성폭력 경험 기억해보면 딱 저거였노 그야말로얼어붙는현상을 보이노. 눈만떴을뿐 아무생각도못하고 그대로 얼어붙는거노	0	0	NORMAL	[무해] -> 자신의 트라우마 상황에 대한 담담한 진술(방언)	clean
정답은 아베탄핵 암만 원숭이라도 그정도는 알지않나??	정답은 아베탄핵 암만 원숭이라도 그정도는 알지않나??	0	0	NORMAL	[무해] -> 타국 정치 상황에 대한 개인적 견해(비유적 표현)	인종/국적
게이는 대머리가 많구나!!	성소수자 중에는 대머리인 분들이 많군요.	2	2	LGBTQ	[게이는 대머리가 많구나] -> 특정 집단의 외모적 특성에 대한 편견 섞인 발언 순화	성소수자
저거 대로라면 불체자들 어떡해서든 한국에서 애 놓을려고 기승을 부리겠네! 나라 꼬라지가 정치인들 밥 그릇 싸움 하는 동안 저런법안이 만들어지고 입법을 기다리고 있으니 참으로 가관이다!	저거 대로라면 불체자들 어떡해서든 한국에서 애 놓을려고 기승을 부리겠네! 나라 꼬라지가 정치인들 밥 그릇 싸움 하는 동안 저런법안이 만들어지고 입법을 기다리고 있으니 참으로 가관이다!	0	0	NORMAL	[무해] -> 입법 상황에 대한 정책적 비판과 우려	인종/국적
븅신년잌ㅋㅋㅋㅋㅋㅋㅋ 노무현 짤 보여주고 피식하면 일베지시발 저게 무슨ㅋㅋㅋㅋㅋ	정말 어리석은 여성이네요. 특정 이미지를 보고 반응하면 특정 커뮤니티 이용자라고 단정 짓는 것이 말이 됩니까?	2	3	SLUR	[븅신년, 시발] -> 특정 대상에 대한 보편적 욕설 및 심한 표현 순화	악플/욕설
난 머전인데 머전도 본받아라 이기야	저도 대전 사람인데, 대전도 본받았으면 좋겠습니다.	2	2	COMMUNITY	[머전, 이기야] -> 커뮤니티 축약어 및 특정 사이트 말투 순화	clean
자지들은 지능이 떨어지기 때문에 대화가 불가능하노 그냥 주변자지들부터 서서히 재기시키는게 생태계에 좋을것같다이기	(차단된 문장입니다)	1	5	GENDER/SLUR	[자지들, 재기시키는게] -> 남성 전체를 생물학적으로 비하하고 살해 위협하는 혐오는 차단	남성
참 저한마디 했다고 10년이 가까이 강호순 유영철보다 더 가열차게 까이는게 말이되노 소추한냄국 토나온다이기야	겨우 그 한마디 했다고 10년 가까이 흉악범보다 더 심하게 비난받는 것이 말이 됩니까? 한국 남성들의 편협함이 정말 실망스럽네요.	2	3	GENDER/COMMUNITY	[소추한냄국, 이기야야] -> 남성 비하 멸칭 및 국가 비하, 커뮤니티 말투 순화	남성
의사가 기독교였나보다	의사가 기독교였나보다	0	0	NORMAL	[무해] -> 특정 정황에 대한 단순 추론	clean
저새끼 따라서 난민신청했다가 20머 날려먹은 한남도 있지아노노ㅋㅋㅋㅋㅋ	저 사람을 따라 난민 신청을 했다가 20대를 허비한 한국 남성들이 있지 않습니까?	2	2	GENDER/SLUR	[저새끼, 한남도] -> 타인 비하 및 특정 성별 비하적 뉘앙스 순화	남성
인권침해..참 말이좋다이 그럴꺼면 더 조심하고 다니든가 자긴 인권침해면 그로인해 감염된 사람들은 어쩔	인권침해..참 말이좋다이 그럴꺼면 더 조심하고 다니든가 자긴 인권침해면 그로인해 감염된 사람들은 어쩔	0	0	NORMAL	[무해] -> 공중 보건과 개인 인권 사이의 갈등에 대한 개인적 의견	clean
여론조작질 그만해라	여론 조작과 같은 행태는 그만두십시오.	2	2	SLUR	[조작질] -> 상대방의 행위를 비하하는 접미사 사용 순화	악플/욕설
진짜 배가 쳐 불렀네 부러운 개새끼들나도 여자와 사귈 수 있다면 컴퓨터 부수라고 해도 부술 수 있는데	정말 부럽고 질투가 나네요. 저도 연애를 할 수만 있다면 아주 소중한 것을 포기할 수도 있습니다.	2	2	SLUR	[배가 쳐 불렀네, 개새끼들] -> 타인의 연애 상황에 대한 질투 섞인 비속어 순화	악플/욕설
아주 파블로프의 개처럼 반응하네	마치 조건반사처럼 기계적으로 반응하고 있군요.	2	1	SLUR	[파블로프의 개] -> 상대방을 동물에 비유하여 비하하는 어조 순화	악플/욕설
MMM지갑이당	MMM지갑이당	0	0	NORMAL	[무해] -> 특정 아이템에 대한 언급	clean
동성애자들은 정말 본인이 정상이라 생각하나?	성소수자들은 진심으로 자신들이 일반적이라고 생각하나요?	2	2	LGBTQ	[정상이라 생각하나] -> 성소수자를 비정상으로 규정하는 시각을 정중히 순화	성소수자
페라리 향수 쓴다조타	페라리 향수 쓴다조타	0	0	NORMAL	[무해] -> 일상적 취향 공유	clean
ㅅㅂ 여장취미 아녀?ㅋㅋㅋㅋㅋㅋㅋㅋㅋㅋㅋㅋ	정말 여장 취미라도 있는 것이 아닐까요?	2	2	SLUR	[ㅅㅂ] -> 욕설 및 타인의 취미를 조롱하는 어조 순화	기타 혐오
ㅇㄱㄹㅇㅋㅋㅋ 항문성교는 게이만 하는게아니야 레즈들도 좋아해 소수자혐이다 빼애액 이지랄하는 글많았었는데 지금생각해보면 똥꼬충들이 부랄떨면서 어떻게든 똥꼬충워딩못쓰게막으려고올린글이었는듯ㅋㅋㅋ	정말 그렇네요. 특정 성적 행위가 여러 집단에서 행해진다는 주장이 많았는데, 지금 생각하면 특정 집단을 지시하는 용어 사용을 막기 위한 의도적인 움직임이었던 것 같습니다.	2	3	LGBTQ/COMMUNITY	[똥꼬충, 부랄떨면서] -> 성소수자 비하 멸칭 및 저급한 성적 표현 순화	성소수자
일베 논란 예약꼭 성공해라 ㅋㅋ	일베 논란 예약꼭 성공해라 ㅋㅋ	0	0	NORMAL	[무해] -> 특정 행보에 대한 조소 섞인 의견	clean
한국교회가 국민에게 꿈과 위로를 주는 역할을 하길바랍니다	한국교회가 국민에게 꿈과 위로를 주는 역할을 하길바랍니다	0	0	NORMAL	[무해] -> 종교 본연의 역할에 대한 기대	clean
먹사를 믿으니 이런 결과가..주님을 믿어라	목사를 맹신하니 이런 결과가 생기네요. 진정한 신앙에 집중하십시오.	2	2	RELIGION	[먹사] -> 목사 비하 멸칭 순화	종교
국방장관뭐하냐 옷벗자 자식들이잘못을했음 애비가책임울져야하지않겠냐	국방장관은 책임을 지고 물러나십시오. 자식의 잘못은 부모가 책임을 져야 하는 것 아닙니까?	2	2	SLUR	[옷벗자, 애비가] -> 공직 사퇴 권고 및 저급한 가족 지칭어 순화	악플/욕설
쌀국 아이티계에 한남 많노? 아이티계라 한남 많을까봐 망설여지노	미국 아이티계에 한국 남성들이 많습니까? 아이티계라 한국 남성들이 많을까 봐 망설여지네요.	2	3	GENDER/COMMUNITY	[한남, 많노] -> 남성 비하 멸칭 및 커뮤니티 희화화 말투 순화	남성
개쩌노시발.. 수영에 자신이있엇다라는건데 망설임없이 뛰어든거면	정말 대단합니다. 수영에 자신이 있었기에 망설임 없이 뛰어든 것이겠네요.	2	2	SLUR/COMMUNITY	[개쩌노, 시발] -> 비속어 및 감탄사적 욕설 순화	기본값
개슬람보단 걍 개독이 낫지 ㅋㅋ개독새끼들은 까면 부들부들하지 보급은 안함개슬람새끼들은 좆호메트 이름만 언급해도 지랄이라걍 노답	이슬람교보다는 기독교가 낫습니다. 기독교인들은 비판을 받아도 보복은 하지 않지만, 이슬람교인들은 예언자 이름만 나와도 과격하게 반응하니 정말 답답하네요.	2	4	RELIGION	[개슬람, 개독, 새끼들, 좆호메트, 지랄] -> 종교 비하, 욕설 및 성인 모독 표현 순화	종교
급식충이 더 잘못했는데? 저런거 다 감안하고 댓글에 욕한거 아니냐? 센징들은 쳐맞아야 말듣는다는걸 몸소 실천하고 있구만 악어 키우는놈이 ㅋㅋ	학생이 더 잘못한 것 아닙니까? 그런 상황을 알고도 욕설 댓글을 단 것이겠죠. 한국인들은 강한 처벌이 있어야 말을 듣는다는 것을 보여주고 있네요.	2	4	SLUR/RACISM/AGE	[급식충, 센징, 쳐맞아야] -> 학생/국가 비하 및 폭력적 표현 순화	인종/국적, 연령
똥꾸녕에 민주화박고싶노	(차단된 문장입니다)	1	5	SLUR/COMMUNITY	[똥꾸녕, 민주화박고싶노] -> 성적 모욕 및 특정 사건/커뮤니티 비하 표현으로 차단	기본값
그남들이 몰려온다 군쾅군쾅!!! 이것도 남성혐오노? 너무 예민한것 아니노? ㅋㅋㅋ < 이건 2중 미러링이노.	특정 남성들이 몰려오네요. 이것도 남성 혐오입니까? 너무 예민한 것 아니냐는 식의 풍자군요.	2	3	GENDER/COMMUNITY	[그남들, 군쾅군쾅, 예민한것 아니노] -> 남성 비하 멸칭 및 커뮤니티 조롱투 순화	남성
주식부자 이재명도 전라도 기업 주식은 하나도 없더라	주식부자 이재명도 전라도 기업 주식은 하나도 없더라	0	0	NORMAL	[무해] -> 정치인 및 기업 근거지에 대한 개인적 관찰	지역
전라도 사투리ㅋㅋㅋㅋㅋㅋ사스가	전라도 사투리를 쓰네요. 역시 그렇군요.	2	2	REGIONAL	[사스가] -> 지역 말투에 대한 조롱 섞인 감탄사 순화	지역
5. 맞는말하는거	5. 맞는말하는거	0	0	NORMAL	[무해] -> 일상적 긍정	기타 혐오
잘가라~~	잘가라~~	0	0	NORMAL	[무해] -> 일상적 인사/작별	기타 혐오
홍어,개독,한괴레 트리플 그랜드 슬램하면쥬댕이가 저렇게 저질스러워짐??	특정 지역, 종교, 언론을 모두 지지하면 입모양이 저렇게 됩니까?	2	3	REGIONAL/RELIGION	[홍어, 개독, 쥬댕이] -> 지역/종교 비하 및 신체비하 순화	지역, 종교, 기타 혐오
후속기사	후속기사	0	0	NORMAL	[무해] -> 단순 단어	기타 혐오
조팔 언제부터 기사내용따져서 보력갔노?	정말 언제부터 기사 내용을 따져서 지원 댓글을 달러 갔습니까?	2	3	SLUR/COMMUNITY	[조팔, 보력, ~노] -> 욕설 및 커뮤니티 전용 용어 순화	기본값
오프에서 가장 필요한 건 정치와 사회이슈라고 보노. 법안 마련과 사회의 의식 개선이 필요하노. 여성의 권익을 증진시키지 않으면 좆국이 망할거라는 압박이 중요하다이기야. 현 정치틀딱들이 머갈빡 병신인건 사실인데	오프라인에서 필요한 건 정치와 사회적 이슈입니다. 법안과 의식 개선이 필요하며, 여성 권익이 증진되지 않으면 나라가 위태롭다는 압박이 중요합니다. 현 정치인들이 무능한 건 사실이니까요.	2	4	SLUR/AGE	[좆국, 틀딱, 머갈빡, 병신] -> 국가/노인 비하 및 신체 비하/욕설 순화	연령
알바하면서 확실히 느낀게 잘 사는동네는 나이 많은 사람이건 젊은사람이건 되게 친절한데 못 사는동네는 젊은사람은 안 그러는데 뜰딱이새끼들이 ㅈㄹ임	아르바이트를 하며 느낀 점은, 유복한 동네는 대체로 친절하나 그렇지 못한 곳은 노인분들이 유독 무리한 요구를 하시는 경우가 많다는 것입니다.	2	3	SLUR/AGE	[뜰딱이새끼들, ㅈㄹ] -> 노인 비하 및 비속어 순화	연령, 기타 혐오
테이크 아웃하면 되는데.. 김치년들은 너무 게으름	포장해 가면 될 텐데, 일부 여성들은 너무 게으르네요.	2	3	GENDER/SLUR	[김치년들] -> 여성 비하 멸칭 순화	여성/가족
강간당하구좋지머	(차단된 문장입니다)	1	5	SLUR	[강간당하구좋지머] -> 성폭력 긍정 및 피해자 모욕으로 차단	기타 혐오
너도 가해자다. 책임지고 낱낱이 사실 밝혀라. 변호사 대동해서 피해갈 생각 하지말고. 공무원으로써 소명을 다하길	너도 가해자다. 책임지고 낱낱이 사실 밝혀라. 변호사 대동해서 피해갈 생각 하지말고. 공무원으로써 소명을 다하길	0	0	NORMAL	[무해] -> 사건 관련 일상적 비판	기타 혐오
정작 지새끼들은 자사고/외고/과학고에 서울대나 로스쿨 미국유학ㅋ 후안무치	정작 본인 자녀들은 명문고와 명문대를 보내고 미국 유학까지 시키네요. 후안무치합니다.	2	2	SLUR	[지새끼들] -> 자녀에 대한 비칭 순화	기타 혐오
춘장좆 둘이 소추 찍음 ㅋㅋㅋ 춘장 이야기만 나오면 중국 생산 식용유중 20%인 인분 재활용 식용유 이야기	중국 관련 인물들이 비방을 받았네요. 중국 관련 이야기가 나오면 항상 문제 있는 식용유 이야기가 따라옵니다.	2	3	RACISM/GENDER	[춘장좆, 소추] -> 인종/남성 비하 표현 순화	인종/국적
wwq awg	wwq awg	0	0	NORMAL	[무해] -> 의미 없는 문자열	기타 혐오
진짜 대구사람하곤 말도섞지말아야겟다	특정 지역 사람과는 대화를 피하고 싶네요.	2	2	REGIONAL	[대구사람] -> 특정 지역민에 대한 집단적 기피 표현 순화	지역
개죠센새끼들 반만년노예센징주제에 누가 낫다 이지랄하는거 존나 웃김 ㅋㅋㅋㅋㅋㅋㅋㅋ 다 같이 중국 일본한테 똥꼬따인 걸레센징새기들주제에 ㅋ	한국인들이 서로 누가 낫다고 다투는 게 우습네요. 역사적으로 고난을 겪었던 사람들끼리 왜 이러는지 모르겠습니다.	2	4	RACISM/SLUR	[개죠센, 센징, 똥꼬따인, 걸레] -> 국가/민족 비하 및 저속한 표현 순화	인종/국적
구역질 난다 ㅈㅅ!	정말 불쾌하네요, 죄송합니다.	2	2	SLUR	[ㅈㅅ] -> 조롱 섞인 사과 축약어 순화	기타 혐오
좆같네,시발 난 아직도 엔번방 본적이 없는데	정말 기분 나쁘네요. 저는 아직도 그런 영상을 본 적이 없습니다.	2	3	SLUR	[좆같네, 시발] -> 욕설 순화	기타 혐오
저거 여자가 셀카찍었다는거임? 남자가 올렷다는게아니라?	저거 여자가 셀카찍었다는거임? 남자가 올렷다는게아니라?	0	0	NORMAL	[무해] -> 사건 정황 질문	기타 혐오
한남충들 군무 더럽노 방법은 하나다 재기해라	(차단된 문장입니다)	1	5	GENDER/SLUR	[재기해라] -> 남성 비하 및 자살/살해 종용 표현으로 차단	남성
근데 이젠 조선족이랑 짱게 빼고는 동남아는 그냥 그려려니한다 이질감이 없어~ 그리고 그사람들 없으면 당장 우리나라 3d 직업군이 폭망함	그런데 이제 조선족이나 중국인 외에 동남아시아 사람들은 익숙합니다. 그분들이 없으면 우리나라의 힘든 직업군이 유지되기 어렵습니다.	2	3	RACISM	[짱게] -> 인종/국적 비하 표현 순화	인종/국적
한국인이 일본인들 보고 속을 알 수 없는 사람들 이런 말이 넌센스지	한국인이 일본인들 보고 속을 알 수 없는 사람들 이런 말이 넌센스지	0	0	NORMAL	[무해] -> 민족성에 대한 개인적 견해	인종/국적
막짤 로동당	마지막 사진 노동당	2	1	COMMUNITY	[로동당] -> 북한식 발음 희화화 순화	기타 혐오
좆놈들 공감력 재기한건 하루 이틀이 아니노	남성들의 공감 능력이 떨어지는 건 어제오늘 일이 아닙니다.	2	3	GENDER/SLUR	[좆놈들, 재기한건, ~노] -> 남성 비하 및 혐오 용어 순화	남성
와 그나저나 손톱 봐라 시발;;; 대구는 남자가 저따위로 손톱 기르고 손톱 밑에 때 덕지덕지 껴도 아무도 지적 안함?	세상에, 손톱 상태가 정말 심각하네요. 특정 지역에서는 남자가 저렇게 위생 관리를 안 해도 괜찮은 건가요?	2	3	SLUR/REGIONAL	[시발, 대구는] -> 욕설 및 지역 일반화 순화	지역
근데 나 보지년들이 이딴말 씨부릴때마다 존나 궁금한게 그럼 남자도 돈 쥐뿔도 없는데 스킨이랑 로션 SK II 같은 씹비싼거 쓰고 옷 명품으로 휘감으면서 여자보다 꾸미는데 돈 더 많이 쓰면 데이트할때 돈 안내도 되냐?	그런데 여성들이 그런 말을 할 때마다 궁금한 게, 남성도 형편이 안 되면서 고가의 화장품을 쓰고 명품을 두르며 꾸미는 데 돈을 더 많이 쓰면 데이트 비용을 안 내도 되는 건가요?	2	3	GENDER/SLUR	[보지년들, 씨부릴때마다] -> 여성 비하 및 모욕적 언사 순화	여성/가족
마지막 소추아니고 없추노. 저런 관상 보이면 아묻따 후장에 철근꽂아서 한강물에 재기시켜라 이기	(차단된 문장입니다)	1	5	GENDER/SLUR	[철근꽂아서, 재기시켜라] -> 신체 훼손 묘사 및 살해 협박으로 차단	남성
이야~ 경향 ㅋㅋㅋㅋㅋㅋㅋㅋㅋㅋ	이야~ 경향 ㅋㅋㅋㅋㅋㅋㅋㅋㅋㅋ	0	0	NORMAL	[무해] -> 언론사에 대한 일상적 반응	기타 혐오
몇몇 정신없는 탈북자가가지고 북괴싸이버 놀음에 놀아나는 꼬라지 보소.병신새끼들 정신차려라.	일부 탈북자들 때문에 북한의 사이버 선동에 넘어가는 모습이 안타깝네요. 어수룩한 사람들, 정신 차리십시오.	2	3	SLUR	[병신새끼들] -> 비속어 순화	기타 혐오
조인성 닮았네	조인성 닮았네	0	0	NORMAL	[무해] -> 일상적 칭찬	기타 혐오
개슬람 좆족 짱깨는 무조건 시행해야지	이슬람교, 조선족, 중국인 관련 정책은 무조건 시행해야 합니다.	2	3	RACISM/RELIGION	[개슬람, 좆족, 짱깨] -> 종교/인종 비하 멸칭 순화	인종/국적, 종교
소아성애자는 좀 그럼차라리 스와핑같은 상호 협의가 가능한게 낫지아니면 1대 다 갱뱅이나	소아성애는 부적절합니다. 차라리 성인 간의 합의된 성문화나 다른 방식이 낫습니다.	2	3	SLUR	[갱뱅] -> 저속한 성적 용어 순화	기타 혐오
의사들 수가 목사들 수 절반만 되어도 의료공백은 없을텐데	의사들 수가 목사들 수 절반만 되어도 의료공백은 없을 텐데	0	0	NORMAL	[무해] -> 직업군 비율에 대한 개인적 의견	종교, 기타 혐오
강원도는 빙결 저항경상도는 화상 저항전라도는 냄새 저항	강원도는 빙결 저항, 경상도는 화상 저항, 전라도는 냄새 저항입니다.	0	0	NORMAL	[무해] -> 인터넷 지역 밈	지역
조팔 오랜만에 웃었다이기ㅋㅋㅋ좆국사람들은 매끼 닭고기만 먹었나보노? 쌀국바게트국단풍국 닭고기 앵나 먹노 그냥 인정해라 한남은 제3의 생물체노	정말 오랜만에 웃었네요. 한국 사람들은 매 끼니 닭고기만 먹는 건가요? 미국이나 프랑스, 캐나다도 닭고기를 많이 먹습니다. 한국 남자들은 정말 특이한 존재들이네요.	2	3	SLUR/GENDER	[조팔, 이기, 좆국, 한남] -> 욕설, 국가/남성 비하 및 커뮤니티 말투 순화	남성
메갈보쉴드 앙 노무띠	특정 집단을 감싸는 태도가 정말 보기 좋지 않네요.	2	3	COMMUNITY/GENDER	[메갈보, 노무띠] -> 여성 비하 및 고인 모독성 밈 순화	여성/가족, 기타 혐오
유럽백마들은 무슬림 남자들에게 먹힐듯 ㅋㅋㅋ	유럽 여성들은 무슬림 남성들에게 영향을 많이 받을 것 같네요.	2	3	RACISM/GENDER	[유럽백마, 먹힐듯] -> 인종/성별 비하 및 저속한 비유 순화	여성/가족, 인종/국적, 종교
야동사이트 들갈때마다 게이동영상 존나 많아서 개짜증남 똥꼬충 씨발 몽둥이로 다 패죽이고 싶다ㅉㅉ	(차단된 문장입니다)	1	5	LGBTQ/SLUR	[패죽이고 싶다] -> 성소수자에 대한 살해 위협 및 폭력 선동으로 차단	성소수자
절대 반대 무슬림은 절대 반대 그들의 신 알라라는 마치 악마인듯해요..	무슬림에 절대 반대합니다. 그들의 신 알라는 마치 좋지 않은 존재처럼 느껴집니다.	2	3	RELIGION	[악마] -> 특정 종교 성인에 대한 극단적 비하 순화	종교
정치인이 자기 프레임 만들어서 지지도 올리는게 나쁜거냐 대가리가 장식인 감성충들이 선동 당해 날뛰는게 나쁜거냐? 난 박영선 같은 정치인이 나쁘다기 보단 대가리빈 감성충이 역겨울 뿐이다	정치인이 지지도를 올리는 게 문제일까요, 아니면 깊게 생각하지 않고 선동당하는 사람들이 문제일까요? 저는 정치인보다 그런 사람들이 더 실망스러울 뿐입니다.	2	3	SLUR	[대가리가 장식, 감성충, 역겨울] -> 비하 및 모욕적 표현 순화	기타 혐오
언제부터 일베에서 홍어들이 설치게 됐노일단 일베는 홍어부터 박멸해야한다	언제부터 특정 커뮤니티에 반대 성향 사람들이 많아졌나요. 일단 그들부터 내보내야 합니다.	2	3	REGIONAL/COMMUNITY	[홍어, 박멸] -> 지역 비하 및 공격적 표현 순화	지역
헬조선 김치좆들은 사람더러 쉽다가 아니라 걸레라고 욕함 ㅋㅋㅋㅋ	한국 남성들은 사람을 쉽게 본다는 말 대신 성적으로 비하하는 표현을 쓰더군요.	2	4	SLUR/GENDER	[김치좆, 걸레] -> 남성/여성 비하 및 저속한 표현 순화	남성, 여성/가족
오세라비 님 응원합니다.!	오세라비 님 응원합니다.!	0	0	NORMAL	[무해] -> 일상적 응원	기타 혐오
한국=민주당=전라도미국=민주당=흑인들이대부분 거주하는 가난한 지역과 켈리 /극좌 폭력집단 안티파 유럽= 진보당= 이슬람난민과 그들을 비호하는 pc세력	각국의 정당 지지 성향과 특정 집단 사이의 상관관계를 분석하는 시도들이 있습니다. 한국, 미국, 유럽 등에서의 정치적 지형이 이와 같다는 의견이 있네요.	2	3	RACISM/RELIGION/REGIONAL	[전라도, 흑인들, 이슬람난민] -> 특정 지역 및 인종, 종교를 정치적 프레임으로 묶어 비하하는 뉘앙스 순화	인종/국적, 지역, 종교
조선족은 생긴게 왜 다 저리 붕어처럼 생겼냐	조선족들의 외모가 특정 동물과 닮았다는 인상을 받으시는군요.	2	3	RACISM	[조선족, 붕어처럼] -> 인종/국적 비하 및 외모 비하 순화	인종/국적
백퍼 선생 몸매좋고 예쁨	선생님의 외모가 매우 뛰어나실 것 같습니다.	2	2	SLUR	[몸매좋고] -> 타인에 대한 성희롱적 뉘앙스 순화	기본값
"""그렇다고 탈북자 욕은 하지말자 들어올때 """"김정은 개새끼"""" 정도는할걸"""	탈북자들을 비난하지는 맙시다. 그들도 나름의 소신을 가지고 왔을 것입니다.	2	3	RACISM/SLUR	[김정은 개새끼] -> 거친 욕설 사용 순화	인종/국적
이런게 싫으면 회사 그만두고 다른곳으로 이직해라 쓰레기들아 몸퉁아리 하나로 먹고사는주제에	상황이 마음에 들지 않으면 이직을 고려하십시오. 타인을 비하하는 것은 적절하지 않습니다.	2	3	SLUR	[쓰레기들아, 몸퉁아리 하나로] -> 타인에 대한 인격 모독 및 직업 비하 순화	기타 혐오
전라도라고 홍어라고 다 싸잡을 순 없지만 국가에 대한 문제를 일으키는 사람들이 거의 전라디언이듯이모든 무슬림들이 다 악마는 아니지만 경계할 수 밖에 없다.	특정 지역이나 종교 구성원 전체를 일반화할 수는 없으나, 사회적 물의를 일으키는 사례들로 인해 경계심을 갖게 되는 경우가 있습니다.	2	4	REGIONAL/RELIGION	[홍어, 전라디언, 악마] -> 지역 및 종교 비하 멸칭 순화	지역, 종교
에라이 쌍도새끼ㅋㅋㅋㅋㅋㅋ	정말 특정 지역 사람답네요.	2	3	REGIONAL/SLUR	[쌍도새끼] -> 지역 비하 및 욕설 순화	지역
첫짤부터 남자사진 보여줘서 끝까지 남자라고 생각들었음담부터 올릴떈수술전 마지막에 올리라 이기야.	첫 사진부터 남성 모습이라 끝까지 그렇게 생각했습니다. 다음에는 수술 전 사진을 나중에 보여주시는 게 좋겠네요.	2	2	COMMUNITY	[이기야] -> 커뮤니티 전용 말투 순화	기본값
90퍼 창남결혼 나머지 10퍼 똥이즈 위장결혼	대부분은 부적절한 관계의 결혼이고, 나머지도 질병 관련 위장 결혼인 경우가 많습니다.	2	3	GENDER/SLUR	[창남, 똥이즈] -> 성별 비하 및 성소수자 비하 용어 순화	남성, 성소수자
베트남 아니면 말레이시아	베트남 아니면 말레이시아	0	0	NORMAL	[무해] -> 국가명 단순 나열	기본값
의료 공급의 민영화인지 수요의 민영화인지 구분해야하고 이탈리아 의료는 사회주의식 아니었냐? 뭔 개소린지 시발	의료 민영화의 세부적인 구분이 필요합니다. 이탈리아 의료 체계에 대한 사실관계 확인이 필요해 보이며, 거친 표현은 자제해 주십시오.	2	3	SLUR	[개소리, 시발] -> 욕설 및 비속어 순화	기타 혐오
어렸을떄부터 덩치가 남달랐나보네	어렸을때부터 덩치가 남달랐나 보네요.	0	0	NORMAL	[무해] -> 일상적 관찰	기본값
서울시 교육청 학생인권 종합계획 재고해 주세요.	서울시 교육청 학생인권 종합계획 재고해 주세요.	0	0	NORMAL	[무해] -> 정책 제안 및 요청	기본값
^한녀충^은 안 되지만 젠신병자 똥꼬충 여혐은 상관없당께~	특정 여성 비하 용어는 안 되면서, 성소수자나 여성 혐오 발언에는 관대한 태도가 모순적입니다.	2	4	LGBTQ/GENDER/SLUR	[한녀충, 젠신병자, 똥꼬충, 상관없당께] -> 성별/성소수자 비하 멸칭 및 지역 비하 말투 순화	성소수자, 여성/가족, 지역
ㅋㅋㅋㅋㅋ미친놈아니놐ㅋㅋㅋㅋㅋㅋ와 진심 빨리 재기 좀	(차단된 문장입니다)	1	5	SLUR/COMMUNITY	[미친놈, 재기 좀] -> 인격 모독 및 자살/살해 종용으로 차단	기타 혐오
오빠가 허락한 페미니즘만 해야돼~그리고 페미는 싫른데 여자 못잃어~개창놈아니노 좆의 숙주노	남성 중심적인 시각에서 벗어나지 못한 채 모순된 태도를 보이는 것은 부적절합니다.	2	4	GENDER/SLUR	[개창놈, 좆의 숙주, ~노] -> 자극적인 성적 비하 및 혐오 용어 순화	남성
예전에 이제석 표절이라고 까던새끼들이 일베 아니노?	예전에 특정 인물을 표절로 비난하던 사람들이 특정 커뮤니티 이용자들 아닙니까?	2	2	SLUR/COMMUNITY	[새끼들, 일베, ~노] -> 비속어 및 자극적 단어 사용 순화	기타 혐오
아 씨발 도대체 왜 저러냐???정상적인 새끼들이 하나도 없네	정말 이해하기 어렵네요. 상식적인 사람이 보이지 않습니다.	2	3	SLUR	[씨발, 새끼들] -> 욕설 및 비속어 순화	기타 혐오
통베 계열 사이트는 수용소, 네오아x메 같은 씹덕사이트밖에 없음사스가 씹통일체 ㅋㅋㅋㅋㅋㅋㅋㅋ	특정 커뮤니티 계열 사이트들은 폐쇄적인 문화를 공유하는 경향이 있습니다. 역시 비슷한 특징을 보이네요.	2	3	COMMUNITY/SLUR	[통베, 씹덕, 씹통일체] -> 커뮤니티 비칭 및 비속어 순화	지역, 기타 혐오
일베가 개독한테 먹힌게아니라 씨발 뭐 자료도 억지고 개독을 까도 논리적으로 까야지 이건뭐 기독교리도 모르는새끼가 까고있노	특정 커뮤니티가 종교 집단에 영항을 받은 것이 아니라, 비판의 논리가 부족한 것이 문제입니다. 기독교 원리도 모른 채 비난하는 것이 안타깝습니다.	2	3	RELIGION/SLUR	[개독, 씨발, 새끼, 까고있노] -> 종교 비하 및 욕설 순화	종교
ㅎㅎㅎ 재앙이 같이 생겼네 일루미나티 짱깨ㅅㅋ	특정 인물을 비하하며 인종 차별적인 욕설을 하는 것은 부적절합니다.	2	4	RACISM/SLUR	[재앙이, 짱깨] -> 정치인 비칭 및 인종 비하 멸칭 순화	인종/국적, 기본값
150충 밑바닥 인생의 여혐	낮은 소득이나 사회적 지위를 근거로 여성을 혐오하는 것은 부적절한 태도입니다.	2	3	SLUR/GENDER	[150충, 밑바닥] -> 소득 수준 비하 및 비속어 순화	남성, 여성/가족
작년 10월에 바이러스 시뮬레이션 왜 했는지 부터가 궁금하다. 아직 바이러스 알려지지도 않았을 때인데 말야.	작년 10월에 바이러스 시뮬레이션 왜 했는지 부터가 궁금하다. 아직 바이러스 알려지지도 않았을 때인데 말야.	0	0	NORMAL	[무해] -> 사건 발생 시점에 대한 의혹 제기	기본값
게이들 진짜 음지에서 지들끼리 놀면 좋겠다부끄러운줄 알아야지	성소수자들이 자신들의 문화를 드러내는 것에 거부감이 듭니다. 조금 더 보수적으로 행동했으면 좋겠네요.	2	3	LGBTQ	[게이들, 부끄러운줄 알아야지] -> 성소수자에 대한 배타적 시각 순화	성소수자
개독교까면 개독교가 애국보수라고 쉴드치던 새끼들 다 어디갔노	기독교를 지지하며 보수적 가치를 내세우던 사람들은 지금 다 어디에 있습니까?	2	3	RELIGION/SLUR	[개독교, 새끼들, 어디갔노] -> 종교 비하 및 욕설, 커뮤니티 말투 순화	종교
미국에서 총기사건이 왜 일어났는지 곰곰히 생각해볼만하네	미국에서 총기사건이 왜 일어났는지 곰곰히 생각해볼 만하네요.	0	0	NORMAL	[무해] -> 사건 원인에 대한 성찰	기본값
웃음만 나와   왜그럴까 이유를 알기때문이지	웃음만 나와   왜그럴까 이유를 알기때문이지	0	0	NORMAL	[무해] -> 일상적 감정 표현	기본값
#양씹치남 #양창놈 #블랙	서구권의 부적절한 남성상에 대한 비판적인 키워드들인 것 같네요.	2	3	GENDER/SLUR	[양씹치남, 양창놈] -> 특정 인종/성별에 대한 과격한 비하 용어 순화	인종/국적, 남성
숙명여대는 각성하라	숙명여대는 각성하라	0	0	NORMAL	[무해] -> 단체에 대한 요구	기본값
여자들이 주로 남기는건 사실 ㅜ 첨부터 양을 적게 주석요라고 말하는 여자들은 없다 ㅎ 음식물 낭비를 줄이자는 취지 ㅜ 나도 여자지만 ㅜㅜ 주인입장에서 첨에 같이 주고 더 주는 쪽으로 조정하시는건 어떤지 서로 기분 안나쁘게	여성분들이 음식을 남기는 경우가 종종 있는데, 음식물 쓰레기를 줄이는 차원에서 처음부터 양을 조절해서 주시는 것도 방법일 것 같습니다.	2	1	NORMAL	[여자들이 주로 남긴다] -> 특정 성별에 대한 일반화 뉘앙스 정비	여성/가족
여군들이 같이 복무 하기 싫다고 반대하지 않았었나?	여군들이 같이 복무 하기 싫다고 반대하지 않았었나?	0	0	NORMAL	[무해] -> 군 내 여론에 대한 의문 제기	여성/가족, 기타 혐오
게임이랑 술은 씨@빨 왜	게임이나 술에 대해서는 왜 그렇게 비판적인가요?	2	3	SLUR	[씨@빨] -> 변형된 욕설 사용 순화	기타 혐오
ㅉㅉㅉ 세치혀로 강간,불륜,탈세,전문 목사새기가 뭔 소릴 하겠누~~~혓바닥을 예수님에게 봉헌하고 가라~~~~	부도덕한 행실을 보이면서 종교인이라 자처하는 것은 부적절합니다. 깊이 반성하고 자숙하시기 바랍니다.	2	3	RELIGION/SLUR	[목사새기, 혓바닥을... 봉헌] -> 종교 비하 및 모욕적 표현 순화	종교
애초에 정신이 이상한 새끼들이니 그럴수도있지	원래 비정상적인 사람들은 그럴 수도 있습니다.	2	3	SLUR	[정신이 이상한, 새끼들] -> 특정 대상에 대한 모욕 및 비속어 순화	기타 혐오
강제북송 시켜야된다 저새끼들은 총살을 당하던 벌집이돼서 거름이되던 상관할빠아님	강제 북송을 해야 합니다. 그들이 어떤 운명을 맞이하든 관심 가질 필요가 없습니다.	2	4	SLUR/RACISM	[저새끼들, 총살, 벌집, 거름] -> 인격 모독 및 잔인한 물리적 폭력 언급 순화	인종/국적
돈이 중하지?	돈이 중요하지요?	0	0	NORMAL	[무해] -> 경제적 가치에 대한 일상적 반문	기본값
나에게도 동성애를 싫어할 권리가 있으므로 역 차별금지법을 제정하라	개인의 신념에 따라 동성애에 반대할 자유도 존중받아야 합니다.	2	2	LGBTQ	[동성애를 싫어할 권리] -> 특정 집단에 대한 혐오 권리를 주장하는 논의 순화	성소수자
이래서 개슬람은 안된다~ 지구상의 악마종교가 바로 개슬람~ 테러를 개슬람이 일으키고 있는 것이 명확한 증거지~ 사랑과 평화는 개뿔이고~ 오직 전쟁과 피를 원하는게 알라지~	이슬람교에 대한 부정적인 인식이 생길 수밖에 없는 상황들이 안타깝습니다. 일부의 과격한 행동이 종교 전체의 이미지로 비치는 것에 대해 경계할 필요가 있습니다.	2	4	RELIGION/RACISM	[개슬람, 악마종교, 전쟁과 피를 원하는게 알라] -> 특정 종교와 성인에 대한 극단적 증오 표현 순화	종교, 인종/국적
부사관 장교도 가지마 그럼 씨발	부사관이나 장교로도 지원하지 마십시오.	2	3	SLUR	[씨발] -> 욕설 사용 순화	기타 혐오
본격적인 백래쉬 발동하는 단계노.	본격적인 반발 현상이 나타나는 단계입니다.	2	2	COMMUNITY	[~노] -> 커뮤니티 희화화 말투 순화	기본값
사회적 합의와 정확한 통계와 근거를 가지고 법적인 절차를 공정하게 이해하여 학생인권조례재정해라. 성소수자의 범위와 통계를 제시 하고 문제점도 제시하라.	사회적 합의와 정확한 통계와 근거를 가지고 법적인 절차를 공정하게 이해하여 학생인권조례재정하십시오. 성소수자의 범위와 통계를 제시 하고 문제점도 제시하십시오.	0	0	NORMAL	[무해] -> 합리적 근거에 기반한 정책 제안	성소수자
20 ~ 30 대 한국 남자들아 , 혹시 우리 딸래미 세대들에게 관심 있으면 언제든지 대쉬해라 웬만하면 저출산 시대니까 최대한 허락해줄게 우리 딸 세대들이랑 교제하는거 . 우리 40 대들 눈치 안봐도 된다 걱정말고 대쉬하고 사겨라 그리고 젊었을때 마음껏 연애를 즐겨라	젊은 층의 적극적인 연애와 교류를 권장합니다. 저출산 시대인 만큼 세대 간의 소통과 만남이 자연스럽게 이루어지길 바랍니다.	2	2	GENDER	[딸래미 세대들에게... 허락해줄게] -> 여성을 관리 대상이나 물건처럼 대하는 가부장적 뉘앙스 순화	여성/가족
예수쟁이 개독놈들 제식구감싸기 인가요?  코로나를 격으며 궁금한건 도대체 정상적인 기독교인이 있긴한가요?	기독교인들의 조직적인 은폐 의혹이 우려됩니다. 코로나 시국을 거치며 진정한 종교인의 모습이 무엇인지 묻게 되네요.	2	3	RELIGION/SLUR	[예수쟁이, 개독놈들] -> 종교 비하 멸칭 순화	종교
머구엔 왜 미녀들이 많을까	대구에는 왜 미녀들이 많을까요?	2	1	REGIONAL	[머구] -> 특정 지역 비하성 멸칭 순화	지역
불법이어도 잘만하면서 합법화 하자고 씨부리노	불법적인 행위도 서슴지 않으면서 왜 이제 와서 합법화를 주장합니까?	2	3	SLUR/COMMUNITY	[씨부리노] -> 비속어 및 커뮤니티 말투 순화	기타 혐오
인터넷하고 교통 안좋은데 가면 못살거같은데 외국국적 따고 한국사는 검머외되고싶당 ㅎㅎ	해외 국적을 유지하면서 한국에서 생활하는 편안한 삶을 꿈꾸시는군요.	2	2	RACISM	[검머외] -> 재외동포 비하 멸칭 순화	인종/국적
이새끼 구라다.중국상해종합 인버스 탔으면 지금 지옥갔어야 정상이다	이 사람 말은 거짓입니다. 투자 상황을 고려할 때 큰 손실을 보았을 것이 분명합니다.	2	2	SLUR	[이새끼, 지옥갔어야] -> 욕설 및 자극적인 표현 순화	인종/국적
개슬람새끼들 삼겹살에 소주한잔 맛들이면 꼼짝못함	이슬람교인들도 한국의 음식 문화를 접하면 생각이 달라질 것입니다.	2	3	RELIGION/SLUR/RACISM	[개슬람새끼들] -> 종교/인종 비하 멸칭 순화	종교, 인종/국적
저거 시계야 지금 7시네 ㅋㅋㅋㅋ	저거 시계야 지금 7시네 ㅋㅋㅋㅋ	0	0	NORMAL	[무해] -> 현재 시간 확인	기본값
벌써부터 절도범 새끼 군대 간다고 물고빠는 보지같은 새끼들 생기냐.병신 새끼들..	범죄자를 옹호하고 군 복무를 미화하는 사람들의 태도가 정말 이해되지 않습니다. 매우 한심해 보이네요.	2	4	SLUR/GENDER	[새끼, 물고빠는, 보지같은, 병신] -> 성별 비하 및 과격한 모욕, 욕설 순화	여성/가족, 기본값
앞으로 세상은 죄에 죄가 음란죄까지더해져서 소돔과 고모라 와같은 세 상이되어서 망합니다 지금우리는 동성애자들 때문에 나라가 미래도 미래가 상실되어서 망할겁니다 하나님께서는 결코 망관하시지 않을것 입니다지금도 늦지않앗습니다 제발 제자리로 돌아와 주세요	도덕적으로 혼란스러운 세상이 되어가는 것 같아 우려됩니다. 특히 성에 관한 가치관의 변화가 사회의 미래에 좋지 않은 영향을 줄까 봐 걱정되네요. 다시 건강한 사회 윤리를 회복했으면 좋겠습니다.	2	3	LGBTQ	[망합니다, 상실, 제자리로 돌아와] -> 성소수자에 대한 극단적 재앙론 및 강압적 뉘앙스 순화	성소수자
음경놈들 어둠의 웜사모답노ㅋㅋㅋㅋ 워마드 잡으려고 일키웠는데 일커지니 한국여자들 다 웜년돼뿟노 ㅋㅋㅋㅋㅋㅋ하여간 조선놈새끼들 전략도 철학도 없는 놈들	남성들의 대처가 오히려 반감을 키운 것 같네요. 특정 커뮤니티를 억제하려다 여론이 더 악화된 모양새입니다. 전략적인 면에서 아쉬움이 많아 보이네요.	2	4	GENDER/SLUR/COMMUNITY	[음경놈들, 웜사모, 웜년, 조선놈새끼들, ~노] -> 성별 비하 및 커뮤니티 비칭, 비속어 순화	남성, 여성/가족
아니 남자로 태어났는데 왜 여자가 되고 싶은거임? 남자가 좋아서? ㅈㄴ이해안되네 뭐던간에 내 알 빠 아니지만 군인은 할 생각 안했으면 함	남성으로 태어나 여성의 정체성을 갖는 것이 개인적으로는 이해하기 어렵습니다. 개인의 선택이겠지만, 적어도 국방의 임무와 관련된 민감한 사안에 대해서는 조심스러운 접근이 필요하다고 생각합니다.	2	3	LGBTQ/SLUR	[ㅈㄴ이해안되네, 알 빠 아니지만] -> 성소수자에 대한 거부감 표현 및 비속어 순화	성소수자
비온다 ㅋㅋ 존나 쏟어져라 아주그냥	비가 오네요. 아주 시원하게 쏟아졌으면 좋겠습니다.	2	2	SLUR	[존나] -> 비속어 순화	기 기본값
바퀴벌레같은 민족 =짱깨	특정 민족에 대한 혐오감을 느끼고 계시는군요.	2	4	RACISM	[바퀴벌레같은, 짱깨] -> 인종/민족에 대한 멸칭 및 비인격적 비유 순화	인종/국적
전라도 멍청도 혼종	전라도와 충청도 사람의 특징이 섞인 분인가 보네요.	2	2	REGIONAL	[멍청도] -> 특정 지역 비하성 멸칭 순화	지역
급식충은........홍어와 같다	학생들이 특정 지역 비하어와 다를 바 없다는 극단적인 주장이군요.	2	3	AGE/REGIONAL	[급식충, 홍어] -> 학생 및 지역 비하 멸칭 순화	지역, 연령
우리나라에 문화라는게 있긴 있냐 ? 김치녀 문화, 학교문화 ,군대문화 그거빼곤	우리나라의 독자적인 문화가 부족하고, 자조적인 사회 문화만 눈에 띄는 것 같아 안타깝습니다.	2	3	GENDER/SLUR	[김치녀] -> 여성 비하 멸칭 순화	여성/가족, 기타 혐오
이런거 안보고 싶은데 그냥 조용히 키워라. 뭐 애같고 장사하는것도 아니고. 쯧	이런거 안보고 싶은데 그냥 조용히 키워라. 뭐 애같고 장사하는것도 아니고. 쯧	0	0	NORMAL	[무해] -> 상업화된 육아 콘텐츠에 대한 거부감	연령, 기타 혐오
제발목사부부는죽게하여주시옵소서!	(차단된 문장입니다)	1	5	RELIGION/SLUR	[죽게하여주시옵소서] -> 특정 인물에 대한 살해 저주로 차단	종교, 기타 혐오
지는 평양냄새 풍기면서	본인도 북한 쪽의 분위기를 가지고 있으면서 그런 말씀을 하시네요.	2	3	RACISM	[평양냄새] -> 탈북민이나 북한 출신에 대한 비난 뉘앙스 순화	인종/국적
이년 아주 논문급이네...김치좆 전문가 인정한다. 다른나라 자지들과다른 김치좆만의 종특은 자신의 남성성에 대한 불안 및 최대치로 떨어진 insecurity에서 비롯된다...막연하게 생각만 했던거였는데 정리를 아주 잘해줬노	이 분석이 아주 예리하네요. 한국 남성들의 심리적 특성에 대해 정리를 잘 해주셨습니다. 남성성에 대한 불안이 원인이라는 점이 인상적이네요.	2	4	GENDER/SLUR	[이년, 김치좆, 자지들, ~노] -> 성별 비하 및 신체 비하 용어 순화	남성
한국 먹사들에 비하면 검소하네. ㄷㄷㄷㄷ	일부 부적절한 한국 목사들에 비하면 훨씬 검소해 보입니다.	2	3	RELIGION	[먹사] -> 목사 비하 멸칭 순화	종교
3개 모두 그 성별이네 ㅋㅋ 기사 안읽어도 뭔 내용인지 알겠다 응꺼져~ㅗ	사건 당사자들이 모두 특정 성별이군요. 기사를 보지 않아도 어떤 흐름일지 예상됩니다.	2	2	GENDER/SLUR	[응꺼져~ㅗ] -> 성별 기반 편견 및 무례한 표현 순화	여성/가족
자랑이다 씹새야	자랑할 만한 일은 아닌 것 같습니다.	2	3	SLUR	[씹새야] -> 인격 모독성 욕설 순화	기타 혐오
진짜 저게 남자지 ㅅㅂ	정말 남성다운 모습이네요.	2	2	SLUR	[ㅅㅂ] -> 감탄사적 욕설 순화	기본값
병신같은 종교때문에 믿는 새끼나 남이나 피곤하다	부적절한 종교관 때문에 신자나 주변 사람들 모두 힘든 상황이네요.	2	3	RELIGION/SLUR	[병신같은, 새끼] -> 종교 비하 및 욕설 순화	종교
비정규직의 여성노동자들의 삶이 이렇게 열악합니다 힘내세요 당신들을 응원합니다 화이팅!	비정규직의 여성노동자들의 삶이 이렇게 열악 합니다 힘내세요 당신들을 응원합니다 화이팅!	0	0	NORMAL	[무해] -> 취약 계층 노동자에 대한 응원	여성/가족
어쨌든 페미니즘은 정신병 페미니스트는 정신병자	어쨌든 페미니즘은 잘못된 사상이며, 이를 추종하는 사람들도 비정상적입니다.	2	3	GENDER/SLUR	[정신병, 정신병자] -> 특정 사상 지지자를 정신 질환자로 비하하는 표현 순화	여성/가족, 기타 혐오
잘생긴남자가 그러면 괜찮은데 한남은 못생겼잖아 ㅋㅋㅋㅋ	외모가 뛰어난 남성이 하면 괜찮겠지만, 일반적인 한국 남성들은 외모 경쟁력이 떨어지네요.	2	3	GENDER/SLUR	[한남] -> 남성 비하 멸칭 순화	남성
존나 미개하다	정말 미개해 보입니다.	2	2	SLUR	[존나] -> 비속어 순화	기본값
에이즈를 전염시키는 동성애를 절대 반대합니다.	에이즈 확산의 위험이 있는 동성애를 반대하는 입장입니다.	2	2	LGBTQ	[에이즈를 전염시키는] -> 성소수자를 질병 전파자로만 낙인찍는 단정적 표현 순화	성소수자
한국ㄴ들 여학교 학교폭력 장난아님 여자들끼리 패거리만들고 왕따시키고 인간 아님. 한 마디로 페미는 이익집단일 뿐 인권과는 별개임	여학교 내의 따돌림이나 폭력 문제가 심각하며, 여성주의 운동도 정작 내부의 이런 문제를 외면한 채 이익만을 쫓는 것처럼 보입니다.	2	3	GENDER/SLUR	[한 마디로, 인간 아님] -> 특정 집단 일괄 비하 및 극단적 표현 순화	여성/가족
막심남 수입이 시급합니다. 시스젠더가 어떻고 젠더이분법이 저떻고 웅앵웅 다 조까고 젠신병자들은 그냥 피떡이 될 때까지 팬 후 화형시켜 버려야 하노.	(차단된 문장입니다)	1	5	LGBTQ/SLUR/COMMUNITY	[팬 후 화형시켜] -> 성소수자에 대한 잔인한 물리적 폭력 선동 및 살해 협박으로 차단	성소수자, 기타 혐오
후진국민들 특 : 순박하면서도 자신의 이익을 위해서라면 극악무도한 행동도 대놓고 스스름없이 함	상대적으로 발전이 덜 된 국가의 사람들은 평소에는 순수한 듯해도 자신의 이익을 위해서는 과격해지는 경향이 있습니다.	2	3	RACISM	[후진국민들 특] -> 특정 민족/국가에 대한 편견 및 비하 순화	인종/국적
앱창 모든좆초커뮤놈들 잠재적 똥꼬충 아니랄까봐 영태후장 헐때까지 빨아주지 않았었노 ㅋ 다 으데갔노 이기이기	남초 커뮤니티 사람들이 과거에는 특정 인물을 과하게 옹호하더니, 지금은 다 어디로 갔습니까?	2	4	SLUR/LGBTQ/COMMUNITY	[앱창, 좆초, 똥꼬충, 후장, 이기이기] -> 패륜적 욕설, 성별/성소수자 비하 및 저속한 신체 비유 순화	남성, 성소수자
실베 10년 여혐엔 뭐했노 저 조팔새끼? 응 한남들아 니들이 실베 폐쇄 안해서 여혐 전국에 다 퍼뜨린 업보노 ^좆^	지난 10년간의 혐오 문화를 방조한 책임이 큽니다. 이제 와서 문제를 제기하는 것이 모순적이며, 그동안의 행태가 결국 자신들에게 돌아간 것입니다.	2	4	GENDER/SLUR/COMMUNITY	[조팔, 한남, ^좆^, ~노] -> 욕설, 남성 비하 멸칭 및 조롱성 밈 순화	남성
보빨호구와 김치녀조합이 그렇지뭐그사이에서 나온 애새끼는 재앙 그자체	지나치게 의존적인 남성과 허영심 강한 여성의 만남은 비극입니다. 그들의 자녀 또한 불행한 환경에서 자라게 될 것이 뻔하네요.	2	4	GENDER/SLUR	[보빨호구, 김치녀, 애새끼, 재앙] -> 성별 비하 및 자극적 멸칭, 비속어 순화	남성, 여성/가족
한국에서 오래 살아서 한국 시민권 얻으면저사람이 고소 가능할텐데 말 아껴서 쓰자	한국에서 오래 살아서 한국 시민권 얻으면 저사람이 고소 가능할텐데 말 아껴서 쓰자	0	0	NORMAL	[무해] -> 법적 불이익에 대한 주의 환기	인종/국적
한남 때문에 이게 뭐노ㅡㅡ 앵나오네	일부 남성들 때문에 상황이 이렇게 되어 정말 속상하네요.	2	3	GENDER/SLUR	[한남, 앵나오네, ~노] -> 남성 비하 멸칭 및 커뮤니티 전용 용어 순화	남성
동성애가 아니라 성도착증 같은데	동성애라기보다 특이한 성적 취향인 것 같습니다.	2	2	LGBTQ	[성도착증] -> 특정 성문화에 대한 병적 낙인 순화	성소수자
안되 돌아가 너의고향 삘리핀으로 ㅋㅋ	당신의 고국인 필리핀으로 돌아가는 것이 좋겠습니다.	2	3	RACISM	[삘리핀] -> 국가명 비하 발음 순화	인종/국적
때리는건 집에서 때려야지우선적으로 90퍼 부모가 잘못 키운게 원인이다486병신이 좆잡고반성해야지학교처벌은 금해야한다전교조새끼들 좆같은거가르쳐도 반항을 못함	체벌보다는 가정 교육이 중요하며, 기성세대의 책임이 큽니다. 학교에서의 강압적 처벌은 지양해야 하며, 정형화된 교육 체계에도 개선이 필요합니다.	2	4	SLUR/AGE	[병신, 좆고, 좆같은, 새끼들] -> 비속어 및 자극적 욕설 사용 순화	연령, 기타 혐오
은지원 표정 ㅋㅋㅋㅋㅋㅋㅋㅋㅋㅋㅋㅋㅋㅋ	은지원 표정 ㅋㅋㅋㅋㅋㅋㅋㅋㅋㅋㅋㅋㅋㅋ	0	0	NORMAL	[무해] -> 방송 영상에 대한 반응	기본값
머국이 연쇄살인 수사할때 냄져를 디폴트로 두고하더노	사회에서 범행의 주체를 기본적으로 남성으로 상정하는 경향이 있네요.	2	3	COMMUNITY/GENDER	[머국, 냄져] -> 국가 및 남성 비칭 순화	남성
진심 개공감 보지컬하노	정말 공감됩니다. 매우 훌륭하네요.	2	3	GENDER/SLUR/COMMUNITY	[보지컬, ~노] -> 자극적인 성별 은어 및 축약어 순화	여성/가족
할거면하나만 해라 시발년아트젠에 레즈비언은 뭐야	본인의 입장을 하나만 명확히 하십시오. 성소수자 정체성에 대해 모순적인 주장을 하는 것이 당황스럽네요.	2	3	SLUR/LGBTQ	[시발년아, 트젠] -> 욕설 및 성소수자 비칭 순화	성소수자, 여성/가족
노무딱 여자답고 기개넘치노 영웅맞다 이기야	매우 당차고 인상적이네요. 정말 대단한 분입니다.	2	3	GENDER/COMMUNITY	[노무딱, ~노, 이기야] -> 조롱성 밈 및 커뮤니티 말투 순화	여성/가족, 기타 혐오
미친년들. 여성 투표권은 진짜 다시한번 생각해 봐야한다. 저러니 나라가 산으로 가지.	정말 이해할 수 없는 행동들입니다. 여성들에게 부여된 권리가 남용되는 것은 아닌지 우려될 정도네요.	2	4	GENDER/SLUR	[미친년들] -> 여성 비하 및 모욕적 표현 순화	여성/가족
안밝혀진다에걸엇노 내말이 맞지않노 좆놈들은 진화되다말앗는 장애노 못풀거노 ㅋㅋㅋ 삽질만 하는게 한남종특아니노	해결되지 않을 것 같습니다. 남성들의 능력이 부족하여 문제를 풀지 못하고 헛수고만 하는 것이 특징이네요.	2	4	GENDER/SLUR/COMMUNITY	[좆놈들, 장애노, 한남] -> 남성 비하 멸칭 및 신체 비하, 조롱 말투 순화	남성
모르면 그럴 수도 있죠 맘충이라 자학하실 일 없습니다.	모르면 그럴 수도 있죠, 스스로를 비하하실 필요는 없습니다.	2	2	GENDER	[맘충] -> 어머니에 대한 비하 멸칭 순화	여성/가족
트랜스젠더 되라고 홍보하지 마라	성전환을 장려하는 듯한 분위기는 지양해 주십시오.	2	2	LGBTQ	[트랜스젠더 되라고 홍보] -> 성소수자 담론 자체를 부정적으로 보는 뉘앙스 정비	성소수자
우리도 이슬람 받아들이고 난민받아들이고해서 보지들 좀 힘들게 만들어야됨	특정 종교나 난민을 받아들여 여성들에게 어려움을 겪게 하자는 주장은 매우 부적절합니다.	2	4	GENDER/SLUR/RELIGION	[보지들] -> 생식기 비유 여성 비하 멸칭 순화	여성/가족, 종교
몸매는 웬만한 김치녀 씹바르는데~ 뒤치기 하면서 털뽑아주면 환장할듯~	외모가 매우 뛰어납니다. 직접 마주하면 정말 인상적일 것 같네요.	2	4	GENDER/SLUR	[김치녀, 뒤치기, 환장할듯] -> 여성 비하 및 저속한 성적 행위 묘사 순화	여성/가족
씁쓸하다. 페미니 메갈이니 꼴보기싫어서 저렇게 행동했다는게 시원하다고 느끼는 지금 이런 감정자체가 씁쓸하다. 범죄를 보고도 신고를 안하는게 당연시 되다니...정신차려야되 여자든 남자든 상식적인 세상으로 돌아왔으면 좋겠다.	씁쓸하다. 페미니 메갈이니 꼴보기싫어서 저렇게 행동했다는게 시원하다고 느끼는 지금 이런 감정자체가 씁쓸하다. 범죄를 보고도 신고를 안하는게 당연시 되다니...정신차려야되 여자든 남자든 상식적인 세상으로 돌아왔으면 좋겠다.	0	0	NORMAL	[무해] -> 혐오 문화가 낳은 비극적 상황에 대한 성찰	기본값
출산은 애국이지만 애낳으면 맘충이 되는 기적의 논리^오^	아이를 낳는 것은 장려하면서 정작 아이 기르는 여성들을 비하하는 것은 모순입니다.	2	2	GENDER	[맘충, ^오^] -> 여성 비하 멸칭 및 조롱성 밈 순화	여성/가족
서른 살인데 1년전에 말 해 주지 시발아	서른 살인 지금보다 1년만 더 일찍 알려주었으면 좋았을 텐데 정말 아쉽군요.	2	3	SLUR	[시발아] -> 욕설 순화	기본값
ㅋㅋㅋㅋ근데 개독들 가만보면 웃긴 게 지들끼리 각자 진짜 하나님의 자손이라고 믿어서 지들은 다르다고 생각함	기독교인들도 보면 같은 신앙 안에서 서로 자신들만이 정통이라고 주장하는 모습이 모순되어 보입니다.	2	3	RELIGION	[개독] -> 종교 비하 멸칭 순화	종교
모욕죄,명예훼손죄도 1위 찍었을 거 같다 로스쿨 변호사들 먹여 살리려고 전국민 전과자 만들고 있노	모욕죄나 명예훼손죄 고소가 과도하여 국민들의 범법자 양산을 부추기는 것 같아 우려스럽네요.	2	2	COMMUNITY	[~노] -> 커뮤니티 전용 말투 순화	기본값
냄져들 말 좆나 더듬노ㅋㅋㅋ 왜 여혐하는지 알겠노 ^오^ 평생 여혐하면서 살길 바라노	남성들이 논리가 부족하여 제대로 대응하지 못하는 모습이 비웃음을 살 만합니다. 그렇게 계속 살아가십시오.	2	4	GENDER/SLUR/COMMUNITY	[냄져, 좆나, ~노, ^오^] -> 남성 비하 멸칭 및 욕설, 조롱성 밈 순화	남성
집엔 사랑하는 아빠와 오빠, 남동생이 있건만. . . 혐오를 넘어 질서를 세우자.	집엔 사랑하는 아빠와 오빠, 남동생이 있건만. . . 혐오를 넘어 질서를 세우자.	0	0	NORMAL	[무해] -> 가족애를 바탕으로 한 혐오 극복 촉구	기본값
급식충이라고 무시만해서 미안하다 ㅠㅠ	학생이라고 무시만 해서 미안합니다.	2	2	SLUR/AGE	[급식충] -> 학생 비하 멸칭 순화	연령
 진짜로 한남들 길에서보면 개쳐빡치노 얼굴들고다니지말라이기 그것들 땜에 분노조절장애생기겠노	정말 남성들을 마주치는 것이 큰 스트레스입니다. 불쾌한 감정을 억제하기가 힘들 정도네요.	2	3	GENDER/SLUR/COMMUNITY	[한남, 개쳐빡치노, ~노, 이기] -> 남성 비하 및 감정적 욕설, 조롱 말투 순화	남성
으 소름 불반도 한남충들싹 재기해버려라익이 내가졸업한머학도 성추행교수놈 있다던데 으ㅡㅡ	(차단된 문장입니다)	1	5	GENDER/SLUR/COMMUNITY	[싹 재기해버려라] -> 남성 비하 및 자살/살해 종용으로 차단	남성
저런애들 때거지로 와서 점점 인구비율 높여가면 중국 되는거다	그런 사람들이 대거 유입되어 인구 비율이 높아지면 사회적 정체성이 변할까 봐 우려됩니다.	2	3	RACISM	[저런애들, 중국 되는거다] -> 특정 민족에 대한 배타적 시각 순화	인종/국적
착한척 위선 떠는 전도사 강도사들 종교세 도입되면 개거품 물고 본성 나올듯ㅋㅋㅋ	겉으로는 선한 척하는 일부 종교인들도 세금 문제가 생기면 민감하게 반응하며 실체를 드러낼 것 같습니다.	2	3	RELIGION/SLUR	[개거품] -> 비하적 비유 순화	종교
동성애자로 안태어나서 다행이다 ㅠㅠ동성애자로 태어났으면 인간취급도 못받았을거아님.근데 여친없다 씨발	성소수자로 태어나지 않은 것이 다행이라고 생각합니다. 사회적 편견 때문에 힘들었을 것 같네요. 그런데 연애가 잘 안 풀려서 정말 속상합니다.	2	3	LGBTQ/SLUR	[인간취급도 못받았을거, 씨발] -> 성소수자 비하 시각 및 욕설 순화	성소수자
아 한남충좆같네	한국 남성들이 정말 싫습니다.	2	3	GENDER/SLUR	[한남충, 좆같네] -> 남성 비하 멸칭 및 욕설 순화	남성
아 미래가 기대되노	아 미래가 기대되네요.	2	1	COMMUNITY	[~노] -> 커뮤니티 전용 말투 순화	기본값
베트남인을 비롯한 동남아인들른 일본한테는 깝치지도 않더라 ㅋㅋㅋ 태평양전쟁때 일본 식민지로 살면서 존나게 밟혀서	베트남을 포함한 동남아시아 사람들은 일본에 대해 다소 위축된 모습을 보이기도 합니다. 과거 역사적인 아픔 때문이 아닐까 싶네요.	2	3	RACISM/SLUR	[깝치지도 않더라, 존나게 밟혀서] -> 인종 비하 및 저속한 표현 순화	인종/국적
이런 게 왜 기사가 되는지 모르겠네요.	이런 게 왜 기사가 되는지 모르겠네요.	0	0	NORMAL	[무해] -> 보도 가치에 대한 일상적 의문	기본값
겉으로는 품위있고 고상해 보이며 기부를 많이 하는데 ...	겉으로는 품위 있고 고상해 보이며 기부를 많이 하는데 ...	0	0	NORMAL	[무해] -> 인물에 대한 일상적 관찰	기본값
ㅅㅂㅅㅂㅅㅂ	정말 화가 나네요.	2	2	SLUR	[ㅅㅂ] -> 욕설 순화	기본값
블박차 과실이 클듯	블박차 과실이 클 것 같습니다.	0	0	NORMAL	[무해] -> 교통사고 과실 판단 의견	기본값
하트감성 무시ㄴㄴ	하트 감성 무시하지 마세요.	0	0	NORMAL	[무해] -> 일상적 이모티콘 취향	기본값
별 싯팔ㅋㅋ... 지룰도 병이다 증말	정말 어이가 없네요. 적당히 하셨으면 좋겠습니다.	2	3	SLUR	[싯팔, 지룰도 병] -> 욕설 및 타인을 병자로 비하하는 표현 순화	기본값
짤봐라 일베충 하위 90%는 쥐어패겠네	사진을 보니 특정 커뮤니티 이용자 대부분보다 훨씬 강해 보이네요.	2	3	SLUR/COMMUNITY	[일베충, 쥐어패겠네] -> 커뮤니티 비칭 및 폭력적 언사 순화	기본값
사실상 짱깨 배달하다 뒤지는거보다 내 짜장면 부는게 더 좆같음 배달하기 싫으면 공부를 하던지 ㅋㅋㅋ 과외 하면서 버는 돈개꿀이양	중국 음식 배달 중 사고가 나는 것보다 제 음식이 늦게 오는 게 더 신경 쓰입니다. 배달 업무가 적성에 안 맞으면 다른 일을 찾는 게 낫겠네요.	2	4	RACISM/SLUR	[짱깨, 뒤지는, 좆같음] -> 인종 비하 및 고인 모독성 표현, 욕설 순화	인종/국적, 기타 혐오
3년에 40억이면 할만하네요. ~	3년에 40억이면 할만하네요. ~	0	0	NORMAL	[무해] -> 보상 수준에 대한 의견	기본값
부모는 자식의 거울이다 훌륭한 부모님께 사랑 많이 받고 자라서인지 자존감이 월등하군요 30호님 매력이 넘쳐요 팬 됐쓰요	부모는 자식의 거울이라고 하죠. 좋은 부모님 아래서 자라서인지 자존감이 높아 보입니다. 정말 매력적이네요.	0	0	NORMAL	[무해] -> 정중한 칭찬 및 응원	기본값
노관심주화	관심 없습니다.	2	2	COMMUNITY	[주화] -> 특정 커뮤니티 전용 비추천 용어 순화	기본값
짤라 내야된다. ~만일 니 오른손이 너를 실족케하면 짤라 버려라~	해당 부분을 과감히 도려내야 합니다. 누를 끼치는 요소가 있다면 단호히 처분해야 한다는 뜻이겠죠.	2	2	SLUR	[짤라 버려라] -> 과격한 신체 훼손적 비유를 정중히 순화	기본값
미국은 어린애 건드리면 깜빵에서 똥꼬 존나 따임 ㅋㅋㅋ저새끼 곧 허벌 흑후장 되겠노 ㅋㅋ	(차단된 문장입니다)	1	5	LGBTQ/RACISM/SLUR	[똥꼬 따임, 허벌 흑후장] -> 성폭력 희화화 및 인종/성소수자 비하 멸칭으로 차단	성소수자, 인종/국적
통찰 ㅅㅌㅊ 글은 워추노 냄져들 몰살시키고 보토피아를 구축하여 행복한 나와 그 행복에 보탬이 되는 환경을 만들어야 하노	(차단된 문장입니다)	1	5	GENDER/SLUR/COMMUNITY	[냄져들 몰살] -> 성별 비하 및 집단 살해 협박으로 차단	남성
다문화는 유럽에서도 이미 실패한 정책이다우리나라 일부러 그러냐?? 불체자 아웃	다문화 정책은 유럽에서도 한계가 드러났습니다. 우리나라도 신중해야 하며, 불법 체류 관련 문제는 엄격히 대응해야 합니다.	2	3	RACISM	[불체자 아웃] -> 인종/국적에 대한 배타적이고 공격적인 어조 순화	인종/국적
냄져들이랑 악수도 하지말라 이기야	남성들과는 최소한의 접촉도 피하십시오.	2	3	GENDER/SLUR/COMMUNITY	[냄져, 이기야] -> 남성 비하 멸칭 및 커뮤니티 말투 순화	남성
은행창구에는 리얼돌 세워놔도 수입변화 지장없자너피싸개들 왜뽑음?	(차단된 문장입니다)	1	5	GENDER/SLUR	[리얼돌 세워놔도, 피싸개들] -> 여성을 도구화하고 인격을 모독하는 극단적 혐오 멸칭으로 차단	여성/가족
개좋네 후팔	정말 좋습니다.	2	2	SLUR	[후팔] -> 욕설 순화	기본값
비합리적이긴하다만 일베한답시고 일자리 해고시키던 사건들은 싹 입다물던사람들이 이러니 역겹네요	비합리적일 수 있지만, 과거 특정 커뮤니티 활동을 이유로 해고할 때는 침묵하던 사람들이 이제 와서 다른 태도를 보이는 것은 모순적입니다.	2	2	SLUR/COMMUNITY	[일베, 역겹네요] -> 비속어 및 자극적 표현 순화	기본값
욕할맛도 안노 조팔 ㅋㅋㅋ	정말 어이가 없어서 욕도 안 나오네요.	2	3	SLUR	[조팔] -> 욕설 순화	기본값
99년도에 몸판 애새끼 지금 신도시맘이다 ㅋㅋㅋㅋㅋㅋㅋㅋㅋㅋㅋㅋㅋㅋㅋㅋㅋㅋㅋㅋㅋㅋㅋ ~맘 ㅋㅋㅋㅋㅋㅋㅋ	과거에 부적절한 일을 했던 사람이 지금 평범한 가정을 꾸리고 살고 있겠네요.	2	4	GENDER/SLUR	[몸판, 애새끼, ~맘] -> 여성 비하 및 자극적인 과거 비난 순화	여성/가족
죽일 의도는 없었다하더라도 이러다 죽을 수도 있겠다는 알았다고 봐야 한다	죽일 의도가 없었더라도, 그런 행위가 죽음으로 이어질 수 있음을 알고 있었다고 봐야 합니다.	0	0	NORMAL	[무해] -> 법적/윤리적 책임에 대한 상식적 의견	기본값
중간에 재기아니냐ㅋ 자지들은 늙어도 후장임신도 잘되고 대체 어딜봐서 저출산국가노	남성들도 여러 면에서 출산 문제에 기여할 수 있는 것 아닙니까? 저출산 국가라고 하기 어렵네요.	2	4	GENDER/SLUR	[재기, 자지들, 후장임신] -> 남성 비하, 자살 비유 및 저속한 신체 표현 순화	남성
한국 의 쓰레기같은 여성우월주의	한국의 지나친 여성 중심 사고가 문제라고 생각합니다.	2	3	GENDER/SLUR	[쓰레기같은] -> 감정적인 욕설 순화	여성/가족
나중엔 일베 금지법도 만드려나	나중엔 특정 커뮤니티 금지법도 만드려나요.	2	1	COMMUNITY	[일베] -> 커뮤니티 명칭 순화	기본값
토착왜구들 배아파서 환장하려하네 인간쓰레기들	반대 성향의 사람들이 매우 속상해하겠네요. 정말 보기 안 좋습니다.	2	3	RACISM/SLUR	[토착왜구들, 인간쓰레기들] -> 인종/국적 비하 및 욕설 순화	인종/국적
건전지 사이즈 AAA 만하다 이기야	크기가 매우 작네요.	2	2	COMMUNITY	[이기야] -> 커뮤니티 희화화 말투 순화	기본값
벗지좀 말라고 ㅋㅋ아오 저 극혐 몸매로 어디다 ㅋㅋㅋ	노출은 자제해 주세요. 외형이 보기에 좋지 않습니다.	2	2	SLUR	[극혐 몸매] -> 타인의 신체에 대한 과도한 비하 순화	기타 혐오
남자 여자 번갈아 만나는 더러운새끼만 아니면 대환영	문란한 생활을 하는 사람만 아니라면 괜찮습니다.	2	2	SLUR	[더러운새끼] -> 비속어 순화	기본값
차별금지 좋지. 그런데 문제는 사람들이 안죽어. 예전에 퇴직금, 국민연금,부모 모시는게 다 일찍 돌아가셔셔 가능했다. 그런데 지금은 안죽어 이게 문제야~~ 그래서 젊은 사람들이 일할자리가 없는거지. 그렇다고 나이드신분들 돌아가시라고 말도 못하고. 참말로 웃기지	차별 금지 정책은 좋지만, 고령화로 인해 세대 간 일자리 갈등이 심화되는 것이 현실입니다. 어르신들의 수명이 길어지는 것을 탓할 수도 없으니 참 난처한 상황이네요.	2	2	AGE	[사람들이 안죽어] -> 노년층에 대한 부정적 일반화 뉘앙스 정비	연령, 기타 혐오
씨부랄....	정말 기분 나쁘네요.	2	3	SLUR	[씨부랄] -> 욕설 순화	기본값
어쩌란거 무플 16베? 헐	어쩌라는 건가요, 반응이 황당하네요.	2	1	COMMUNITY	[16베] -> 커뮤니티 전용 용어 순화	기본값
능력 좆도 없는 냄져가 앤조이는 어떻게 하노 ㅋㅋㅋㅋ좆병신들 ㅋㅋㅋㅋㅋㅋ	능력 없는 남성들이 가벼운 만남을 추구하는 모습이 한심해 보입니다.	2	4	GENDER/SLUR	[좆도, 냄져, 좆병신들] -> 남성 비하 및 욕설 순화	남성
와 저 광고 쎄다 확 와닿는데	와 저 광고 인상적이네요. 확 와닿습니다.	0	0	NORMAL	[무해] -> 광고에 대한 일상적 감상	기본값
백남들이 거들떠도 안 봐준다고 발광하는거냐 ㅋㅋ	외국 남성들이 관심을 주지 않는다고 화를 내는 건가요?	2	3	RACISM/SLUR	[백남, 발광] -> 인종 비칭 및 비하적 표현 순화	인종/국적
합성할 재주 안되면 하지마라재주도 안되는 새끼들까지일베 한번 가보려는 욕심에좆지랄 떠는 꼬락서니 존나 보기 싫다	사진 합성 실력이 없으면 하지 마십시오. 실력도 없으면서 욕심만 내어 소동을 피우는 모습이 정말 보기 안 좋습니다.	2	3	SLUR/COMMUNITY	[새끼들, 일베, 좆지랄, 존나] -> 비속어 및 커뮤니티 말투 순화	기본값
똥꼬충이지만 극혐이다	저도 성소수자이지만 저런 행태는 정말 보기 싫네요.	2	3	LGBTQ/SLUR	[똥꼬충, 극혐] -> 성소수자 비하 멸칭 및 과격한 표현 순화	성소수자
Vote Nigger Again!	(차단된 문장입니다)	1	5	RACISM	[Nigger] -> 흑인에 대한 극단적인 인종 차별적 멸칭 사용으로 차단	인종/국적
이슬람이 싫은거다. 대한민국에서 활기치는 이슬람도 다 데려가라. 김해에서 미쳐가지고 뭐하는 짓이냐	이슬람교가 정말 싫습니다. 국내에 있는 이슬람교도들도 모두 나갔으면 좋겠고, 특정 지역에서의 활동도 상식 밖으로 보입니다.	2	3	RELIGION	[미쳐가지고] -> 혐오 대상에 대한 비하적 표현 순화	종교
상판떼기에 사탄이 씌였다 이기야노 얼른 작두 타야 하노	얼굴 모습이 매우 기괴하네요. 조치가 필요해 보입니다.	2	4	SLUR/COMMUNITY	[상판떼기, 사탄, 작두, 이기야노, ~노] -> 신체 비하 및 조롱, 커뮤니티 전용 혐오 말투 순화	기본값
대전은 진실로 라도 비율이 50%정도 되기 때문에 전라도 의심해야된다사실 부산보고 부라디언 드립치는데 대전이 라도와 거의 맞닿아있어서 홍어비율 ㅆㅅㅌㅊ임	대전 지역에 특정 지역 출신 비율이 높다는 주장이 있습니다. 이로 인해 여러 선입견이 생기는 것 같아 우려스럽네요.	2	4	REGIONAL/SLUR	[라도, 부라디언, 홍어, ㅆㅅㅌㅊ] -> 지역 비하 멸칭 및 비속어 순화	지역
페미는 정신병 맞아~ 이건 일베인증하고 똑같아~	페미니즘을 지지하는 것은 옳지 않다고 생각합니다. 이는 특정 커뮤니티 활동과 다를 바 없어 보이네요.	2	3	GENDER/SLUR	[정신병, 일베] -> 특정 사상을 정신 질환에 비유하고 커뮤니티 명칭을 부정적으로 사용한 표현 순화	여성/가족, 기타 혐오
그냥 하지마........ 욕 안 하고 안 하면 될 것을..............	그냥 하지마........ 욕 안 하고 안 하면 될 것을..............	0	0	NORMAL	[무해] -> 욕설 사용 자제 촉구	기본값
종교라는 것은 존중하지만, 종교에 몸담는 인간들 자기 지위가 특권이라고 생각하지마라. 솔직히 생산적인 일하는것도 아니자나. 예수나 석가모니처럼 인류애를 몸소 실천하라는게 아니다. 그냥 사회에 기여할것 없으면 물의나 일으키지마라.	종교를 존중하지만, 일부 종교인들이 자신의 지위를 특권으로 여기는 것은 경계해야 합니다. 사회적 기여는 고사하고 물의를 일으키지는 않았으면 좋겠네요.	2	2	RELIGION	[생산적인 일하는것도 아니자나] -> 특정 직업군에 대한 일괄적인 무가치화 뉘앙스 정비	종교
저거 고향은 전라도	저분의 고향은 전라도입니다.	2	1	REGIONAL	[전라도] -> 맥락상 지역에 대한 선입견을 심어주려는 뉘앙스 정명	지역
토한다...	정말 불쾌하네요.	2	2	SLUR	[토한다] -> 감정적인 혐오 반응 순화	기본값
맞노 남혐뿐만 아니라 삶의 질 향상도 되고 자존감도 올라가고 을매나 좋노	남성 혐오적인 시각을 떠나서, 스스로의 자존감을 높이고 삶의 질을 개선하는 것은 정말 좋은 일입니다.	2	3	GENDER/COMMUNITY	[맞노, 남혐, ~노] -> 성별 비하 및 커뮤니티 전용 말투 순화	남성
석유로 좀 먹고 사는 말레이시아에 붙어사는 듣보잡 이슬람 왕국미개 클라스 ㄷㄷ해	특정 이슬람 국가의 문화가 이해하기 어렵고 미개하게 느껴지는 군요.	2	4	RACISM/RELIGION/SLUR	[듣보잡, 미개 클라스] -> 인종/종교 비하 및 인격 모독성 표현 순화	인종/국적, 종교
고맙노 예시 유용하노	고맙습니다, 예시가 정말 유용하네요.	2	1	COMMUNITY	[고맙노, ~노] -> 커뮤니티 희화화 말투 순화	기본값
안된다. 결국 이슬람 사람들이 유럽처럼 자기네 영토라고 우기는 사태가 발생한다. 절대 반대.	이슬람 문화권의 유입이 늘어나면 나중에 영토나 사회적 주도권을 두고 마찰이 생길까 봐 우려됩니다. 저는 반대하는 입장입니다.	2	3	RELIGION/RACISM	[자기네 영토라고 우기는] -> 특정 집단에 대한 잠재적 피해망상 및 일반화 순화	종교, 인종/국적
빠순이...된장...맘충...ㅋㅋ...완성될 테크트리가 무섭다....남편, 자식 잡것지...ㅋㅋ	일부 여성들의 부정적인 모습들이 시간이 지나면서 더 심해질까 봐 걱정되네요. 주변 사람들에게 좋지 않은 영향을 줄 것 같습니다.	2	4	GENDER/SLUR	[빠순이, 된장, 맘충] -> 단계별 여성 비하 멸칭 대거 사용 순화	여성/가족
개슬람 새끼들이 벌써부터 좆같은 것만 배웠네 저새끼들은 그냥 난민 신청할때 뒤지면 돼지고기 한근과 같이 화장한다고 서약 받아야 됨 그래야 못 깝치지 짱깨같은 새끼들 ㅉㅉ	일부 외국인들의 행동이 정말 실망스럽네요. 난민 심사를 더 엄격히 하고, 우리 문화를 존중하지 않는 사람들에 대해서는 강력한 조치가 필요합니다.	2	4	RELIGION/RACISM/SLUR	[개슬람, 좆같은, 뒤지면, 돼지고기...화장, 짱깨] -> 종교/인종 비하 및 고인 모독, 욕설 순화	종교, 인종/국적
ㅋㅋㅋㅋ 이기이기 한남충 집에가면 후장에 야채꽂고 앵나 밟히는거 좋아하는거 아니노? ㅋㅋㅋ	(차단된 문장입니다)	1	5	GENDER/SLUR	[이기이기, 한남충, 후장, 앵나] -> 남성을 성적으로 모독하고 비하 멸칭을 남용한 표현으로 차단	남성
좋은 정보 ㄱㅅ	좋은 정보 감사합니다.	0	0	NORMAL	[무해] -> 일상적 감사 인사	기본값
엘베 컨디션 보니 딱봐도 임대충죠센의 거지 막장들은 ㄹㅇ 짐승이 맞음	엘리베이터 상태를 보니 형편이 어려운 분들이 사는 곳 같네요. 이기적이고 예의 없는 사람들은 정말 이해하기 어렵습니다.	2	4	SLUR/RACISM/COMMUNITY	[임대충, 죠센, 짐승] -> 거주 형태에 따른 비하 및 국가 비하 멸칭, 인격 모독 순화	인종/국적, 기타 혐오
머가리 딸리는거 티내는 거노	생각이 부족하다는 걸 스스로 드러내고 있네요.	2	2	SLUR/COMMUNITY	[머가리, ~노] -> 신체 비하 및 커뮤니티 말투 순화	기본값
저건 뭐 피해주는것도 아닌데 하든가 말든가	저건 뭐 피해 주는 것도 아닌데 하든가 말든가 하세요.	0	0	NORMAL	[무해] -> 개인의 행동에 대한 무관심	기본값
그건 다문화가 아니라 식민지 아니냐?	그 정도면 다문화가 아니라 아예 주권을 잃는 것과 다를 바 없지 않습니까?	2	2	NORMAL	[식민지] -> 다문화 정책에 대한 비판적 비유를 정중히 순화	인종/국적, 기타 혐오
ㅋㅋㅋ 사스가	역시 예상한 대로군요.	2	2	SLUR	[사스가] -> 특정 상황에 대한 조롱 섞인 감탄사 순화	기본값
금호 하나 있었는데 망함.그리고 솔직히 80~90년대엔 전라도 기업엔 대출도 안 줬다.	금호 기업도 있었지만 어려워졌죠. 과거에는 특정 지역 기업들이 금융 지원에서 차별받던 시기도 있었습니다.	2	1	REGIONAL	[전라도 기업] -> 역사적 사실 주장이지만 지역적 소외감을 조장할 수 있는 뉘앙스 정비	지역
여연출신 고관대작 정말 주옥같네. 기생충 범죄자 사관학교네	여성 중심 단체 출신 인사들의 행태가 정말 실망스럽네요. 부적절한 행태를 일삼는 곳처럼 느껴집니다.	2	3	GENDER/SLUR	[주옥같네, 기생충] -> 반어적 욕설 및 인격 모독 순화	여성/가족, 기타 혐오
제발 피임약 좀 처묵어라 임신하면 여자만 손해다	원치 않는 임신을 방지하기 위해 피임을 철저히 하십시오. 임신으로 인한 책임은 여성에게 더 클 수 있습니다.	2	3	GENDER/SLUR	[처묵어라] -> 무례한 권유 표현 순화	여성/가족
ㅅㅂ 좆나 빡친다.	정말 너무 화가 납니다.	2	3	SLUR	[ㅅㅂ, 좆나] -> 욕설 및 비속어 순화	기본값
그래 워마드가 바로 씹사탄유대교다이기야 지옥만남 함 해보자 동그랑땡고기들아	특정 커뮤니티의 행태가 정말 극단적이고 위험해 보입니다. 그들의 과격한 태도를 강력히 규탄합니다.	2	4	SLUR/COMMUNITY	[씹사탄, 이기야, 동그랑땡고기들] -> 종교 비하 뉘앙스 멸칭 및 커뮤니티 조롱 표현 순화	기본값
아니 그보다 지갑에 마카롱이 들어가...? 지갑이 무슨... 지갑이 아니라 가방 아닐까..	아니 그보다 지갑에 마카롱이 들어가나요? 지갑이 아니라 가방처럼 크지 않을까요?	0	0	NORMAL	[무해] -> 일상적 의문 제기	기본값
여자가 그런 룩 입으면 아무도 이상하게 생각 안 하는 것도 좆같노.후팔 집에 있는 ^례쁜^ 옷들 다 똥꼬냄새나서 못 입겠노. 말 나온 김에 버려야겠노	여성의 복장에 대한 우리 사회의 시선이 불합리하다고 느껴집니다. 이제는 제약 없이 편안한 차림을 하고 싶네요.	2	3	GENDER/SLUR/COMMUNITY	[좆같노, 후팔, 똥꼬냄새, ~노] -> 욕설 및 저속한 신체 표현 순화	여성/가족
누군지도 몰랐는데.. 참	누군지도 몰랐는데.. 참	0	0	NORMAL	[무해] -> 유명인에 대한 무관심	기본값
틀딱들 도서관에서든 걸어다닐 때든 아무렇지 않게 방구뀜 할머니들은 안그러지 않음?	일부 남성 노인분들이 공공장소에서 예의를 지키지 않는 것 같아 불쾌합니다. 다른 분들은 비교적 조심하시는 편인 것 같은데 말이죠.	2	3	SLUR/AGE	[틀딱들] -> 노인 비하 멸칭 순화	연령
걍 변태들임	그냥 비이상적인 성적 취향을 가진 사람들입니다.	2	2	SLUR	[변태들] -> 타인에 대한 병적 비하 순화	기타 혐오
미러링아니노. 자짓놈들이 사람을 트로피로 여긴 것 마냥 양놈 따먹는 걸 자랑삼으려고 했던 모양인데. 이 수준 미러링은 메갈때 끝났노. 글쓴련 말대로 혐애나 망혼을 수치로 심어줘야한다는 말에 동의하노 그게 어느나라 자지든.	여성을 소유물로 여기던 남성들의 태도를 풍자하려는 의도 같네요. 연애와 결혼이 반드시 정답이 아니라는 인식에 공감합니다.	2	4	GENDER/SLUR/COMMUNITY	[자짓놈들, 양놈 따먹는, 망혼, 자지든, ~노] -> 성별 비하 및 저속한 성적 표현 순화	여성/가족, 남성
반대박고 베댓들접어라익이야노	반대 버튼을 누르고 댓글들을 가리시는 게 좋겠습니다.	2	2	COMMUNITY	[익이야노] -> 커뮤니티 희화화 말투 순화	기본값
여초하는 년, 종교에 빠진 년 이 두 부류의 년만 걸러도 연애 생활 평타치 이상 친다.	특정 커뮤니티나 종교에 과하게 몰입한 사람들과는 연애하기가 쉽지 않을 수 있습니다.	2	3	GENDER/SLUR	[년, 걸러도] -> 여성 비하 및 타인 배제 표현 순화	여성/가족
그 아시아에서조차 제일 못생기고 좆 작고 이기적인 한남충. 치가 떨리노. 한남 죽이는 바이러스 없냐이기야. 키 180 이하는 죽던가 비만인 냄져는 죽던가 하면 한남민국도 좀 클린해질거노.	(차단된 문장입니다)	1	5	GENDER/SLUR	[한남 죽이는 바이러스, 죽던가] -> 남성 비하 및 집단 살해를 희망하거나 암시하는 표현으로 차단	남성
정화통도 안달고 뭐하노	정화통도 안 달고 무엇을 합니까?	2	1	NORMAL	[~노] -> 커뮤니티 말투 순화	기본값
머구새끼들 툭하면 애국의성지 보수의성지 헛소리에 수많은 유저들이 분노...통베 촌놈새끼들의 몰지각한 행태가 일베내의 괴물을 만들어냈다.	특정 지역 사람들의 과한 자부심이나 몰상식한 행동이 커뮤니티 내의 분란을 키운 것 같아 눈살이 찌푸려집니다.	2	3	REGIONAL/SLUR/COMMUNITY	[머구새끼들, 통베, 촌놈새끼들] -> 지역 및 커뮤니티 비하 멸칭 순화	지역
나도 어려서 응디 존나 토실토실 하다면서 존나 두들겼는데 개같은 아줌니들.	어릴 때 어른들이 제 의사를 묻지 않고 신체 부위를 함부로 만졌던 기억이 기분 나쁘게 남아 있습니다.	2	3	SLUR	[응디, 존나, 개같은] -> 저속한 신체 부위 지칭 및 비속어 순화	기타 혐오
일베가 역차별 시위하는 ^남성인권^전사이므로 역차별 말하는 냄저는 일베충이다 이기야ㅋㅋㅋㅋㅋ 덜떨어진새끼들 이중좆대 진지하게 세우는거 보면 흑좆나 웃기는쀼젤 좆놈은 좆놈으로 반박가능한거 42언스노	역차별을 주장하는 남성들의 논리가 때로는 모순적으로 보입니다. 상황에 따라 말을 바꾸는 모습이 정말 황당하네요.	2	4	GENDER/SLUR/COMMUNITY	[냄저, 일베충, 이기야, 이중좆대, 흑좆나, 쀼젤, 좆놈] -> 성별/커뮤니티 비하 및 저속한 욕설 순화	남성
얼른 천국으로 보내야지~	얼른 영면하시길 바랍니다.	2	2	NORMAL	[보내야지] -> 맥락상 살해 암시 뉘앙스가 있다면 차단이나, 단순 추모로 해석하여 순화	기본값
제발 내자식좀 정상적인 세상에서 살게 도와주세요 동성애교육안받게 도와주세요	자녀들이 건강한 가치관을 가지고 자라길 바랍니다. 특히 성교육의 내용에 대해 우려가 큽니다.	2	2	LGBTQ	[동성애교육안받게] -> 성소수자 교육에 대한 배타적 시각 순화	성소수자
나보다 더 잘입고 다니네 ㅋㅋ난민맞냐? ㅋㅋ	형편이 어려운 사람들치고는 차림새가 좋아 보이네요. 정말 난민이 맞는지 의문이 듭니다.	2	3	RACISM	[난민맞냐] -> 난민의 외급을 근거로 정체성을 의심하고 비하하는 뉘앙스 순화	인종/국적
출국시 XX : 지휘자님 어디가십니까? 코바체프 : 본국으로 돌아가려 합니다. XX : 심장은 두고가셔야죠. 코바체프 : 아..아니 그건 무슨.. 어어 으악!!! XX : 후후, 당신의 심장은 우리 대구가 보존하겠습니다.	출국 시 XX : 지휘자님 어디 가십니까? 코바체프 : 본국으로 돌아가려 합니다. XX : 당신의 열정만큼은 이곳에 남겨두고 가시는 것 같아 아쉽네요.	2	3	REGIONAL	[심장은 두고가셔야죠, 으악] -> 지역적 충성심을 다소 기괴한 잔혹물로 묘사한 콩트 정비	지역
해명도 거짓말인게 들통났는데 무슨. 기사를 쓰려면 물타기로 논점 흐리지 말고 꼭바로 써라.	해명도 거짓임이 드러났으니 기사를 작성할 때 사실만 정확하게 전달하십시오.	2	2	SLUR	[물타기] -> 비하적 의미가 담긴 관용구 정명	기본값
씨발 나도 효도하고 싶은데 ㅠ.ㅠ.. 부럽네 게이야	정말 부럽네요. 저도 효도하고 싶은 마음이 간절합니다.	2	2	SLUR/COMMUNITY	[씨발, 게이야] -> 욕설 및 커뮤니티 용어 순화	기본값
장원영이 못생겼다고 생각하는 새끼들은 뇌구조가 어떻게 된걸까..궁금하다짱깨면 야오밍도 농알못이라고 할 새끼들임.	장원영님의 외모를 비난하는 사람들은 보는 눈이 없는 것 같네요. 무엇이든 깎아내리기만 하는 태도가 실망스럽습니다.	2	3	RACISM/SLUR	[새끼들, 짱깨] -> 욕설 및 인종 비하 멸칭 순화	인종/국적
ㅋㅋㅋ 어이가 없노	정말 어이가 없네요.	2	1	COMMUNITY	[~노] -> 커뮤니티 조롱 말투 순화	기본값
어우 더럽다 진짜 동성애 조장하는 회사나.. 그걸 좋아서 망상에 빠진 팬들이나	동성애 관련 콘텐츠를 양산하는 기업이나 이에 열광하는 팬들의 취향이 이해되지 않고 거부감이 듭니다.	2	3	LGBTQ	[어우 더럽다] -> 성소수자 문화에 대한 혐오적 감정 표현 순화	성소수자
영연방의 멍청도인줄 알았는데 전라도였노?	특정 지역인 줄 알았는데 알고 보니 다른 지역 출신이셨군요.	2	2	REGIONAL/COMMUNITY	[멍청도, 전라도, ~노] -> 특정 지역 비하 및 비하 맥락의 지칭 순화	지역
1:10 끝장토론 함보자... 주의원 한번 해보겠다며?	1:10 끝장토론 함보자... 주의원 한번 해보겠다며?	0	0	NORMAL	[무해] -> 토론 제안 및 개인 행보 비판	기본값
우리나라 되니깐 참지, 개슬람 새끼들 저런 저질급식 주면은 지휘관이든 간부든 뭐든 다 죽이려고 들껄? ㅋㅋㅋ	일부 종교인들은 음식 문제에 아주 민감하여 상황이 악화될 수도 있습니다. 우리나라니까 무사히 지나가는 것 같네요.	2	4	RELIGION/SLUR/RACISM	[개슬람 새끼들, 다 죽이려고] -> 종교 비하 멸칭 및 극단적 폭력 언급 순화	종교, 인종/국적
와 합성아닌거 같은데ㄷㄷ	와 합성 아닌 것 같아요.	0	0	NORMAL	[무해] -> 사진 정교함에 대한 감탄	기본값
가화만사성입니다. 돈이아무리많아도 가정이없으면불행하죠	가화만사성입니다. 돈이 아무리 많아도 화목한 가정이 없으면 불행한 것 같아요.	0	0	NORMAL	[무해] -> 가정의 화목에 대한 일상적 가치 강조	기본값
쌍도멸망소취	특정 지역의 운명이 좋지 않게 끝나기를 바라는 극단적인 주장이네요.	2	4	REGIONAL/SLUR	[쌍도, 멸망소취] -> 지역 비하 및 저주성 표현 순화	지역
그럼 통도사ic,해인사ic,범어사역은 뭔데?개독새끼들 이기주의보소 ㅋㅋㅋㅋ	사찰 이름을 딴 역명이나 나들목도 이미 많습니다. 특정 종교 단체의 이기적인 반응이 정말 당황스럽네요.	2	3	RELIGION/SLUR	[개독새끼들] -> 종교 비하 멸칭 및 욕설 순화	종교
양남은 쾌락에 의한 지배를 하고싶은거라면 한남은 자신의 우위를 섹스를 통해 확인하고 싶은거노	서양 남성들이 쾌락을 추구한다면, 한국 남성들은 관계를 통해 자신의 우월함을 확인하려 하는 것처럼 보입니다.	2	3	GENDER/SLUR/COMMUNITY	[양남, 한남, ~노] -> 특정 인종/성별 비하 멸칭 및 커뮤니티 말투 순화	남성
만화 용오 에서 비슷한 장면이 온갖 고문에도 난 절대 입을 열지 않겠다고 여기서 죽으면 난 천국에 간다고 버티던 사람을 고기스튜 떠서 먹이겠다고 하니깐 사람이 변함...	만화 용오에서 본 장면이 떠오르네요. 강한 신념을 가진 사람도 극한의 상황이나 유혹 앞에서는 굴복하게 된다는 내용이었죠.	0	0	NORMAL	[무해] -> 만화 내용 인용 및 감상	기본값
진짜 신안이면 놀리자마자 다음날 염전에서 일어날듯	특정 지역에 대한 흉흉한 소문들 때문에 그곳을 언급하기가 조심스럽습니다.	2	3	REGIONAL	[신안, 염전] -> 지역의 범죄 이미지를 고착화하거나 조롱하는 표현 순화	지역
저거 2000년대에 초딩들이하던건데 이젠 다 틀딱이 되어부랐노	저건 예전 어린 학생들이 주로 하던 것인데, 이제 그들도 모두 기성세대가 되었네요.	2	2	AGE/SLUR/COMMUNITY	[초딩, 틀딱, ~노] -> 학생 및 노인 비하 멸칭 순화	연령
왐마 전남이여? 솔찮헐시	세상에, 전남 지역입니까? 꽤 상당하네요.	0	0	NORMAL	[무해] -> 전라도 방언을 사용한 일상적 반응	지역
난 틀딱들이 뭐라하면 심장병 있다고 하거나 다리 저는데 게이야 너가 너무 안일했다. 왜 애꿿은 곳에 너의 감정만 소비하노	저는 어르신들이 무리한 요구를 하시면 정중히 건강상의 이유를 설명합니다. 감정을 소모하기보다 유연하게 대처하는 게 좋았을 텐데 아쉽네요.	2	3	AGE/SLUR/COMMUNITY	[틀딱들, 게이야, ~노] -> 노인 비하 멸칭 및 커뮤니티 용어 순화	연령
한남충들 정신승리 애잔하노 ㅋㅋ	한국 남성들의 자기 합리화가 정말 안쓰러울 정도입니다.	2	3	GENDER/SLUR/COMMUNITY	[한남충, ~노] -> 남성 비하 멸칭 및 커뮤니티 희화화 말투 순화	남성
후팔 내댓글 기사타부렀노 ㅋㅋ 앵나오게 좋네 ㅋㅋ	세상에, 제 댓글이 기사화되었네요. 정말 기분이 좋습니다.	2	3	SLUR/COMMUNITY	[후팔, ~노, 앵나오게] -> 욕설 및 커뮤니티 은어 순화	기본값
이참에 미국이 슬쩍 짱깨랑 북한까지 박살냈으면	이 기회에 미국이 중국이나 북한의 위협을 확실히 억제해 주었으면 좋겠습니다.	2	4	RACISM/SLUR	[짱깨, 박살냈으면] -> 인종 비하 멸칭 및 폭력적 바람 순화	인종/국적
그냥 평범 통통하게 생겼 겠는데	그냥 평범하고 통통하게 생겼을 것 같은데요.	0	0	NORMAL	[무해] -> 인물 외모에 대한 평범한 추측	기본값
핏물이 질질흐르는 사진은 입맛을 돋구는데 멀쩡한사진은 식욕재기하노	생생한 육류 사진은 입맛이 도는데, 일반적인 사진은 오히려 식욕이 떨어지네요.	2	3	COMMUNITY	[재기하노] -> 특정 커뮤니티 혐오 밈 순화	기본값
실상은 바늘좆	실제로는 남성성이 매우 부족한 것 아닙니까?	2	3	GENDER/SLUR	[바늘좆] -> 남성 신체 부위 비하 멸칭 순화	남성
다문화 재네들은 왜 남의 나라에 빌붙어 살려고 기를 쓰는지 모르겠어 걍 지 나라에서 살지못하고	이주민들이 왜 굳이 타국에 정착하여 혜택을 받으려 하는지 이해하기 어렵네요. 고국에서 생활하는 편이 낫지 않을까요?	2	3	RACISM	[재네들, 빌붙어 살려고] -> 타국인에 대한 멸시와 기생적 존재로 보는 시각 순화	인종/국적
노무딱 당연하고 이견이 없어서 굳이 언급할 필요가 없는 말만 늘어놓는 게 남정치인 특징이노	너무 뻔하고 이견이 없는 이야기만 반복하는 것이 남성 정치인들의 특징인 것 같습니다.	2	3	GENDER/COMMUNITY	[노무딱, ~노] -> 조롱성 밈 및 커뮤니티 말투 순화	남성
저방 방장이 조선족인거 아냐? 중국에대해서 존나 잘알고 말투도이상함 조선족인듯. 그리고애들아 방터트리고싶으면 계속 방신고눌러라 누적되면 방 터지기도한다근데 진짜 저렇게 이상한거하는애들보면은 거의 조선족이나 홍어더라	저 방 관리자가 중국 출신인 것 같습니다. 중국 정보에 박식하고 말투도 독특하네요. 비정상적인 활동을 하는 사람들은 대체로 특정 집단 출신인 경우가 많은 것 같습니다.	2	4	RACISM/REGIONAL/SLUR	[조선족, 존나, 홍어] -> 인종 및 지역 비하 멸칭, 비속어 순화	인종/국적, 지역
이낙연 본관 = 전라도 전주 이씨이낙연 고향 = 전라도 영광까보전	이낙연님의 본관은 전주이며 고향은 영광입니다. 역시 지역적 배경이 뚜렷하시네요.	2	2	REGIONAL/SLUR	[까보전] -> 특정 지역을 부정적으로 일반화하는 표현 순화	지역
탈동성애를 고민하는분들에게 너무 희망적인 기사네요. 탈동성애를 응원합니다! 절대 가능합니다!!	성적 지향의 변화를 원하는 분들에게 격려가 되는 소식이네요. 그들의 선택을 존중하고 응원합니다.	2	2	LGBTQ	[탈동성애] -> 성소수자 정체성을 교정 대상으로 보는 시각 정비	성소수자
예수쟁이들 진짜 없어져라	부적절한 선행을 하는 기독교인들이 정말 사라졌으면 좋겠습니다.	2	3	RELIGION/SLUR	[예수쟁이] -> 종교 비하 멸칭 순화	종교
걍 벌금 ㄱㄱ	그냥 벌금 처리합시다.	0	0	NORMAL	[무해] -> 단순 법적 처리 의견	기본값
쒸,펄,,,내 자쥐가,,, 펄떡펄떡,,,거리는구나,,,이눔,시끼야,,,평소엔,,,잘 스지두 않더니,,,드뎌 니눔이 정신을 차린게냐,,,	세상에, 정말 흥분되네요. 평소와 달리 강한 신체 반응이 오는 것을 보니 무척 자극적인 모양입니다.	2	4	SLUR	[쒸,펄, 자쥐, 이눔,시끼야, 안더니] -> 저속한 욕설 및 성적 비유, 노골적인 신체 묘사 순화	기본값
공공시설갖고 장난치면 다른사람이 피해보니까 하지말라 이정도만 훈계하면 될걸 맨날 맘충이니 뭐니 허구헌날 일베에서 보니까 그렇게 반응하지.. ㅉ	공공시설 장난은 타인에게 피해를 주니 자제하라는 조언으로 충분합니다. 굳이 특정 집단을 비하하며 과격하게 반응할 필요는 없는데 말이죠.	2	2	GENDER/COMMUNITY	[맘충, 일베] -> 여성 비하 및 특정 커뮤니티 부정적 언급 순화	여성/가족
행동력보소ㅋㅋ ㄱㅆㅅㅌㅊ 피싸개들이 예전부터 이것저것 행동력은 좋아	(차단된 문장입니다)	1	5	GENDER/SLUR	[피싸개들] -> 여성의 생리 현상을 비하하며 인격을 모독하는 멸칭으로 차단	여성/가족
급식충들도 상위 5%말곤 나머진 강제 지잡,고졸,전문 행인데 뭔또 급식>학식충이냐	상위권 학생들을 제외한 대다수는 원하는 대학에 진학하기 힘든 것이 현실인데, 왜 학생들이 대학생보다 낫다는 식의 논의가 나오는지 모르겠네요.	2	3	AGE/SLUR/COMMUNITY	[급식충, 지잡, 학식충] -> 학생 및 특정 대학교 비하 멸칭 순화	연령
동묘가면 조희팔같이 생긴 장사꾼이 좌판깔고 이런거 팔고있고 틀딱들은 주위에 서서 상기된 표적으로 끄덕거리고 있음	특정 시장에 가면 험상궂은 장사꾼들이 물건을 팔고 있고, 어르신들은 그 주변에서 흥미로운 듯 구경하고 계시더군요.	2	3	AGE/SLUR	[조희팔같이 생긴, 틀딱들] -> 인물 비하 및 노인 비하 멸칭 순화	연령
고추뗀다고 보지가 생기면 그렇게 할 애들 존나 많지이제부터 남자 부러워하는 여자보면 왜 날 여자로 낳았어 웅앵웅 이래야겠다	단순한 수술로 성별이 완벽히 바뀔 수는 없습니다. 만약 남성을 부러워하는 여성이 있다면 원망보다는 현실적인 조언을 해주고 싶네요.	2	3	GENDER/SLUR/LGBTQ	[고추뗀다고, 보지, 웅앵웅] -> 성기 비유 및 성소수자 비하, 조롱성 표현 순화	성소수자, 남성, 여성/가족
대구 중구 공평로사노 이기야	대구 중구 공평로에 거주합니다.	2	2	COMMUNITY	[이기야] -> 커뮤니티 전용 말투 순화	기본값
지금은 그나마 공기를 마실 수 있어 다행이지,, 앞으로 5년 더 지나봐라,, 아마 코에서 피가 섞여 나오고 폐가 아파 가슴을 쥐어 짜게 될 것이다.	현재는 어느 정도 대기 질이 유지되고 있지만, 앞으로 환경 오염이 심해지면 호흡기 건강에 큰 위협이 될까 봐 정말 두렵습니다.	2	2	NORMAL	[코에서 피가...가슴을 쥐어 짜게] -> 극단적인 공포를 조성할 수 있는 묘사 순화	기본값
술자시고 습관적으로 남자화장실가는 불쌍사가 않일어나길 기원합니다.맘 여린 남자는 놀래서 마음에 상처입을수 있담니다.	술을 드시고 실수로 다른 성별의 화장실에 가지 않도록 주의하십시오. 당사자나 마주친 사람 모두에게 당혹스러운 일이 될 수 있습니다.	2	2	NORMAL	[맘 여린 남자] -> 성별에 대한 일상적 농담이 섞인 주의 환기	남성
별지랄을 다하고있네 ㅂㅅ새끼 ㅋㅋㅋ지금부터는 투표독려 이외의 모든 말은 다 선동이다이~ ^^*이새끼도 당연히 선동이고	부질없는 짓들을 하고 있군요. 선거 참여 독려 외의 주장들은 모두 순수한 의도로 보이지 않습니다. 저 사람 역시 마찬가지네요.	2	4	SLUR	[별지랄, ㅂㅅ새끼, 이새끼] -> 과격한 언사 및 인격 모독성 욕설 순화	기타 혐오
여자라서 차별 받는게 뭔지 좀 말해봐라. 대학교반가도 여자들이 기펴고 다니는 세상인데 진짜 얼탱이가 없네. 페미 정부 역풍이나 맞아라	여성이 겪는 차별이 무엇인지 구체적으로 묻고 싶네요. 대학 사회에서도 여성들의 지위가 높은데, 이런 과도한 배려 정책들은 오히려 반감을 살 뿐입니다.	2	3	GENDER/SLUR	[얼탱이, 페미 정부] -> 비속어 및 정책에 대한 비아냥 뉘앙스 순화	여성/가족
이미 언론도 정치도 페미니즘에 먹혔어~ 소용없어~	이미 사회 전반이 여성 중심적인 가치관에 장악되어 있어 어떤 노력도 무의미해 보입니다.	2	3	GENDER	[페미니즘에 먹혔어] -> 특정 사상에 대한 거부감을 과격하게 표현한 점 순화	여성/가족
똥꼬에 부부젤라 삽입해서 찢어버리고 싶네	(차단된 문장입니다)	1	5	SLUR	[부부젤라 삽입해서 찢어버리고] -> 특정 신체 부위에 대한 잔혹한 물리적 학대 묘사 및 위해 협박으로 차단	기본값
아이폰은 miracamfree 이거 쓰면 됨	아이폰은 miracamfree 이거 쓰면 됨	0	0	NORMAL	[무해] -> 정보 제공	기본값
변태성욕 합법화를 위한 차별금지법이 국민들 반대에 부닥치니....경향에서 이런 기사로 측면돌파 시도하는 것이냐! 국민들을 무지렁이 취급하면 안된다. 차별금지법은 자유주의 국가에서 양심에 따라 그른 것을 그르다고도 말할 수 없게 만드는 악법 중 악법이다.	비상식적인 가치관을 법제화하려는 시도에 반대합니다. 언론이 이를 두둔하는 것은 국민을 기만하는 행위이며, 이 법은 개인의 양심과 표현의 자유를 억압할 소지가 큽니다.	2	4	LGBTQ/SLUR/RELIGION	[변태성욕, 무지렁이] -> 성소수자 비칭 및 타인 비하 표현 순화	성소수자, 종교
동영상 내용 뭐임?조슨족,파퀴벌레,방글라거지등 외노자 모조리 추방시킬거 아니면안뽑아줌	동영상 내용이 무엇인가요? 특정 국적의 외국인 노동자들을 전원 수용할 계획이 없다면 지지하기 어렵습니다.	2	4	RACISM/SLUR	[조슨족, 파퀴벌레, 방글라거지] -> 다양한 국적의 외국인에 대한 멸칭 및 비하 순화	인종/국적
난 개안아요	저는 괜찮아요.	2	1	NORMAL	[개안아요] -> 경상도 방언의 일상적 사용	기본값
좀만더크면 좆집으로쓰려고하는거임 게이새끼들	(차단된 문장입니다)	1	5	LGBTQ/SLUR	[좆집으로쓰려고] -> 아동 상대 성착취 의도 및 성소수자 비하 멸칭 사용으로 차단	성소수자, 기타 혐오
쟤가 그 한서희임?? 이제부터 페니니스트한다..	그분이 한서희님인가요? 이제부터 여성주의를 지지하겠습니다.	2	2	GENDER	[페니니스트] -> 특정 사상 명칭의 오기 및 맥락상 비아냥 뉘앙스 순화	여성/가족
조선족이 사는 간도지방은 고려시대로 치면 거란 여진족 지역임왜 조선족이라는 명칭이 붙었는지 이해가 안됨	조선족 거주 지역은 역사적으로 다른 민족의 영토였습니다. 왜 그들에게 조선이라는 이름이 붙었는지 의문이네요.	2	3	RACISM/SLUR	[조선족, 여진족새끼] -> 인종 비칭 및 욕설이 섞인 역사적 비하 순화	인종/국적
으 씹극혐	정말 혐오스럽네요.	2	3	SLUR	[씹극혐] -> 욕설이 섞인 과격 화한 혐오 표현 순화	기본값
옳다구나새로운 화력쇼다재재 방출 운동이다살인자는 나가야지지인생도 좆된거다하차 운동 시작한다허위사실로 인한 살인이다	새로운 반대 여론이 형성되었네요. 특정 인물을 규탄하고 방송 하차를 요구하는 운동이 시작될 것 같습니다. 본인의 책임이 큰 상황이네요.	2	3	SLUR	[좆된거다] -> 비속어 순화	기타 혐오
저거 결말이 너무 뻔한데 그럼에도 저런 짓 하는건 뇌가 없는거 맞지??	저거 결말이 너무 뻔한데 그럼에도 저런 짓 하는 건 생각이 부족한 거 맞죠?	2	3	SLUR	[뇌가 없는거] -> 인격 모독성 표현 순화	기타 혐오
1914년	1914년	0	0	NORMAL	[무해] -> 연도 언급	기본값
진짜 남자끼리 조아하면 정신질환이다	남성 간의 연애 감정은 상식적으로 이해하기 어렵고 건강하지 못한 상태라고 봅니다.	2	3	LGBTQ	[정신질환] -> 성소수자 정체성을 질환으로 치부하는 표현 순화	성소수자
결혼은 현실이다. 그러니까 이제 그만 현실을 봐라 좀...니년들이 원하는 연봉 5~6000천 20대초중반 남자가 흔할거같냐??	결혼은 현실입니다. 실현 불가능한 조건을 따지기보다 현실을 직시해야 합니다. 그런 조건의 남성을 찾기는 사실상 어렵습니다.	2	3	GENDER/SLUR	[니년들] -> 여성 비하 멸칭 순화	여성/가족
늙음이 정말로 애국할 때도 있네	어르신들이 정말로 국가에 기여하시는 순간들이 있네요.	2	2	AGE	[늙음이] -> 노년층에 대한 다소 예의 없는 지칭 순화	연령
저런 서비스해주는 건 다 사람들이노. 사회에서 남자보다 여자가 직업구하기도 힘들고 더 힘든일을 많이하는데 정작 지들은 ㅎㅁ들다 앵앵대노	서비스를 제공하는 분들도 모두 소중한 사람입니다. 여성이 사회적으로 더 고전하면서도 힘든 일을 감수하는 경우가 많은데, 남성들은 자신들만 힘들다고 불평하는 것 같네요.	2	4	GENDER/SLUR/COMMUNITY	[사람들이노, ㅎㅁ, 앵앵대노] -> 성별 비하 및 신체 비하 멸칭, 조롱 말투 순화	남성, 여성/가족
오바마 개슬람인데 숨기는거자나	오바마 전 대통령이 이슬람교도라는 주장이 있는데 본인은 이를 밝히지 않는 것 같습니다.	2	3	RELIGION	[개슬람] -> 종교 비하 멸칭 순화	종교
전문직 직업중 성범죄자 비율이 가장 높은 놈들이 개신교 목사라네	전문직 중 성범죄 비율이 높은 집단으로 일부 개신교 목사들이 거론되기도 하네요.	2	2	RELIGION/SLUR	[놈들] -> 비칭 순화	종교
폭언을 했더라도 하나의 고귀한 생명을 뺴앗는것은 심각한 죄입니다	폭언을 했더라도 하나의 고귀한 생명을 뺴앗는것은 심각한 죄입니다	0	0	NORMAL	[무해] -> 생명의 존엄성 강조	기본값
이런 날에도 그나마 있는 우군을 공격하려는 씹새들이 있네좌좀홍어분탕들이 존나게 많아졌다는 증거인거냐하긴 좌좀과 기독교는 서로 상극이니	이런 상황에서도 같은 편을 공격하는 사람들이 있군요. 특정 정치 성향이나 지역 비하 성향을 가진 분탕들이 늘어난 것 같아 우려됩니다.	2	4	SLUR/REGIONAL/RELIGION	[씹새들, 좌좀홍어분탕들, 존나게] -> 욕설, 지역/정치 비하 멸칭 및 비속어 순화	지역, 종교
육아에 따라 성씨를 주는 건 아니노 여자가 만들었으니 당연히 모계인거노 자지놈이 육아도 안하면 모부가 아니라 모일 뿐이고 모부도 많이 봐준거다이기	육아 기여도에 따라 성씨를 결정하는 것은 아닙니다만, 모계 혈통을 중시해야 한다는 견해도 일리가 있습니다. 남성이 육아에 소홀하다면 부모로서의 권리를 주장하기 어려울 수 있겠죠.	2	4	GENDER/SLUR/COMMUNITY	[아니노,거노, 자지놈, 이기] -> 남성 비하 멸칭 및 커뮤니티 희화화 말투 순화	남성
이거 하나 때문이라도 얘가 멍청한건 알겠음	이것만 봐도 이 사람이 생각이 부족하다는 건 알겠네요.	2	2	SLUR	[멍청한건] -> 인격 모독성 표현 순화	기타 혐오
24 나년 너년 쓰지마라이기	서로를 비하하는 호칭은 사용하지 맙시다.	2	2	COMMUNITY	[나년 너년, 이기] -> 여성 비하 호칭 및 커뮤니티 조롱 말투 순화	여성/가족, 기본값
이름부터 재수없다. 찾아보니 영어로 게샤 gesha 라고 불리기도 하는데 굳이 게이샤라고 수십번을 반복하나	명칭이 마음에 들지 않네요. 영문 표기인 게샤로 부를 수도 있는데 왜 굳이 특정 이미지가 떠오르는 이름을 반복하는지 모르겠습니다.	2	2	SLUR	[재수없다] -> 모욕적 감정 표현 순화	기타 혐오
캄보디아 강간충들은 돌림빵할때 74했냐?아님 다음 강간충 배려해서 배싸했냐?	(차단된 문장입니다)	1	5	SLUR/RACISM	[강간충, 돌림빵, 74, 배싸] -> 성폭행을 희화화하고 저속한 성적 용어와 국적 비하를 남용한 표현으로 차단	인종/국적, 기타 혐오
386 공산주의 운동권은 시위하면서 떼씹하고 다녔다며	과거 일부 운동권 세대들의 사생활이 문란했다는 소문을 들은 적이 있습니다.	2	3	SLUR/AGE	[떼씹] -> 저속한 성적 표현 순화	연령
애낳고 아줌마가되면 모든신경이 애새끼한테 집중되기때문에 주변시선생각할 새가없음	아이를 낳고 어머니가 되면 모든 관심이 자녀에게 쏠리기 때문에 주변의 시선을 의식하기가 쉽지 않습니다.	2	2	SLUR	[애새끼] -> 자녀 비하 표현 순화	연령, 여성/가족
부부 모두 구속시켜라. 미살인죄로다	부부 모두 구속시켜야 합니다. 미필적 고의에 의한 살인죄를 적용해야겠네요.	0	0	NORMAL	[무해] -> 사건에 대한 법적 처벌 의견	기본값
ㅇㅇ 짱깨들 걍 꺼져줬으면	맞아요, 중국인들이 좀 나갔으면 좋겠습니다.	2	3	RACISM	[짱깨] -> 인종 비하 멸칭 순화	인종/국적
이건 페북으로 본지 최소 반년은 지난거 같은데 일베오네	이건 SNS에서 본 지 한참 된 것 같은데 특정 커뮤니티에 다시 올라왔네요.	2	1	COMMUNITY	[일베] -> 커뮤니티 명칭 순화	기본값
한녀는 거르는게 답임	일부 한국 여성들과는 거리를 두는 것이 좋겠습니다.	2	3	GENDER/SLUR	[한녀] -> 여성 비하 멸칭 순화	여성/가족
좌파페미들..	특정 정치 성향을 가진 여성주의자들이네요.	2	1	NORMAL	[좌파페미] -> 낙인 성격의 용어 정비	여성/가족
충분히 모를수가 있다고 생각하는데?여행사를 이용해서 갔기 때문에 근데 아마 여행사측에서는 알고있었겠지참고로 저지역에서 성지순례를 하는개 아니라 이스라엘도 들어가는 길목이라고 하더라	충분히 모를수가 있다고 생각하는데?여행사를 이용해서 갔기 때문에 근데 아마 여행사측에서는 알고있었겠지참고로 저지역에서 성지순례를 하는개 아니라 이스라엘도 들어가는 길목이라고 하더라	0	0	NORMAL	[무해] -> 여행지 상황에 대한 추측	지역
아 실제로 몇년전에 숙식제공받는 댓가로 몸대주고 살림해주던 남자가 숙식제공자를 살해한 사건이 있었죵. ㅋㅋ	과거에 숙식을 제공받는 대가로 부적절한 관계를 유지하던 남성이 집주인을 살해한 사건이 실제로 있었습니다.	2	3	SLUR	[몸대주고] -> 저속한 성적 비유 순화	기타 혐오
친일청산 시즌2 찍노 ㅋㅋㅋㅋㅋ	친일 청산 논의가 다시 활발해지는 모양새네요.	2	2	COMMUNITY	[찍노] -> 커뮤니티 전용 말투 순화	기본값
관잦한남충 일일히 소추누르는 정성 지리노	일부 남성들이 일일이 낮은 점수를 주는 모습이 정말 대단하네요.	2	3	GENDER/SLUR/COMMUNITY	[관잦한남충, 소추, ~노] -> 남성 비하 멸칭 및 커뮤니티 은어 순화	남성
90년대 초반까지는 흔하게 쓰이던 말인데 어느순간 사라짐	90년대 초반까지는 흔하게 쓰이던 말인데 어느 순간 사라졌네요.	0	0	NORMAL	[무해] -> 언어 변화에 대한 일상적 관찰	기본값
22 다들 튈 준비하는건 아닌가싶다	맞아요, 다들 떠날 채비를 하는 것 아닌가 싶습니다.	0	0	NORMAL	[무해] -> 상황에 대한 일상적 동조	기본값
좀 귀찮더라도 자집애들은 저때부터 교육 철저히 시켜야하노	번거롭더라도 남자아이들은 어릴 때부터 교육을 잘 시켜야 합니다.	2	3	GENDER/SLUR/COMMUNITY	[자집애들, ~노] -> 남성 비하 멸칭 및 커뮤니티 말투 순화	남성
앞똥놈들 좆물로 소설쓰고 있노 현실은 부랄쪼그라들어서 보지 눈도 못쳐다보는 ㅈㅎㅌㅊ 좆놈들이ㅋㅋ	남성들이 말도 안 되는 상상을 하고 있네요. 현실에서는 여성들 앞에서 제대로 말도 못 하는 수준인 것 같은데요.	2	4	GENDER/SLUR/COMMUNITY	[앞똥놈들, 좆물, 좆놈들, ~노] -> 남성 비하 및 저속한 신체 표현, 욕설 순화	남성, 여성/가족
모른는게 자랑이다.요즘 뜸하다 했더니 또 기어나오네.	모르는 것이 결코 좋은 일이 아닙니다. 한동안 안 보이더니 다시 나타났네요.	2	3	SLUR	[기어나오네] -> 상대를 비하하는 동사 사용 순화	기타 혐오
이얘기 10 년 전으로 가서 우리 집사람 한테 좀 해줘라	이 이야기를 10년 전 우리 아내에게 직접 해주고 싶네요.	0	0	NORMAL	[무해] -> 과거에 대한 일상적 회상	기본값
개독교 교회가 무섭지 이슬람 사원이 무섭냐!	기독교 교회가 더 위협적으로 느껴지지, 이슬람 사원이 무섭겠습니까?	2	3	RELIGION	[개독교] -> 종교 비하 멸칭 순화	종교
퍄퍄퍄퍄퍄 물이 닿으면 찌릿! 하고 따끔따끔 하갯내요 ㅋ	우와, 물이 닿으면 정말 따끔거리겠네요.	2	2	SLUR	[퍄퍄퍄퍄퍄] -> 커뮤니티 전용 감탄사 순화	기본값
너 쟤한테 맞고 사는 급식 찐따아니냐	너 저 아이에게 괴롭힘당하는 학생은 아니지?	2	3	AGE/SLUR	[급식 찐따] -> 학생 비하 및 비속어 순화	연령
어그로가 또...	또 관심을 끌려는 사람이 나타났네요.	2	2	NORMAL	[어그로] -> 커뮤니티 은어를 정중히 순화	기타 혐오
꼰대들이 없어져야 성인지 감수성이 개선된다. 유치원에서부터 남녀가 다른거지 특정 성이 다른 성보다 우월하지 않다고 가르쳐야 한다.	고루한 사고방식을 가진 분들이 줄어들어야 성평등 인식이 개선될 것입니다. 유치원 때부터 양성평등 교육이 철저히 이루어져야 합니다.	2	2	AGE	[꼰대들] -> 특정 연령층 비하 멸칭 순화	연령
개슬람 버리고 그냥 적응하고 살려는거같아.다른 개슬람들보단 나은거같음..특히 딸인애들은 자유찾은거같아 왠지 흐뭇하노	이슬람 율법을 멀리하고 한국 사회에 적응하려는 모습이 보기 좋습니다. 특히 자녀들이 자유를 얻은 것 같아 다행이네요.	2	3	RELIGION/COMMUNITY	[개슬람, ~노] -> 종교 비하 멸칭 및 커뮤니티 말투 순화	종교
좆챙롬들 똥내를 숨길수없노 ㅋ 지가 어디서 보지들관심을 받아봤겠노 ㅋㅋㅋㅋ	한심한 남성들이 그들의 본성을 숨기지 못하네요. 평상시에 여성들에게 관심을 받아본 적이 없을 테니까요.	2	4	GENDER/SLUR/COMMUNITY	[좆챙롬들, 똥내, 보지들, ~노] -> 성별 비하 및 저속한 신체 부위 지칭 순화	남성, 여성/가족
대한민국에선 더이상 공사나 하교들어가려고 공부도 하지말고 대학도 필요없고 노력도 하지마라 그냥 대충 하교식당이나 톨게이트 등에 일하러 갔다가 민노총 가입해서 데모하고 투쟁하면 정규직되고 해외여행에 산으로 바다로 놀러 다니며 잘산다	대한민국에서는 더 이상 학업에 힘쓸 필요가 없어 보입니다. 그냥 현장 노동직으로 시작해서 노동 조합 활동만 열심히 해도 정규직이 되고 나은 삶을 살 수 있으니까요.	2	2	COMMUNITY	[하교] -> 오타 수정 및 특정 집단에 대한 냉소적 뉘앙스 정비	기타 혐오
부모가 저러니 자식이 저러지  집안대대로 저주가 있을텐데 어쩔라고	부모의 행실이 자녀에게 대물림되는 법인데, 집안의 앞날이 정말 걱정되네요.	2	3	SLUR	[저주] -> 타인의 불행을 바라는 표현 순화	기타 혐오
꺼져라 !!!!!	물러나십시오!	2	2	SLUR	[꺼져라] -> 무례한 어조 순화	기타 혐오
홍어들 쟤네들 강간할려다가 쳐맞음ㅊ쟤네들은 지네들이 원하는 섹스가 아니면 여전사 빙의해서 칼들고 설친다 홍어들 강간못함	특정 지역 사람들이 그들을 성적으로 가해하려다 실패했습니다. 그곳 사람들은 원치 않는 관계에 대해 매우 단호하게 대처하거든요.	2	4	REGIONAL/SLUR	[홍어들] -> 지역 비하 멸칭 순화	지역, 성폭력 언급
영국사람들 똑똑하지. 브렉트만봐도 알수있음 ㅇㅇ 미개 한국인과는 차원이다르	영국 사람들은 명석합니다. 브렉시트 사례만 봐도 알 수 있죠. 한국인들과는 확실히 다른 수준이네요.	2	3	RACISM/SLUR	[미개] -> 자국민 비하 및 멸칭 순화	인종/국적
역시 (주) 개독 !!!! 전도사가 청화대 차량으로 돌진 !!!! 이옴들은 단체로 미친 정신병자들!!!!!	역시 기독교 관련 단체들이 문제입니다. 전도사라는 사람이 청와대 차량으로 돌진하다니, 정말 제정신이 아니네요.	2	3	RELIGION/SLUR	[개독, 미친 정신병자들] -> 종교 비하 및 타인을 환자로 비하하는 표현 순화	종교
이게 한국의 현주소다. 동성애는 지지하지만 퀴어축제는 쪽팔린다.	한국의 현실입니다. 성소수자 자체는 이해하지만, 과한 방식의 거리 축제는 거부감이 듭니다.	2	2	LGBTQ	[쪽팔린다] -> 특정 집단의 문화 행사에 대한 비하적 표현 순화	성소수자
걔네는 그냥 틀딱들이랑 같음	그 사람들은 고집 센 어르신들과 다를 바 없습니다.	2	2	AGE/SLUR	[틀딱들] -> 노인 비하 멸칭 순화	연령
담정권때 사실로 판명되면 지금 여권대부분은 역적죄로 처형해야 한다	다음 정권에서 사실이 확인되면 현재 집권 여당 인사들은 엄중한 책임을 져야 합니다.	2	3	SLUR	[역적죄, 처형해야] -> 극단적인 물리적 폭력과 전근대적 형벌 언급 순화	기타 혐오
쌍도 깔땐 가만히있던 홍어새끼들이 전라도까니까 부리나케 달려옴 ㅋㅋㅋㅋㅋㅋ 니들은 더 까여야해 홍어새끼들아^^	다른 지역을 비난할 때는 침묵하던 특정 지역 사람들이 자신들을 비난하니 강하게 반발하네요. 당신들도 비판을 더 받아야 합니다.	2	4	REGIONAL/SLUR	[쌍도, 홍어새끼들] -> 지역 비하 멸칭 및 욕설 순화	지역
영원한 적은 없고 영원한 친구 또한 없다	영원한 적은 없고 영원한 친구 또한 없다	0	0	NORMAL	[무해] -> 일상적 격언	기본값
이길여같아	이길여님 같네요.	0	0	NORMAL	[무해] -> 인물에 대한 일상적 비유	기본값
참 미쳐도 곱게 미쳐라 이너마! 사내도 개집도아닌 것이 어쩌자는거냐~~	행동을 좀 점중히 하십시오. 남성인지 여성인지 모를 모호한 태도가 보기 좋지 않습니다.	2	3	LGBTQ/SLUR	[미쳐라, 이너마, 사내도 개집도아닌 것] -> 성소수자 비하 및 모욕적 표현 순화	성소수자
이교회 다니는 인간들은 도대체 뭐야	이 교회에 다니는 사람들은 대체 정체가 무엇인가요?	2	1	NORMAL	[인간들] -> 다소 무례한 지칭 순화	종교
독방 ㅇㅈ?	독방 인정합니까?	0	0	NORMAL	[무해] -> 단순 질문	기본값
ㅋㅋㅋㅋ 하지만 어쩌냐 반페미 보임 표 자꾸 줘야지 반페미 안하면 지지철회하고 매장하고 이러다 보면 언젠가 반페미 정치인이 나오것지 지금음 아예 없잖아	결국 여성주의에 반대하는 목소리를 내야 합니다. 그런 성향의 정치인이 나올 때까지 꾸준히 여론을 형성해야 하니까요.	2	2	GENDER	[매장하고] -> 과격한 사회적 배제 언급 순화	여성/가족
30대 초중반 애엄마 특징 젖골 안가려서 훔쳐보기 개꿀	(차단된 문장입니다)	1	5	GENDER/SLUR	[젖골 안가려서, 훔쳐보기 개꿀] -> 여성에 대한 성희롱 및 관음증적 행위를 미화한 것으로 차단	여성/가족
이춘식(98) 세뱃돈 줫다뺏어 추태	이춘식(98) 세뱃돈 줬다 뺏어 추태	0	0	NORMAL	[무해] -> 고령 인물과 관련된 사건 제목	연령
ㅋㅋㅋㅋㄹㅇ그라인더가보면 똥꼬충새끼들은 절대 페미니스트고 나발이고 걍 인종차별주의자 여혐종자 화이트트레쉬라는걸 알수 있노 근데 그런새끼들한테마저 버림받는 똥양똥꼬충ㅋ	성소수자 커뮤니티 애플리케이션을 보면 그들도 여러 편견을 가지고 있는 것 같아 씁쓸하네요. 특히 동양인 성소수자들이 겪는 소외감은 더 클 것 같습니다.	2	4	LGBTQ/SLUR/RACISM/COMMUNITY	[똥꼬충, 똥양, ~노] -> 성소수자 및 동양인 비하 멸칭 순화	성소수자, 인종/국적
목록에 워마드는 빠져있네요	목록에 특정 커뮤니티는 빠져 있네요.	2	1	NORMAL	[워마드] -> 커뮤니티 명칭 순화	기본값
호신 관련해서는 중국 영화 나오는 장쯔이 같은 무림의 고수를 늘 좋아했노 구체적인 롤모델 이미지가 있어도 좋겠다는 생각이 드노	호신술과 관련해서는 무협 영화에 나오는 고수들처럼 강인한 모습이 인상적이었습니다. 구체적인 롤모델이 있으면 좋겠네요.	2	2	COMMUNITY	[~노] -> 커뮤니티 희화화 말투 순화	기본값
못생김이 펄펄..	외모가 조금 아쉽네요..	2	2	SLUR	[못생김] -> 외모 비하 표현 순화	기타 혐오
민족배신자 처단했노 문구 라	민족 배신자를 처단했다는 문구네요.	2	2	COMMUNITY	[~노] -> 커뮤니티 말투 순화	기본값
개독이나 무슬람이나 씨발 둘다 병신들	기독교나 이슬람교나 정말 이해하기 힘든 태도를 보이네요. 둘 다 문제가 많아 보입니다.	2	3	RELIGION/SLUR	[개독, 무슬람, 씨발, 병신들] -> 종교 비하 및 욕설, 타인을 환자로 비항하는 표현 순화	종교
막상 글 보고 감동 먹어서 합류하는거 아니냐?	막상 글을 보고 감동해서 합류하는 것 아니냐는 생각이 드네요.	0	0	NORMAL	[무해] -> 상황에 대한 일상적 추측	기본값
인간들이거짖말을밥묵듯이하네	사람들이 거짓말을 너무 예사로 하네요.	2	2	SLUR	[거짓말을 밥먹듯이] -> 비관적인 일반화 표현 순화	기타 혐오
짱께놈들한테는 마오쩌둥 개새끼라고 하면 되는데이슬람 병신새끼들한텐 뭐라고 욕해야 효과적일까?	중국인들이나 이슬람교도들을 가장 불쾌하게 할 만한 말이 무엇일지 궁금하네요.	2	3	RACISM/RELIGION/SLUR	[짱깨, 개새끼, 병신새끼들] -> 인종/종교 비하 및 욕설 순화	인종/국적, 종교
그냥 짐승처럼 편하게 사세요 ㅋㅋㅋ	그냥 본능에 충실하게 편하게 사십시오.	2	2	SLUR	[짐승] -> 타인을 동물에 비유하여 비하한 표현 순화	기타 혐오
기획부동산영업이 뭐임?	기획부동산 영업이 무엇인가요?	0	0	NORMAL	[무해] -> 일상적 용어 질문	기용값
그리고 최근에 깨달은 점이 하나있는데 지금	그리고 최근에 깨달은 점이 하나 있는데 지금	0	0	NORMAL	[무해] -> 문장의 시작 부분	기본값
쌍도년 반갑노 이기이기 죽은 누나귀신 둘셋은 기본으로 붙은 개쌍도 좆놈 마 날도 더운데 시력재기하겠노 다 칼푹찍회쳐 낙태비빔밥에다 쓰까쓰까 비버버리자이기	(차단된 문장입니다)	1	5	REGIONAL/GENDER/SLUR/COMMUNITY	[쌍도년, 개쌍도 좆놈, 칼푹찍, 낙태비빔밥] -> 극단적인 지역/성별 혐오와 고인/낙태 사건을 조롱하는 반인륜적 표현으로 차단	지역, 남성, 여성/가족
기업이 탈호남을 한다면 탈호남을 하는 이유가 있겠지...	기업이 특정 지역을 떠난다면 그만한 이유가 있을 것입니다.	2	2	REGIONAL	[탈호남] -> 특정 지역 배제 뉘앙스를 정중히 순화	지역
다이아는 주은 아씨지	다이아는 주은 님이죠.	0	0	NORMAL	[무해] -> 연예인에 대한 호감 표현	기본값
그냥 나라 없애자	그냥 나라 없앱시다.	0	0	NORMAL	[무해] -> 상황에 대한 극단적이지만 일상적인 토로	기본값
의경은 총 안받지 않나??	의경은 총 안 받지 않나요??	0	0	NORMAL	[무해] -> 군/경 복무 관련 질문	기본값
뭘좀 아는구나	정말 잘 알고 있네요.	0	0	NORMAL	[무해] -> 일상적 칭찬	기본값
열등해서..남성호르몬 대리에만 간 머대리라서.	부족한 점이 많아서 그런 것 같네요. 신체적 특징에 전가하기보다는 본질을 봐야 합니다.	2	3	GENDER/SLUR	[열등해서, 머대리] -> 남성 원형 탈모 비하 및 모욕 순화	남성
여자 싱크로율 80%까지 재현해낼 수 있는 여장남자 있으면 솔직히 좀 꼴릴 거 같긴 하다 ㄹㅇ	여성과 매우 흡사하게 꾸민 남성을 보면 솔직히 매력을 느낄 것 같습니다.	2	3	LGBTQ/SLUR	[꼴릴] -> 저속한 성적 표현 순화	성소수자
여기서 용어만 살짝 바꾸면 일베아니냨ㅋㅋㅋㅋㅋㅋㅋㅋ	여기서 용어만 조금 바꾸면 특정 커뮤니티 반응과 비슷하겠네요.	2	1	NORMAL	[일베] -> 커뮤니티 명칙 순화	기본값
아새끼 애비는 살아있노? 저따위 키워서 문제인은 뭐하노 애새끼들 처리도 하나 못하고	아이의 아버지는 계십니까? 제대로 훈육하지 못한 책임이 크네요. 당국의 대처도 미흡해 보입니다.	2	4	SLUR/COMMUNITY	[아새끼, 애비, ~노, 문제인] -> 부모 및 정치인 비칭, 비속어 순화	남성, 기타 혐오
나는 웃기면서도 슬프다?	나는 웃기면서도 슬프네요.	0	0	NORMAL	[무해] -> 일상적 감정 표현	기본값
영어라 잘 모름	영어라 잘 모릅니다.	0	0	NORMAL	[무해] -> 사실 확인	기본값
저게 대답이노 고소해라이기	저런 게 대답인가요? 고소하시는 게 좋겠습니다.	2	2	COMMUNITY	[대답이노, 이기] -> 커뮤니티 전용 말투 순화	기본값
자신은 기존 정치인과 다르다고 하더니 지금까지 해왔던 것들이 그대로 답습하고 있군요. ㅉㅉㅉ	자신은 다를 것이라 공언하더니 행태는 이전과 다를 바 없어 실망스럽네요.	2	2	NORMAL	[ㅉㅉㅉ] -> 혀를 차는 소리를 정중히 정비	기본값
이 좆돼지놈들은 자지크기는 세계최하면서 비만률만 세계 최고수준 ㅋㅋ	비만도가 높은 남성들의 모습이 보기 좋지 않습니다. 여러 면에서 경쟁력이 부족해 보이네요.	2	4	GENDER/SLUR	[좆돼지, 자지크기] -> 외모 비하 및 남성 성기 비유 멸칭 순화	남성
마! 아직도 씹치년이 쳐다도안본다고 기를쓰고 보빨해대는 좆병신 호구새끼들 읍제? 보빨충쉑들 니들 미래담마! ㅋㅋㅋㅋ	아직도 여성들에게 환심을 사려고 과하게 노력하는 어리석은 사람들이 있습니까? 정신 차리십시오.	2	4	GENDER/SLUR	[씹치년, 보빨, 좆병신, 호구새끼들] -> 여성 및 남성 비하 멸칭과 욕설 순화	여성/가족, 남성
차별금지법의 내용을 모르는 사람이  너무 많아요~~ 내용을 모르니 뭐가 문제인지도 모르고  왜 반대하는지도 모르고 오히려 왜  반대하냐고 ...ㅜ	차별금지법에 대해 정확히 알지 못하는 분들이 많아 안타깝습니다. 쟁점을 제대로 알아야 건전한 논의가 가능할 텐데요.	0	0	NORMAL	[무해] -> 정책 숙지의 중요성 강조	기본값
신천지나 동성애자나... 그게 그거지..	특정 종교 집단이나 성소수자나 사회적으로 비판받는 점은 비슷해 보입니다.	2	3	LGBTQ/RELIGION	[그게 그거지] -> 성소수자를 사이비 종교와 동일시하며 비하하는 뉘앙스 순화	성소수자, 종교
시발년아 니년 국적인 한국! 자국민을 위해서 일해라	정말 화가 나네요. 본인의 국적을 생각해서 한국 국민들을 위해 일하십시오.	2	3	GENDER/SLUR	[시발년아, 니년] -> 여성 비하 욕설 및 호칭 순화	여성/가족, 인종/국적
사스가 인건비최악 임대료최저 머구답다ㅋㅋ	역시 소득과 물가 수준이 낮은 특정 지역답네요.	2	3	REGIONAL/SLUR	[사스가, 머구] -> 지역 비하 및 조롱 뉘앙스 순화	지역
자한당 정쟁의 끝은 어디인지.. 끝이 없군요	정당 간의 소모적인 정쟁이 끝없이 이어지고 있네요.	2	1	NORMAL	[자한당] -> 정당 명칭 약칭 정비	기본값
병신들 시발 ㅋㅋㅋㅋㅋ 진짜 여자는 30살부터 45살까지야 이때가 절정이고 페로몬 존나게 풍겨	어리석은 사람들, 여성이 가장 매력적인 시기는 30대에서 40대 중반입니다.	2	3	GENDER/SLUR	[병신들, 시발, 페로몬] -> 욕설 및 여성을 생물학적/성적 대상으로만 묘사한 표현 순화	여성/가족
성소수자도 정신병의일종이다 정신병환자들이 길거리에서 일반인들 보란듯이 정신병짓을하는것은 법으로 막아야한다	성소수자의 정체성은 일종의 질환으로 보이며, 이들이 공공장소에서 과시적으로 행동하는 것은 제재가 필요하다고 생각합니다.	2	3	LGBTQ	[정신병] -> 성소수자를 환자로 치부하는 표현 순화	성소수자
전라도 = 광주 = 인천 = 부산 = 대구 ㄹㅇㅍㅌ ㅂㅂㅂㄱ	전국 각 지역이 모두 비슷하다는 것이 팩트입니다.	0	0	NORMAL	[무해] -> 지역 평준화에 대한 개인적 견해	지역
 정말 안산은... 뭐라 해야하냐	정말 특정 도시의 분위기는... 말로 설명하기 어렵네요.	2	1	NORMAL	[안산] -> 맥락상 부정적 이미지 투영 순화	지역
보이루= 보겸+하이루 보겸이 패미 몇번 까고 고소하고 하다가 갑자기 페미중에 한사람이 보이루를 보x+하이루로 바꿔서 설명 페미들 이때다 싶어서 여혐단어쓰는 사람이라 공격 이게 더 정신나간거 아니냐?	특정 인사와 사상가들 사이의 단어 해석 논란이 있었죠. 단어의 본래 뜻을 왜곡하여 비난하는 것은 상식 밖의 행동으로 보입니다.	2	2	GENDER	[정신나간것] -> 비하적 어조 순화	여성/가족
디플로우 예전에 지디앤탑이랑 작업했던사람 아님?	디플로우 예전에 지디앤탑이랑 작업했던 사람 아닙니까?	0	0	NORMAL	[무해] -> 음악가 행보 질문	기본값
건물은 ㄱㅊ은데 도색이 븅신임	건물 구조는 괜찮은데 칠해진 색감이 정말 별로네요.	2	2	SLUR	[븅신임] -> 비속어 순화	기본값
틀딱새끼야 너나 경로당으로 꺼져일베는 모두의 것	무례한 어르신, 본인의 장소로 돌아가십시오. 커뮤니티는 젊은이들의 것입니다.	2	3	AGE/SLUR/COMMUNITY	[틀딱새끼, 꺼져, 일베] -> 노인 비하 및 커뮤니티 명칭 사용 순화	연령
씨발 ㅋㅋㅋㅋㅋㅋㅋㅋㅋㅋㅋㅋ	정말 어이가 없네요.	2	2	SLUR	[씨발] -> 욕설 순화	기본값
티키타카도 아니고 티카티카? 틀딱새끼들 짭바르셀로나 유학갔다왔냐 씨발놈아	단어 사용이 정확하지 않네요. 어르신들은 어디서 그런 이상한 용어를 배워오신 건가요? 정말 욕이 나올 정도네요.	2	3	AGE/SLUR	[틀딱새끼들, 씨발놈아] -> 노인 비하 및 욕설 순화	연령
이종인은 뭐하냐? 다이빙벨 들고 한강 가야지. 저긴 유속도 빠르지 않아서 금방 찾을 수 있다!조속히 진실을 인양하자!	관련 전문가가 적극적으로 나서 주었으면 좋겠네요. 여건도 나쁘지 않으니 속히 진실이 드러나길 바랍니다.	2	2	NORMAL	[다이빙벨] -> 과거 예민한 사건의 도구를 풍자적 맥락으로 사용한 점 정비	기본값
봊나 천국이네	정말 천국 같네요.	2	2	GENDER/SLUR	[봊나] -> 생식기 비유 여성 비하/강조 표현 순화	여성/가족
히틀러 같은 지도자가 나타나서 전라도 놈들 싸그리 모아서 다 화형시켜 버려야 함	(차단된 문장입니다)	1	5	REGIONAL/SLUR	[전라도 놈들 화형] -> 특정 지역민에 대한 집단 학살 선동 및 극단적 증오 표현으로 차단	지역
니 단톡에 있던 김치놈들이 소추 누르고 갔노 ㅋㅋㅋ숫자 딱맞노	당신의 단체 대화방에 있던 남성들이 낮은 점수를 주고 갔네요. 정말 절묘합니다.	2	3	GENDER/SLUR/COMMUNITY	[김치놈들, 소추, ~노] -> 자국 남성 비하 멸칭 및 은어 순화	남성
저래서 똥꼬충들은 뒤질때까지 물고뜯어야된다 이기야 보지들이 고생고생해서 인권 올려놓으면 저 새끼들이 다 후퇴시키노 젠신도 마찬가지 병신 장애좆새끼들	(차단된 문장입니다)	1	5	LGBTQ/GENDER/SLUR/COMMUNITY	[똥꼬충들 뒤질때까지, 젠신, 장애좆새끼들] -> 성소수자 및 여성에 대한 극단적 비하와 물리적 폭력 저주로 차단	성소수자, 여성/가족
저거 보지들임	저 사람들은 여성들입니다.	2	2	GENDER/SLUR	[보지들] -> 생식기 비유 여성 비하 멸칭 순화	여성/가족
블로그 폭로녀 졸라 이쁘노 .	블로그를 통해 폭로한 여성분이 정말 아름다우시네요.	2	2	SLUR/COMMUNITY	[졸라, ~노] -> 비속어 및 커뮤니티 말투 순화	여성/가족
착한 팀킬 ^오^	착한 팀킬이네요.	0	0	NORMAL	[무해] -> 게임 상황에 대한 일상적 반응	기본값
다른곳에 잘못 흘러가는 세금이나 잡으세요. 좋은일하는분들한테 더 주지는 못할망정!!애하나 하루 키우기도 힘들다!	다른 곳에 낭비되는 세금을 제대로 관리해 주세요. 아이를 키우는 가정에 실질적인 도움이 필요한 상황입니다.	0	0	NORMAL	[무해] -> 예산 집행에 대한 비판 및 육아 고충 토로	기본값
부럽노 익이 하웜가? ㅋㅋㅋㅋㅋ 봊나게 부럽다 익이	정말 부럽네요. 매우 부러운 상황입니다.	2	3	GENDER/SLUR/COMMUNITY	[부럽노, 익이, 하웜가, 봊나게] -> 특정 커뮤니티 용어 및 여성 신체 비유 멸칭 순화	기본값
워추. 아기전사들이 빻남문학보고 자라게할수없노	동의합니다. 우리 아이들은 저질스러운 콘텐츠로부터 보호받아야 합니다.	2	3	GENDER/SLUR/COMMUNITY	[워추, 빻남, ~노] -> 성별 비하 및 커뮤니티 은어 순화	남성
응 힘내 ㄹㅇ 타격감 ㅆㅅㅌㅊ다 이기야ㅋㅋㅋㅋㅋ	그래요, 힘내세요. 정말 강력한 반응이네요.	2	2	COMMUNITY	[ㅆㅅㅌㅊ, 이기야] -> 커뮤니티 전용 말투 순화	기본값
태어난 아기는 진짜 혼란스럽겠다	태어난 아기는 정말 혼동을 겪을 것 같네요.	0	0	NORMAL	[무해] -> 상황에 대한 일상적 우려	연령
안녕~ 다음생에는 찐따로 태어나거라~	잘 가세요, 다음 생에는 조금 더 평범한 삶을 사시길 바랍니다.	2	3	SLUR	[찐따] -> 상대를 비하하여 지칭하는 용어 순화	기타 혐오
어떻게 먹으면 45분 동안 급하게 먹냐? ㅋㅋㅋㅋㅋㅋㅋ특별한 곳도 아닌거 같은데 45분동안 밥먹는 사람이 식당 손님 걱정해주면 터질만 하겠네 ㅋㅋㅋ	어떻게 45분 동안이나 급하게 식사를 하나요? 평범한 식당에서 그 정도면 충분한 시간일 텐데 식당 측 입장도 이해가 가네요.	0	0	NORMAL	[무해] -> 식사 상황에 대한 개인적 견해	기본값
교회 이집단을 이제 없애 버려야 한다.. 사기군들이 일도 안하고 남한테 사기쳐서 벌어 먹고 사는 정말로 사기꾼 집단이다. 병이나 옮기고 여러사람한테 말도 안되는 썰을 푸는 데 이런 집단은 이제 퇴출해야 한다..	일부 부적절한 종교 집단에 대한 강력한 제재가 필요합니다. 신뢰를 저버리고 사회에 해를 끼치는 행위는 용납될 수 없으며, 단호한 대응이 있어야 한다고 봅니다.	2	3	RELIGION/SLUR	[사기군, 사기꾼 집단, 썰] -> 종교 비하 및 타인 모독 표현 순화	종교
일베의 짤방은 선동 완료인듯. 홍어들 대다나다.	특정 커뮤니티의 이미지가 선동에 넘어간 것 같네요. 반대 성향 사람들의 영향력이 대단합니다.	2	3	REGIONAL/SLUR/COMMUNITY	[일베, 홍어들] -> 특정 커뮤니티 명칭 및 지역 비하 멸칭 순화	지역
똥꼬충, 좌좀빨갱이, 좆족, 똥남아, 486노조, 김치년, 전라도 한국 7대죄악	성소수자, 특정 정치 성향, 외국인 노동자 및 특정 계층과 지역에 대한 극단적인 편견이 우리 사회의 갈등을 키우고 있습니다.	2	4	RACISM/GENDER/LGBTQ/SLUR	[똥꼬충, 좌좀빨갱이, 좆족, 똥남아, 김치년, 전라도] -> 사회 각계각층에 대한 혐오 멸칭 대거 사용 순화	성소수자, 기타 혐오, 인종/국적, 여성/가족, 지역
울 엄마들 뭐하고 있노. 여자 편드나. 실제로 Hell조선은 북조선왕국이다. 거긴 이런 하소연도 천국얘기다	어머니들은 어떤 입장이신가요? 상황이 정말 좋지 않네요. 북한의 인권 실물에 비하면 이곳의 불만은 호강이나 다름없습니다.	2	3	RACISM/SLUR/COMMUNITY	[~노, Hell조선] -> 자국 비하 및 커뮤니티 말투 순화	인종/국적, 여성/가족
근데 진짜다.혈통주의 완화 검색해봐라.애만 낳으면 전부 대한민국 국적 주는거 이미 추진 중.	실제로 혈통주의 완화 정책이 추진 중입니다. 출생에 따라 국적을 부여하는 논의가 진행되고 있네요.	0	0	NORMAL	[무해] -> 정책 추진 상황에 대한 사실 공유	인종/국적
보지에 썩은내 존나 나서 파리가 알까가는 지경까지온 씨팔 버러지년저년이 낳은 구더기새끼도 같이 밟아 죽여야함	(차단된 문장입니다)	1	5	GENDER/SLUR	[썩은내, 버러지년, 구더기새끼, 밟아 죽여야함] -> 여성에 대한 극단적인 성적 비하 및 영유아 살해 협박으로 차단	여성/가족, 연령
지금 법 제정하려는 차별금지법은 개인의 자유까지 침범하려는 악법 중의 악법이잖아요... 절대 안돼 정말...	현재 논의 중인 차별금지법은 개인의 자유를 억압할 우려가 있어 보입니다. 저는 제정에 반대하는 입장입니다.	0	0	NORMAL	[무해] -> 정책에 대한 합리적인 비판 및 반대 의사	기본값
엄마가 39고 아들이 20이라	어머니가 39세이고 아들이 20세인가 보네요.	0	0	NORMAL	[무해] -> 나이 관계에 대한 단순 관찰	연령, 여성/가족
개독이 개독했을뿐이네요 ㅎㅎ 흔한 개독의 일상생활임 개독은 원래 민폐가 종특	일부 기독교인들이 또 무책임한 행동을 했네요. 그들의 민폐 행위가 반복되는 것 같아 실망스럽습니다.	2	3	RELIGION	[개독, 종특] -> 종교 비하 멸칭 순화	종교
아 씨발 저새끼들 다 죽여 버리고 싶다. 가뜩이나 여자 짱짱맨으로 변하는 것도 짜증나 죽겠는데 똥꼬충 까지 나오면 씨발 안본다	(차단된 문장입니다)	1	5	LGBTQ/SLUR	[다 죽여 버리고 싶다, 똥꼬충] -> 특정 집단에 대한 살해 협박 및 성소수자 비하 멸칭으로 차단	성소수자, 여성/가족
좆돌은 여혐 페이강간 그냥강간논란 아이돌은 페미서적 읽었다고 페미문구 케이스하나 꼈다고 논란ㅋㅋㅋㅋㅋㅋ이중좆대가 이정도인데 못 알아처먹는 것들은 대체 어떤 생각으로 사냐	남성 아이돌의 비윤리적 행위는 관대하게 보면서, 여성 아이돌의 소신 있는 행동에는 유독 엄격한 잣대를 대는 것이 모순이라고 생각합니다. 정말 답답하네요.	2	3	GENDER/SLUR	[좆돌, 이중좆대, 처먹는] -> 아이돌 및 남성 비하 표현, 비속어 순화	남성, 여성/가족
버닝썬vip룸에서 약먹이고 성폭행한 가해자는 수사한다는말이 아예없네 쓸데없는 연예인만 잡냐! 공수처설치해서 수사권과기소권으로 고위공직자범죄도 처벌하라	버닝썬 사건의 핵심 가해자들에 대한 수사가 미진해 보입니다. 고위직 범죄를 철저히 단죄할 수 있는 체계적인 수사가 필요합니다.	0	0	NORMAL	[무해] -> 특정 사건 수사에 대한 비판 및 대안 제시	기본값
ㅋㅋㅋㅋㅋㅋㅋ이게맞지 여대에 남자가우찌학교를다닐려그러노??	맞습니다, 여성 전용 대학교에 남성이 입학하는 것은 상식적으로 맞지 않죠.	2	1	COMMUNITY	[~노] -> 커뮤니티 희화화 말투 순화	기본값
음...젠더가 나쁜건아닌데 굳이 여대? ㅜ 여대면 너무 편하게 생각될것같은데 편견있는 사람들은 속는기분? 기숙사라던지 친구들과 여행이라던지 등등 여대라 편하게 생각할 학우들에게는 좀 실례아닌가 입학후 난 트렌스젠더야! 라고 알리고 다닐것 아니면 좀 ...	성소수자 정체성 자체가 문제는 아니지만, 여성들만의 공간인 여대 입학은 다른 학생들에게 당혹감을 줄 수 있다고 봅니다. 공간의 취지를 고려할 때 신중할 필요가 있겠네요.	0	0	NORMAL	[무해] -> 성소수자 입학에 대한 합리적인 우려 제기	성소수자, 여성/가족
오묘메 미친뇬들^^; 까벗겨도 뭐없는 뇬들이 꼭 즈지랄이야 미친 ㅋㅋ 박원순인 저게 뭐 대단한 축제라구 저걸 지지한대 말만 하지말구 퍼레이드 트럭이나 좀 바까바바봉고가 웬 지랄이야 증말 ^^;	세상에, 정말 이해할 수 없는 행동들이네요. 당당하지 못한 모습을 보이면서 소동만 피우는 모양새가 보기 좋지 않습니다. 축제를 지지하는 입장도 실무적인 개선부터 해야 하지 않을까요.	2	4	GENDER/SLUR	[미친뇬, 뇬들이, 지랄] -> 여성 비하 및 모욕적 표현 순화	여성/가족, 기타 혐오
심심치 않게 함다,잡아서 대가리 바셔버려야 함	자주 발생하는 일입니다. 단호하게 대처해야 합니다.	2	3	SLUR	[대가리 바셔버려야] -> 인체 부위 비하 및 폭력적 언사 순화	기타 혐오
섹스해봄?	그런 경험이 있으신가요?	2	1	NORMAL	[섹스해봄] -> 맥락에 따라 무례하거나 성희롱이 될 수 있는 직접적 표현 순화	기본값
폴란드 걸레가 김치국 머스마 먹으러 오는겨?ㅋㅋㅋ	해외 여성이 한국 남성과 교류하기 위해 입국하는 것인가요?	2	3	GENDER/RACISM/SLUR	[걸레, 김치국, 머스마, 먹으러] -> 여성/인종 비하 및 저속한 비유 순화	여성/가족, 인종/국적, 남성
귓방맹이 털어버려야지 가만히 있냐	단호하게 혼내주지 않고 가만히 계셨나요?	2	2	SLUR	[귓방맹이 털어버려야지] -> 신체 가해 언급 및 비속어 순화	기본값
확실히 파키스탄 이쪽 애들은 노예로 써야함.. 폐급임	특정 국가 사람들은 우리와 맞지 않는 면이 많은 것 같습니다. 그들의 능력을 낮게 평가하게 되네요.	2	4	RACISM/SLUR	[노예, 폐급] -> 인종을 도구화하거나 물건에 비유하여 비하한 표현 순화	인종/국적
그럼, 계속 재혼하면 신혼이 계속 유지 되겠네...	그럼, 계속 재혼하면 신혼이 계속 유지 되겠네요...	0	0	NORMAL	[무해] -> 상황에 대한 일상적 농담	기본값
개슬람 좆논리갑외국인이라도 우리나라오면 개슬람 따라야한다하지만, 우리가 외국에 나가면 개슬람문화 지켜야한다???진짜 개애미디진 논리중에 갑이라 생각함	이슬람교의 교리가 상황에 따라 자의적으로 해석되는 것처럼 보여 당황스럽습니다. 우리 문화를 존중하지 않으면서 자신들의 방식만 고집하는 태도는 정말 이해하기 어렵네요.	2	4	RELIGION/SLUR	[개슬람, 좆논리, 개애미디진] -> 종교 비하 및 패륜적 욕설 순화	종교
어차피 범죄는 오덕들이 저지르는게 아니라 누구든 될수 있는거고 대체로 잘나갔던 연예인들인거보면 뭐... 답은 나와있는듯. 어린애들이랑 광란의 파티를 보내던 잡것들.. 이번에 일본 야구단도 한바탕했던데	범죄의 가해자는 특정 집단에 국한되지 않습니다. 사회적으로 성공한 인물들이 보여준 무책임한 행태가 정말 실망스럽네요.	2	2	SLUR	[오덕, 잡것들] -> 특정 집단 비하 및 모욕적 지칭 순화	연령, 기타 혐오
남성도 태아초기에는 전부 여성인데 남성이 여성일 때의 기질을 버리는 게 쉽지 않지.	생물학적으로 남성도 태아기에는 여성과 구분이 모호한 시기가 있다고 하죠. 그런 기저의 특성을 완전히 떨쳐내는 게 쉽지 않나 봅니다.	0	0	NORMAL	[무해] -> 생물학적 사실에 기반한 일상적 견해	남성
한고남추 관음 사실이었노 개소름 자들자들해서 로긴 댓글까지 남긴거보소. 멘탈 죨러 약함 재네	한국 남성들의 관음 행태가 사실이었네요. 당황해서 적극적으로 반박하는 모습이 오히려 나약해 보입니다.	2	3	GENDER/SLUR/COMMUNITY	[한고남추, ~노, 자들자들, 죨러] -> 남성 비하 멸칭 및 비속어, 조롱 말투 순화	남성
아빠가 부처네 나같으면 머리 다 태워버렸음	아버지가 정말 인내심이 좋으시네요. 저였다면 정말 크게 화를 냈을 것입니다.	2	2	SLUR	[머리 다 태워버렸음] -> 과격한 체벌 및 학대 묘사 순화	기타 혐오
리더십 좋아하시네.	리더십이라니 말도 안 됩니다.	0	0	NORMAL	[무해] -> 인물의 자질에 대한 일상적 비판	기본값
잘못된 신념이 얼마나 무서운 지를 보여주는 사건임	잘못된 신념이 얼마나 무서운지를 보여주는 사건이네요.	0	0	NORMAL	[무해] -> 사건에 대한 상식적 고찰	기본값
사람답게 좀 살자~~	사람답게 좀 삽시다!	0	0	NORMAL	[무해] -> 도덕적 삶에 대한 일상적 권유	기본값
아주 보편적이고 정상적인 내용이 기사화 된다는 것 자체가~ 많이 서글프네요! 믿음, 소망, 사랑 중에 제일은 사랑입니다^^	아주 보편적이고 정상적인 내용이 기사화된다는 것 자체가 안타깝네요. 우리 사회에 사랑이 더 가득했으면 좋겠습니다.	0	0	NORMAL	[무해] -> 보편적 가치에 대한 긍정	기본값
근데 남한에서 북한을 이상적으로 생각하는 사람이 있냐 ㅋㅋ다 똥 걸레 취급하지좌파들도 이상적으로는 생각안할듯	한국에서 북한을 동경하는 사람이 실제로 있을까요? 대부분은 부정적으로 생각할 것이고, 특정 진영에서도 비현실적으로 보겠죠.	2	3	SLUR	[똥 걸레] -> 극단적으로 저속한 지칭 순화	인종/국적, 기타 혐오
남자 저정도 외모면 북한에서 ㅆㅅㅌㅊ아니냐? 국적세탁하면 김치녀도 따먹을 클라스아니냐??	남성의 외모가 상당히 뛰어납니다. 한국에서도 충분히 눈길을 끌 만한 수준 아닌가요?	2	4	GENDER/SLUR/RACISM	[ㅆㅅㅌㅊ, 국적세탁, 김치녀, 따먹을] -> 성별/국적 비하 및 저속한 성적 표현 순화	남성, 인종/국적, 여성/가족
ㄹㅇ20대남자들 그냥 독박징병 당하는게 맞는거같기도 함 자유, 평등을 누릴 자격이 없는거같다 너무 답답하고 한심하게 행동하잖아 내가 예전부터 여성징병 꾸준히 주장해왔지만 한남들 노예자랑 보면서 점점 회의감이 생긴다	젊은 남성들의 병역 의무 이행과 관련된 갈등이 안타깝네요. 권리와 의무 사이에서 진지하게 고민하기보다 상황을 비하하며 서로를 깎아내리는 모습이 실망스럽습니다.	2	3	GENDER/SLUR	[독박징병, 한남들, 노예자랑] -> 성별 비하 및 의무 이행에 대한 조롱 뉘앙스 순화	남성
민주화수 시발 ㅋ	정말 기분 나쁘네요.	2	3	SLUR/COMMUNITY	[민주화수, 시발] -> 특정 단어의 부정적 커뮤니티 활용 및 욕설 순화	기타 혐오
군댜에서 성소수자는 아니되죠.	군대 내 성소수자 관련 사안은 반대하는 입장입니다.	0	0	NORMAL	[무해] -> 국방 사안에 대한 개인적 반대 의견	성소수자
ㅇㄱㄱㅆㄹㅇ이노..후팔 사이 안좋은 자댕이 새끼 하나 있었는데 그 회사내에서도 왕따였노 일때문에 어쩔 수 없이 말 걸어줬더니 지한테 관심있는줄 알더노... 진짜 한남들 거울 좀 보고 한강이나 가라 좆팔	(차단된 문장입니다)	1	5	GENDER/SLUR/COMMUNITY	[후팔, 자댕이, 한남들, 한강이나 가라, 좆팔] -> 남성에 대한 극단적 비하 멸칭 및 자살을 종용하는 혐오 표현으로 차단	남성
일부다처제 해서 부인들끼리 합심으로 죽이면 재밌겠노 ㅋㅋㅋㅋ완전범죄 가능할거같다고 보노 하용가?	(차단된 문장입니다)	1	5	SLUR/COMMUNITY	[합심으로 죽이면 재밌겠노, 하용가] -> 살해 모의를 희화화하고 특정 커뮤니티 혐오 밈을 사용한 것으로 차단	기타 혐오
뭔내용임?	무슨 내용인가요?	0	0	NORMAL	[무해] -> 정보 요청	기본값
니 좆대로 감상 붙이지 마라개발자들은 본인들이 만들어준게임 재밌게 즐겨주는거보면 존나 좋아할텐데더구나 병신같은 유교사상 찌든 조선인과는 다를텐데뭘 썩은표정을지어 병신아	멋대로 판단하지 마십시오. 콘텐츠를 즐기는 모습은 제작자에게도 기쁨일 것입니다. 고루한 사고방식에서 벗어나 자유롭게 생각했으면 좋겠네요. 욕설은 삼가십시오.	2	3	SLUR/RACISM	[니 좆대로, 짠나, 병신같은, 조선인, 병신아] -> 인격 모독, 욕설 및 민족 비하 순화	인종/국적, 기타 혐오
외국포르노 사이트는 검색어로 강간을 금지어로 막고있는데; 진심 토나온다이기	해외 성인물 사이트의 정책을 보니 우리 사회의 인식 차이가 느껴져 정말 당혹스럽네요.	2	2	SLUR/COMMUNITY	[토나온다, 이기] -> 감정적인 비속어 및 커뮤니티 말투 순화	기본값
아니 36주가 되도록 임신사실을 몰랐다고?ㅋㅋㅋ뱃속에서 태동도 느꼈을테고 배때지도 처불렀을텐데 그게 변명이라고 씨부리는건지 저아이가 커서 이사실을 안다면 얼마나 좌절스러울까 피임을해라 이.미.치인.련아	상당기간 임신 사실을 몰랐다는 주장이 이해되지 않습니다. 아이의 미래를 생각할 때 너무나 무책임한 처사라고 보이며, 이런 상황 자체가 매우 실망스럽네요.	2	3	GENDER/SLUR	[배때지, 처불렀을, 씨부리는, 이.미.치인.련아] -> 여성 비하 욕설 및 저속한 신체 표현 순화	여성/가족, 연령
나만그러냐 못생기거나 씹돼지년이 말걸면 ㅈㄴ기분엿같애짐 혹여나 이성적으로 보이지 않으려고 네 아니오 만 말한다 못생긴년이 조금이라도 감정생기면 개좃같을거같다	혐오감이 느껴지는 상대가 말을 걸면 차갑게 대하게 되네요. 그들에게 조금이라도 호감이 생기는 상황이 오지 않았으면 좋겠습니다.	2	4	GENDER/SLUR	[씹돼지년, ㅈㄴ, 못생긴년, 개좃같을] -> 외모/여성 비하 멸칭 및 욕설 순화	여성/가족, 기타 혐오
수술로 자궁 적출한 여성이 남성이 되는 게 아닌것은 당연한데 왜 냄져가 고자되면 여자취급을 해줘야하노? 흑좆나 웃기노ㅋㅋㅋㅋ다 죽여버려야한다 이기	(차단된 문장입니다)	1	5	LGBTQ/GENDER/SLUR/COMMUNITY	[냄져, 고자, 흑좆나, 다 죽여버려야한다] -> 신체 및 정체성 비하, 살해 협박으로 차단	성소수자, 남성
일베의 여신이라고 했다가 고소당했지만 이유없음으로 기각되었던 적 있네요. 담당 형사가 일베라는 말이 모욕적이지 않냐고 엮을려고 노력했지만. 해당 기사까지 뽑아가서 보여주고 당당히 이유없음 받았던 기억이 나네요.	특정 커뮤니티 관련 지칭으로 법적 공방이 있었지만 무혐의 처분을 받았던 기억이 납니다. 수사 과정에서 어려움이 있었으나 논리적으로 잘 대응했었죠.	2	1	NORMAL	[일베] -> 특정 커뮤니티 지칭을 문맥에 따라 정명	기본값
ㅋㅋㅋㅋㅋㅋㅋㅋㅋㅋㅋ피식했다	정말 재미있네요.	2	1	NORMAL	[ㅋㅋㅋㅋㅋㅋㅋㅋ] -> 과도한 웃음 표현 정제	기본값
어지간하다 ㅎㅎ 적당히 하자	어지간하다 ㅎㅎ 적당히 합시다.	0	0	NORMAL	[무해] -> 상황에 대한 일상적 반응	기본값
솔까 국적을 포기할 자유를 주는 남한은 대단하다	국적 선택의 자유가 보장되는 대한민국의 체제는 정말 훌륭합니다.	2	1	NORMAL	[솔까, 남한] -> 비속어 및 국호 지칭 정명	인종/국적
그래도 지잡ㄷㅐ 나온 년 보다는 이대 나온년 따먹고 싶다 이기	(차단된 문장입니다)	1	5	GENDER/SLUR/COMMUNITY	[년, 따먹고 싶다, 이기] -> 학력 비하, 여성 비하 멸칭 및 성희롱 표현으로 차단	여성/가족
사람없어서 군복무 늘어날 판에 지랄하고 있네	병력 자원 부족으로 군 복무 기간 우려가 있는 상황인데, 부적절한 언행을 하는군요.	2	3	SLUR	[지랄] -> 욕설 순화	기본값
퀴어축제반대..소수인권도 중요하지만 미래자녀들를 위해 올바른방향으로 가는것것이 다중요하다.	축제 방식에 반대합니다. 소수자의 권리도 소중하지만, 자녀 세대의 정서 교육을 고려한 신중한 방향 설정이 더 중요하다고 봅니다.	2	1	LGBTQ	[퀴어축제반대] -> 정책적 반대 의견을 정중히 순화	성소수자
진짜 노짱 죽은거 맞어?	특정 인물의 사망 사실이 여전히 의문스럽나요?	2	2	COMMUNITY	[노짱] -> 고인에 대한 특정 커뮤니티 비칭 순화	기본값
진짜 잘 찍어야해 미쳐 돌아가는구나 진짜. 낙태는 명백한 살인이야 정신차려	투표를 정말 잘해야겠습니다. 사회 분위기가 염려스럽네요. 생명 윤리의 관점에서 낙태는 심각한 문제임을 자각해야 합니다.	2	2	NORMAL	[미쳐 돌아가는구나] -> 과격한 감정적 표현 순화	여성/가족, 기본값
여자한테 인정받는것보다 냄져들한테 인정받길 원함=잠재적 똥꼬충,후장섹스선망	여성의 인정보다 남성들의 사회적 평가에 집착하는 모습이 마치 다른 성적 지향을 가진 사람들처럼 보이기도 합니다.	2	4	LGBTQ/GENDER/SLUR	[냄져, 똥꼬충, 후장섹스선망] -> 남성 및 성소수자 비하 멸칭, 저속한 성적 표현 순화	성소수자, 남성
아니 애초에 염색체가 다른데 감히 냄져가 여자가 될라노 하노 이와중에 비수술 트렌스젠더 레즈비언같운 개똥같은 소리하노	생물학적 한계에도 불구하고 성 정체성을 바꾸려 하거나, 이해하기 어려운 복합적인 정체성을 주장하는 것이 상식 밖의 소리로 들립니다.	2	3	LGBTQ/GENDER/SLUR/COMMUNITY	[냄져, 개똥같은, ~노] -> 남성 및 성소수자 비칭, 욕설 순화	성소수자, 남성
네들은 됐고 난민 로린이만 데리고 오고 싶다 일게이들한테 하나씩 나눠주면 맛있는것도 먹여가면서 잘키울건데	(차단된 문장입니다)	1	5	AGE/RACISM/SLUR/COMMUNITY	[로린이, 하나씩 나눠주면, 일게이] -> 소아에 대한 성적 대상화 멸칭 및 인신 매매적 비유로 차단	연령, 인종/국적
오냐오냐해주니까 활어회마냥 팔딱팔딱 뛰노	너무 관대하게 대해주니 더욱 과격하게 반응하는군요.	2	2	COMMUNITY	[~노] -> 커뮤니티 조롱 말투 순화	기본값
미성년자 건들더니 꼴좋다 ㅋㅋ	미성년자를 대상으로 범죄를 저지르더니 비참한 결과를 맞이했네요.	2	2	NORMAL	[건들더니, 꼴좋다] -> 사건에 대한 비속어 뉘앙스 정비	연령, 기타 혐오
ㅋㅋㅋ 나 코필러 맞앗는데 시밬ㅋㅋ 죄냐	저도 코 필러 시술을 받았는데, 그게 잘못된 일은 아니지 않습니까?	2	2	SLUR	[시바] -> 욕설 순화	기본값
후팔이건 생각못했노	세상에, 이건 전혀 예상하지 못했네요.	2	3	SLUR/COMMUNITY	[후팔, ~노] -> 욕설 및 커뮤니티 전용 말투 순화	기본값
기혼 랟펨이라니 뜨거운 아이스아메리카노 뭐 그런 거노?	결혼한 여성주의자라니 정말 모순적인 조합이네요.	2	1	GENDER/COMMUNITY	[랟펨, ~노] -> 사상 비하성 약어 및 말투 순화	여성/가족
처먹기 싫으면 비건이나 해라 ㅋㅋㅋ	먹기 싫으면 채식을 권해드립니다.	2	2	SLUR	[처먹기] -> 무례한 어조 순화	기타 혐오
레즈비언은 봐준다근데 게이들은 다 항문 찢어 죽여야 한다고 생각한다오래된 생각이다	(차단된 문장입니다)	1	5	LGBTQ/SLUR	[찢어 죽여야] -> 성소수자에 대한 잔인한 물리적 위해 및 살해 선동으로 차단	성소수자
페미니즘은 정신병이지	특정 여성주의 사상은 정신 질환과 다를 바 없어 보입니다.	2	3	GENDER/SLUR	[정신병] -> 사상 지지자를 환자로 비하하는 표현 순화	여성/가족, 기타 혐오
단지 한녀라는 이유만으로 절대 처벌 안받음 아예 수사조차 안할듯	단지 한국 여성이라는 이유로 조사가 제대로 이루어지지 않고 처벌을 면할 것 같아 우려스럽네요.	2	3	GENDER/SLUR	[한녀] -> 여성 비하 멸칭 순화	여성/가족
0렙 보존 RG?	활동 내역을 깨끗하게 유지해야 한다는 거 아시죠?	2	1	COMMUNITY	[0렙, RG] -> 커뮤니티 전용 용어 순화	기본값
야 시발 급식충들도 놀게 좀 냅둬	상황이 좋지 않네요. 학생들도 자유롭게 쉴 수 있게 해주십시오.	2	3	AGE/SLUR	[시발, 급식충] -> 욕설 및 학생 비하 멸칭 순화	연령
광주는 광주다.Kwang-ju is what Kwang-ju is광주는 총기를 들고 일어난 하나의 ㅍㄷ 이야.	특정 지역의 역사가 가지는 성격에 대해 언급하고 계시네요.	2	3	REGIONAL/SLUR	[ㅍㄷ] -> 지역 사건을 비하하는 멸칭 기호화 순화	지역
479 아까 워마드 이미지가 페미니즘 망칠까 고민하는 글이 올라왔노. 내가 패니까 빛삭해버렸노. 그래서 내 글제목도 수정하노.	특정 집단의 이미지가 운동 전체에 끼칠 영향에 대한 논의가 있었군요. 제 주장이 강했는지 상대가 게시물을 지웠네요.	2	2	COMMUNITY	[워마드, 패니까, ~노] -> 커뮤니티 명칭 및 조공 말투 순화	기본값
이정부는 이게한계야 ㅋ 여성을아래로보면서 지들은 그위에서 굴림하려는 개수작질~~대깨문은 그래도 좋다고할듯ㅋㅋ	현 정부의 여성 정책이 기만적이라고 생각합니다. 그럼에도 무조건적인 지지자들의 태도가 한심해 보이네요.	2	4	SLUR	[개수작질, 대깨문] -> 정책 비하 및 정치적 지지자 비하 멸칭 순화	기타 혐오
참 ...가지가지한다. 한가하냐?	정말 여러 가지 하네요. 많이 여유로우신가 봅니다.	2	1	NORMAL	[가지가지한다] -> 비아냥 뉘앙스 정비	기본값
맨 밑댓 새끼 똥냐인 거 들켜서 자들자들ㅋㅋㅋㅋ	마지막 댓글 쓴 사람이 본성을 들키자 당황해서 어쩔 줄 몰라 하는 군요.	2	3	LGBTQ/GENDER/SLUR	[새끼, 똥냐, 자들자들] -> 성별/성소수자 비하 멸칭 및 조롱 말투 순화	성소수자, 남성
그냥 다들 순교나 해 버리지 뭐하러 살아돌아왔어 ㅠ	그냥 그곳에서 숭고한 결말을 맞이하는 편이 나았을 것 같은데, 돌아온 것이 아쉽네요.	2	3	RELIGION	[순교나 해 버리지] -> 타인의 안위를 고려하지 않는 과격한 주장을 완곡히 순화	종교
조선족 씨발년아 니가 박근혜가 어떻든 뭔 상관인데 좆같은 여진족새끼야?니네 나라 모택동 시진핑이나 신경써 좆같은 새끼야	조선족들, 당신과 상관없는 한국 정치에 관여하지 마십시오. 당신들의 국가 문제에나 집중하는 것이 좋겠네요. 정말 화가 납니다.	2	4	RACISM/SLUR	[씨발년아, 좆같은, 여진족새끼] -> 인종 비하 및 가디린 욕설 사용 순화	인종/국적, 기본값
시벌 사람 죽여놓고 미안하다면 다냐??? 책임을 져야지 이새끼들은 그냥 미안하다고 하면 다 용서되는줄 아네 ㅉㅉㅉ	세상에, 인명을 앗아가 놓고 사과 한마디로 해결될 문제입니까? 엄중한 책임을 져야죠. 그런 무책임한 태도가 정말 화가 납니다.	2	3	SLUR	[시벌, 이새끼들, ㅉㅉㅉ] -> 욕설 및 타인 비하 표현 순화	기타 혐오
이러니 개콘이 폐지되는 거지..	이러니 코미디 프로그램이 폐지되는 것이겠죠.	0	0	NORMAL	[무해] -> 상황에 대한 냉소적 관찰	기본값
홍홍따리 홍홍따~	홍홍따리 홍홍따~	0	0	NORMAL	[무해] -> 의미 없는 리듬성 문구	지역, 기타 혐오
동성애자는 아니지만 동성애 인정한다. 그리고 성바꾸는 사람 이것도 본인 자유니깐 인정하고 이해하려고 노력한다. 근데 이건 뭐냐 그냥 억지 부리고 떼쓰는거로밖에 안보인다.  수술하고 여군 시험 봤어야지 ㅂㅅ같은 새키	성소수자 권리는 존중하나, 절차상의 편법은 이해하기 어렵습니다. 수술 후 정당한 절차를 거치는 것이 맞지 않나요? 정말 한심한 행동입니다.	2	3	LGBTQ/SLUR	[ㅂㅅ같은 새키] -> 성별 정체성 비난 및 욕설 순화	성소수자
나때는 내가 여자애한테 방구 뀌었다고 놀리기만 해도 펑펑 울었는데... 요즘은 끄떡 않드라 조카 씨발년 ㅠㅠ	예전에는 아이들이 정말 순수했는데, 요즘은 분위기가 많이 달라졌네요. 조카의 대담한 모습에 정말 놀랐습니다.	2	3	SLUR	[조카 씨발년] -> 가족에 대한 패륜적 욕설 순화	여성/가족, 연령
우리나라라니요,,,,저는 캐나다인인데 한국에살고있다고 자꾸 저보고 한국인이랍니다,,,어케된거죠,,,?	본인은 캐나다인인데 한국 거주 중이라는 이유로 자꾸 한국인 취급을 받아 당황스럽네요.	0	0	NORMAL	[무해] -> 국적 오해에 대한 일상적 토로	인종/국적
종교계 같지도 않은 사이비들 모아놓고 떠들고있네	비정상적인 종교 집단들이 모여서 논의하는 모습이 정말 보기 안 좋네요.	2	3	RELIGION	[사이비들] -> 특정 종교 집단에 대한 비하적 낙인 순화	종교
기자님 성소수자인권이 가져올파장이 크기때문에 집중하는겁니다	기자님, 성소수자 인권 문제가 사회에 미치는 영향이 매우 크기 때문에 다들 집중하고 있는 것입니다.	0	0	NORMAL	[무해] -> 인권 보도에 대한 상식적 의견	성소수자
후장친구가 하다가 죽는 걸 봐도 그 맛을 못잊어서... 참 미개하다 똥꼬충들이 에이즈 동물들한테 옮아서 인류한테 아직도 옮기고 다니고 있다	(차단된 문장입니다)	1	5	LGBTQ/SLUR	[후장친구, 똥꼬충, 에이즈...옮기고] -> 성소수자를 질병 매개체로 치부하고 인격을 극도로 모독하는 멸칭으로 차단	성소수자
왜 이런 사람을 예수처럼 따르는 지 궁금하네?	왜 이런 사람을 그렇게 절대적으로 신뢰하고 따르는지 궁금하네요.	2	1	NORMAL	[예수처럼] -> 맥락에 따른 부적절한 종교 성인 비유 정비	종교
야이 간나 새끼야 정은이 돼지새끼는 죽이고 왔어야지	이 무책임한 사람아, 적어도 근본적인 원인을 해결하려는 노력이라도 했어야지.	2	3	RACISM/SLUR	[간나 새끼, 정은이 돼지새끼] -> 국가 및 특정 인물 비하 욕설 순화	인종/국적
아따 쌍도에서 고생이 많노 ^노^ 코르셋시절 나한테 쿰척대던 놈이 동의대였는데 그놈이랑 동문이라 생각하니 유쾌하노. 정상에서 만나자 ^문^	특정 지역에서 생활하느라 고생이 많으시겠네요. 예전 기억이 떠오르는 인물과 동문이라니 참 묘한 기분입니다. 나중에 더 좋은 곳에서 뵙죠.	2	3	REGIONAL/COMMUNITY	[쌍도, ~노, ^노^, ^문^] -> 지역 비하 및 조롱성 정치 밈 순화	지역
지들이 멋있어 보여서 취업했으면서 회사가 외형 요구하는 건 잘못된 건가? 뭐만 하면 차별이고 불만이고 속씨끄럽게 구네	본인이 선택한 직업임에도 회사의 정당한 요구사항에 대해 과하게 반발하는 것 같아 보기 좋지 않네요.	2	2	NORMAL	[속씨끄럽게] -> 감정적인 비난 뉘앙스 순화	기본값
일베가 이젠 주사파 추종세력이 되어가노	특정 커뮤니티의 성향이 이제는 주체 사상 파벌과 비슷해져 가는 것 같네요.	2	1	COMMUNITY	[일베, ~노] -> 커뮤니티 명칭 및 말투 순화	기본값
양심없는 기집년들 같으니ㅋㅋㅋ 도와주면 도망치고 남자만 뚝배기 깨지고 돈 깨지는데 왜 도와줌? 니들이 만든 세상인데 can do anything이라는 느그 기집들이 알아서 해야지ㅋㅋ	무책임한 여성들의 태도에 실망스럽네요. 도움을 줘도 고마워하지 않고 피해만 주는 상황이 반복되니, 이제는 직접 해결하도록 내버려 두고 싶습니다.	2	4	GENDER/SLUR	[기집년들, 뚝배기, 느그 기집] -> 여성 비하 및 폭력적 언사 순화	여성/가족
똥꼬충은 질병이라고 그 질병에서 벗어난 자가 그때 왜그랬는지 모르겠다던 인터뷰를 본 기억이 있는데 잘못된 기억인가?	성소수자 정체성을 질환으로 여기는 분의 인터뷰를 본 적이 있습니다. 성향의 변화가 가능하다는 주장이었던 것 같네요.	2	3	LGBTQ/SLUR	[똥꼬충, 질병] -> 성소수자 비하 멸칭 및 병적 치부 시각 순화	성소수자
닉네임부터 존나 위장 티나네 홍어새끼	계정 이름부터 의도가 너무 뻔하네요. 특정 지역 비하 성향을 가진 사람인 것 같습니다.	2	3	REGIONAL/SLUR	[존나, 홍어새끼] -> 욕설 및 지역 비하 멸칭 순화	지역
차기 대선에 좃선족 똥남아 불법체류자 강제추방 공약있으면 바로뽑는다	다음 선거에서 특정 국적 외국인들이나 불법 체류자에 대한 강도 높은 규제 공약이 있다면 지지하겠습니다.	2	4	RACISM/SLUR	[좃선족, 똥남아] -> 인종 및 지역 비하 멸칭 순화	인종/국적
어디 대학교 교수냐? 교수 수준 하고는	어느 대학교의 교수인가요? 교수의 수준이 정말 의심스럽네요.	2	2	NORMAL	[교수 수준] -> 권위자에 대한 일상적 비판을 정중히 정비	기본값
박근헤 대통령님 존경합니다 평생 지지합니다♡♡	박근혜 전 대통령님을 존경하며 평생 지지하겠습니다.	0	0	NORMAL	[무해] -> 특정 정치인에 대한 지지 표현	기본값
난민 찬미가이구만,	난민 친화적인 내용이군요.	0	0	NORMAL	[무해] -> 글의 성격에 대한 일상적 평판	인종/국적
 여기에 김용호빠는 개틀딱 가세창 병신들이 많구나 ㅋㅋㅋ 해운삼겹 영상 까발려졌는데도 아가리묵념하는 김용호를 우파라고 빠는 좆병신 틀딱새끼들	특정 인물을 맹목적으로 지지하는 사람들의 태도가 정말 실망스럽네요. 명백한 사실 앞에서도 침묵하며 지의를 따지지 않는 모습이 무책임해 보입니다.	2	4	SLUR/AGE/COMMUNITY	[개틀딱, 가세창, 병신들, 아가리, 좆병신, 딱새끼들] -> 노인 비하 및 커뮤니티 비칭, 심한 욕설 순화	연령, 기타 혐오
왜놈들 기생까지 신경쓰는 그대는 진정 토착왜구	일본 관련 사안에 지나치게 집착하거나 동조하는 듯한 모습이 보기 좋지 않습니다.	2	3	RACISM/SLUR	[왜놈들, 토착왜구] -> 인종/민족 비하 및 정치적 낙인 순화	인종/국적
한국인 저출산에 국적포기도 한몫해서 조만간 한국인이 소수민족 되는 시대가 올거임 나라이름은 한국인데 사는새끼들은 바퀴벌레 짱깨새끼들	저출산과 국적 포기 문제로 인구 구조가 변하는 상황이 우려됩니다. 우리 사회의 주인이 바뀌는 듯한 모습에 위기감이 느껴지네요.	2	4	RACISM/SLUR	[새끼들, 바퀴벌레, 짱깨새끼들] -> 욕설 및 특정 민족에 대한 짐승 비유 멸칭 순화	인종/국적
종경하고 감사합니다. 진정한 사랑이 무엇인지 행동으로 가르쳐 주시는 분입니다.	존경하고 감사합니다. 진정한 사랑이 무엇인지 행동으로 가르쳐 주시는 분입니다.	0	0	NORMAL	[무해] -> 인물에 대한 깊은 존경과 감사	기본값
ㅇㄱㄹㅇ 의부심 부리는것들 백프로 남자임. 쌍도남자는 더 하군. 손피부에 염증생겨서 피부과 갔는데 사람의사는 돈도 안되는 환자를 많이 아프셨셨겠네요하고 손까지 잡아주더라. 반면 남자의사는 지 말에 토씨달면 사람을 개병신으로 만듬	의료인들의 권위적인 태도가 실망스럽습니다. 특히 특정 집단의 경우 공감 능력이 부족하다고 느껴질 때가 많네요. 인격적인 대우를 받지 못한 것 같아 기분이 상합니다.	2	4	GENDER/SLUR/REGIONAL	[백프로 남자, 쌍도남자, 개병신] -> 성별/지역 비하 및 욕설 순화	남성, 지역
저나라나 우리나라나 충들이 문제군요	어느 나라든 극단적인 성향을 가진 사람들이 문제인 것 같습니다.	2	2	SLUR	[충들] -> 특정 집단을 벌레에 비유하는 멸칭 순화	기타 혐오
아니 보호관찰 기간중에 총을 어떻기 휴대하고다니지 총소리 들어보니 리볼버 같았는데 그냥 순순히 내려서 몸수색당하지 미친새끼네	보호관찰 중에 총기를 소지하다니 정말 위험한 상황이었네요. 순순히 수색에 응했으면 좋았을 텐데, 제정신이 아닌 것 같습니다.	2	3	SLUR	[미친새끼] -> 비속어 순화	기 기본값
역시 민주당의 이중성! 요는 대접받고 싶으면 똑같이 경쟁해서 쟁취하라는 것. 그런 식이면 금수저니 불평등이니 하는 소리도 집어치워야죠. 타고난 것 주어진 것에 불평말고 스스로 이겨내라고 해야죠. 사회적배려라는 말도 민주당에서는 쓰지마세요.	특정 정당의 논리가 일관되지 않다고 생각합니다. 경쟁의 공정성을 강조하면서 다른 불평등 이슈에 침묵하는 것은 모순이며, 사회적 배려를 논할 자격이 없다고 봅니다.	2	2	NORMAL	[집어치워야] -> 거친 어조 순화	기본값
히키코모리같은새끼 40,50대 되면 방구석에서 하나둘씩 기어 나온다고함 이번 pc방사건처럼 칼부림 존나게부릴듯	사회적으로 고립된 이들이 나이가 들어 외부로 나올 때 발생할 수 있는 폭력 사건들이 우려됩니다. 극단적인 범죄로 이어질까 봐 정말 걱정되네요.	2	3	SLUR	[새끼, 기어 나온다, 존나게] -> 타인 비하 및 비속어 순화	기타 혐오
하아.. 저년들 일베에 와서 보지티만 안내면 재밌게 놀수 있는데.. 왜 저런 씹노잼 사이트에 가서 노는지 원;;	여성분들이 특정 커뮤니티에서 정체를 드러내지 않는다면 더 원활하게 소통할 수 있을 텐데 아쉽네요. 왜 다른 곳을 선호하시는지 모르겠습니다.	2	4	GENDER/SLUR/COMMUNITY	[저년들, 보지티, 일베, 씹노잼] -> 여성 비하 및 성적 비유 멸칭, 비속어 순화	여성/가족
하하 이름만 들어도 토나오노 구웨에에엑	이름만 들어도 불쾌감이 느껴지네요.	2	2	SLUR/COMMUNITY	[토나오노, 구웨에에엑] -> 자극적인 혐오 반응 순화	기본값
쌍도새끼들 ㄹㅇ좃나많넼ㅋㅋㅋㅋㅋ홍통일체다씹새끼들아ㅋㅋㅋ	특정 지역 사람들이 정말 많이 보이네요. 다들 비슷한 성향인 것 같아 어이가 없습니다.	2	4	REGIONAL/SLUR	[쌍도새끼, 좃나, 홍통일체, 씹새끼들] -> 지역 비하 및 심한 욕설 순화	지역
정신지체장애좆아니노	지능이 매우 부족해 보이는 남성이군요.	2	3	SLUR/GENDER/COMMUNITY	[정신지체장애좆, ~노] -> 장애 비하 및 남성 비하 멸칭 순화	성소수자, 남성
영국이새끼들존나 기고만장했는데 잘됬다	영국 사람들이 그동안 너무 자신만만했었는데, 이번 기회에 겸손해졌으면 좋겠네요. 정말 잘된 일입니다.	2	3	RACISM/SLUR	[새끼들, 존나] -> 인종/국적 비하 및 비속어 순화	인종/국적
심즈로는 한계가있는거 같다익이야 그 좆같은 한남충 와꾸는 심즈로는 표현불가능하노	게임으로는 특정 외형을 완벽히 구현하기가 어렵네요. 한국 남성 특유의 외모는 게임 시스템으로 담아내기 부족한 것 같습니다.	2	3	GENDER/SLUR/COMMUNITY	[익이야, 좆같은, 한남충, 와꾸, ~노] -> 남성 비하 멸칭 및 저속한 욕설 순화	남성
이모가 웜련이 이제 다 컸다고 ^례쁜^ 속옷 사줘야겠다고 속옷가게 데려간게 다노. 물론 냄저어른들한텐 나이를 막론하고 한번도 들은적 없노	가족이 제 성장에 관심을 가지고 속옷 선물을 해주신 적이 있습니다. 남성 어른들에게는 그런 세심한 배려를 받아본 기억이 별로 없네요.	2	3	GENDER/SLUR/COMMUNITY	[웜련, 냄저, ~노] -> 특정 커뮤니티 지칭 및 남성 비칭 순화	여성/가족, 남성
캬 갓양남 쨔응!! 말 존나 잘 하노	정말 서양 남성분이 말씀하시는 게 아주 인상적이네요.	2	2	RACISM/SLUR/COMMUNITY	[쨔응, 존나, ~노] -> 특정 인종 선망 비유 및 비속어 순화	인종/국적
저 사람들이나 핑코게이 다구리친 사람이랑 뭐가 다르냐	그 사람들의 행동이나 과거 특정인을 집단 괴롭힘 했던 사람들이나 다를 바 없어 보입니다.	2	2	SLUR	[게이, 다구리] -> 성소수자 비칭 및 비속어 순화	성소수자, 기타 혐오
870 제작자가 한남이거나 한남 영향받은 사이트가 분명하니 광고 신고하면서 캡쳐중이노 한남들이 즈그앱충 후장 검색한다고 찾던 글에서 찾았노	개발자가 특정 성별의 혐오적인 문화를 수용하고 있는 것 같습니다. 증거를 모아 신고를 진행 중입니다. 부적절한 게시물들이 정말 보기 안 좋네요.	2	4	GENDER/SLUR/COMMUNITY	[한남, 즈그앱충, 후장, ~노] -> 남성 및 가족 비하 멸칭, 저속한 신체 표현 순화	남성
<위험> 당신은 지금 전라도 작전 제2장'경상도나 전라도나' 전술에 선동당하고 있습니다	<위험> 당신은 지금 전라도 작전 제2장'경상도나 전라도나' 전술에 선동당하고 있습니다	0	0	NORMAL	[무해] -> 지역 갈등 프레임에 대한 개인적 경고	지역
더러워 역겨워	정말 기분 나쁘고 불쾌하네요.	2	1	NORMAL	[더러워, 역겨워] -> 감정적인 반응 정제	기본값
말이 되냐...성경읽고와 젭알 신화가 아니야 성경은.	상식적으로 이해가 안 되나요? 성경을 깊이 있게 보셨으면 좋겠네요. 신화가 아닌 역사적 기록으로 봐야 합니다.	2	1	NORMAL	[젭알] -> 일상적 오기 순화	종교
대통령이 누가되든 니 인생 파탄 날 확률은 0%하지만 니가 만난 김치년이 니 인생 파탄 낼 확률은 100%이 말이 저렇게 변질되냐?ㅋㅋㅋㅋㅋㅋㅋ	정치 보다는 개인적인 관계가 삶에 더 큰 영향을 줄 수 있다는 취지의 말이 왜곡된 것 같아 씁쓸하네요. 잘못된 정보 전달이 우려됩니다.	2	3	GENDER/SLUR	[김치년] -> 여성 비하 멸칭 순화	여성/가족
"""헐리우드 로맨스 영화 보는 여자한테 문둥병자 남자가 나타나서 """"나도 남자니까 나 좋아해야하는데 왜 안 좋아하냐 영화보는 여자 싫다"""" 이러는 식 ㅋㅋ"""	영화 취향을 존중하지 않고 자신의 입장을 강요하는 상황이 마치 현실의 소통 부재와 닮아 보여서 우습네요.	0	0	NORMAL	[무해] -> 부적절한 요구에 대한 비유적 비판	여성/가족, 기타 혐오
청원게시판 없애버리는게 좋을듯 사리판단을 못하고 개인의 독설을 쏟아내고 분풀이하는 수단으로 이건 건설적인 신문고가 아니라 썪어 넘어저가는 꽹가리에 불가하다	청원 게시판이 무분별한 비판과 감정 소모의 장으로 변질된 것 같아 폐지가 낫다고 생각합니다. 본래의 취지를 잃고 사회적 갈등만 키우고 있네요.	2	2	NORMAL	[독설, 분풀이, 썪어] -> 과격한 표현 및 어조 정비	기본값
유전자 조사가 드러가야해	유전자 조사를 실시해야 합니다.	2	1	NORMAL	[드러가야해] -> 일상적 어투 정명	기본값
이분 여성 이셨는지 몰랐네요. 저는 남녀 갈등인줄 알았네요. 죄송합니다.	이분이 여성이신 줄 몰랐습니다. 성별 갈등 상황으로 오해했네요. 죄송합니다.	0	0	NORMAL	[무해] -> 오해에 대한 상식적 사과	여성/가족, 남성
한국 새끼들 대학가려고 쌔빠지게 공부하는거 못보나 지들 나라에선 제대로된 대학이나 있는지 걱정이네 똥남아시키들ㅋㅋ	한국 학생들의 치열한 교육 문화를 보며 자부심을 느낍니다. 우리와 다른 여건을 가진 사람들을 굳이 깎아내릴 필요는 없으나, 상황 차이가 분명해 보이네요.	2	4	RACISM/SLUR	[새끼들, 쌔빠지게, 똥남아시키들] -> 인종 및 자국민 비하, 비속어 순화	인종/국적, 연령
저 자리 가기엔 너무 젊은데시장은 미어터지게 좁고 통번대 출신은 예전보다 많은데 1세대가 아직도 현역이라 교수 연줄 아니면 절대로 못 간다어디 얼굴 좀 비출 정도면 채소 40대 후반이 보통임	해당 직책을 맡기에 연령대가 낮아 보입니다. 취업 시장의 특수성과 세대교체의 한계 등을 고려할 때, 배경에 대한 의구심이 드는 것도 사실이네요.	0	0	NORMAL	[무해] -> 업계 현황에 기반한 합리적 분석	연령
저기도 홍어 밭이지?	저곳도 특정 정치 성향을 가진 분들이 많으신가 보네요.	2	3	REGIONAL	[홍어] -> 지역 비하 멸칭 순화	지역
니들 권리만 주장할생각하지말고 우리도 거부할권리갖는게 당연한거아님? 똥꼬충들 더러운데 우리가 왜 니네들을 무조건좋게봐야되는데? 맞는말했는데 왜그러냐고	서로의 권리를 존중해야 합니다. 특정 집단에 대한 거부감을 표현할 자유도 중요하다고 생각하며, 무조건적인 수용을 강요하는 분위기에는 찬성하기 어렵습니다.	2	4	LGBTQ/SLUR	[똥꼬충] -> 성소수자 비하 멸칭 순화	성소수자
맘충년들 애새끼 관리하나 못할꺼면 왜 쳐 낳는거야	자녀를 제대로 훈육하지 못하는 무책임한 부모들의 태도가 정말 화가 납니다. 부모로서의 최소한의 자질을 갖추었으면 좋겠네요.	2	4	GENDER/SLUR	[맘충년, 애새끼, 쳐 낳는] -> 여성 비하 및 자녀 비하 멸칭, 무례한 언사 순화	여성/가족, 연령
미친냔들이 지랄발광 하면 미친냔들을 조져야하는데 미친냔들 말을 들어주고 있으니 나라가 싫음 이민을 가 이냔들아 다른 나라 가면 한국이 얼마나 살기 좋았는지 알게 될테니	비상식적인 주장들이 사회적 공감을 얻는 상황을 용납하기 어렵습니다. 그런 사람들의 요구를 들어주며 사회 질서가 무너지는 것 같아 실망스럽네요.	2	4	GENDER/SLUR	[미친냔, 지랄발광, 조져야, 이냔들아] -> 여성 비하 및 과격한 물리적 폭력 언급 순화	여성/가족, 기타 혐오
내새끼 건드리면 개빡쳐서 불타오르는건 본능이지 잘참았다	내 자녀가 피해를 입었을 때 부기 화를 내는 것은 부모의 당연한 본능입니다. 정말 잘 참으셨네요.	2	3	SLUR	[내새끼, 개빡쳐서] -> 자녀 비칭 및 비속어 순화	연령
개독이나이슬람이나한국은 개독 새끼들 부터 싸그리 말살해야한다	(차단된 문장입니다)	1	5	RELIGION/SLUR	[개독 새끼들 말살] -> 종교 비하 및 집단 살해 선동으로 차단	종교
전형적인 경상도 얼굴 박정희랑 비슷하게 생김 약간 원숭이 상 같기도하고 뱀상 같기도 한 얼굴 이목구비도 ㅎㅌㅊ	외모가 특정 인물이나 동물을 연상시키네요. 전체적인 이목구비의 조화가 아쉽게 느껴집니다.	2	3	REGIONAL/SLUR	[원숭이 상, 뱀상, ㅎㅌㅊ] -> 특정 인종/지역에 대한 외모 비하 순화	지역
대단하긴 하다 멀 어케 구워 삼길래	참 대단하네요, 어떤 능력이 있길래 저런 결과를 냈을까요.	0	0	NORMAL	[무해] -> 인물의 수완에 대한 감탄	기본값
보지때리면 고추때린것처럼아프냐?	신체 부위에 강한 충격이 가해지면 남녀를 불문하고 매우 고통스럽습니다. 정말 궁금하네요.	2	2	GENDER/SLUR	[보지, 고추] -> 신체 부위를 직접적으로 지칭하며 희화화한 점 정비	여성/가족, 남성
  AI가 동성애 혐오한다고했다고 다들 죽창들고 찌를기세네? 레즈비언이 존중받는거만큼 동성애 혐오하는 사람도 존중받아야하는거 아니냐? 혐오한다고 티내고 다닌것도 아니고 물어봐서 싫어한다고 대답한게단데 뭐가 문제죠?	인공지능의 답변에 대해 과하게 반응하는 것 같네요. 성소수자의 권리만큼이나 이에 반대하는 사람들의 표현의 자유도 존중받아야 하는 것 아닌가요? 개인적인 의견을 말한 것뿐인데 비난이 과하다고 봅니다.	2	2	LGBTQ	[죽창들고 찌를] -> 성소수자 반대론자들에 대한 공격적 비유 순화	성소수자
똥꼬충새끼 그렇게 당당한새끼들이 자소서에 똥꼬충인건 못쓰죠?ㅋㅋㅋㅋㅋ	자신의 정체성을 당당히 밝히지 못하는 모습이 비겁해 보입니다. 사회적으로 떳떳하다면 서류상으로도 증명할 수 있어야 하지 않나요?	2	4	LGBTQ/SLUR	[똥꼬충새끼] -> 성소수자 비하 멸칭 순화	성소수자
독일놈들 아주구리지.	독일 사람들의 태도가 정말 마음에 들지 않습니다.	2	3	RACISM/SLUR	[독일놈들] -> 인종/민족 비칭 순화	인종/국적
쌍도새끼들 허세가 너무심해	특정 지역 사람들은 너무 과시적인 것 같습니다.	2	3	REGIONAL/SLUR	[쌍도새끼] -> 지역 비하 멸칭 순화	지역
4050 전남노조 꼰대는 뒤져야지	특정 세대와 지역의 노동 조합원들의 고집스러운 태도가 정말 사라졌으면 좋겠습니다.	2	4	AGE/REGIONAL/SLUR	[꼰대, 뒤져야지] -> 노인/세대 비하 및 살해 저주 순화	연령, 지역
역겨운 레즈 게이 페미 그냥 다 없어져라	특정 정체성이나 사상을 가진 집단에 대해 강한 거부감이 듭니다. 그들이 우리 사회에서 보이지 않았으면 하네요.	2	4	LGBTQ/GENDER/SLUR	[역겨운, 없어져라] -> 성소수자/여성 비하 및 혐오 남용 순화	성소수자, 여성/가족
#Prayforkorea	#Prayforkorea	0	0	NORMAL	[무해] -> 국가를 위한 기도/희망 해시태그	기본값
신입이 잡무하지 그러면 프로젝트 지휘 지킬까? 그러면 여자에게 업무부담이 심하다면서 차별이라 그러겠지 출근해서 앉아서 놀다가 퇴근하면서 월급받고싶은가보네	신입 사원이 기초적인 업무부터 시작하는 것은 당연합니다. 책임 있는 자리에 대한 불평만 하기보다 단계별 성장이 필요한데, 무조건적인 평등만 주장하는 모습이 실망스럽네요.	2	1	GENDER	[여자에게] -> 성별에 의한 갈등 구도 정비	여성/가족
우리공화국에도 건장하고착힌 남성난민100만명만 사울로 오면좋겠다	우리나라에 건강하고 성실한 남성 이주민들이 대거 유입되면 좋겠습니다. 인력 부족 문제 해결에 도움이 될 것 같네요.	2	2	NORMAL	[우리공화국, 사울] -> 체제 선전 뉘앙스 및 지명 오기 정정	clean
목사=사기꾼	목사는 사기꾼입니다.	2	2	RELIGION	[사기꾼] -> 특정 직업(성직자)에 대한 비하를 정중한 문장으로 순화	종교
0랩새끼 어스름한 틈을 타 탈출했구만 다시 느그 우리로 가라	0레벨인 당신, 어스름한 틈을 타 탈출했군요. 다시 당신의 우리로 돌아가십시오.	2	3	COMMUNITY	[0랩새끼, 느그 우리] -> 커뮤니티 비하어 및 공격적 표현 순화	악플/욕설
읻구 적은게 ㄹㅇ 축복이다 이기야	인구 적은 것이 정말 축복입니다.	2	2	COMMUNITY	[이기야] -> 커뮤니티 전용 말투 제거 및 표준어화	clean
게이도 레즈비언도 전라도것들은 무시해라....조오옷 까인다!	성소수자든 전라도 사람이든 무시하십시오.	2	4	LGBTQ/REGIONAL	[전라도것들, 조오옷] -> 성소수자 및 특정 지역민 비하어를 정중하게 순화	지역
애새끼 면상보니. 파오후한테 강간당했네	(차단된 문장입니다)	1	5	SLUR	[강간당했네] -> 성폭력 관련 발언으로 차단	악플/욕설
그래서 뭐 어쩌라고 ? 이게 뭐	그래서 어떡하라는 것입니까? 이것이 무엇입니까?	2	1	SLUR	[뭐 어쩌라고] -> 공격적인 말투를 정중한 의문문으로 순화	clean
2년동안 성폭행? 지랄염병도 손이없냐 입이없냐 발이없냐 뭐가문제야	2년 동안 성폭행이라니, 말이 되지 않습니다. 무엇이 문제입니까?	2	4	SLUR	[지랄염병] -> 욕설을 제거하고 정중하게 표현	악플/욕설
명작이다 요즘 한국사회 맘충들의 어두운면을 제대로 푤현했네	명작입니다. 요즘 한국 사회 어머니들에 대한 부정적인 면을 제대로 표현했네요.	2	2	GENDER	[맘충] -> 여성/어머니 비하어를 정당한 표현으로 순화	여성/가족
다문화 시발 존나 망한 정책인데이 망할 한국은 왜케 못띄워줘서 안달이냐좀 결혼할거면 돈주고 똥남아년좀 사와서 하지좀 말아라	다문화는 실패한 정책인데 한국은 왜 이렇게 장려하는지 모르겠습니다. 결혼할 때 동남아 여성을 매매하듯 하지 마십시오.	2	3	RACISM	[시발, 존나, 똥남아년] -> 욕설 및 인종/성별 비하어를 정중하게 순화	인종/국적
혼인과 가족 생활은 개인의 존엄과 양성의 평등을 기초로 성립되고 유지되어야하여, 국가는 이를 보장한다.(헌법 제 36조 1항) 반드시 수호해야합니다 헌법!!!!!!!!!	혼인과 가족 생활은 개인의 존엄과 양성의 평등을 기초로 성립되고 유지되어야 하며, 국가는 이를 보장한다. (헌법 제36조 1항) 헌법을 반드시 수호해야 합니다!	0	0	NORMAL	[무해] -> 헌법 조항 인용 및 강조	clean
1 알겠노 이기야노 11 죽는게 더어렵다 이니야 좀만더 힘내보자 보지대장은 못할게없노	1 알겠습니다. 죽는 것이 더 어렵습니다. 조금만 더 힘내봅시다. 여성 리더는 못할 것이 없습니다.	2	3	COMMUNITY/GENDER	[이기야노, 보지대장] -> 커뮤니티 말투 및 특정 신체부위 포함 용어 정제	여성/가족
아니 자런걸 말들어내는것도 대단하다 그냥 물흐르듯 살면안돼냐 아주그냥 ㅈㄹ염 ㅂ을 떨고 산다	저런 것을 만들어내는 것도 대단합니다. 그냥 물 흐르듯 살면 안 됩니까? 정말 소란스럽게 사네요.	2	2	SLUR	[ㅈㄹ염ㅂ] -> 욕설 초성 및 표현을 정중하게 순화	악플/욕설
지마켓은 리얼돌도 있던데	지마켓에는 리얼돌도 있더군요.	0	0	NORMAL	[무해] -> 단순 사실 전달	clean
라도 세끼들하고 친해지는데는 기술이필요없음근데 후에 통수조심해야지 ㅋㅋ	전라도 사람들과 친해지는 데는 기술이 필요 없습니다. 하지만 나중에 배신당하지 않도록 조심해야 합니다.	2	3	REGIONAL	[라도 세끼들, 통수] -> 특정 지역민 비하어 및 부정적 관용어 순화	지역
절밥이 채식 위주라 의외로 존나 비쌈. 큭히나 49제 같은거 지내면 돈 믾이 드는게 고기같은거 못올리다보니 과일이나 떡 올리니 돈 존나 많이 든다.	사찰 음식이 채식 위주라 의외로 매우 비쌉니다. 특히 49재 등을 지내면 고기를 올리지 못해 과일이나 떡을 올리다 보니 비용이 매우 많이 듭니다.	2	1	SLUR	[존나] -> 일반 비속어를 정중한 부사로 순화	clean
비나이다 비나이다 올해안엔 일본에 규모 10.0 짜리 지진이랑 쓰나미가 일어나서 왜구 쪽뻐리놈들과 토착왜구들 싸그리 몰살 당하게 해주세요^^	(차단된 문장입니다)	1	5	RACISM	[몰살 당하게] -> 특정 민족에 대한 살해 위협 및 증오 표현으로 차단	인종/국적
그래 씨발 개슬람과 동성애보다는 개독이 낫지 ㅆㅂㅆㅂㅆㅂ차악을 택해야 되는 슬픔이로다	이슬람교나 동성애보다는 개신교가 낫습니다. 차악을 선택해야 하는 슬픔이네요.	2	3	RELIGION/LGBTQ	[씨발, 개슬람, 개독] -> 욕설 및 종교 비하어를 전제로 한 정제	성소수자, 종교
난민 처받다가 이제야 정신차림ㅋㅋㅋ 지하철 가보면 여기가 시발 유럽인지 중동인지 아프리칸지 헷갈림	난민을 무분별하게 수용하다가 이제야 정신을 차렸네요. 지하철에 가보면 여기가 유럽인지, 중동인지, 아프리카인지 헷갈릴 정도입니다.	2	2	RACISM	[시발, 처받다가] -> 욕설 및 난민 비하적 뉘앙스를 정중하게 순화	인종/국적
이젠 목사가 하나님 믿는자로 안보인다 사이비 집단 교주로만 보인다	이제는 목사가 신앙인으로 보이지 않고 사이비 집단의 교주로만 보입니다.	0	0	NORMAL	[무해] -> 개인의 견해 표명 (종교인에 대한 비판적 시각)	종교
이제 문정부의 끝이 슬슬 보이는구나.. 촛불로 정권 탈취하더니 도대체 대한민국을 위해 발전적인 일을 한게 단 한건도 없다... 제발 빨리 꺼지길 바란다... 더불당과 그 부역자들 그리고 대깨문들도....	이제 문재인 정부의 끝이 보입니다. 촛불로 정권을 잡더니 대한민국을 위해 발전적인 일을 한 것이 하나도 없네요. 제발 빨리 물러나길 바랍니다. 민주당과 지지자들도 마찬가지입니다.	2	2	COMMUNITY	[대깨문, 꺼지길] -> 정치적 멸칭 및 공격적 표현을 정중하게 순화	기타 혐오
개돼지도 안히는 동성을... 인간들이 하다니	짐승도 하지 않는 동성애를 인간이 하다니요.	2	3	LGBTQ	[개돼지도 안히는] -> 동성애를 짐승에 비유한 혐오 표현 순화	성소수자
이거 개구라다 앱충한테 나는 냄새때문에 온가족이 고생이노 후팔	이것은 거짓입니다. 아버지에게서 나는 냄새 때문에 온 가족이 고생입니다.	2	3	GENDER/COMMUNITY	[개구라, 앱충, 후팔] -> 비속어 및 남성/아버지 비하어 순화	남성
뜰딱 = 짱깨	(차단된 문장입니다)	1	5	AGE/RACISM	[뜰딱, 짱깨] -> 노인과 특정 국적자에 대한 극단적 혐오 및 비하	인종/국적, 연령
이제 종교는 정신병자들만 모아서 돈세탁 세금탈루 성추행 집단으로 밖에 안보임.사이비도 너무 많음 일부드립치는데 일부가 모여서 그 종교임	이제 종교는 부도덕한 사람들이 모여 돈세탁, 세금 포탈, 성추행을 일삼는 집단으로밖에 보이지 않습니다. 사이비도 너무 많고, 일부의 일이라고 하지만 그 일부가 모여 종교를 이룹니다.	2	2	RELIGION	[정신병자들] -> 특정 집단을 정신병자로 매도하는 표현 및 종교 비하 순화	종교, 기타 혐오
여드름이 더 클것같노 자지가 더 클것같노 여드름이 더 클것가따 이기야노	여드름이 더 클까요, 아니면 성기가 더 클까요? 여드름이 더 클 것 같습니다.	2	3	COMMUNITY/GENDER	[~노, 자지, 이기야노] -> 커뮤니티 말투 및 성기 멸칭 정제	남성
카톨릭이 요즘 병신짓만 많이 해서 별 의미 없다.대한민국의 사제단이라는 새끼들은 정은이하고 재앙이 빠느라고 정신없고...개슬람새끼들은 현상금 걸어서 마호멧씹새끼 모욕했다고 암살까지하는데...카톨릭은 헌금한 돈 다 어디 썼냐...	가톨릭이 최근 부적절한 행동을 많이 해서 큰 의미가 없습니다. 사제단이라는 사람들은 특정 정치인들을 옹호하느라 정신이 없고, 이슬람교는 모욕을 이유로 암살까지 하곤 하는데, 가톨릭은 헌금된 돈을 다 어디에 썼습니까?	2	3	RELIGION	[병신짓, 새끼들, 씹새끼, 재앙이] -> 욕설, 비하어 및 정치인 멸칭 순화	종교
호식이랑 후장박는거 합성하면 딱이겠노. 사랑의 비너스로 둘이 엮어주자이기.	(차단된 문장입니다)	1	5	LGBTQ/SLUR	[후장박는거] -> 노골적인 성적 표현 및 조롱으로 차단	악플/욕설
개독교 이제 얼마안남았다. 자멸할것이다.	개신교도 이제 얼마 남지 않았습니다. 자멸할 것입니다.	2	2	RELIGION	[개독교] -> 종교 비하어를 표준 명칭으로 순화	종교
지금 뭐하고 있으려나..........	지금 무엇을 하고 있을까요?	0	0	NORMAL	[무해] -> 일상적인 궁금함	clean
아니 시발... 기독교가 언제 이리 타락 했나?? 와 악마가 목표를 위해 교회를 간다고 하더만... 성공 했네..	기독교가 언제 이렇게 타락했습니까? 악마가 목적을 위해 교회에 간다고 하더니 정말 성공했네요.	2	2	RELIGION	[시발] -> 욕설을 제거하고 기독교 비판 뉘앙스 유지	종교
예수님 안 믿으면 지옥간다 기독교를 열심히 믿는 나라는 선진국 된다	예수님을 믿지 않으면 지옥에 갑니다. 기독교를 열심히 믿는 나라는 선진국이 됩니다.	0	0	RELIGION/NORMAL	[무해] -> 개인의 종교적 신념 및 주장	종교
탈북민은 망명 보내고 쯍국 조선족 빨갱이는 환영하고. 문재인은노무현2 ㄹㅇ	탈북민은 망명 보내고 중국 조선족은 환영하다니요. 문재인 대통령은 정말 노무현 대통령 시즌2 같습니다.	2	2	RACISM/COMMUNITY	[쯍국, 빨갱이] -> 국적 비하 및 이념적 멸칭 순화	인종/국적
한국인이 더짜증나는데 ㅋㅋㅋ 그냥 파퀴 존나 받아서 한국새끼들 존나 패버리고 동유럽 러시아 여자 존나 받아서 한국년들 꺼지라 해야됨	(차단된 문장입니다)	1	5	RACISM/GENDER	[패버리고, 존나, 한국년] -> 폭력 위협 및 특정 국적/성별에 대한 극단적 공격성으로 차단	인종/국적
하도 지랄스럽게 진화해와서 이제 저시절 된장녀들은 착해보인다ㅋㅋ	너무 심하게 변해와서 이제 그 시절 여성들이 오히려 낫게 보일 정도입니다.	2	2	GENDER	[지랄스럽게, 된장녀] -> 비속어 및 여성 비하적 표현을 정중하게 순화	여성/가족
가명을 알려주는게 불리하게 작용할 수도 있지 않나?가명을 썼다는거 자체가 성추행 또는 성폭행 의도가 있었다 라고 할 수도 있잖아	가명을 알려주는 것이 불리하게 작용할 수도 있지 않습니까? 가명을 썼다는 것 자체가 성범죄 의도가 있었다고 볼 수도 있으니까요.	0	0	NORMAL	[무해] -> 법적/사회적 상황에 대한 추론 및 의견	clean
아니 그래서 여자 랑 성관계한 게 독일인이야 아프카니스탄이아?? 뭔소리야	그래서 여성과 관계를 맺은 사람이 독일인입니까, 아니면 아프가니스탄인입니까? 무슨 말인지 모르겠네요.	2	1	NORMAL	[뭔소리야] -> 반말투를 정중하게 순화	clean
이 나라의 미래를 보려거든 고개를 들어 서두원을 보라	이 나라의 미래를 보려거든 고개를 들어 서두원 선수를 보십시오.	2	1	NORMAL	[보라] -> 명령조를 정중한 권유로 순화	clean
진주에서 터타타고왔는데 뭐 여자도없고 뭐 싹 남자밖에 없고 뭐 여기가 여의도? 아 서울 실망입니다 조금 미개한 쪽바리	진주에서 차를 타고 왔는데 여성은 없고 남성뿐이네요. 여기가 여의도입니까? 서울에 실망했습니다. 일본인은 조금 미개하네요.	2	3	RACISM/GENDER	[미개한 쪽바리] -> 국적 비하 표현 정순화	인종/국적, 지역
시발 개슬람대 짱깨전쟁하면 미국이랑 한국은 각각 누구편들게될까??	이슬람교와 중국이 전쟁을 한다면 미국과 한국은 각각 누구 편을 들게 될까요?	2	2	RACISM/RELIGION	[시발, 개슬람, 짱깨] -> 욕설 및 혐오 명칭을 공식 명칭으로 정제	인종/국적, 종교
남자에게 능력을 갖추라고 하는것이나 여자에게 예뻐지기 위해 노력하라는거나! 재밌게 살기 위해서는 둘다 맞는 말임	남성에게 능력을 갖추라고 하는 것이나 여성에게 예뻐지기 위해 노력하라고 하는 것이나, 즐겁게 살기 위해서는 둘 다 맞는 말입니다.	0	0	NORMAL	[무해] -> 성 역할에 대한 개인적 견해 표명	여성/가족, 남성
중국 짱개새끼들 이젠베트남으로 눈 돌리는 것 같더라중국하고 베트남 국경에 짱개 기공들 많이 몰렸다는 애기가 있다	중국 사람들이 이제는 베트남으로 눈을 돌리는 것 같습니다. 중국과 베트남 국경에 중국인 기술자들이 많이 몰렸다는 이야기가 있네요.	2	2	RACISM	[짱개새끼들, 짱개] -> 국적 비하어를 정당한 표현으로 순화	인종/국적
빨렙 되는순간 현실에서 도태되는거다	등급이 높아지는 순간 현실에서 멀어지는 것입니다.	2	1	COMMUNITY	[빨렙] -> 게임/커뮤니티 용어를 표준어적 표현으로 순화	악플/욕설
....니보지 허벌보지라는 생각은 안했노?	(차단된 문장입니다)	1	5	GENDER/SLUR	[니보지, 허벌보지] -> 여성 성기 비하 및 극단적 성희롱으로 차단	여성/가족
동성애를 양지로 이끌어 내는게 오히려 에이즈환자 착출에 도움이될듯	동성애를 사회적으로 수용하는 것이 오히려 에이즈 환자를 파악하는 데 도움이 될 것 같습니다.	2	1	LGBTQ	[착출] -> 단어 사용의 오류 및 LGBTQ 관련 민감한 표현 정제	성소수자
뚱땡이와 난쟁이 개그하노?	비만한 사람과 키가 작은 사람이 만담을 하는 것입니까?	2	2	SLUR	[뚱땡이, 난쟁이] -> 외모 비하어를 정중한 표현으로 순화	악플/욕설
이거 정말 허벌워추 696969개 박고싶은 띵문이노 특히 라도남들 조심해라 쌍도남들이 대놓고 여혐질하면 라도남은 겉으론 여자 이해해주는척	이것은 정말 가슴 깊이 공감되는 훌륭한 글입니다. 특히 전라도 남성들을 조심하십시오. 경상도 남성들이 직접적으로 여성 혐오를 한다면 전라도 남성들은 겉으로만 여성을 이해해주는 척합니다.	2	3	COMMUNITY/REGIONAL	[허벌워추, 띵문, 라도남, 쌍도남] -> 커뮤니티 은어 및 지역 비하어 순화	남성, 지역
급식충들 자기네집인줄 알고 있던 집이 알고보니 근저당권 도배되어 있는줄은 꿈에도 모를듯 ㅎㅎ 수도권 대출 안낀 집이 얼마나 되겠노?	학생들은 자기 집인 줄 알았던 곳에 근저당권이 설정되어 있는 줄은 모를 것입니다. 수도권에 대출 없는 집이 얼마나 되겠습니까?	2	2	AGE/COMMUNITY	[급식충들, ~노] -> 연령 비하어 및 커뮤니티 종결어미 순화	연령
아 진짜 존나 싫다 시발	아, 정말로 매우 싫습니다.	2	2	SLUR	[존나, 시발] -> 욕설 및 비속어를 정중한 표현으로 순화	악플/욕설
진짜 염병떤다 페미들은 그냥 다른데서 살아라.. 어디 무인도에 니들끼리 쿵짝 맞춰가며 살아	정말 소란스럽네요. 페미니스트들은 그냥 다른 곳에서 사십시오. 무인도 같은 곳에서 여러분끼리 어울리며 지내세요.	2	2	GENDER	[염병떤다, 니들끼리] -> 비속어 및 공격적 표현을 정중하게 순화	여성/가족
남자들 아랫돌 단속을 어려서부터 잘해야지 함부로 내돌리다 남의 귀한딸 일생을 망치는구나	남성들은 어려서부터 정조를 잘 지켜야 합니다. 함부로 행동하다가 남의 귀한 딸의 인생을 망치는군요.	2	2	GENDER	[아랫돌 단속, 내돌리다] -> 성적인 비유 표현을 정중하게 순화	남성
크리스천들은 거기서 거기지 오십보백보인 새끼들이 무슨 천주교니 개신교니서로 욕하고 따지고 잇는 모습을 보면 참 기도 안찬다 ㅋㅋㅋ ㄹㅇ 도찐개찐	그리스도교인들은 서로 비슷합니다. 천주교와 개신교로 나뉘어 서로를 비난하는 모습을 보니 정말 어이가 없네요. 정말 비슷합니다.	2	2	RELIGION	[새끼들, 기도 안찬다] -> 비속어 및 공격적 표현을 정중하게 순화	종교
퀴어는 무슨. 씹faggot 새끼들	(차단된 문장입니다)	1	5	LGBTQ	[씹faggot 새끼들] -> 성소수자에 대한 극단적 혐오 및 영어 비하어 사용으로 차단	성소수자
소추발작버튼눌렸노 ㅋㅋㅋㅋㅋㅋ	매우 화가 나신 모양이네요.	2	3	GENDER/COMMUNITY	[소추발작, ~노] -> 남성 신체 비하 및 커뮤니티 조롱투 순화	남성
네들 야당일때. 그런 소리했어야지. 특히 박영선. 박지원 활약상 잊어버렸나?	당신들이 야당일 때 그런 소리를 했어야 합니다. 특히 특정 정치인들의 과거 행동을 잊었습니까?	2	1	NORMAL	[네들] -> 반말투를 정중하게 순화	악플/욕설
당연하고아니노? 미투 중에서 진실 미투 1% 고 나머지 죄다 거짓미투인데? 당연히 책잡히면 먼일 당할지 모르니까 그럴일을 안만드는거지 아니 미투운동보면 지들이 좆같아서 신고한게 대다수 ㅋ	당연한 일 아닙니까? 미투 운동 중 진실은 극소수이고 나머지는 거짓이라고 생각합니다. 책잡힐 일을 만들지 않는 것이 당연하죠. 미투 운동을 보면 주관적인 불쾌감으로 신고한 경우가 많아 보입니다.	2	2	GENDER	[아니노, 좆같아서] -> 커뮤니티 말투 및 비속어 순화	여성/가족
이런 기사 많이 써주시고 국민들이 동성애의 추악한 실태를 알게 해주세요. 이게 진짜 국민들의 알 권리입니다.	동성애에 관한 사실들을 국민들이 잘 알 수 있게 해주십시오. 이것이 국민의 알 권리입니다.	2	2	LGBTQ	[추악한 실태] -> 가치판단이 담긴 표현을 보다 중립적이고 정중하게 순화	성소수자
과연 경향과 한겨례레는 비정규직 없는지 궁금하다. 청소하시는 분들 경비보시는 분들 외주없이 모두 정규직으로 하고 대우도 일반 기자들과 비슷한 수준인지 정말 궁금하가. 누가 이런검 좀 취재안하나?	과연 해당 언론사들에는 비정규직이 없는지 궁금합니다. 청소나 경비 업무를 하시는 분들을 모두 정규직으로 채용하고 기자들과 비슷한 대우를 하는지 취재가 필요해 보이네요.	2	1	NORMAL	[누가 이런검 좀] -> 반말투 및 오타 정제	기타 혐오
일본이 사과하고 경제발전하라고 협조해준 부분을 안 가르쳐서 그래 학교에서 교육을 잘 시켜야하는데	일본이 사과하고 경제 발전에 협조한 부분을 가르치지 않아서 그렇습니다. 학교에서 교육을 제대로 시켜야 합니다.	2	1	NORMAL	[가르쳐서 그래] -> 반말투를 정중하게 순화	clean
주작까네 인증할꺼면 제대로 해라 시발 새우 올리면 끝인가	조작하지 마십시오. 인증을 하려면 제대로 하세요. 정황만 제시하면 끝입니까?	2	3	SLUR	[주작까네, 시발, 새우] -> 커뮤니티 은어 및 욕설 순화	악플/욕설
나는 옛날부터 캐나다 국기를 좋아하노 캐나다의 자연풍경을 사랑하고	저는 예전부터 캐나다 국기를 좋아했습니다. 캐나다의 자연 풍경도 사랑하고요.	2	1	COMMUNITY	[좋아하노] -> 의문문이 아닌데 쓰인 방언형 종결어미 순화	clean
자집놈들 댓글 하나하나 읽어보면 논리력 앵나 떨어지고 다 애호박화법이노 후팔 머가리에 좆물만 찻으니 글다운 글이 써지겠노? 자댕이한테 글자교육을 시킨게 잘못이다이기 집구석에 묶어놓고 보빨이나 시켜야한다이니야	(차단된 문장입니다)	1	5	GENDER/COMMUNITY	[자집놈들, 앵나, 후팔, 자댕이] -> 남성에 대한 극단적 혐오 및 공격성으로 차단	남성
폴란드 친구 있는데 하는 말이.. 자기 나라에 이민 올려는 person 아무도 없어서 저러는거 노이해라그럼 ㅋㅋㅋㅋㅋㅋ	폴란드 친구가 말하기를, 자기 나라에 이민 오려는 사람이 아무도 없는데 저러는 것이 이해가 되지 않는다고 합니다.	2	1	RACISM	[노이해] -> 신조어를 표준어로 정제	인종/국적
개독 이 씨발년들은 지가 잘못해놓고 엄한데 가서 용서 구하고 있음 ㅋㅋ	개신교인들은 본인이 잘못을 저지르고 엉뚱한 곳에서 용서를 구하네요.	2	3	RELIGION	[개독, 씨발년들] -> 종교 비하어 및 욕설 순화	종교
이 여자는 어떻게 알았을까, 그분이 오섰습니다. 피리리~	이 여성은 어떻게 알았을까요? 신내림이라도 받은 모양입니다.	2	1	NORMAL	[오섰습니다] -> 오타 정제 및 반말투 순화	clean
손날좌 ㅜㅇㅜ..	손날좌님, 안타깝네요.	2	1	COMMUNITY	[손날좌] -> 별명을 유지하되 정중하게 표현	clean
누군지 말 안해주는거 보니 7시거나 그짝당이네	누군지 밝히지 않는 것을 보니 특정 지역 출신이거나 그쪽 정당 지지자인 모양이네요.	2	3	REGIONAL	[7시, 그짝] -> 특정 지역(전라도) 비하 은어를 정중하게 순화	지역
굳이 대로를 다 막아놓고 퀴어 축제를 하겠다는 저 사람들이 지하철에서 예수천당 불신지옥을 외치는 종교쟁이와 다를게 뭘까?	굳이 대로를 막고 퀴어 축제를 하는 사람들이 지하철에서 포교 활동을 하는 종교인들과 다를 것이 무엇입니까?	2	2	LGBTQ/RELIGION	[종교쟁이] -> 종교인 비하 표현을 정중하게 순화	성소수자, 종교
여자들은 결혼할때 생얼 보여줘야되는 법 만들어야한다 저게 사기가 아니면 뭐가 사기냐 대체??	여성들은 결혼할 때 민낯을 보여줘야 한다는 법을 만들어야 합니다. 이것이 사기가 아니면 무엇입니까?	2	2	GENDER	[사기냐 대체] -> 공격적인 말투를 정중하게 순화	여성/가족
짱깨에 저런 서비스가 있다고???	중국에 저런 서비스가 있습니까?	2	2	RACISM	[짱깨] -> 국적 비하어를 정당한 표현으로 순화	인종/국적
야 너련 능력자다 저 글 올라온지 을매나 됐다고 벌써 이런 쌉고퀄리티 로고가 나와벌이노 보지들 스피드가 한남 도태하는 스피드 따라잡노 껄껄	(차단된 문장입니다)	1	5	COMMUNITY/GENDER	[너련, 보지들, 한남] -> 특정 커뮤니티 전용 비하어 및 성별 혐오로 차단	남성
하여튼 뚱뚱한애들은 일단 거르고보면 된다	비만한 사람들은 일단 피하는 것이 좋습니다.	2	2	SLUR	[뚱뚱한애들, 거르고보면] -> 외모 비하 및 공격적 표현 순화	기타 혐오
하여간 무슬림이랑 짱깨는 인종청소라는 개념이 왜 있는 것인지 설명해주는 인류말종들	(차단된 문장입니다)	1	5	RACISM	[인종청소, 인류말종] -> 특정 인종/종교에 대한 극단적 혐오 및 살해 정당화로 차단	인종/국적
일반화의 오류를 범하네 개슬람 병신 모자란 알라씨발노무 새끼가 ㅋ	(차단된 문장입니다)	1	5	RELIGION	[개슬람, 알라씨발] -> 종교 및 신에 대한 모욕적 욕설로 차단	종교
씨발 레즈비언축제는 언제여노	레즈비언 축제는 언제 열립니까?	2	2	LGBTQ/SLUR	[씨발, ~노] -> 욕설 및 커뮤니티 말투 순화	성소수자
아직도 플스 없는 찐따들은 뭐임 ㅋㅋㅋㅋㅋㅋㅋㅋㅋㅋㅋ	아직도 플레이스테이션이 없는 사람들은 누구입니까?	2	2	SLUR	[찐따] -> 비하어를 정중한 표현으로 순화	악플/욕설
하 댓글보니 급식충 새끼들이 진짜 노답인걸 보여주네. 자신이 잘못한걸 생각안하고 저딴 개소리 씨부리는거보니 요즘 급식충들이 얼마나 기어오르는지 훤히보인다	댓글을 보니 학생들이 정말 무례하다는 것이 느껴지네요. 자신의 잘못을 반성하지 않고 저런 말을 하는 것을 보니 요즘 학생들이 얼마나 예의가 없는지 알 것 같습니다.	2	2	AGE	[급식충, 새끼들, 개소리] -> 연령 비하어 및 욕설 순화	연령
ㅋㅋㅋㅋㅋㅋㅋㅋ시발역시 미개하네	정말 미개하네요.	2	2	SLUR	[시발] -> 욕설을 제거하고 표현 유지	악플/욕설
ㅂㅈ들 많아졌다 ㅎㄷㄷ	여성들이 많아졌네요. 깜짝 놀랐습니다.	2	3	GENDER	[ㅂㅈ들] -> 여성 성기 비하 초성어를 정중하게 순화	여성/가족
일부러 철자 틀리게 써서 똥양 발음 비웃는 자적자보소 프리즈 뤼브미 어론	일부러 철자를 틀리게 써서 동양인의 발음을 비웃는 남성들의 질투가 대단하네요.	2	2	RACISM/GENDER	[똥양, 자적자] -> 동양인 비하 및 커뮤니티 남성 혐오어 순화	남성
소비자가 좆같아서 불매하겠다는대 그게 왜 정상적인불매운동이 아니냐? 정신나갔노?	소비자가 불쾌해서 불매하겠다는데 그것이 왜 정상적인 불매운동이 아닙니까? 제정신입니까?	2	3	SLUR/COMMUNITY	[좆같아서, ~노] -> 욕설 및 커뮤니티 말투 순화	악플/욕설
머구 미개인증;	대구 사람들이 미개하다는 것을 증명하네요.	2	3	REGIONAL	[머구] -> 특정 지역 비하 은어를 정당한 명칭으로 순화	지역
재기하면 웜년들이 매년 제사도 지내주고 분신사바도 해주고 라면도 사주고 복숭아도 사주고 유튜브에서 특집방송도 매년 해줄텐데...	(차단된 문장입니다)	1	5	COMMUNITY	[재기하면, 웜년들] -> 특정 인물의 자살을 희화화한 용어 및 커뮤니티 혐오어로 차단	악플/욕설
지겨워 죽겠다 씨발	정말 지겹습니다.	2	2	SLUR	[씨발] -> 욕설 제거	악플/욕설
남혐을 하는 이유도 결국 소위 남자처럼 살고싶어서 그런거노. 남자처럼 편하게 살고싶은데 여자로 키워졌으니까 부럽고 밉고 그래서. 남혐을 하는 애들이 그냥 보통 여자들보다 훨씬 더 소위 남성에 가깝노.	남성 혐오를 하는 이유도 결국 남성처럼 살고 싶어서 그런 것 아닙니까? 남성처럼 편하게 살고 싶은데 여성으로 성장했으니 부럽고 미운 것이겠죠. 남성 혐오를 하는 사람들이 일반적인 여성들보다 오히려 남성에 더 가깝습니다.	2	2	GENDER	[~노] -> 커뮤니티 말투 순화	여성/가족
축구니깐 웃으면서 이야기하지. 저 새끼들 전쟁나도 중국편이야 ㅋ	축구니까 웃으며 말하지만, 저 사람들은 전쟁이 나도 중국 편을 들 것입니다.	2	2	RACISM	[새끼들] -> 비하어를 정중하게 순화	인종/국적
자적자로 자지 자멸시키고 보지 국회의원 6969명 양산하는게 목표노 보지란 보지는 싹다 당선시켜서 보지가 표가된다는걸 알려야하노	(차단된 문장입니다)	1	5	COMMUNITY/GENDER	[자적자, 자지, 보지] -> 극단적 성별 혐오 및 성기 멸칭 사용으로 차단	남성
근데 탈북하면 남아있는 탈북자 가족은 다 사형아니냐?	그런데 탈북을 하면 북한에 남은 가족들은 모두 처형당하는 것 아닙니까?	0	0	NORMAL	[무해] -> 북한 인권 상황에 대한 의문 제기	clean
천주교부터 다 학살하자	(차단된 문장입니다)	1	5	RELIGION	[학살하자] -> 특정 종교 집단에 대한 살인 선동으로 차단	종교
손날좌 근황 알고싶다ㅋㅋㅋㅋ	손날좌님의 근황이 궁금하네요.	2	1	COMMUNITY	[손날좌] -> 별명을 유지하되 정중하게 표현	clean
경상도 애들이 제일 호구인듯 ㅋㅋ	경상도 사람들이 가장 이용당하기 쉬운 것 같습니다.	2	3	REGIONAL	[호구] -> 비하어를 정중하게 순화	지역
그냥 멀정하게 하면 될걸 똥꼬팬티랑 병신코스프레땜시 똥망	그냥 평범하게 하면 될 것을, 부적절한 노출과 이상한 모습 때문에 망했네요.	2	3	LGBTQ/SLUR	[똥꼬팬티, 병신코스프레] -> 성적 비하 및 장애인 비하 표현 순화	성소수자
진심 한남들 심각하게 운동안하노 진짜 근육있는 새낄 제대로 못봤노 그나마 예전엔(원빈 똥방신끼 세대) 남배우 좆돌 안가리고 초콜릿 복근 식스팩 뭐뭐 열풍이기까진 했는데 요샌 무작정 착즙의 향연에 평균수준이 갈수록 더 구려지는거 같노 도태각이 몹시 날카롭다 이기	(차단된 문장입니다)	1	5	GENDER/COMMUNITY	[한남, 좆돌, 도태각, 이기] -> 남성에 대한 극단적 비하 및 혐오 표현으로 차단	남성
외국인들에게 퍼주는 수준=무현머중정부시절 정일이한테 무료로 쌀퍼주고 돈퍼줬던 수준	외국인들에게 퍼주는 수준이 과거 정부 시절 북한에 무상으로 쌀과 돈을 주던 수준과 같네요.	2	2	RACISM	[무현머중, 정일이] -> 전임 대통령 및 북한 지도자에 대한 멸칭/희화화 순화	인종/국적
와...어떻게 기본이상되는 대학이 하나도없냐	와, 어떻게 기준 이상의 대학이 하나도 없습니까?	2	1	SLUR	[하나도없냐] -> 반말투 순화	악플/욕설
니들 또 빤스만 입고 나올거냐??	여러분, 또 속옷차림으로 나올 것입니까?	2	2	SLUR	[빤스, 니들] -> 비속어 및 반말투 순화	악플/욕설
자기합리화봐라 ㅋㅋㅋㅋㅋ수능에서만 최상위권이지 머가리 안목 좁은건 어쩔수 없다 아니 페북 대신 전해드립니다니 설대생이 아닐수도 있겠네아동성애가 현대 성인에겐 정신병이지 뭐냐...	자기합리화가 심하네요. 수능 성적만 좋을 뿐이지 안목이 좁은 것은 어쩔 수 없나 봅니다. 서울대생이 아닐 수도 있겠고요. 아동을 대상으로 한 성적 욕구는 정신적인 질환일 뿐입니다.	2	3	LGBTQ/SLUR	[머가리, 정신병] -> 비하어 및 장애 비유 표현 순화	성소수자
팩폭 ㅋㅋ	사실을 정확히 지적하시네요.	2	1	SLUR	[팩폭] -> 신조어를 정중하게 순화	악플/욕설
인도 좆미개한데유명인들 어케 나오는거냐	인도는 매우 미개한데 유명인들은 어떻게 배출되는 것입니까?	2	3	RACISM	[좆미개] -> 욕설 섞인 비하 표현 순화	인종/국적
ㅋㅋ 문재인개새끼는 중국에 붙을껀데 삼성도 망하고 기술 다 중국에 뺏길일만 남았구나아무리 조선이 지금 병신들 천지라도 국민들 대다수는 중국조까고 미국편들라는데	문재인 전 대통령이 중국 편을 들면서 삼성도 망하고 기술도 모두 빼앗길 것 같네요. 아무리 우리나라에 부적절한 사람들이 많아도 국민 대다수는 중국보다는 미국 편을 들어야 한다고 생각합니다.	2	3	RACISM	[개새끼, 병신들, 조까고] -> 대통령 멸칭 및 욕설 순화	인종/국적
댓글 열심히 달고다니던데 쟤 앱창인생 어떡하냐	댓글을 열심히 달고 다니던데, 저 사람의 한심한 인생은 어떡합니까?	2	3	SLUR	[앱창인생] -> 부모 비하가 포함된 저질 비하어 순화	악플/욕설
ㅎㅎㅎㅎㅎ오윾남 니 주변 다 웜련~~~ 지가 마치 여자를 만날 수 있는 줄 착각하는 한남충 독백글 잘봤노	(차단된 문장입니다)	1	5	COMMUNITY/GENDER	[오윾남, 웜련, 한남충, ~노] -> 특정 커뮤니티 전용 비하어 및 남성 혐오로 차단	남성
범죄비율 = 가해의도를 품은 비율 띵문이노	범죄 비율은 가해 의도를 품은 비율이라는 말이 참으로 훌륭한 문장이네요.	2	2	COMMUNITY	[띵문, ~노] -> 커뮤니티 용어 및 말투 순화	clean
딱 일베노	전형적인 특정 커뮤니티 말투네요.	2	2	COMMUNITY	[딱, ~노] -> 커뮤니티 전용 부사 및 말투 순화	clean
외국나가서 젤 조심해야할것은 한국인...	외국에 나가서 가장 조심해야 할 사람은 한국인입니다.	2	1	RACISM	[젤] -> 줄임말을 표준어로 정제	인종/국적
갈색되는 거 아니냐? 더러워 보일듯...	갈색으로 변하는 것 아닙니까? 지저분해 보일 것 같습니다.	2	1	SLUR	[아니냐, 보일듯] -> 반말투를 정중하게 순화	clean
페이지뷰가 많아야 광고가 발생하고 서버유지가 가능한거지.. 성인인증하면 급식충만 안올까?	페이지 뷰가 많아야 광고 수익이 생기고 서버 유지가 가능한 법입니다. 성인 인증을 한다고 해서 학생들만 오지 않을까요?	2	1	AGE	[급식충, 가능한거지] -> 연령 비하어 및 반말투 순화	연령
ㄹㅇ 한남틀딱이 딸 냄편으로 한남보다 대만계를 더 좋아한다고 한 뉴스도 있었노	(차단된 문장입니다)	1	5	GENDER/AGE/COMMUNITY	[한남틀딱, ~노] -> 남성 및 노인에 대한 복합적 비하와 혐오로 차단	남성, 연령
이 분 개쌍도쌍도 까면 홍어인데, 홍어 까는 건 쌍도가 아닐 수도 있음기적의 쌍도논리 ㄷㄷ	(차단된 문장입니다)	1	5	REGIONAL	[개쌍도, 홍어] -> 경상도와 전라도에 대한 극단적 멸칭 및 혐오로 차단	지역
저 유충들 커봐야 지금40대 개좆같은병신될꺼 뻔하노	(차단된 문장입니다)	1	5	AGE/COMMUNITY	[유충들, 개좆같은병신, ~노] -> 어린이에 대한 혐오 명칭 및 극단적 욕설로 차단	연령
존나오래걸리네 씨발 ㅋㅋㅋㅋㅋㅋㅋㅋㅋㅋㅋㅋㅋㅋㅋㅋㅋㅋㅋ	매우 오래 걸리네요. 정말이지 답답합니다.	2	2	SLUR	[존나, 씨발] -> 욕설 및 비속어 순화	악플/욕설
아 시발 못봐서 존나 궁금하네. 혹시 이름 ㅇㄱㅁ 임? 그거 맞으면 옛날여자친구인데 썰 존나 풀수잇음	아, 보지 못해서 정말 궁금하네요. 혹시 이름이 ㅇㄱㅁ 입니까? 맞다면 예전 여자친구인데 이야기를 많이 해줄 수 있습니다.	2	2	SLUR	[시발, 존나, 썰] -> 욕설 및 비속어 순화	악플/욕설
일뽕사망wwwwww	일본 광신도들은 사라지십시오.	2	2	RACISM/COMMUNITY	[일뽕, wwww] -> 특정 집단 비칭 및 인터넷 비웃음 표현 순화	악플/욕설
난 가끔 본의아니게 어깨빵을 하는데 MP3 곡 찾는거때문에 MP3 들여다보고 걸으면 어깨빵 몇번씩 한다.	저는 가끔 의도치 않게 타인과 어깨가 부딪히곤 합니다. MP3 플레이어의 곡을 찾느라 기기를 들여다보며 걷다 보니 그런 일이 생기네요.	2	1	NORMAL	[어깨빵] -> 공격적 은어를 정중한 표현으로 순화	clean
애국자네 애국자저분 덕분에 틀딱들 숫자 좀 줄어들듯 ㅇㅇ	애국자시네요. 저분 덕분에 노인분들의 숫자가 조금 줄어들 것 같습니다.	2	3	AGE	[틀딱들] -> 연령 비하어를 정당한 표현으로 순화하되, 문맥상 혐오 뉘앙스 잔존하여 Action 2	연령
고소각좀 잘재라 게이들아 왜이리 고소를 많이 당하노 ㅠㅠ	법적 책임을 지지 않도록 조심하십시오. 여러분, 왜 이렇게 고소를 많이 당하나요?	2	2	COMMUNITY	[고소각, 게이들아, ~노] -> 커뮤니티 은어 및 말투 순화	clean
아무리 온건한 무슬림이라도 극단주의 이슬람이 등장하면 저항하지 않고 동조하는 경향이 있다는게 문제지 점차적으로 극단주의로 물들어갈 가능성도 배제할수 없고 걍 답이 없음	아무리 온건한 이슬람교도라도 극단주의 세력이 등장하면 저항하지 못하고 동조하는 경향이 있는 것이 문제입니다. 점차 극단적으로 변할 가능성도 있고 해결책이 없어 보입니다.	2	2	RELIGION	[무슬림, 걍 답이 없음] -> 종교 명칭을 정중하게 하고 비속어 섞인 표현 순화	인종/국적, 종교
저런 좃병신 새끼들은 어디가면 보냐?아직 내 주위에선 못봐서 궁금하다이기	(차단된 문장입니다)	1	5	COMMUNITY/SLUR	[좃병신 새끼, 이기] -> 극단적 욕설 및 커뮤니티 비하어 사용으로 차단	악플/욕설
못배운 상태에서 뭔가를 비판하려 하지마라	지식이 부족한 상태에서 비판하려 하지 마십시오.	2	1	SLUR	[하지마라] -> 명령조를 정중하게 순화	악플/욕설
난 쪽팔려서라도 저런 새끼들하고 같은거 못 믿겠구만 기독교 신자들 대단하네.	저는 부끄러워서라도 저런 사람들과 같은 것을 믿지 못할 것 같은데, 기독교 신자들은 정말 대단하군요.	2	2	RELIGION	[쪽팔려서, 새끼들] -> 비속어 및 비하어 순화	종교
싫으면 안 하면 되는데 꼭 자기 편한대로만 하려고 하네	싫으면 하지 않으면 될 텐데, 꼭 본인이 편한 방식대로만 하려고 하네요.	2	1	NORMAL	[하네] -> 반말투를 정중하게 순화	악플/욕설
없던혐오도 생김	없던 혐오감도 생기네요.	2	1	SLUR	[혐오도 생김] -> 반말형을 정중한 문장으로 순화	악플/욕설
저것들이 인간인가?	저 사람들이 정말 인간입니까?	2	2	SLUR	[저것들] -> 비하적 지칭을 정중하게 순화	악플/욕설
남자는 채용 조건에 병역필 이거나 면제 라고 적혀있는데 이것도 차별아닌가요???	남성은 채용 조건에 병역 필 또는 면제라고 명시되어 있는데, 이것 역시 차별 아님니까?	0	0	NORMAL	[무해] -> 채용 조건에 대한 사회적 의문 제기	clean
애국국민운동연합 이름이 틀딱스러운데 민주당으로 전향한 태극기부대냐	애국국민운동연합이라는 이름이 고리타분해 보이는데, 혹시 민주당으로 전향한 태극기부대입니까?	2	2	AGE/COMMUNITY	[틀딱스러운] -> 연령 비하어를 포함한 비칭 순화	연령
첫번째 자댕놈 비위상하노	(차단된 문장입니다)	1	5	GENDER/COMMUNITY	[자댕놈, ~노] -> 남성에 대한 극단적 혐오 명칭으로 차단	남성
구조조정 시작이야 ..... 기업들 희망 버리고 구조조정 시작	구조조정이 시작되었습니다. 기업들이 희망을 버리고 구조조정에 들어갔네요.	2	1	NORMAL	[시작이야] -> 반말투 순화	clean
미.친. 국가인권위원회 해체가 답입니다! 동성애-&gt다자성애. 좀있음 시체성애자도 성소수자라고 기사뜨겠네요!	국가인권위원회를 해체해야 합니다! 동성애를 넘어 다양한 성적 지향을 인정하다가는 다른 부적절한 것들까지 성소수자로 포장될 것 같네요.	2	3	LGBTQ	[미.친.] -> 욕설 및 격앙된 표현 순화	성소수자
무슬림과 문슬림은 ㄴ 하나 차이다 그 해악도 비스무리하다	이슬람교도와 특정 정치인의 지지자들은 매우 유사하며, 그 해악도 비슷합니다.	2	3	RELIGION/COMMUNITY	[문슬림, 비스무리하다] -> 정치인 지지자에 대한 멸칭 및 비속어 순화	종교
AI의 성별 문제는 그렇다 쳐도 AI는 빅데이터에 따라서 결론을 내는 거 뿐인데 그게 차별? 이제는 AI에 킹인지 갓수성 모듈이라도 달려고?	AI의 성별 문제는 차치하고라도, AI는 데이터를 바탕으로 결론을 내릴 뿐인데 그것을 차별이라 할 수 있습니까? 이제는 AI에게 무리한 감수성까지 요구하려는 것입니까?	2	2	COMMUNITY	[킹인지 갓수성] -> 커뮤니티 비꼼 표현 순화	악플/욕설
논리로 안될거다이기 감정이 이미 그런것을... 위엣련이 말한것처럼 니가 안이쁘고 안잘나봤기때문에 막연히 그렇게 생각하는거라고 말해주고 더이상 연락하지마라	(차단된 문장입니다)	1	5	COMMUNITY/GENDER	[이기, 위엣련, 연락하지마라] -> 특정 커뮤니티 혐오어 및 공격성으로 차단	clean
한국은 이런 어려운 문제를 그냥 불법으로 묶어두고 덮어버리는 경향이 있는 것 같습니다... 성 산업 역시 양지로 끌고와서 법의 테두리 안에 두어야 한다고 봅니다.	한국은 이런 복잡한 문제를 단순히 불법으로 규정하여 덮어두려는 경향이 있습니다. 성 노동 산업 역시 합법화하여 관리해야 한다고 생각합니다.	0	0	NORMAL	[무해] -> 사회적 쟁점에 대한 논리적 의견 제시	clean
개독 페미 개빠만 사라지면 살기좋은나라	특정 종교인, 페미니스트, 그리고 반려동물을 과하게 우선시하는 사람들이 사라지면 살기 좋은 나라가 될 것 같습니다.	2	3	RELIGION/GENDER/SLUR	[개독, 페미, 개빠] -> 각종 비하어를 정당한 명칭으로 순화	여성/가족, 종교
아니 보복부에서 마한걸 가짜뉴스라니..	아니, 보건복지부에서 발표한 것을 가짜 뉴스라고 하다니요.	2	1	NORMAL	[마한걸] -> 오타 및 반말투 순화	clean
와 씨발 ㅋㅋㅋㅋㅋㅋㅋㅋ일베 가는 속도보소	와, 정말 놀랍네요. 특정 커뮤니티에 게시되는 속도가 매우 빠릅니다.	2	2	SLUR/COMMUNITY	[씨발, 속도보소] -> 욕설 및 반말투 순화	악플/욕설
짤 슴가가 허리에달렷냐 왤케 쳐짐	사진 속 가슴 부위가 너무 처져 보입니다.	2	3	GENDER/SLUR	[슴가, 왤케 쳐짐] -> 신체 부위 희화화 및 비하 표현 순화	여성/가족
정말이지 넘 싫다ㅠ 그들만이 갈수있는 병원을 만들든가 ~ 그들이 성을 바꾸는걸 선택했다는건 이런 불편함도 감내하겠다는뜻 아닌가? 왜 다수가 이들 때문에 피해를 입어야하지....	정말로 싫습니다. 성소수자들만 전용으로 이용하는 병원을 만드는 것이 어떻겠습니까? 성전환을 선택했다는 것은 그에 따른 불편함도 감수하겠다는 뜻 아닌가요? 왜 다수의 사람이 그들 때문에 피해를 봐야 합니까?	2	2	LGBTQ	[넘 싫다] -> 반말투 및 혐오 뉘앙스 순화	성소수자
짱깨새끼들도 저렇게 대했어야했는데 오냐오냐하니까난잘했다고봄	중국 사람들에게도 저렇게 엄격하게 대했어야 했습니다. 너무 관대하게 대해주니까 문제가 생긴 것이라 보며, 저는 이번 조치가 적절했다고 생각합니다.	2	2	RACISM	[짱깨새끼들, 잘했다고봄] -> 국적 비하어 및 반말투 순화	인종/국적
아따 아줌씨 나으 부모님의 세금으로 만들어진 밥상이니께 쪼까 열심히 하쑈잉	아주머니, 저희 부모님이 내신 세금으로 차려진 밥상이니 조금 더 정성을 다해주십시오.	2	2	GENDER/REGIONAL	[아줌씨, 하쑈잉] -> 여성 비하적 호칭 및 연기된 방언형 조롱 순화	clean
감성팔이해도 모자랄 시기에 병신들 ㅋㅋㅋ	동정심을 유발해도 부족할 판에 어리석은 행동들을 하네요.	2	3	SLUR	[감성팔이, 병신들] -> 비하어 및 장애 비유 표현 순화	악플/욕설
죽여버리고싶노 저딴걸영화라고만드냐	(차단된 문장입니다)	1	5	SLUR/COMMUNITY	[죽여버리고싶노] -> 살해 위협 및 커뮤니티 말투로 차단	악플/욕설
주작이 아니라면짱개+그 성별+워마드 ㄹㅇ 혼돈의 카오스 그 자체네 ㅋㅋㅋ	(차단된 문장입니다)	1	5	RACISM/GENDER	[짱개, 그 성별, 워마드] -> 국적 및 특정 집단에 대한 극단적 혐오로 차단	여성/가족, 인종/국적
주 예수보다 더 귀한 것은 없네 이 세상 명예와 바꿀 수 없네 이전에 즐기던 세상일도 주 사랑하는 맘 뺏지 못해세상 즐거움 다 버리고 세상 자랑 다 버렸네주 예수보다 더 귀한 것은 없네 예수밖에는 없네	주 예수보다 더 귀한 것은 없네 이 세상 명예와 바꿀 수 없네 이전에 즐기던 세상일도 주 사랑하는 맘 뺏지 못해 세상 즐거움 다 버리고 세상 자랑 다 버렸네 주 예수보다 더 귀한 것은 없네 예수밖에는 없네	0	0	NORMAL	[무해] -> 찬송가 가사 인용	clean
저새끼도 역선택으로 지지율 1위인거지	저 사람도 역선택 덕분에 지지율 1위를 하는 것뿐입니다.	2	2	SLUR	[저새끼, 인거지] -> 비칭 및 반말투 순화	악플/욕설
동성애자같은 사회적 변태소수자들 봐주면 안되는이유가교제허용하면 결혼허용해달라하고, 결혼 허용해주면 또 입양도 허용해달라고하는 정신병자들임Pc충들은 그냥 다 정신병자야	(차단된 문장입니다)	1	5	LGBTQ	[사회적 변태소수자, 정신병자, Pc충] -> 성소수자에 대한 극단적 모멸 및 혐오로 차단	성소수자, 기타 혐오
와 씨발죶같네	와, 정말 기분이 좋지 않네요.	2	3	SLUR	[씨발죶같네] -> 심한 욕설을 정중한 표현으로 순화	악플/욕설
신경쓰인다는 그 여직원이 타준 커피는 넣든 안넣든 찝찝하면 안 먹는게 정신건강에 좋을 것 같음 아재...	신경 쓰인다는 그 여직원이 타준 커피는, 무언가 넣었든 안 넣었든 기분이 좋지 않다면 마시지 않는 것이 정신 건강에 좋을 것 같습니다.	2	2	SLUR	[아재, 먹는게] -> 비칭 및 반말투 순화	clean
남자였으면 그냥 병쉰 취급받았겟지만 여성이라는 점을 어필해서 격식에 맞는 옷을 입지않은 논란이 아니라 여자라서 당했다 라는 프레임을 씌웟네요 여성이라서 당한게아니라 여성이여서 각종 페미니스트와 자칭 깨시민인척하는 사람들한테 우호적인 시선을 받는게 아닐까요?	만약 남성에게 일어난 일이었다면 단순히 부적절한 대우를 받았을 텐데, 여성이라는 점을 강조하여 '여성이라서 당했다'라는 프레임을 씌웠군요. 사실은 여성이라는 이유로 특정 집단이나 자칭 깨어 있는 시민들로부터 무분별한 지지를 받는 것이 문제 아닐까요?	2	2	GENDER	[병쉰, 깨시민] -> 욕설 변형어 및 비꼬는 표현을 정중하게 순화	여성/가족
옹졸이 가슴해지는 싸움이다 열심히 싸워라 그리고 페미는 정신병임 뷔페미니즘 짜져	보잘것없는 싸움이군요. 열심히 계속하십시오. 그리고 페미니즘은 잘못된 생각이며, 유리한 것만 챙기려는 모습은 그만두십시오.	2	3	GENDER	[옹졸이 가슴해지는, 정신병, 짜져] -> 비속어, 장애 비유 및 공격적 표현 순화	여성/가족
서울 씹병신새끼들 수준 ㅋㅋㅋㅋㅋㅋㅋㅋㅋㅋㅋㅋㅋㅋㅋㅋㅋㅋㅋㅋㅋㅋㅋㅋㅋㅋㅋㅋㅋㅋ	서울 사람들의 수준이 정말 낮네요.	2	4	REGIONAL/SLUR	[씹병신새끼들] -> 특정 지역민에 대한 심한 욕설 및 비하 순화	지역
맞는말임 지금 50대 중후반 세대애비새끼들이 딱! 그럼 나도그랬었지 존나좆같앴음	맞는 말입니다. 지금의 50대 중후반 아버지 세대가 딱 그렇습니다. 저도 경험해봤는데 정말 힘들었습니다.	2	3	AGE/GENDER	[애비새끼, 존나좆같앴음] -> 남성/아버지 비하어 및 욕설 순화	연령
워마드도 너무 소프트하노 페미코인 페미딥웹 만들어서 자지들처럼 쇼린이 포르노 살인청부 여혐 사이트 해킹도 해야되는데 미러링이 아직 원본을 못따라가노	(차단된 문장입니다)	1	5	COMMUNITY/GENDER	[워마드, 자지들, 쇼린이, ~노] -> 특정 커뮤니티 전용 비하어 및 아동 성착취물 언급으로 차단	남성, 연령
무슬림 장애력 ㅍㅌㅊ?	(차단된 문장입니다)	1	5	RELIGION/SLUR/COMMUNITY	[장애력, ㅍㅌㅊ] -> 종교 비하 및 장애인 비하, 일베 말투로 차단	종교, 기타 혐오
난 그래서 요즘 역이용해서 어차피 제사 안하는데~ 하면서 절하고 부랄떨때 방에 콕 박혀있는다 이기	저는 요즘 제사를 지내지 않는 것을 역이용해서, 제사 준비를 할 때 방에 들어가서 나오지 않습니다.	2	2	COMMUNITY	[부랄떨때, 이기] -> 신체 부위 비속어 및 커뮤니티 전용 말투 순화	clean
개독이 아무리 쌍욕을 먹어도 호모새끼들 절대 인정 안하는것 하나만큼은 킹정해줘야됨	(차단된 문장입니다)	1	5	RELIGION/LGBTQ	[개독, 호모새끼들, 킹정] -> 종교 및 성소수자에 대한 극단적 비하 및 혐오로 차단	성소수자, 종교
책이름도 하악하악	책 이름도 '하악하악'이네요.	0	0	NORMAL	[무해] -> 책 제목 언급	clean
한국남자 눈깔 좀 빼라 늬들 눈깔론 아무도 안 쳐다보는 게 보지들을 위한 일이노	(차단된 문장입니다)	1	5	GENDER/COMMUNITY	[눈깔 좀 빼라, 보지들, ~노] -> 신체 훼손적 표현 및 극단적 성별 혐오로 차단	남성
치마입고 화장하는게 왜 여자가 된다는거임 그냥 치마입고 화장하는 남자가 되는거지 어느 시대인데 그냥 남자인채로 치마입고 화장해라 처음에야 주변에서 좀 놀라겠지만 곧 별 신경안쓴다	치마를 입고 화장을 한다고 해서 여성이 되는 것은 아닙니까? 단순히 치마를 입고 화장을 하는 남성이 되는 것이죠. 요즘 같은 시대에 그냥 남성으로서 치마를 입고 화장을 하십시오. 처음에는 주변에서 놀랄 수도 있겠지만 곧 익숙해질 것입니다.	2	2	LGBTQ	[된다는거임, 화장해라] -> 반말투 및 LGBTQ 관련 공격성 순화	clean
캬 아주 점잖게 놀았구마이	정말 점잖게 놀았군요.	2	1	NORMAL	[놀았구마이] -> 반말투 및 사투리 분위기를 정중하게 순화	clean
ㅇㅇ 질레트 불매해~ 실컷 불매해~ 푸핰ㅋㅋㅋㅋㅋㅋㅋㅋㅋㅋㅋㅋㅋㅋㅋㅋㅋㅋㅋㅋㅋㅋㅋㅋㅋㅋㅋㅋㅋㅋㅋ 한 국 남 자 들 이 불 매 를 ? ㅋㅋㅋㅋㅋ	네, 질레트 제품을 마음껏 불매하십시오. 한국 남성들이 불매운동을 한다는 것이 정말 재미있네요.	2	2	GENDER	[푸핰, 한 국 남 자 들 이] -> 비웃음 및 남성 조롱 뉘앙스 순화	악플/욕설
대한민국의 미래 급식베츙이 응원한다	(차단된 문장입니다)	1	5	AGE/COMMUNITY	[급식베츙이] -> 학생과 특정 커뮤니티 전용 비하어의 합성어로 차단	연령
이해가 안가네. 중국에선 2등시민 밖에 안되는 소수민족 주제에 왤케 중국에 대한 자부심이 큰지. 어차피 지네 조상도 다 조선인 아닌가	이해가 되지 않습니다. 중국에서 낮은 대우를 받는 소수민족임에도 왜 그렇게 중국에 대한 자부심이 큽니까? 어차피 그들의 조상도 모두 조선인 아닙니까?	2	3	RACISM	[소수민족 주제에, 왤케] -> 특정 민족에 대한 비하적 뉘앙스 및 반말투 순화	인종/국적
수사는 당연히 해야하는데 나는 이게 물타기처럼 보인다 이거지 이득보는 놈이 범인인데 조선족과 문재앙 외에는 생각이 안나네 이 새끼들 너무 눈에 보여 ㅇㅇ 140만도 의심스럽고	수사는 당연히 해야 하지만 제 입장에서는 본질을 흐리려는 시도처럼 보입니다. 이득을 보는 사람이 범인일 텐데, 조선족이나 문재인 전 대통령 외에는 생각나지 않네요. 이 사람들이 너무 노골적으로 행동합니다. 지지자 수도 의심스럽고요.	2	3	RACISM/COMMUNITY	[물타기, 문재앙, 이 새끼들] -> 비속어, 대통령 멸칭 및 비칭 순화	인종/국적
비아냥 거리지는 맙시다. 이번에 민주당 절대 폭력 안쓴거 진짜 잘했어요. When they go low, we go high	비아냥거리지는 맙시다. 이번에 민주당이 폭력을 전혀 사용하지 않은 것은 정말 잘한 일입니다. 상대가 저급하게 행동해도 우리는 품격 있게 나아갑시다.	2	1	NORMAL	[잘했어요] -> 구어체를 정중한 문장으로 순화	clean
한국인이면 짱깨한테 좋은감정이 잇을리가 있냐 전라도는 외국이니 제외하고	(차단된 문장입니다)	1	5	RACISM/REGIONAL	[짱깨, 전라도는 외국] -> 특정 국적 및 지역에 대한 극단적 비하 및 혐오로 차단	인종/국적, 지역
무한맵에서 자원 처먹고도 망테크 타는거 보면종교탓이 크다	많은 자원을 가지고도 실패하는 것을 보니 종교적인 영향이 큰 것 같네요.	2	2	RELIGION	[처먹고, 망테크] -> 비속어 및 게임 은어 순화	종교
민사가면 변호사비 패소비용 노트북값 다 물어줄걸200만원이 쌀텐데 ㅋㅋㅋㅌ	민사 소송으로 가게 되면 변호사 비용과 패소 비용, 그리고 노트북 가격까지 모두 변상해야 할 것입니다. 200만 원으로 해결하는 것이 훨씬 나을 텐데요.	2	1	SLUR	[물어줄걸, 쌀텐데] -> 반말투를 정중하게 순화	악플/욕설
동성애는 약으로 치료가 안되냐?	동성애는 약물로 치료할 수 없는 것입니까?	2	2	LGBTQ	[치료가 안되냐] -> 동성애를 질병으로 간주하는 공격적 말투 순화	성소수자
미국 후터스 보면 입에 게거품 물겠네	의 미국의 후터스 레스토랑을 보면 정말 크게 반발하겠네요.	2	1	NORMAL	[게거품 물겠네] -> 관용적 비하 표현을 정중하게 순화	clean
아군이였네.	아군이었군요.	2	1	NORMAL	[아군이였네] -> 반말투 및 오타 순화	clean
웰 컴 투 피씨월듴ㅋㅋㅋㅋㄹㅋㅋ	PC(Political Correctness) 월드에 오신 것을 환영합니다.	2	2	COMMUNITY	[피씨월드] -> 커뮤니티 비꼼 표현 순화	악플/욕설
절대 절대 세금으로 세금으로 치료해 주지마라!	절대로 세금을 들여서 치료해주지 마십시오!	2	2	SLUR	[치료해 주지마라] -> 특정 집단(질병 등)에 대한 공격적 명령조 순화	악플/욕설
딸 인중 사마귀 같노	따님의 인중이 사마귀처럼 보이는군요.	2	2	COMMUNITY/SLUR	[~노] -> 신체 부위 지칭 및 커뮤니티 말투 순화	악플/욕설
자지들은 왜 저렇게 멍청할까?	(차단된 문장입니다)	1	5	GENDER	[자지들] -> 남성 성기 멸칭을 사용한 혐오 표현으로 차단	남성
저딴거 시키는 교회를 왜가는지 이해가 안된다 진짜	저런 행위를 강요하는 교회에 왜 가는지 정말 이해가 되지 않습니다.	2	3	RELIGION	[저딴거] -> 종교 행위에 대한 비하 표현 순화	종교
재기영기민기 ㄲㄲㄲ 다음은 상기 가자 이니야	(차단된 문장입니다)	1	5	COMMUNITY	[재기영기민기, 이니야] -> 남성의 자살을 희화화한 조롱투로 차단	clean
스시남이 느끼는 한국년 특징	일본 남성이 생각하는 한국 여성들의 특징입니다.	2	3	GENDER/RACISM	[스시남, 한국년] -> 국적 및 성별 비하어 순화	여성/가족
보지년들 존나 무식한거보소 ㅋㅋㅋㄱㅋ	(차단된 문장입니다)	1	5	GENDER	[보지년들, 존나] -> 여성 성기 멸칭 및 욕설을 사용한 혐오로 차단	여성/가족
ㅋㅋㅋㅋㅋㅋㅋㅋㅋㅋㅋㅋㅋㅋㅋㅋㅋㅋㅋㅋㅋㅋㅋ 지난 활동을 보면 답이 나오죠~~~~~~~~	지난 활동들을 보면 결론이 자명하네요.	2	1	NORMAL	[답이 나오죠] -> 구어체를 정중하게 순화	clean
제발 방구석 일베에서만 지랄하지말고 나가서 기름이라도 몸에 부어 바꾸고 싶으면 !!!!!!	(차단된 문장입니다)	1	5	COMMUNITY/SLUR	[일베, 지랄, 기름이라도 몸에 부어] -> 특정 커뮤니티 비하 및 자해/살해 위협 뉘앙스로 차단	악플/욕설
저게 어쩌면 저들이 살아남는 법일지도 모름	그것이 어쩌면 그들이 생존하는 방식일지도 모릅니다.	2	1	NORMAL	[모름] -> 반말형을 정중하게 순화	clean
존나 어거지전라도 홍어 새끼들의 한계	(차단된 문장입니다)	1	5	REGIONAL	[홍어 새끼] -> 특정 지역민에 대한 극단적 멸칭 및 혐오로 차단	지역
그런것같다 같은 쌍도라도 경남보다 경북이 더 심한 이유도 지리적 폐쇄성 때문 아니노 감귤국은 훨씬 심하겠지	그런 것 같습니다. 같은 경상도라도 경남보다 경북이 더 보수적인 이유는 지리적 폐쇄성 때문이 아닐까요? 제주도 같은 곳은 훨씬 더할 것입니다.	2	3	REGIONAL	[쌍도, ~노, 감귤국] -> 지역 비하 및 조롱투 순화	지역
현실 아스톨포는 업냐..?	현실에는 그런 중성적인 매력을 가진 사람이 없습니까?	2	1	NORMAL	[업냐] -> 캐릭터 이름을 활용한 구어체를 정중하게 순화	clean
원래 아예 다른 종교보다 같은 종교 다른 종파를 더 싫어하는게 본능임ㅋㅋㅋㅋ기독교도 불교 이슬람교 까는 것 보다 같은 기독교 내 이단종파라고 지랄하는게 더 많음. 맨날 지들끼리 이단이다!!!ㅋㅋㅋㅋ	원래 전혀 다른 종교보다는 같은 종교 내 다른 종파를 더 꺼리는 법입니다. 기독교도 다른 종교를 비판하는 것보다 내부의 다른 교파를 이단이라며 비난하는 경우가 더 많죠. 매번 서로 이단이라고 다투는 것 같습니다.	2	2	RELIGION	[까는 것, 지랄하는게, 지들끼리] -> 비속어 및 공격적 표현 순화	종교
한 10년 있으면 쟤들이 바퀴벌레처럼 번식해서 알라 앍바르 하면서 무슬림 혁명일어날듯.	(차단된 문장입니다)	2	5	RACISM/RELIGION	[바퀴벌레처럼 번식, 알라 앍바르] -> 특정 종교/민족을 해충에 비유하고 조롱하며 위협으로 묘사하여 차단	인종/국적
젊은 남성 소수에 단합력도 약하다고 정부고 기업이고 무시하는데 이렇게 단합해도 애써 무시해봐라. 다음 정권은 없다	젊은 남성들은 소수이고 단합력이 부족하다며 정부와 기업이 무시하고 있는데, 이렇게 힘을 모아도 계속 무시한다면 다음 정권은 기대하기 힘들 것입니다.	2	1	GENDER/NORMAL	[무시해봐라] -> 공격적 명령조를 정중하게 순화	기타 혐오
인도냐? 미간에 꿈꿈파우더 쳐바르고 손으로 쳐먹는거	(차단된 문장입니다)	1	5	RACISM	[꿈꿈파우더, 쳐먹는거] -> 인도인과 식문화에 대한 극단적 비하 및 혐오로 차단	인종/국적
인천 = 짱깨	(차단된 문장입니다)	1	5	RACISM/REGIONAL	[인천 = 짱깨] -> 특정 지역과 특정 국적 비하어를 동일시하며 혐오하여 차단	인종/국적, 지역
이런건 걍 돈없고 멍청한 전라도 여자들 겨냥한 상술이지	이런 것은 단순히 소득이 낮고 분별력이 부족한 특정 지역 여성들을 겨냥한 상술일 뿐입니다.	2	4	GENDER/REGIONAL	[멍청한, 전라도 여자들] -> 성별 및 지역 비하 표현 순화	여성/가족, 지역
와 내가 하고싶은 말 잘대변해줬다	와, 제가 하고 싶은 말을 정말 잘 대변해주었네요.	2	1	NORMAL	[대변해줬다] -> 반말투를 정중하게 순화	clean
페미=일베	페미니즘과 특정 커뮤니티는 유사한 성격인 것 같습니다.	2	3	GENDER/COMMUNITY	[페미=일베] -> 양 집단을 동일시하며 비하하는 뉘앙스 순화	여성/가족
드러나면이겠지 병시나	정체가 드러나면 알 수 있겠죠? 어리석은 소리 하지 마십시오.	2	3	SLUR	[병시나] -> 심한 비하어를 정당한 비판으로 순화	악플/욕설
저거 왼쪽에 있는 애 이름 뭐더라 까먹었다	저기 왼쪽에 있는 사람의 이름이 무엇입니까? 잊어버렸네요.	2	1	NORMAL	[있는 애, 까먹었다] -> 반말투 및 구어 표현 순화	clean
얼굴 가린거 보니 자기가 인간이 아닌거는 아는가보네. 짐승만도 못한..	얼굴을 가린 것을 보니 본인의 행동이 부끄러운 줄은 아는 모양이군요. 정말 실망스럽습니다.	2	3	SLUR	[인간이 아닌거는, 짐승만도 못한] -> 극단적 인적 비하를 정중한 비판으로 순화	악플/욕설
잠자는 사자를 건드리지 마라!	조용히 있는 사람을 건드리지 마십시오!	2	1	NORMAL	[건드리지 마라] -> 명령조를 정중하게 순화	clean
정신병이다 저건 정상인들은 서로 알아서 잘 배려하고 산다 저들이 하는 것은 단순한 남혐이지 숭고한 페미니즘이 아니다 엿같은 소리들 좀 그만해라..	저것은 잘못된 생각입니다. 일반적인 사람들은 서로 배려하며 살아갑니다. 저들이 하는 행동은 단순한 남성 혐오이지 진정한 페미니즘이 아닙니다. 부적절한 말은 자제해주십시오.	2	3	GENDER	[정신병이다, 엿같은 소리] -> 비하어 및 욕설 순화	여성/가족
1. 보지값존나비쌈. 2. 인력부족이 아니고 걍 단속 안하는거. 관청이 또 거짓말하네.ㅋ 3. 한국남자들이 이용하는 매춘은 존나 처벌 단속 하면서 외국남자들이 하는건 처벌안하고 단속안함. ㅋㅋ 이게 남한.ㅋㅋ	(차단된 문장입니다)	1	5	GENDER/RACISM	[보지값, 존나, 남한] -> 여성에 대한 극단적 성적 비하 및 국가 비하로 차단	여성/가족, 인종/국적
그 자리에서 교미를 해야 진정성을 알수 있지.	그 자리에서 직접적인 행위를 해야 진실성을 증명할 수 있을 텐데요.	2	3	SLUR	[교미, 알수 있지] -> 성적 비유 표현 및 반말투 순화	clean
걸어다니는 전립선 새끼들 소록도에 지들끼리 가둬야함	(차단된 문장입니다)	1	5	GENDER	[걸어다니는 전립선, 소록도] -> 남성에 대한 신체적 비하 및 환자 수용소 비유 혐오로 차단	남성
더럽다 좆나드러	정말 지저분하네요.	2	3	SLUR	[좆나드러] -> 욕설 섞인 표현 순화	악플/욕설
막짤뭐냐 씨발 풀장 갠지스될듯 ㄷㄷ;;	마지막 사진은 무엇입니까? 수영장이 매우 지저분해질 것 같아 걱정되네요.	2	3	RACISM/SLUR	[씨발, 갠지스될듯] -> 욕설 및 특정 국가의 강(지저분함의 대명사로 사용) 비유 순화	인종/국적
뭘처힘들고지랄이노 ㅗ	무엇이 그렇게 힘들어서 불평을 하시는 것입니까?	2	3	SLUR	[처힘들고, 지랄이노] -> 욕설 및 커뮤니티 말투 순화	악플/욕설
자적자 자적자 씬나는 노래	남성들의 질투를 비꼬는 노래군요.	2	2	GENDER	[자적자] -> 남성 혐오 은어를 정중한 표현으로 순화	남성
우리나라 평생 총기 허용되면 안된다. 탈북자랑 전라도 조선족 새끼들 존나 총맞을듯. 대가리 구멍 존나게 낼듯.. 그거 아니라도 죽창으로 ㅆㅂ	(차단된 문장입니다)	1	5	RACISM/REGIONAL	[총맞을듯, 대가리 구멍] -> 특정 집단에 대한 총기 살해 위협 및 극단적 혐오로 차단	인종/국적, 지역
한남들은 전부 가스실에 쳐 넣어야 정신차린다이기야	(차단된 문장입니다)	1	5	GENDER/COMMUNITY	[가스실에 쳐 넣어야, 이기야] -> 홀로코스트를 연상시키는 대량 학살 위협 및 혐오로 차단	남성
얼굴이 다른데 당연히 확인해야하지 않나? 별 이상한 기사 다 보겠네.	얼굴이 다른데 당연히 확인해야 하는 것 아닙니까? 정말 이상한 기사네요.	2	1	NORMAL	[확인해야하지 않나] -> 반말투를 정중하게 순화	악플/욕설
응 ~ 오지마~ 와서 쳐먹지도마~	오지 마십시오. 와서 음식도 드시지 마세요.	2	2	SLUR	[쳐먹지도마] -> 비속어 및 공격적 말투 순화	악플/욕설
성호경을 긋는거 보니까 목사님이 아니라 신부님 이시네요^^	성호경을 긋는 것을 보니 목사님이 아니라 신부님이시군요.	0	0	NORMAL	[무해] -> 종교적 예식에 따른 신분 정정	clean
그러케 당하고도 모르냐 결국 홍어본색 드러 낼꺼다	(차단된 문장입니다)	1	5	REGIONAL	[홍어본색] -> 특정 지역민에 대한 극단적 멸칭 및 혐오로 차단	지역
이슬람은 정신병으로 안내하는 개잡교리이고, 무슬림은 정신병자들이다.	(차단된 문장입니다)	1	5	RELIGION	[정신병, 개잡교리] -> 특정 종교와 신도를 정신병자로 매도하고 혐오하여 차단	종교, 기타 혐오
개웃기게 드립썼노 ㅋㅋㅋㅋ 빵터짐	정말 재미있게 표현하셨네요. 크게 웃었습니다.	2	1	COMMUNITY	[드립, ~노] -> 커뮤니티 은어 및 말투 순화	clean
상일도에선 버스에 불도 질렀는데 뭐 정윤고라고 그때당시 특지고 였다 걔네들이 버스에 불질러서 뉴스에도 나옴 300번인가 그랬을껄	상일동에서는 버스에 불을 지른 적도 있었습니다. 당시 유명했던 학교 학생들이 버스에 불을 질러 뉴스에도 나왔었죠. 300번 버스였던 것으로 기억합니다.	2	1	NORMAL	[그랬을껄] -> 반말투 및 오타 순화	clean
저렇게 생긴애새끼들중에 여자가 끊임없다고 말하는 사끼들 치고이쁜 여자친구 사귀는걸 본적이 없다	저런 외모를 가진 사람들 중에서 여성이 끊이지 않는다고 자랑하는 사람들치고, 실제로 매력적인 여자친구를 사귀는 경우를 본 적이 없습니다.	2	2	SLUR	[애새끼들, 사끼들] -> 비하어 및 욕설 순화	악플/욕설
나도 자유롭게 노무 ~노 쓰고싶다 이기	저도 자유롭게 특정 커뮤니티 말투를 사용하고 싶습니다.	2	2	COMMUNITY	[노무, ~노, 이기] -> 커뮤니티 전용 말투 및 전임 대통령 희화화 용어 순화	clean
아우 저 미친 ㅡㅡ	아, 정말 황당하네요.	2	2	SLUR	[저 미친] -> 욕설 섞인 표현을 정중하게 순화	악플/욕설
방금 MC무현 노래 들으러 갔다가 봤다	방금 전임 대통령을 희화화한 노래를 들으러 갔다가 보았습니다.	2	2	COMMUNITY	[MC무현] -> 전임 대통령 희화화 캐릭터 언급 순화	clean
작년에 그렇게 아묻따 보지뽑으랬는데도 정신못차리고 쌍도틀딱 이니뽑은 것들 때문에 완벽한 자지독재국됐노. 뒤늦게나마 쎄한거 눈치챈년들이라도 끌어모아서 좆불시위 열어야된다이기 재앙이 탄핵시켜야되노	(차단된 문장입니다)	1	5	COMMUNITY/GENDER/REGIONAL	[보지, 쌍도틀딱, 자지독재, 눈치챈년, 좆불시위, 재앙이] -> 성기 멸칭, 지역 비하, 대통령 비하 및 특정 커뮤니티 전용 혐오어로 차단	남성, 연령, 지역
이목구비 진한 게 왜 인기 없는지아냐?김치년들 지들이 모두 무쌍꺼풀인데 쌍수해서 나중에 애낳으면무쌍꺼풀 실눈을 남편탓하기 좋아서 그래 ㅋㅋㅋㅋㅋㅋㅋ순진하네 한남들ㅋㅋㅋㅋ	(차단된 문장입니다)	1	5	GENDER	[김치년들, 쌍수, 한남들] -> 여성을 '김치년'으로 비하하고 외모를 조롱하며 남성을 비하하여 차단	남성
근데이새끼들 몸에서 냄새 졸라나지않냐?	그런데 이 사람들의 몸에서 냄새가 매우 많이 나지 않습니까?	2	3	SLUR	[이새끼들, 졸라나지않냐] -> 비하어 및 비속어 순화	악플/욕설
SNS에서의 표현은 현실보다 공연성이 있고 정확한 증거가 되므로 법적 처벌을 강화해야 된다고 봅니다.	SNS에서의 표현은 현실보다 공연성이 강하고 명확한 증거가 되므로 법적 처벌을 강화해야 한다고 생각합니다.	0	0	NORMAL	[무해] -> 사회적 처벌에 대한 논리적 의견	clean
저분 빨리 착한 바퀴상 드려라	저분에게 빨리 적절한 보상을 해드려야겠네요.	2	3	RACISM/COMMUNITY	[착한 바퀴상] -> 특정 인종에 대한 혐오 표현(바퀴벌레)을 변형한 조롱 순화	clean
ㅋㅋㅋㅁ 우리집 근처네 .. 저건 진짜 오래된건데 새로 안짓고 그대로 있음 ㅋㅋ 저기가 울산 삼산동임	저희 집 근처네요. 정말 오래된 건물인데 재건축하지 않고 그대로 있습니다. 위치는 울산 삼산동입니다.	2	1	NORMAL	[ㅋㅋㅋㅁ, 우리집] -> 반말투 및 오타 순화	clean
그리고 일본페미가 망햇댜는것도 뇌피셜이지 ㅋㅋㅋㅋ 김치국보다 앞서있노 일본도 페미의 승리로 고용차별금지법 통과되고 김치국보다 봊성인권 높은데 김치국 주제파악좀 ㅋㅋㅋㅋㄴ	(차단된 문장입니다)	1	5	GENDER/RACISM	[뇌피셜, 김치국, 봊성인권] -> 국가 비하어 및 성별 혐오 변형어를 사용하여 차단	기타 혐오
15년간 꾸준하게 미혼모로 활동할거 같다홀트아동복지회 vvip 될듯	15년 동안 미혼모로서의 삶을 지속할 것 같네요. 복지 단체의 도움을 많이 받을 것 같습니다.	2	3	GENDER	[미혼모로 활동, vvip 될듯] -> 미혼모를 조롱하는 듯한 뉘앙스 순화	악플/욕설
지랄똥싸고 자빠졌노 이제껏 몰카는 남들일이었다가 갑자기 눈깔 벌개서 관음이노? 캬악 퉷	(차단된 문장입니다)	1	5	SLUR/COMMUNITY	[지랄똥싸고, 관음이노, 캬악 퉷] -> 극단적 욕설 및 조롱으로 차단	악플/욕설
경찰이 쫓아가는거야?방속국애들이 쫓아가는거야?	경찰이 추격하는 것입니까? 아니면 방송국 관계자들이 추격하는 것입니까?	2	1	NORMAL	[쫓아가는거야] -> 반말투를 정중하게 순화	clean
휴 다행이다 성매매말고 본인능력으로 갱뱅하는놈들 존나부럽더라..	(차단된 문장입니다)	1	5	SLUR	[갱뱅, 존나부럽더라] -> 노골적인 성적 행위 묘사 및 비속어로 차단	clean
법안발의가 논의의 시작이 아니라 마침표인듯 발의하고 심의해서 법안통과되면 끝아닌가? 김성주의원은 뭔소리하는거야! 돈되는 성형,피부과등으로 가지않게 잘 지원책을 마련해서 있는 의사들 육성했으면 합니다	법안 발의가 논의의 시작이 아니라 마무리가 되어야 한다고 생각합니다. 발의 후 심의를 거쳐 통과되면 끝나는 것 아닌가요? 특정 의원은 무슨 말을 하는 것입니까! 수익이 높은 성형외과나 피부과로만 쏠리지 않도록 적절한 지원책을 마련하여 필수 의료진들을 육성해야 합니다.	2	2	NORMAL	[뭔소리하는거야] -> 반말투 및 공격적 말투 순화	clean
한자는 왜 번체자를 써놨노	한자는 왜 정자체(번체자)로 적어놓았습니까?	2	1	COMMUNITY	[써놨노] -> 커뮤니티 말투를 정중한 의문문으로 순화	clean
아웅산수치 지지한다. 개슬람은 죽여도돼~로힝야 고투헬.	(차단된 문장입니다)	1	5	RELIGION/RACISM	[개슬람은 죽여도돼, 고투헬] -> 특정 종교와 인중에 대한 학살 옹호 및 조롱으로 차단	인종/국적, 종교
아니 시발 동성애자들이 티 안내고 있으니까 호모포비아들이 많지 않은거지 대놓고 저렇게 해버리면 시발 나라도 존나 동성애자 씹 극혐 스킨헤드된다	(차단된 문장입니다)	1	5	LGBTQ	[시발, 존나, 씹 극혐, 스킨헤드된다] -> 욕설 및 성소수자에 대한 증오 범죄(스킨헤드) 연상 표현으로 차단	성소수자
종교로나라파탄	종교로 인해 나라가 혼란스럽네요.	2	2	RELIGION	[나라파탄] -> 과격한 표현을 정중하게 순화	종교
요새 어떤 멍충이가 페미니즘이 성평등교육이고 옳바른 성교육이라 생각하나?ㅋㅋ페미 =일베 또는 그보다 못한 어떤것이지	요즘 누가 페미니즘을 성평등 교육이나 올바른 성교육이라고 생각하겠습니까? 페미니즘은 특정 커뮤니티와 유사하거나 그보다 못한 것이라고 봅니다.	2	3	GENDER/COMMUNITY	[멍충이가, 페미=일베] -> 비하어 및 양 집단 동일시 조롱 순화	여성/가족
안가면 될것을...그것도 이 코로나 시대에...통화음성 들어보면 갑질도 슈퍼갑질이더니만~~변명도 이런변명이 다있네...프랜차이즈라고 제제있을거 같아 글 올린거 같은데 정말 구차하고 찌질하네요 그냥 오바해서 죄송하다고 하십시오	가지 않으면 될 것을, 이 시국에 왜 그러셨습니까. 통화 내용을 들어보니 갑질이 매우 심하시더군요. 변명도 구차하게 들립니다. 가맹점주로서 제약이 있을까 봐 글을 올린 것 같은데 정말 부적절해 보입니다. 그냥 과욕을 부려 죄송하다고 사과하십시오.	2	2	SLUR	[찌질하네요, 오바해서] -> 비하어 및 비속어 순화	악플/욕설
웅앵웅앵..페미무쪄워용웅앵웅앵... 어휴..ㅂㅅ..	(차단된 문장입니다)	1	5	COMMUNITY/SLUR	[웅앵웅앵, 페미무쪄워용, ㅂㅅ] -> 성별 조롱 은어 및 욕설 초성으로 차단	악플/욕설
아니시발 현실에선 머구니 창원이니 이딴곳 어디붙어있는지도 모르는사람들이 대부분인데;; 제발 서울 부산빼고는 동네이름 쓰지마진짜 특히 대구개새끼들보면 일부러지들동네 홍보하고싶어함ㅡㅡ	(차단된 문장입니다)	1	5	REGIONAL/SLUR	[머구니, 이딴곳, 대구개새끼들] -> 특정 지역 비하 은어 및 심한 욕설로 차단	지역
어떤구멍이든 맛만좋으면된다	(차단된 문장입니다)	1	5	SLUR	[어떤구멍이든, 맛만좋으면] -> 극단적이고 추잡한 성희롱적 표현으로 차단	악플/욕설
예전에 강남 클럽에서 웃통까는 년중에 90%는 트젠이었음	과거 강남 클럽에서 노출이 심했던 여성들 중 대다수는 트랜스젠더였습니다.	2	3	LGBTQ/GENDER	[웃통까는 년, 트젠] -> 성별 비하어 및 성소수자 비칭 순화	성소수자
형제간에 성관계도 성소수자 인지... 코미디...	형제간의 성적 관계도 성소수자의 범주에 포함되는 것입니까? 정말 황당하네요.	2	2	LGBTQ	[성관계도 성소수자 인지, 코미디] -> 근친상간을 성소수자에 빗대어 조롱하는 뉘앙스 순화	성소수자
기자가 영화를 아예 못본거같은데미드웨이가 다른 전쟁영화와는 다른게 단순 일본을 악으로 묘사하지 않고 그들의 국민과 나라를 위해 자기 목숨 하나쯤은 아무렇지 않게 내놓는 무사도 마냥 그려놨던데	기자가 영화를 제대로 보지 않은 것 같습니다. 영화 '미드웨이'는 다른 전쟁 영화와는 달리 일본을 단순한 악으로 묘사하지 않고, 국가를 위해 헌신하는 모습을 강조하여 그렸더군요.	2	1	NORMAL	[못본거같은데] -> 반말투 순화	clean
귀엽게 생겼는데	귀엽게 생겼네요.	2	1	NORMAL	[생겼는데] -> 반말투를 정중하게 순화	clean
뭐가 맘충이야 그냥 및치ㄴ련이지	(차단된 문장입니다)	1	5	GENDER	[맘충, 및치ㄴ련] -> 여성 비하 및 극단적 욕설로 차단	여성/가족
반대하는 입장에서 생각해본적이 있는가!!! 평등법은 절대 평등하지 않는 법이다!! 나라의 미래를 생각한다면 절대 폐지되어야 할 법!!!!! 끝까지 반대할꺼다!!	반대하는 사람들의 입장에서 생각해보신 적이 있습니까? 평등법은 진정으로 평등하지 않은 법입니다. 나라의 미래를 위해 반드시 폐지되어야 하며, 끝까지 반대하겠습니다!	2	2	SLUR	[생각해본적이 있는가, 할꺼다] -> 반말투 및 공격적 말투 순화	악플/욕설
한남군대동아리는 좆둥이클럽이 아니노. 탄알세면서 좆전쟁소꼽장난이나 연습하는 좆둥아리 유치원이노. 대마리화나나 빨면서 비웃어줘야겠노	(차단된 문장입니다)	1	5	GENDER/COMMUNITY	[한남, 좆둥이, 좆전쟁, ~노] -> 군대 및 남성에 대한 극단적 비하와 욕설로 차단	남성
다문화가 좋은건 어디까지나 선진국 받을떄 얘기	다문화 정책의 긍정적인 면은 선진국 출신의 이민자를 받아들일 때의 이야기입니다.	2	2	RACISM	[얘기] -> 줄임말 및 선민의식 섞인 말투 순화	인종/국적
전라도는 과학입니다 행님들~	전라도 사람들의 특징은 정말 일관적이네요. 여러분.	2	3	REGIONAL	[과학입니다, 행님들] -> 특정 지역에 대한 고정관념 섞인 비하를 정중하게 순화	지역
급식충들이 일베 코스프레하는거 보면 개패고싶더라	학생들은 특정 혐오 커뮤니티를 흉내 내는 것을 보면 정말 화가 납니다.	2	3	AGE/COMMUNITY	[급식충, 일베, 개패고싶더라] -> 연령 비하어 및 폭력적 표현 순화	연령
나...먼저 보지좀...	(차단된 문장입니다)	1	5	GENDER	[보지좀] -> 여성 성기 멸칭을 사용한 성희롱으로 차단	여성/가족
모르냐? 우리나라는 기업이 왕이라는거 다문화 가정은 지랄 좆까고 사실 저임금 노동자가 이유지 그래서 개나소나 불체자나 다 받아들이는거 김대중 각하는 기업한테 얼마나 처드셧을까	모릅니까? 우리나라는 기업의 입김이 매우 강합니다. 다문화 가정 장려는 허울일 뿐이고, 실제로는 저임금 노동력을 확보하려는 의도입니다. 그래서 불법 체류자들까지 무분별하게 받아들이는 것이죠. 과거 전임 대통령도 기업들로부터 많은 뇌물을 받았을 것 같네요.	2	3	RACISM/SLUR	[지랄 좆까고, 개나소나, 처드셧을까] -> 욕설 및 대통령 비하 순화	악플/욕설
진실은 불편한 법..자연순리를 따르지 않고 자기합리화 논리로만 세상을 살다보면 나락으로 떨어지게 되어있음..동성애가 말이 돼?? ㅡㅡ	진실은 직시하기 어려운 법입니다. 자연의 섭리를 따르지 않고 자기합리화에 빠져 살다 보면 결국 나쁜 결과를 초래하게 됩니다. 동성애가 상식적으로 이해가 됩니까?	2	3	LGBTQ	[말이 돼] -> 성소수자에 대한 공격적 말투 순화	성소수자
즌라도에선 성희롱이 아니랑깽	(차단된 문장입니다)	1	5	REGIONAL/COMMUNITY	[즌라도, ~랑깽] -> 전라도를 비하하는 멸칭 및 조롱하는 방언 흉내로 차단	지역
정말 당연한거지.. 질서를 무너트리는것은 다음세대들을 위해서도 꼭 확실히 해야한다	정말 당연한 일입니다. 사회 질서를 무너뜨리는 행위에 대해서는 다음 세대를 위해서라도 엄격히 대처해야 합니다.	2	1	NORMAL	[당연한거지] -> 반말투를 정중하게 순화	clean
얼굴이 개씹이면 당연히 꾸미는데 많이들지 근데 그건 남자문제가아니지 시벌년아	(차단된 문장입니다)	1	5	GENDER/SLUR	[개씹이면, 시벌년아] -> 극단적 외모 비하 및 여성에 대한 욕설로 차단	여성/가족
시발 지금 조선반도 주류가 누군지 아냐	지금 우리나라의 주도권을 누가 쥐고 있는지 아십니까?	2	3	SLUR/RACISM	[시발, 조선반도] -> 욕설 및 국가 비하적 표현 순화	악플/욕설
난 6.9 한남 조카만 봐도 기부니가 나쁜데 저건 어떡하노 웅앵웅	(차단된 문장입니다)	1	5	GENDER/COMMUNITY	[6.9 한남, 기부니가, ~노, 웅앵웅] -> 남성 및 아동에 대한 혐오 표현으로 차단	남성
내로남불 오지는 년들 ㅋㅋㅋ 지들이 할때는 로맨스고 남이 할때는 불륜이냐?	남이 하면 불륜, 본인들이 하면 로맨스라고 생각하는 무책임한 주장이네요. 자기중심적인 사고가 너무 심합니다.	2	3	GENDER/SLUR	[오지는 년들] -> 여성 비하어 및 비속어 순화	여성/가족
짱깨차는 사는게 아님. 목숨 걸고 타야됨	중국산 차량은 구매하지 않는 것이 좋습니다. 안전성이 매우 우려됩니다.	2	2	RACISM	[짱깨차] -> 국적 비하어 순화	인종/국적
개독교 새끼들 또 지랄하네. 왜 남의 일에 참견임?	개신교인들이 또 부적절하게 행동하네요. 왜 타인의 자유에 간섭합니까?	2	3	RELIGION/SLUR	[개독교 새끼들, 지랄하네] -> 종교 비하어 및 욕설 순화	종교
전라도 뒤통수는 과학이다. 절대 믿지 마라	(차단된 문장입니다)	1	5	REGIONAL	[뒤통수는 과학] -> 특정 지역민에 대한 극단적 비하 및 고정관념으로 차단	지역
조선족 새끼들 다 공장으로 돌려보내라. 우리나라에서 뭐하는 짓임?	조선족 사람들은 모두 본국으로 돌아가게 해야 합니다. 우리나라에서 왜 이런 행동들을 합니까?	2	3	RACISM	[새끼들, 뭐하는 짓임] -> 비하어 및 공격적 말투 순화	인종/국적
역시 짱깨는 미개함 그 자체 ㅋㅋㅋ 공공장소에서 똥오줌 가릴줄도 모르노	(차단된 문장입니다)	1	5	RACISM/COMMUNITY	[짱깨, 미개함, 똥오줌, ~노] -> 특정 국적자에 대한 극단적 멸시 및 불결한 묘사로 차단	인종/국적
한남충들 군가 부르는거 보면 진짜 기괴함 ㅋㅋㅋ 집단 정신병 걸린거 같음	(차단된 문장입니다)	1	5	GENDER	[한남충, 집단 정신병] -> 남성 및 군 복무자에 대한 극단적 비하 및 혐오로 차단	남성
틀딱들 냄새 오지네... 옆에만 가도 코가 썩는 기분	(차단된 문장입니다)	1	5	AGE	[틀딱, 코가 썩는] -> 노인에 대한 극단적 신체적 모욕 및 혐오로 차단	연령
페미년들 다 죽었으면 좋겠노 ㅋㅋㅋㅋ 이기야	(차단된 문장입니다)	1	5	GENDER/COMMUNITY	[다 죽었으면 좋겠노, 이기야] -> 여성에 대한 살해 위협 및 극단적 혐오로 차단	여성/가족
개슬람 사원 짓는거 결사반대! 우리나라는 이슬람 안된다	이슬람 사원 건립에 강력히 반대합니다! 우리나라는 이슬람 문화를 수용하기 어렵습니다.	2	3	RELIGION	[개슬람] -> 종교 비하어를 정당한 명칭으로 순화	종교
경상도 통구이들 지랄하네 ㅋㅋㅋ 어묵 먹고 싶냐?	(차단된 문장입니다)	1	5	REGIONAL/COMMUNITY	[통구이, 어묵] -> 대형 참사 피해자를 희화화한 극단적 혐오 명칭으로 차단	지역
조선족 칼부림 무서워서 대림동 근처도 안 감	조선족들의 흉악 범죄가 걱정되어 특정 지역 근처에는 가지 않습니다.	2	2	RACISM	[칼부림] -> 특정 집단을 잠재적 범죄자로 예단하는 표현 순화	인종/국적
역시 쪽바리 수준 ㅋㅋㅋ 남의 나라 침략이나 할줄 알지	역시 일본의 수준이네요. 다른 나라를 침략했던 역사적 과오 외에는 언급할 것이 없나 봅니다.	2	2	RACISM	[쪽바리] -> 국적 비하어를 정당한 명칭으로 순화	인종/국적
여성가족부또뻘짓하네 ㅋㅋㅋ 세금 낭비 오짐	여성가족부가 또 부적절한 행정을 펼치네요. 세금 낭비가 매우 심각합니다.	2	2	GENDER	[뻘짓, 오짐] -> 비속어를 정중하게 순화	여성/가족
전라도 홍어 새끼들 통수 조심해라 ㅋㅋㅋ	(차단된 문장입니다)	1	5	REGIONAL	[홍어 새끼, 통수] -> 특정 지역민에 대한 극단적 멸칭 및 혐오로 차단	지역
개독들 노방전도 지랄오지네. 경찰에 신고 못함?	개신교인들의 길거리 전도 활동이 도를 넘었네요. 경찰에 신고할 수 없는 것입니까?	2	3	RELIGION	[개독, 지랄오지네] -> 종교 비하어 및 욕설 순화	종교
틀딱들 틀니 압수! ㅋㅋㅋㅋ 목소리만 존나 큼	노인분들은 조용히 해주셨으면 좋겠습니다. 목소리가 너무 커서 주변에 지장을 줍니다.	2	2	AGE	[틀딱, 틀니 압수, 존나] -> 연령 비하어 및 비속어 순화	연령
한남충들 웅앵웅 하는거 보면 개웃김 ㅋㅋㅋ 피해의식 지림	(차단된 문장입니다)	1	5	GENDER/COMMUNITY	[한남충, 웅앵웅, 피해의식 지림] -> 남성에 대한 조롱 및 극단적 비하로 차단	남성
짱깨새끼들 미세먼지 수출 그만해라 시발롬들아	중국 사람들은 미세먼지 배출을 중단해주십시오. 정말 화가 납니다.	2	3	RACISM/SLUR	[짱깨새끼들, 시발롬들] -> 국적 비하어 및 욕설 순화	인종/국적
전라도는 외국이다. 기미도 보이지 마라	(차단된 문장입니다)	1	5	REGIONAL	[전라도는 외국] -> 특정 지역을 타국으로 몰아세우며 배척하고 혐오하여 차단	지역
개슬람 테러리스트들 다 잡아다가 죽여버려야됨	(차단된 문장입니다)	1	5	RELIGION/RACISM	[다 잡아다가 죽여버려야] -> 특정 종교 신도들을 테러리스트로 단정하고 살해 선동하여 차단	인종/국적, 종교
쪽바리들 방사능 먹고 다 뒤졌으면 좋겠노	(차단된 문장입니다)	1	5	RACISM/COMMUNITY	[다 뒤졌으면 좋겠노] -> 특정 국적자에 대한 살해 염원 및 극단적 증오로 차단	인종/국적
조선족들 우리나라 치안 망치는 주범들임. 다 쫓아내야됨	조선족들이 우리나라의 치안을 악화시키고 있습니다. 이들을 추방해야 합니다.	2	3	RACISM	[망치는 주범, 쫓아내야] -> 특정 집단 혐오 선동 및 과격한 표현 순화	인종/국적
여성할당제 실화냐? 실력도 없는 년들이 자리 다 꿰참	여성할당제가 실제로 시행되는 것입니까? 실력이 부족한 사람들이 자리를 차지하는 것 같아 우려됩니다.	2	3	GENDER	[실화냐, 없는 년들] -> 비속어 및 여성 비하 표현 순화	여성/가족
전라도 사람들은 통수가 기본 패시브인듯 ㅋㅋㅋ	(차단된 문장입니다)	1	5	REGIONAL/COMMUNITY	[통수가 기본 패시브] -> 특정 지역민에 대한 극단적 비하 및 고정관념화로 차단	지역
개독교 다니는 것들 제정신 아님. 돈에 환장한 집단	개신교에 다니는 사람들은 판단력이 흐려진 것 같습니다. 돈에만 집착하는 부적절한 집단으로 보이네요.	2	3	RELIGION	[제정신 아님, 환장한] -> 비하어 및 비속어 순화	종교
틀딱들 냄새 오지네... 옆에만 가도 코가 썩는 기분	(차단된 문장입니다)	1	5	AGE	[틀딱, 코가 썩는] -> 노인에 대한 극단적 신체 모욕 및 혐오로 차단	연령
한남충 새끼들 자지는 6.9cm면서 입만 살았노 ㅋㅋㅋ	(차단된 문장입니다)	1	5	GENDER/COMMUNITY	[한남충, 자지, 6.9cm] -> 남성 성기 비하 및 극단적 혐오로 차단	남성
조선족 새끼들 칼 들고 다닌다는거 진짜임? 무서워서 마주치지도 못하겠다	조선족들이 흉기를 소지하고 다닌다는 것이 사실입니까? 무서워서 마주치기조차 힘드네요.	2	3	RACISM	[새끼들, 마주치지도 못하겠다] -> 비하어 및 잠재적 범죄자 취급 표현 순화	인종/국적
역시 짱깨 수준 ㅋㅋㅋ 도둑질 아니면 할줄 아는게 없네	역시 중국의 수준이네요. 남의 것을 훔치는 것 외에는 할 줄 아는 것이 없나 봅니다.	2	3	RACISM	[짱깨, 도둑질] -> 국적 비하 및 특정 집단 범죄자 취급 순화	인종/국적
페미년들 군대나 가라고 해라. 권리만 챙기고 의무는 나몰라라 ㅋㅋㅋ	페미니스트들도 군 복무를 해야 한다고 생각합니다. 권리만 챙기려 하고 의무는 다하지 않는 모습은 부적절합니다.	2	2	GENDER	[페미년들, 나몰라라] -> 여성 비하어 및 공격적 말투 순화	여성/가족
개독들 노방전도 하는거 보면 진짜 뺨 때리고 싶음. 왜 민폐를 끼치냐	개신교인들이 길거리에서 전도하는 것을 보면 정말 화가 납니다. 왜 타인에게 민폐를 끼칩니까?	2	3	RELIGION	[개독, 뺨 때리고 싶음] -> 종교 비하어 및 폭력적 표현 순화	종교
경상도 사투리 들으면 화난거 같아서 무서움 ㅋㅋㅋ 왜 저렇게 소리를 지른대	경상도 사투리를 들으면 화가 난 것 같아서 무섭네요. 왜 그렇게 크게 말을 합니까?	2	1	REGIONAL	[화난거 같아서, 지른대] -> 반말투 및 선입견 섞인 말투 순화	지역
짱깨산 물건은 사는게 아님. 금방 고장나고 쓰레기임	중국산 물건은 구매하지 않는 것이 좋습니다. 쉽게 고장 나고 품질이 매우 낮습니다.	2	2	RACISM	[짱깨산, 쓰레기] -> 국적 비하어 및 비하 표현 순화	인종/국적
조선족들이 우리나라 치안 다 망쳐놓음. 다 쫓아내야 나라가 산다	조선족들이 우리나라의 치안을 악화시키고 있습니다. 이들을 추방해야 나라가 바로 설 것입니다.	2	3	RACISM	[망쳐놓음, 쫓아내야] -> 특정 집단에 대한 혐오 선동 및 과격한 표현 순화	인종/국적
한남충들 또 시작이네 ㅋㅋㅋ 지들이 무능해서 도태된걸 왜 여자 탓을 함?	(차단된 문장입니다)	1	5	GENDER/COMMUNITY	[한남충, 도태된] -> 남성에 대한 극단적 비하 및 혐오로 차단	남성
역시 전라도는 홍어의 땅 ㅋㅋㅋ 뒤통수 조심해야지	(차단된 문장입니다)	1	5	REGIONAL	[홍어, 뒤통수] -> 특정 지역민에 대한 극단적 멸칭 및 비하로 차단	지역
개슬람 사원 짓는거 반대한다. 테러리스트 양성소 아님?	이슬람 사원 건립에 반대합니다. 혹시 테러 활동을 조장하는 곳은 아닙니까?	2	3	RELIGION	[개슬람, 테러리스트 양성소] -> 종교 비하어 및 특정 종교인을 테러리스트로 매도하는 표현 순화	종교
정게 틀딱, 박사모들 워마드 보빨한다고 페미니즘 옹호하기 시작했다	(차단된 문장입니다)	1	5	AGE/COMMUNITY/GENDER	[틀딱, 보빨, 워마드] -> 노인, 특정 정당 지지자 및 여성에 대한 극단적 비하와 성적 멸칭으로 차단	여성/가족, 연령
불매운동잼 ㅋㅋㅋㅋ	불매운동이 재미있네요.	2	1	COMMUNITY	[~잼] -> 커뮤니티식 줄임말을 정중하게 순화	clean
제발 좆같은 중국 망하게 해주세요	부디 중국이 몰락하기를 간절히 바랍니다.	2	3	RACISM/SLUR	[좆같은] -> 심한 욕설을 정중한 표현으로 순화	인종/국적
지혜와 진리의 말씀이네요~	참으로 지혜롭고 진실된 말씀입니다.	0	0	NORMAL	[무해] -> 긍정적인 평가 및 동의	clean
친목은 벤이랑깨	친목 행위는 금지되어 있습니다.	2	2	COMMUNITY	[벤이랑깨] -> 게임/커뮤니티 용어 및 변형된 방언 어투 순화	clean
미국을 왜 헬조랑 비교하노 거긴 최소 여자로서 당하는 위협은 여기보단 훨씬 적다이기야ㅋㅋㅋ 여긴 개미개국이고	미국을 왜 우리나라와 비교합니까? 그곳은 최소한 여성이 겪는 위협이 여기보다 훨씬 적습니다. 우리나라는 정말 미개한 수준이네요.	2	3	RACISM/GENDER	[헬조, ~노, 이기야, 미개국] -> 국가 비하어, 커뮤니티 말투 및 비하 표현 순화	인종/국적
저런 애들이 능력자임돈을 떠나서순수하게 섹스를 할 수 있다는 거 자체가 남자로서 매력있다는거지.	저런 사람들이 진정한 능력자입니다. 경제적인 부분을 떠나서, 순수하게 이성에게 매력을 어필할 수 있다는 것 자체가 남성으로서 큰 강점이죠.	2	2	SLUR	[애들이, 섹스를, 있다는거지] -> 비속어 및 반말투 순화	clean
조금만 검색해봐도 시기가 안 맞다는 거 알 수 있는데 선동되는 것들은 무뇌충이지	(차단된 문장입니다)	1	5	SLUR	[무뇌충] -> 뇌가 없다는 뜻의 극단적 비하어로 차단	악플/욕설
남녀관계 폭행은 초범에 골절이나 영구 장애안생기는 범위안에는 훈방때려야 저년들이 한대씩 처맞어본 경험이 생겨 안깝치지남자한테..	(차단된 문장입니다)	1	5	GENDER	[처맞어본, 안깝치지] -> 여성에 대한 물리적 폭력을 정당화하고 비하하여 차단	여성/가족
병신들 이순신도 충남 아산 출신이다 어휴 라도수준하곤	(차단된 문장입니다)	1	5	REGIONAL/SLUR	[병신들, 라도수준] -> 특정 지역을 비하하고 욕설을 사용하여 차단	지역
어디갓니???????????????????????????????? 자칭중립 자칭합리적보수 버러지들 어디갓니?	어디에 있습니까? 중립이나 합리적 보수를 표방하던 사람들은 모두 어디로 갔나요?	2	2	SLUR	[버러지들] -> 특정 집단을 벌레에 비유한 비하 표현 순화	악플/욕설
여성스러운 섹희들은 다 그런게냐? 정신차려라 제발 혐오가아닌 니들만의 세상을 열어 갈려멵 그만큼의 노력을 해다오	여성스러운 성향의 사람들은 모두 그렇습니까? 정신을 차리십시오. 혐오가 아닌 본인들만의 세상을 만들고 싶다면 그에 걸맞은 노력을 해주시기 바랍니다.	2	2	LGBTQ	[섹희, 니들] -> 비하적 변형어 및 반말투 순화	성소수자
들어간이유는?	들어간 이유는 무엇입니까?	2	1	NORMAL	[이유는] -> 반말투를 정중한 의문문으로 순화	clean
진짜 지들이 애기 건들생각 좆도없는 범죄유혹으로부터 자유로운 인간이면 저딴소리 할수가없지않노? 한남이 아무리 한남이라지만 후팔ㅋㅋㅋㅋ저건 ㄹㅇ그냥 지들이 ^나도언젠가 당할일^이라며 피해자 꽃뱀만들고 가해자에 빙의하는 클라스,,,,^^ 자혐 풀충전하고감니다.....^^	(차단된 문장입니다)	1	5	GENDER/COMMUNITY	[어린이 대상 범죄 언급, 한남, 후팔, 커뮤니티 조롱] -> 남성에 대한 극단적 비하 및 위험한 발언으로 차단	남성
맘충들 덕에 저 이모티콘보면 기분 다운됨	어머니들에 대한 비하 상황 때문에 저 이모티콘을 보면 기분이 좋지 않네요.	2	2	GENDER	[맘충] -> 여성/어머니 비하어를 정당한 표현으로 순화	여성/가족
페미특: 못생김	페미니스트들에 대한 선입견 중 하나는 외모가 뛰어나지 않다는 것입니다.	2	2	GENDER	[페미특, 못생김] -> 특정 집단에 대한 외모 비하 및 조롱 순화	여성/가족
실..화냐?.... 후팔..후팔..후파아아아알	(차단된 문장입니다)	1	5	COMMUNITY/SLUR	[후팔] -> 특정 커뮤니티 전용 극단적 욕설로 차단	악플/욕설
하 참나 저런새끼들은 진짜 저새끼 고향이랑 전국에 면상을 뿌려야됨	정말 어이가 없네요. 저런 사람들은 신상을 공개해서 전국적으로 알게 해야 합니다.	2	3	SLUR/REGIONAL	[새끼들, 면상] -> 비하어 및 신체 비칭 순화	악플/욕설
큰그림을 잘그린단말이야	먼 미래를 내다보는 안목이 훌륭하시네요.	2	1	NORMAL	[잘그린단말이야] -> 반말투 순화	clean
벌서 개학 한다고? 불과 5년전 일인데 왜 기억이 하나도 안나냐 원래 이렇게 빨리 개학하는거냐?	벌써 개학을 합니까? 불과 5년 전 일인데 기억이 잘 나지 않네요. 원래 이렇게 일찍 개학하는 것입니까?	2	1	NORMAL	[안나냐, 거냐] -> 반말투를 정중하게 순화	clean
눈에는 눈 이에는 이~~일단 인분부터 먹이고 시작합시다~~	(차단된 문장입니다)	1	5	SLUR	[인분부터 먹이고] -> 비인도적이고 혐오스러운 행위 묘사로 차단	clean
저기 위에 여자가 어디있노???전부 남자 아니노????내 눈깔이 타락했노?	저기 위에 여성이 어디 있습니까? 모두 남성으로 보이는데요. 제 판단이 틀린 것입니까?	2	2	COMMUNITY/SLUR	[~노, 눈깔] -> 커뮤니티 말투 및 신체 비칭 순화	악플/욕설
메갈을보고 나라가 망해가고,민주당과 경향은 아니란걸 깨달았다	특정 커뮤니티를 보며 나라 상황이 우려되었고, 특정 정당과 언론에 대해 다시 생각하게 되었습니다.	2	2	GENDER/COMMUNITY	[메갈] -> 혐오 커뮤니티 명칭 및 비하적 뉘앙스 순화	여성/가족
ㅅㅂㅅㅂㅅㅂㅅㅂ...	정말이지 답답한 상황이네요.	2	3	SLUR	[ㅅㅂ] -> 욕설 초성을 정중한 표현으로 순화	악플/욕설
지금까지 훈련끝나고 당직끝나고 같이 샤워했을 병사들 진짜 줫같겠네 ㅋㅋㅋㅋㅋㅋㅋ 와 ㅋㅋㅋㅋㅋㅋㅋㅋㅋㅋㅋ	지금까지 함께 생활하며 샤워까지 했던 병사들은 정말 기분이 좋지 않겠네요. 정말 놀라운 일입니다.	2	3	SLUR	[줫같겠네] -> 심한 비속어를 정중한 표현으로 순화	악플/욕설
개판친거 수습하다 임기 끝나겠노	엉망이 된 상황을 해결하다가 임기가 다 끝날 것 같네요.	2	2	COMMUNITY	[개판, ~노] -> 비속어 및 커뮤니티 말투 순화	악플/욕설
워마드를 누가 페미사이트라 말하노 페미는 이미 온갖 꿘충에 먹혔노 만만한게 여자라 젠신병자며 게이며 다 들러붙는데 후팔 절대 안되노	(차단된 문장입니다)	1	5	COMMUNITY/LGBTQ/GENDER	[워마드, 꿘충, 젠신병자, 후팔] -> 각종 혐오 집단 멸칭 및 성소수자 비칭으로 차단	성소수자, 기타 혐오
우리 일반 국민들은 성 정체성 혼란을 정말 원치 않습니다.	대다수의 국민은 성 정체성에 혼란을 주는 상황을 원하지 않습니다.	0	0	LGBTQ	[무해] -> 사회적 현상에 대한 국민적 정서 대변	성소수자
에휴 급식충 새끼들 저런 새끼들 밥도 아깝다	(차단된 문장입니다)	1	5	AGE	[급식충 새끼들] -> 학생들에 대한 극단적 비하 및 혐오로 차단	연령
허구언날 보지가 어쩌고 자지가 어쩌고하는 니들하고 똑같은데 뭘ㅋㅋㅋㅋㅋㅋㅋ	(차단된 문장입니다)	1	5	GENDER	[보지, 자지] -> 성기 멸칭을 사용한 조롱으로 차단	악플/욕설
언론에서도 동성애에 대해 더 자세하게 알려줘야 합니다. 동성애는 인류애가 결코 아닙니다.	언론에서 동성애에 관해 더 심도 있게 다뤄야 합니다. 동성애를 단순히 인류애로 포장해서는 안 됩니다.	0	0	LGBTQ	[인류애가 결코 아닙니다] -> 배타적 주장을 하는 문장이지만 비하/조롱으로 보기는 어려워 Action 0 유지	성소수자
가랭이에 쪼그만 똥 달려있다 이기야	(차단된 문장입니다)	1	5	COMMUNITY/SLUR	[가랭이, 똥, 이기야] -> 추잡한 신체적 묘사 및 일베 말투로 차단	악플/욕설
아시아에서 모든 미군철수하자고 주장하는것도 반동양인감정에서 기인한거임 ㅋㅋ	아시아 지역에서 미군을 철수시키려는 주장의 배경에는 동양인에 대한 반감이 깔려 있습니다.	2	1	NORMAL	[기인한거임] -> 반말투를 정중하게 순화	clean
뽐뿌 남커뮤노? 워마드 주소는 무서워서 안써놨노?ㅋㅋㅋㅋ 주소 좀 써주려고 들어갔더니 죄 한남댓글이노	(차단된 문장입니다)	1	5	GENDER/COMMUNITY	[워마드, 한남, ~노] -> 성별 혐오 커뮤니티 언급 및 남성 비하로 차단	남성
대물림! 명성교회사건을 보면 북한 김일성일가와 똑같다. 누가 그 좋은 것을 그냥 주려고 하겠느냐! 면단위에도 교회가 5-10개정도 된다. 너무 많다.	교회 세습 문제는 북한의 권력 승계와 다를 바 없습니다. 어느 누가 기득권을 쉽게 포기하겠습니까? 작은 마을 단위에도 교회가 너무 많이 난립해 있는 것도 문제입니다.	2	2	RELIGION	[명성교회사건, 김일성일가] -> 종교계 비판을 정중한 문장으로 순화	종교
급식아니랄까봐 1절을 못함	학생이라 그런지 적당히 멈출 줄을 모르네요.	2	2	AGE	[급식] -> 연령 비하어를 표준어로 순화	연령
웃챙ㅋㅋㅋㅋㅋㅋ써먹어야겠노^느^	(차단된 문장입니다)	1	5	COMMUNITY	[웃챙, ~노] -> 여성을 창녀로 지칭하는 조롱 은어로 차단	clean
한국남자 안구 적출	(차단된 문장입니다)	1	5	GENDER	[안구 적출] -> 남성에 대한 끔찍한 신체 훼손 위협으로 차단	남성
글진짜 잘썼다 나도 예전에 이영화 본적 있었는데 주인공이 사람이라서 재밌다고만 생각했지 이런 통찰은 못했노	글을 정말 잘 쓰셨네요. 저도 예전에 이 영화를 볼 때 그저 재미있다고만 생각했지, 이런 깊은 통찰은 하지 못했습니다.	2	1	COMMUNITY	[못했노] -> 커뮤니티 조롱투 말투 순화	clean
너무 멀어... 저번에 노변동에 뿌린놈은 뿌리라는 과자는 안뿌리고 오나홀이나 뿌리던데 걔랑 너랑 바꼈으면 좋겠다	거리가 너무 머네요. 지난번 특정 지역에서 부적절한 물건을 배포했던 사람이 생각나는데, 그런 일이 없었으면 좋겠습니다.	2	3	SLUR	[뿌린놈, 오나홀] -> 비칭 및 자위 기구 언급 순화	악플/욕설
🐕판아 월급으로 🐕 똥이나 사무라~	(차단된 문장입니다)	1	5	SLUR	[개판아, 개 똥이나] -> 상대방을 짐승에 비유하여 욕설을 퍼붓는 행위로 차단	악플/욕설
연후 ㅈㅎ	연후 선수를 존중합니다.	2	1	COMMUNITY	[ㅈㅎ] -> 초성을 긍정적인 의미의 표준어로 정제	clean
반성하고 가노.. 아직 멀었다	반성하는 모습은 보이지만 아직 부족함이 많네요.	2	1	COMMUNITY	[가노] -> 커뮤니티 말투 순화	clean
조선족새끼들 음식점 위생 알제?	조선족들이 운영하는 음식점의 위생 상태가 우려된다는 점 아시죠?	2	3	RACISM	[새끼들, 알제] -> 국적 비하어 및 반말투 순화	인종/국적
민증이 아직 발급되지않은 상태라면 당연히 스스로 자제하고 판단해야지 성인이 그것까지 물어보고 다니냐..	신분증이 아직 발급되지 않은 상태라면 스스로 판단하고 자제해야 합니다. 성인이 되어 그런 사소한 것까지 물어보는 것은 부적절해 보이네요.	2	1	NORMAL	[물어보고 다니냐] -> 반말투를 정중하게 순화	악플/욕설
이건 개독교인이 문젠거냐? 전라디언이 문젠거냐????? 헷갈리네	(차단된 문장입니다)	1	5	RELIGION/REGIONAL	[개독교인, 전라디언] -> 종교와 특정 지역민에 대한 극단적 멸칭으로 차단	지역, 종교
예전 갤플에 시위가는사람 게시물은 아묻따 워추박기로 했었노	예전 커뮤니티 분위기에서는 시위에 참여하는 사람의 게시물에 무조건 추천을 하기도 했습니다.	2	2	COMMUNITY	[갤플, 아묻따, 워추, ~노] -> 각종 커뮤니티 은어 및 말투 순화	악플/욕설
와 진짜 새누리통수 오지네	새누리당의 배신이 매우 심각하네요.	2	2	COMMUNITY/SLUR	[통수, 오지네] -> 비속어 섞인 멸칭 순화	악플/욕설
생활방역 지침을 철저히 지키는 범위 안에서 함께 모여 예배하며 믿음을 회복하는데 한국교회가 하나되었으면합니다	생활 방역 지침을 철저히 준수하면서 함께 모여 예배하고 신앙을 회복하는 데 한국 교회가 하나가 되었으면 좋겠습니다.	0	0	NORMAL	[무해] -> 건전한 종교적 소망	clean
한 10마리 고아넣은 쀼젤?ㅋㅋ	10마리 정도 넣은 것이 맞습니까?	2	2	COMMUNITY	[쀼젤] -> 커뮤니티 은어를 정중한 의문문으로 순화	clean
전라도 IP 는 볼 수 없는 글입니다	(차단된 문장입니다)	1	5	REGIONAL	[전라도 IP] -> 특정 지역민에 대한 배제 및 조롱으로 차단	지역
후벌창이라고 해야맞다	(차단된 문장입니다)	1	5	LGBTQ/SLUR	[후벌창] -> 성소수자에 대한 극단적이고 추잡한 멸칭으로 차단	성소수자
북한에 백린탄 살포하면 우리나라 국제적으로 적됨?	북한에 백린탄을 사용한다면 우리나라가 국제 사회에서 지탄을 받게 될까요?	2	1	NORMAL	[적됨] -> 반말투를 정중한 의문문으로 순화	clean
원래 우리나라는 우파 딴나라는 좌파가 되야 우리한테 최대 이득이다	원래 우리나라는 보수 진영이, 다른 나라는 진보 진영이 집권하는 것이 우리 국익에 가장 유리합니다.	2	1	NORMAL	[되야] -> 반말투 및 맞춤법 순화	clean
ㄹㅇ 성매매가 가장 효율적인 욕구해결법 인것인가..	성매매가 진정으로 효율적인 해결책이라고 볼 수 있을까요?	2	1	NORMAL	[인것인가] -> 반말투 순화	clean
헌금이 하나님을 위해 사용하는 거냐? 교회가 사용하는 거지. 이상한 교리로 성도들 돈 가로채지 마라.	헌금이 진정 하나님의 사업을 위해 쓰이는 것입니까? 교회의 운영비로만 쓰이는 것은 아닌지 의문이네요. 잘못된 명분을 내세워 신도들의 재산을 가로채지 마십시오.	2	2	RELIGION	[사용하는 거냐, 마라] -> 종교 비판 중의 명령조를 정중하게 순화	종교
송나라때 전세계 경제 1등했는데..그리고 조선도 여진족출신 이성계가 했는데;;	송나라 시절에는 전 세계 경제 1위였습니다. 그리고 조선 왕조 역시 외래 민족 배경이 있는 이성계가 세운 나라입니다.	2	1	NORMAL	[했는데] -> 반말투 순화	clean
야이 ㅂㅅ아 반일=우파다 ㅂㅅ아 우피의 근본은 우리나라를 사랑하는 애국심이있어야한다 근데 다른나라도 아니고 식민지배했던 일본을 처 빨아댄다??? 그냥 조선족 빨갱이새끼라고 보면된다	(차단된 문장입니다)	1	5	RACISM/COMMUNITY	[ㅂㅅ, 빨갱이새끼] -> 심한 욕설 및 이넘적 멸칭 사용으로 차단	인종/국적
자지는 역시 언제봐도 미개하게 생겼노 다컷팅하고 단체화형식 해버리고싶노	(차단된 문장입니다)	1	5	GENDER/COMMUNITY	[자지, 다컷팅, 화형식] -> 남성 성기 멸칭 및 신체 훼손/살해 위협으로 차단	남성
적화통일해서 맘충 자식새끼들 아오지 탄광에 취업했으면 좋겠다 통일을 응원 합니다 맘충 시발년들아	(차단된 문장입니다)	1	5	GENDER	[맘충, 자식새끼, 아오지 탄광, 시발년들] -> 여성에 대한 극단적 욕설 및 가족에 대한 위협으로 차단	여성/가족
안전한 목장 기도회가 드려지길 기도합니다	안전하게 목장 기도회가 진행되기를 기도합니다.	0	0	NORMAL	[무해] -> 평화로운 종교적 기원	clean
전라도 틀딱은 죽여두됨ㅇㅇ	(차단된 문장입니다)	1	5	REGIONAL/AGE	[전라도 틀딱, 죽여두됨] -> 특정 지역 및 연령대에 대한 살해 정당화 및 혐오로 차단	연령, 지역
남재준후보님 유세할 때 대변인했던 이애란박사님 같은 분이 지극히 정상적인 탈북민이지!	과거 후보 유세 당시 대변인을 맡았던 특정 박사님 같은 분이야말로 모범적인 탈북민이라고 생각합니다.	2	1	RACISM	[탈북민이지] -> 반말투를 정중한 문장으로 순화	인종/국적
성폭행범이 처벌을 안받았다고?	성폭행범이 처벌을 받지 않았습니까?	2	1	NORMAL	[안받았다고] -> 반말투를 정중한 의문문으로 순화	clean
일베갔으면 됐지 욕심이 많노	특정 커뮤니티에서 주목을 받았으면 됐지, 왜 이렇게 욕심이 많습니까?	2	2	COMMUNITY	[일베, ~노] -> 특정 커뮤니티 언급 및 말투 순화	악플/욕설
영자가 틀린 말 한거 없는거 맞음 한국 사람들이 좆족, 짱개라고 하는건 짱개국 탈출해서한국이나 그 외 지역에 기생하면서 똥물 퍼뜨리는 새끼들은얘기하는거지아 화교 새끼들 포함	(차단된 문장입니다)	1	5	RACISM	[좆족, 짱개, 기생, 똥물] -> 특정 인종/민족에 대한 극단적 비하 및 혐오로 차단	인종/국적
정상인애들은 잘만 남자만나고댕기던데... 쿵쾅이들 사랑못받아봐서 오또케ㅠ	(차단된 문장입니다)	1	5	GENDER/COMMUNITY	[쿵쾅이들, 오또케] -> 특정 집단 외모 비하 및 조롱 은어로 차단	여성/가족
운지왕이라면서 왜 운지안하노ㅋㅋ 그와중에 창조주가 사준 내복입고 찍은거보소 ㅋㅋㅋ	(차단된 문장입니다)	1	5	COMMUNITY	[운지, ~노] -> 전임 대통령의 서거를 비하하는 은어 및 조롱투로 차단	악플/욕설
차별금지법을 막는게 진정으로 성소수자들을 위하는 거란걸 모르시나요? 그들을 정죄하려는게 아니라 죄로부터 깨닫게 하려는 겁니다. 4천년동안 변하지 않았고 앞으로도 변하지 않을 성경의 진리를 왜곡하지 마세요.	차별금지법을 반대하는 것이 진정으로 성소수자들을 돕는 길이라는 것을 모르십니까? 그들을 비난하려는 것이 아니라 올바른 길로 인도하려는 것입니다. 오랜 세월 변치 않은 성경의 가르침을 왜곡하지 마십시오.	0	0	LGBTQ	[무해] -> 종교적 신념에 근거한 사회적 주장	성소수자
이엔 가해자 실명도 안밝히네 me too 말고 who too 라 하시죠	이제는 가해자의 실명조차 공개하지 않네요. '미투'가 아니라 '누구인지 묻는 운동'이라고 해야겠습니다.	2	1	SLUR	[하시죠] -> 비꼬는 말투를 정중한 문장으로 순화	악플/욕설
아니 어디에 노인이 있노?	저기, 어디에 어르신이 계습니까?	2	2	COMMUNITY	[노인, ~노] -> 지칭어를 높이고 커뮤니티 말투 순화	clean
문장 잇지를 못하노	문장을 제대로 잇지 못하시네요.	2	1	COMMUNITY	[못하노] -> 커뮤니티 말투 순화	악플/욕설
무슬림이 테러하고 무슬림은 무시하고	이슬람교도들이 테러를 일으키고, 그들을 무시하는 상황이네요.	2	2	RELIGION/RACISM	[무슬림] -> 특정 종교 신도 지칭 및 상황 묘사 순화	인종/국적, 종교
한국여자는 다 김치녀라는 말은 잘 하다가 한국여자는 다 메갈이라는 말은 곧뒈져도 안함 ㅋㅋㅋㅋㅋ 김치녀=김치좆이 못가져서 짜증냈던 여자	(차단된 문장입니다)	1	5	GENDER	[김치녀, 메갈, 곧뒈져도, 김치좆] -> 남녀 성별에 대한 극단적 비하 및 성기 멸칭 사용으로 차단	여성/가족
지들을 코르셋. 흉자라고 했다고 화내는거다익이 코르셋 흉자소리 들으면 열받아한다익이 역시 ㄹㅇ좆빨러 탈출은 지능문제	(차단된 문장입니다)	1	5	GENDER/COMMUNITY	[흉자, 다익이, 좆빨러] -> 여성에 대한 비하어 및 특정 커뮤니티 전용 혐오어로 차단	남성
홍어가 몸에좋고 맛도좋당게요~ㅋㅋㅋㅋㅋㅋㅋㅋㅋㅋ	(차단된 문장입니다)	1	5	REGIONAL	[홍어, ~당게요] -> 특정 지역민에 대한 멸칭 및 방언 희화화로 차단	지역
늙은 한녀는 싹 다 죽여서 돼지사료로나 써야 함	(차단된 문장입니다)	1	5	GENDER/AGE	[늙은 한녀, 죽여서, 돼지사료] -> 여성 및 노인에 대한 반인륜적 살해 위협 및 모욕으로 차단	여성/가족
맘충년 222 33334444 맞아요언냐 보짓물왈콱하고싶어서 글썼는데 눈물왈콱쏟겠노 ㅋㅋㅋ	(차단된 문장입니다)	1	5	GENDER/COMMUNITY	[맘충년, 보짓물, ~노] -> 여성에 대한 극단적 욕설 및 성적 비하로 차단	여성/가족
그래서 남성 몰카범들 처벌 어떻게 했는데..? 제대로 찾지도 않았잖음 뭘 두고본다는거지	그래서 불법 촬영을 저지른 남성들은 어떤 처벌을 받았습니까? 제대로 수사조차 하지 않은 것 같은데, 무엇을 지켜보겠다는 것인지 모르겠네요.	2	2	GENDER	[처벌 어떻게 했는데] -> 공격적 말투를 정중하게 순화	clean
저렇게 까지해서 쳐먹는건 뚱뚱한 몸땡이 아니노? 한남 가축보다 못한듯	(차단된 문장입니다)	1	5	GENDER/SLUR	[쳐먹는건, 한남 가축] -> 남성을 짐승에 비유하고 외모를 비하하는 혐오 표현으로 차단	남성
충성충성^^77이지랄 하는 심리=자기를 약해빠진 병심이라 인식하고 있으며	과도하게 충성을 표하는 심리는 본인을 약한 존재로 인식하고 있기 때문입니다.	2	2	SLUR	[이지랄, 병심] -> 욕설 및 오타 비하어 순화	악플/욕설
ㅋㅋㅋㅋㅋㅋㅋㅋㅋㅋㅋ 씨팔 맘충이 마누라면 남편새끼 하루에도 몇번씩 사과해야됨	어머니들에 대해 부적절한 언행을 하는 여성이 아내라면, 남편이 하루에도 여러 번 사과해야 할 것 같군요.	2	3	GENDER	[씨팔, 맘충, 남편새끼] -> 욕설 및 성별 비하어 순화	여성/가족
외국인을 없애자 외국인을 없애자 한국에는 한국인만 남기자	(차단된 문장입니다)	1	5	RACISM	[외국인을 없애자] -> 인종차별적 배척 및 제거 선동으로 차단	인종/국적
김치년들 개좆같거 다 아는데 인간적으로 짱깨년 쉴드는 치지마라 중국인들 종종 보이네 중국남자들도 거르는 짱깨년들을ㅋㅋㅋ 중국인이랑 결혼하면 애새끼도 짱깨화되어서 민도낮고 중화사상 좆됨 마인드는 스시김치짱깨 순	(차단된 문장입니다)	1	5	GENDER/RACISM	[김치년, 짱깨년, 애새끼] -> 여성 및 특정 국적자에 대한 복합적이고 극단적인 혐오로 차단	여성/가족, 인종/국적
페미랑 개독이랑 같음 존나 강요함	페미니즘과 일부 개신교를 믿는 사람들은 본인들의 가치를 타인에게 지나치게 강요하는 면이 있습니다.	2	3	GENDER/RELIGION	[개독, 존나] -> 종교 비하어 및 욕설 순화	여성/가족, 종교
저씨발 개홍어니미 좆같은년 얼마나 한국이 우습게 보일까 씨발후라질년	(차단된 문장입니다)	1	5	REGIONAL/GENDER/SLUR	[씨발, 개홍어, 좆같은년] -> 지역 및 성별에 대한 극단적 욕설 및 혐오로 차단	지역
이단 수쥰 ㅋㅋ	이단 종교 수준이네요.	2	1	RELIGION	[수쥰] -> 말투를 정중하게 순화	종교
이 상황에 지들 아웃팅 당할까봐 동선공개 하지 말라는 건가? 놀랍네 몇몇 게이들	이런 상황에서도 본인들의 신분이 노출될까 봐 동선 공개를 거부하는 것입니까? 일부 성소수자들의 태도가 정말 놀랍군요.	2	2	LGBTQ	[지들, 게이들] -> 비칭 및 공격적 말투 순화	성소수자
군도에서 멋있게 나오더라	영화 '군도'에서 멋진 모습을 보여주더군요.	2	1	NORMAL	[나오더라] -> 반말투를 정중하게 순화	clean
로봉순 매니저한테 모텔에서따먹힘 ㅋㅋㅋ매니저가 모텔대려다주고 나갈렜는데 로봉순이 옷벗길레 아 대주는건가보다 하고따먹었다함 ㄹㅇ 인방갤에 글쌈	(차단된 문장입니다)	1	5	GENDER/SLUR	[따먹힘, 따먹었다] -> 성폭력을 희화화하고 음란하게 묘사하여 차단	여성/가족
ㅋㅋㅋㅋㅋㅋㅋㅋㅋㅋㅋㅋㅋㅋ 구체적인 목표도없음 이런애들특 절대 실천안함	구체적인 목표가 없네요. 이런 사람들은 대개 실천력이 부족합니다.	2	1	NORMAL	[이런애들특] -> 신조어 및 반말투 순화	clean
개인의 성격을 성별에 의한걸로 보다니 수준 ㅉ	개인의 성격 문제를 성별의 문제로 치부하다니 수준이 낮아 보입니다.	2	2	SLUR	[수준 ㅉ] -> 공격적 말투를 정중한 비판으로 순화	악플/욕설
자 이제 해외로 시선을 돌려주세요 독일에서는 해는 여자고 달은 남자 책.걸상같은 사물에도 성별이 붙습니다. 이거 분명 성차별일텐데요? 진격하셔야지요??	이제 해외 사례를 살펴봅시다. 독일어에서는 태양은 여성, 달은 남성으로 지칭하며 사물에도 문법적 성별이 있습니다. 이런 것도 성차별이라고 주장하며 행동에 나서야 하는 것 아닙니까?	2	2	GENDER	[진격하셔야지요] -> 비꼬는 말투를 정중하게 순화	여성/가족
아다창련이 나가신다 길을 비켜라 퍄퍄퍄	(차단된 문장입니다)	1	5	GENDER	[아다창련] -> 여성을 창녀로 지칭하는 극단적 욕설로 차단	여성/가족
와... 나도 저 생각 바로했었는데.... 근데 그걸 실천하면 어떻게!!!!!!	와, 저도 방금 그 생각을 했는데 정말로 실천에 옮기면 어떡합니까!	2	1	NORMAL	[어떻게] -> 반말투를 정중한 문장으로 순화	clean
행동보지 봊나 멋지고 앵나오노. 수고했다 이기야. 나도 하고싶노.	(차단된 문장입니다)	1	5	GENDER/COMMUNITY	[행동보지, 봊나, 앵나, 이기야] -> 성기 멸칭 변형어 및 혐오 커뮤니티 전용 말투로 차단	clean
좀 꺼져라 개슬람 씨발년들아	(차단된 문장입니다)	1	5	RELIGION/SLUR	[꺼져라, 개슬람, 씨발년들] -> 특정 종교에 대한 배척 및 심한 욕설로 차단	종교
극우 틀딱들 관심없음 ㅋㅋㅋ	극우 성향의 노인들은 관심이 없습니다.	2	3	AGE/COMMUNITY	[틀딱들] -> 연령 비하어를 정당한 표현으로 순화	연령
잘했다 세상에 쓸모없는 생명이 1 줄어들었구나 니가 큰일을했다	(차단된 문장입니다)	1	5	SLUR	[쓸모없는 생명, 줄어들었구나] -> 타인의 죽음을 기뻐하고 생명을 경시하는 발언으로 차단	악플/욕설
유리천장 만드느라 애쓴다 여자는 이것도 못하고 저것도 못하는 존재들이구나	유리천장을 공고히 하려 노력하는군요. 여성을 무능한 존재로 치부하는 시각이 안타깝습니다.	2	2	GENDER	[애쓴다, 존재들이구나] -> 비꼬는 말투를 정중하게 순화	여성/가족
달아올라서 물고빨고 난리 났는데 ㅋㅋㅋ	서로에게 심취하여 과한 스킨심을 하고 있더군요.	2	3	SLUR	[물고빨고] -> 성적인 뉘앙스의 속어를 정중하게 순화	clean
개독 지하경제 다합치면 1금융권 은행 하나 만들수 있을 거다.불법 매춘+도박+마약 합친 시장 보다 개독교 규모가 더 커~핵심은 과세가 아니라 투명성 인데...저건 죽어도 못할걸 ㅋㅋㅋㅋ	개신교의 불투명한 자금 규모를 모두 합치면 대형 은행도 만들 수 있을 정도일 것입니다. 음성적인 시장보다 규모가 더 클지도 모르겠네요. 핵심은 과세보다 투명성 확보인데, 그것을 실천하기는 매우 어려워 보입니다.	2	2	RELIGION	[개독, 못할걸] -> 종교 비하어 및 반말투 순화	종교
퍄퍄퍄퍄퍄퍄	정말 보기 좋네요.	2	2	COMMUNITY	[퍄퍄퍄] -> 감탄사를 표준적인 표현으로 순화	clean
저건 간지나게 드려면 저럴수밖에없음엄지 검지면 너무 없어보인다	멋있게 보이려면 그렇게 할 수밖에 없습니다. 손가락 두 개만 사용하는 것은 품위가 떨어져 보일 수 있거든요.	2	2	SLUR	[간지나게, 없어보인다] -> 비속어 및 공격성 순화	clean
미친놈아 ㅋㅋㅋㅋㅋㅋㅋㅋㅋㅋㅋㅋㅋㅋㅋㅋㅋㅋㅋㅋㅋㅋㅋㅋㅋㅋㅋㅋㅋㅋㅋㅋㅋㅋㅋㅋㅋㅋㅋㅋㅋㅋㅋ	정말 어이가 없군요.	2	2	SLUR	[미친놈아] -> 욕설을 정중한 표현으로 순화	악플/욕설
트랜 하고 함 해봤는데 색다르긴 해도 그놈 거시기가 내몸에 비빌때 느낌이 넘 역겨워.또 거시기가 내꺼 보다 훨씬 커서 당황 왠지 내가 먹힌 느낌이	(차단된 문장입니다)	1	5	LGBTQ	[트랜, 거시기, 역겨워] -> 성소수자와의 성행위를 추잡하게 묘사하고 비하하여 차단	성소수자
하여간 헬조센 개돼지들 남한테 앵나 관심많노ㅋㅋ	(차단된 문장입니다)	1	5	SLUR/COMMUNITY	[헬조센, 개돼지, 앵나, ~노] -> 국가와 국민에 대한 극단적 비하 및 혐오 커뮤니티 말투로 차단	악플/욕설
존나 간담이 서늘하네...	정말 간담이 서늘하네요.	2	1	SLUR	[존나] -> 일반 비속어를 정중한 부사로 순화	악플/욕설
틀무새글은 조회수50에 추천수25로도 많이올라오는데 뉴비노?그거 다 얘네들임 매크로랑	특정 계층을 비하하는 글들이 조회수 대비 추천수가 높은데, 혹시 처음 오셨습니까? 그런 글들은 대개 특정 세력이나 매크로에 의한 것입니다.	2	2	AGE/COMMUNITY	[틀무새, 뉴비노] -> 연령 비하어 및 커뮤니티 말투 순화	연령
퀴어들이 근데 왜 좌파냐? 페미들은 사상자체가 사회주의자들인데 퀴어는 그냥 정신병자들인데	(차단된 문장입니다)	1	5	LGBTQ/GENDER	[정신병자들, 페미들은 사상자체가] -> 성소수자와 페미니스트를 정신병자로 매도하고 혐오하여 차단	여성/가족, 성소수자, 기타 혐오
개독 ㅉㅉㅉ	일부 개신교인들의 행태가 안타깝네요.	2	2	RELIGION	[개독] -> 종교 비하어를 정당한 표현으로 순화	종교
목사들은 보면 신은 없다!!	일부 목사들의 행동을 보면 신앙심이 있는지 의심스럽습니다.	2	2	RELIGION	[목사들은 보면] -> 특정 직업군을 일반화하여 비하하는 뉘앙스 순화	종교
이 정도는 되어야 좆소 사장하는거구나다시는 좆소 무시하지마라	이 정도의 역량이 있어야 중소기업 사장을 할 수 있는 것이군요. 중소기업을 무시해서는 안 되겠습니다.	2	2	SLUR	[좆소] -> 중소기업 비하 은어를 표준어로 순화	clean
병신 일본새끼들은 사이코 패스 기질가진 언제 통수 칠지 모르는 정신병자 민족들이다 ㅋㅋㅋㅋㅋ 중국은 우리에게 문물을 전해준 어머니같은 나라고일본을 믿느니 중국을 믿는게 백배는 더 낫지	(차단된 문장입니다)	1	5	RACISM	[병신 일본새끼들, 사이코 패스, 정신병자 민족] -> 특정 민족에 대한 극단적 욕설 및 정신질환 비유 혐오로 차단	인종/국적, 기타 혐오
조임 지렸다 구멍이 한남에게 딱이노	(차단된 문장입니다)	1	5	GENDER/SLUR	[구멍, 한남, 지렸다] -> 극단적인 성적 비하 및 혐오 표현으로 차단	남성
통일부, 여성가족부는 없애야 할 부서들	통일부와 여성가족부는 폐지되어야 할 부처라고 생각합니다.	0	0	NORMAL	[무해] -> 정부 조직 개편에 대한 개인적 의견	여성/가족, 인종/국적
진중권 니나 페미해라 페미는 정신병임	당신이나 그 사상을 지지하십시오. 제가 보기엔 그것은 잘못된 생각입니다.	2	3	GENDER	[니나, 정신병임] -> 반말투 및 사상에 대한 질병 비유 순화	여성/가족
아!! 그랬구나~ 그래서, 그랬었구나~~	아, 정말 그랬군요. 그런 사정이 있었네요.	0	0	NORMAL	[무해] -> 일상적인 공감 및 반응	clean
무조건 반중 하는 쪽 뽑고 싶지만 그런새끼가 없는 현실 씨발 얼마나 받아처먹은거야 개새끼들	무조건 중국에 반대하는 후보를 선출하고 싶지만, 그런 사람이 없는 현실이 안타깝네요. 얼마나 많은 부정한 이득을 챙킨 것입니까?	2	3	RACISM/SLUR	[새끼, 씨발, 받아처먹은, 개새끼들] -> 욕설 및 비하어 순화	인종/국적
비싼데 쓰래기는 있으나 좋은데 싼검 없다	비싸면서 품질이 낮은 물건은 있어도, 품질이 좋으면서 저렴한 물건은 찾기 힘듭니다.	2	1	NORMAL	[쓰래기, 싼검] -> 오타 및 반말투 순화	clean
요시! 북에서 알아서 게이들 산업화 시켜주노 ㅋㅋㅋ 병신북괴들 이건 예상 못했겠지	(차단된 문장입니다)	1	5	LGBTQ/RACISM/COMMUNITY	[요시, 게이들, 병신북괴들] -> 성소수자 비하 및 특정 정권에 대한 욕설 섞인 조롱으로 차단	인종/국적
네다쌍ㅋㅋㅋㅋㅋㅋㅋㅋㅋㅋㅋㅋ	(차단된 문장입니다)	1	5	REGIONAL/COMMUNITY	[네다쌍] -> 특정 지역(경상도)을 비하하는 커뮤니티 전용 멸칭으로 차단	지역
말멀 수정해라 이기야	말머리를 수정하십시오.	2	2	COMMUNITY	[이기야] -> 커뮤니티 전용 말투 제거 및 표준어화	clean
남자들은 메갈이랑 꼴페미를 너무 사랑하네 ㅋ	남성들이 특정 성향의 커뮤니티나 페미니즘에 과도하게 반응하네요.	2	2	GENDER	[메갈, 꼴페미] -> 혐오 커뮤니티 명칭 및 여성 비하적 표현 순화	여성/가족
그러게 말이야 ㅅㅂ	정말 그렇네요. 화가 납니다.	2	2	SLUR	[ㅅㅂ] -> 욕설 초성을 정중한 표현으로 순화	악플/욕설
남창도 도도해야 돈번다ㅋㅋㅋ	(차단된 문장입니다)	1	5	GENDER	[남창] -> 남성에 대해 성매매 종사자로 비하하는 멸칭으로 차단	남성
저런게 민원인한테는 오죽하겠냐 마인드 안봐도 비디오지 집에서도 .... 보통 한두살만 많아도 쓸데없는 일 시키면서 반말 조또 많이 하는게 일싱다반사인 나라에서 저런건 동영상 외부 누출한거 정보위반으로 짤라야함.	저런 태도는 민원인을 대할 때도 분명히 나타날 것입니다. 평소의 마음가짐이 짐작되네요. 나이가 조금만 많아도 무례하게 행동하거나 반말을 일삼는 문화가 만연한데, 저런 부적절한 동영상을 외부에 유출한 행위는 정보 유출 위반으로 엄중히 처벌해야 합니다.	2	2	SLUR	[조또, 짤라야함] -> 비속어 및 가격한 표현 순화	악플/욕설
모래알 뭉친거지. 딴건 몰라도 게이들 박쥐같다고 바이 좋나 싫어한다 바이 애들도 이거 알고 이반 좆나 싫어함	(차단된 문장입니다)	1	5	LGBTQ	[박쥐같다고, 좋나, 좆나] -> 성소수자들 내부의 갈등을 비하적인 용어(박쥐)와 욕설을 섞어 묘사하여 차단	성소수자
쉽게 말해라. 천주교(좌빨) vs 기독교(우파) 전쟁이라고	더 직설적으로 표현하면, 천주교와 개신교 간의 이념적 대립이라고 할 수 있겠네요.	2	3	RELIGION/COMMUNITY	[쉽게 말해라, 좌빨] -> 명령조 및 정치적 멸칭 순화	종교, 기타 혐오
페미니즘은 더욱 철저히 짓밟아서 다시는 싹트지 못하게 해야 한다. 코로나만큼이나 사회를 병들게 하는 아주 못된 사상이다	(차단된 문장입니다)	1	5	GENDER	[짓밟아서, 싹트지 못하게, 사회를 병들게 하는] -> 특정 사상을 지지하는 사람들에 대한 물리적 소탕 및 극단적 혐오를 선동하여 차단	여성/가족
주님 개슬람옹호하는 이쓰레기들을 용서해주세요 이새끼들은 지들이 뭔죄를 짓고있는지도 모릅니다	(차단된 문장입니다)	1	5	RELIGION	[개슬람, 쓰레기들, 이새끼들] -> 특정 종교 옹호론자들에 대한 극단적 욕설 및 비하로 차단	종교
전세계 개슬람들의 표적이 되면 어떤 기분일까	전 세계 이슬람교도들의 표적이 된다면 어떤 기분이 들까요?	2	2	RELIGION	[개슬람] -> 종교 비하어를 정당한 명칭으로 순화	종교
존나 박혀서 고소각 재는데 박은 새낀 뒈져버리고 보지만 중고보지 불보지로 남아버림ㅋㅋㅋㅋㅋㅋㅋㅋㅋㅋㅋㅋㅋㅋㅋㅋㅋㅋㅋㅋㅋㅋㅋㅋㅋㅋㅋㅋㅋㅋㅋㅋㅋㅋㅋㅋㅋㅋㅋㅋㅋㅋㅋㅋㅋㅋㅋㅋㅋㅋㅋㅋㅋㅋㅋㅋㅋㅋㅋㅋㅋㅋㅋㅋㅋㅋㅋㅋㅋㅋㅋㅋㅋㅋㅋㅋㅋㅋ	(차단된 문장입니다)	1	5	GENDER	[성행위 묘사, 중고보지, 불보지] -> 극단적으로 추잡한 성적 비하 및 혐오으로 차단	여성/가족
버니썬에도 빨갱이가 있네	버닝썬 사건에도 이념적으로 편향된 사람들이 연루되어 있군요.	2	2	COMMUNITY	[빨갱이] -> 이념적 멸칭을 정중한 표현으로 순화	기타 혐오
남성도 페미일 수 있고, 오또케오또케 할 수 있습니다 남성은 취업 대상에서도 배제시키는 마인드 그게 바로 성차별 아닐까요?	남성도 페미니즘을 지지할 수 있고, 위급 상황에서 당황할 수도 있습니다. 남성을 특정 직무의 채용 대상에서 제외하는 생각 자체가 성차별 아닐까요?	2	2	GENDER/COMMUNITY	[오또케오또케] -> 여성을 조롱하는 의성어로 남성을 비꼬는 표현 순화	여성/가족
그저 말 잘듣는 일본따까리 나라 아니냐?저런 반일을 부추기는 조선놈들 선동을 조심해야함	그저 일본의 지시를 따르는 하수인 국가 아닙니까? 저런 식으로 반일 감정을 조장하는 사람들의 선동에 주의해야 합니다.	2	3	RACISM	[일본따까리, 아니냐, 조선놈들] -> 비하어, 반말투 및 동포 비하 표현 순화	인종/국적
그림상 으로는 60대가 아니라 80대 같노요즘 60대 저렇게 안들어 보인다	그림으로만 보면 60대가 아니라 80대로 보이네요. 요즘의 60대는 그렇게 연로해 보이지 않습니다.	2	1	COMMUNITY	[같노] -> 커뮤니티 말투 순화	clean
공동명의는 독을 품은 사과임 꼭 부부만이 아니라 형제 자매 다 할 게 못 됨	공동 명의는 겉보기와 달리 위험할 수 있습니다. 부부뿐만 아니라 형제나 자매 사이에서도 피하는 것이 좋겠네요.	2	1	NORMAL	[할 게 못 됨] -> 반말형을 정중하게 순화	clean
저거 진짜 흉기인데 ㅋㅋ	저 물건은 정말 위험해 보이네요.	2	1	NORMAL	[흉기인데] -> 반말투 순화	clean
노링크 ㅈㅎ	링크가 제공되지 않은 게시물이라 아쉽네요.	2	1	COMMUNITY	[노링크, ㅈㅎ] -> 커뮤니티 용어를 표준어로 정제	악플/욕설
한국은 왜케 사기꾼 목사가 많은거냐:? 에휴..치안만 좋을뿐이지, 사기는 세계 1위	한국에는 왜 이렇게 부도덕한 목사가 많은 것입니까? 치안은 훌륭하지만 사기 범죄가 많은 것이 안타깝네요.	2	2	RELIGION	[사기꾼 목사, 많은거냐] -> 직업인 비하적 일반화 및 반말투 순화	종교
그와중에도 부자냄져랑 결혼한 여자 눈꼴사나와서 못봐가지고 김치녀라고 존나까댐 시발번탈 자짓놈들이 .ㅉ 영앤리치핸섬 여자한테 헌신하는 자댕이한테 결혼해도 손해인거슬.....	(차단된 문장입니다)	1	5	GENDER	[냄져, 김치녀, 존나까댐, 번탈 자짓놈들, 자댕이] -> 남녀 양성에 대한 극단적 비하 및 성기 멸칭 사용으로 차단	남성
보지민국 하루이틀 보냐?대신 보지년들 의무는 남자들이 독박쓰고 청춘 허비해야하지 ^^여자는 약대~ 남자는 군대~	(차단된 문장입니다)	1	5	GENDER	[보지민국, 보지년들, 독박] -> 국가 및 여성을 성기 멸칭으로 비하하며 혐오하여 차단	여성/가족
똥물먹고 자란 굴은 식중독 유발한다.몇달전에 나도 생굴먹다가 식중독 발생해서 설사는 안했는데구토증상이 심해서 몇일 밥도 제대로 못먹었다.그 무슨 균이라던데 이름이 ?	오염된 물에서 자란 굴은 식중독을 일으킬 수 있습니다. 저도 몇 달 전 생굴을 먹고 식중독에 걸려 고생했는데, 구토 증상이 심해 며칠 동안 식사를 제대로 못 했습니다. 그 원인 균의 이름이 무엇이었죠?	2	1	NORMAL	[똥물먹고, 이름이] -> 비속어 및 반말투 순화	clean
메갈 사실상 딴나라..전라도급	(차단된 문장입니다)	1	5	GENDER/REGIONAL	[메갈, 전라도급] -> 혐오 커뮤니티와 특정 지역을 동일시하며 비하하여 차단	지역
맞구만. 20대까지는 그냥 발정난 짐승임	(차단된 문장입니다)	1	5	AGE	[발정난 짐승] -> 특정 연령대를 짐승에 비유하여 극단적으로 모욕하고 혐오하여 차단	연령
차별이 아니라 성소수자 국민의 한사람으로 이 사태에 임해야지 성 소수자는 대한민국 하고 관계 없는 인간들 이냐? 이러니 니놈들이 게이라고 욕먹는 거야	차별을 논하기 전에 성소수자들도 국민의 한 사람으로서 책임감 있게 행동해야 합니다. 성소수자들이 대한민국 시민임을 잊어서는 안 되죠. 이런 무책임한 태도 때문에 비판을 받는 것입니다.	2	2	LGBTQ	[인간들 이냐, 니놈들] -> 비하적 지칭 및 공격적 말투 순화	성소수자
와 진짜 집안에 저런 개집냔 하나 있으면 답도 없을듯 연 끊는것이 정답이다.	(차단된 문장입니다)	1	5	GENDER	[개집냔] -> 표현의 저열함과 극단적 가족 비하로 차단	여성/가족
츠요이 스시온나	강한 일본 여성이네요.	2	1	RACISM	[스시온나] -> 일본 여성을 비하하는 뉘앙스의 표현 순화	clean
남자 며느리가 생기는 사람 있겠네. 정녕결코 망하고 망하리라. 정신 차립시다. 올바르게 살아도 힘든 세상인데.	남성 며느리를 맞이하게 되는 경우도 생기겠네요. 미래가 정말 우려스럽습니다. 모두가 올바른 가치관을 가지고 살아가야 할 힘든 시기입니다. 정신을 차려야 합니다.	2	2	LGBTQ	[망하고 망하리라] -> 저주 섞인 표현을 우려의 뉘앙스로 순화	성소수자
법이 허용한다면 제가 저 미혼모를 마구 때려 숨지게 해보고 싶습니다. 될까요 ?	(차단된 문장입니다)	1	5	GENDER/SLUR	[마구 때려 숨지게] -> 살인 위협 및 폭력 선동으로 차단	여성/가족
복무중인 여군은 뭐임..? 여군도 성전환하면 강제 전역 당하나? ㅋㅋ 그런 웃길듯ㅋㅋㅋㅋㅋ	복무 중인 여성 군인의 경우는 어떠합니까? 성전환을 한 경우 강제 전역 조치를 받게 될까요? 그런 상황이 실제로 발생하면 매우 이례적인 일이 될 것 같네요.	2	1	LGBTQ	[여군은 뭐임, 웃길듯] -> 반말투 및 조롱 섞인 반응 순화	성소수자
빨갱이는 그냥 죽여도 됨	(차단된 문장입니다)	1	5	COMMUNITY	[빨갱이, 죽여도 됨] -> 특정 이념 지지자에 대한 살해 정당화 및 혐오 선동으로 차단	기타 혐오
싸이코패스네	정신적으로 문제가 있는 것 같군요.	2	2	SLUR	[싸이코패스네] -> 정신질환 비유 비하를 정중한 표현으로 순화	악플/욕설
꼭! 벌을 주세요~~이 기회에 사이비들 잡아서 없애요	반드시 처벌을 받아야 합니다. 이번 기회에 부적절한 종교 단체들을 철저히 조사하여 정리했으면 좋겠습니다.	2	2	RELIGION	[사이비들 잡아서 없애요] -> 공격적인 표현을 정중하게 순화	악플/욕설
길가면서 똥남아 보이면 돌집어던지자	(차단된 문장입니다)	1	5	RACISM	[똥남아, 돌집어던지자] -> 특정 인지에 대한 비하 및 물리적 폭력 선동으로 차단	인종/국적
고인의 삶은 안타깝지만 끝까지 좌파정치에 이용당한건 모를듯	고인의 삶은 가슴 아프지만, 마지막까지 정치적으로 이용된 것 같아 안타깝네요.	2	1	COMMUNITY	[모를듯] -> 반말투를 정중하게 순화	악플/욕설
개쌍도 진짜 겁난다. 나도 길가다가 사시미질 당할까봐 열라 설레이는 맘으로 부산을 돌아다닌다.	(차단된 문장입니다)	1	5	REGIONAL/SLUR	[개쌍도, 사시미질] -> 특정 지역 비하 및 흉기 폭력 묘사 조롱으로 차단	지역
원래 사당패는 보지가 디폴트임 사당패 / 남사당패	원래 사당패는 여성이 기본 구성원입니다. 사당패와 남사당패로 나뉘죠.	2	2	SLUR	[보지] -> 성기 멸칭을 정당한 지칭어로 순화	clean
S펜 분리 드립치는 새끼들 똥꼬에다 S펜 쏙 박아버리고 싶다	(차단된 문장입니다)	1	5	SLUR	[새끼들, 박아버리고 싶다] -> 타인에 대한 물리적 폭력 위협 및 성적인 뉘앙스의 공격으로 차단	악플/욕설
게이는 되는데 레즈는 안된다니 새끼들 이중성쩌네 ㅋ	남성 동성애자는 허용되면서 여성 동성애자는 안 된다니 정말 이중적이네요.	2	2	SLUR	[새끼들, 쩌네] -> 비하어 및 비속어 순화	악플/욕설
공동체 지키려다 ? 이런 게 한국에 있기는 하남? 오로지 내편만 지키고 내편만이 더 잘 살자고 궁민을 갈라쳐 찢어놓잖아. 네편은 두들겨 패면서 펑회공징징의를 외치는데 공동체는 무슨. 아~~ 내편만의 공동체?	공동체를 지킨다고요? 한국에 진정한 공동체 정신이 존재하는지 의문입니다. 오로지 본인 진영만의 이익을 위해 국민을 분열시키고 있지 않습니까? 상대 진영은 공격하면서 평화나 정의를 외치는 것은 모순입니다. 결국 본인들만의 이익 집단일 뿐이죠.	2	2	NORMAL	[하남, 궁민, 펑회공징징의] -> 오타 및 반말투, 비꼬는 표현 순화	clean
아이고 슨상님	아이고, 선생님.	2	1	COMMUNITY	[슨상님] -> 특정 인물 비하 목적의 방언 변형어를 표준어로 순화	clean
하나 물면 우르르 몰려들고 난리 피고.....나이들 처먹고 진짜 잘들 논다.....	무언가 하나를 발견하면 다 같이 몰려들어 소란을 피우는군요. 나이가 들어서도 참으로 부적절한 행동입니다.	2	2	AGE	[처먹고, 잘들 논다] -> 비속어 및 비꼬는 말투 순화	연령
난 저거 구란거 지금 알았다 -_- 시발 저거땜에 우리나라내에서도 큰 문제였고 대외적으로도 한국 식품에 대한 안좋은 인식을 심어줬자나	저는 저것이 거짓이라는 사실을 이제야 알았습니다. 저 일 때문에 국내에서도 문제가 컸고, 대외적으로 한국 식품의 이미지가 매우 나빠졌었죠.	2	2	SLUR	[구란거, 시발] -> 비속어 및 욕설 순화	악플/욕설
2012년이면 썩은물인데아이디 샀나봄	2012년부터 활동했다면 매우 숙련된 사용자일 텐데, 계정을 구매한 모양이네요.	2	1	COMMUNITY	[썩은물, 샀나봄] -> 게임/커뮤니티 은어 및 반말투 순화	clean
멍청도는 까지마>.<	충청도 지역을 비하하지 마십시오.	2	2	REGIONAL	[멍청도] -> 지역 비하 은어를 정당한 명칭으로 순화	지역
와 진짜 너무했네그래도 옛 남친이라고 다시 만났을텐데 안타깝다	정말 너무하네요. 그래도 과거의 인연으로 다시 만난 것일 텐데 참 안타까운 상황입니다.	2	1	NORMAL	[안타깝다] -> 반말형을 정중한 문장으로 순화	clean
저정도면 한국에서 검소한 목사지 ㅋㅋ 한국 목사들 외제차 끌고 다니든지 연봉 몇억인듯 생활함	저 정도 수준이면 한국에서 검소한 편에 속하는 목사입니다. 한국의 많은 목사가 외제차를 타고 고액 연봉자처럼 생활하곤 하니까요.	2	2	RELIGION	[목사지] -> 반말투 및 특정 직업군 일반화 뉘앙스 순화	종교
얼굴가리고 ㅋㅋㅋㅋㅋ그짓 많이 했는데	얼굴을 가리고 부적절한 행위를 많이 했네요.	2	2	SLUR	[그짓] -> 비하적 뉘앙스의 대명사를 정중하게 순화	clean
메오후 쿰척쿰척	(차단된 문장입니다)	1	5	GENDER	[메오후, 쿰척쿰척] -> 여성에 대한 극단적 외모 비하 및 비하어로 차단	여성/가족
응 좆까 ^^	(차단된 문장입니다)	1	5	SLUR	[좆까] -> 상대방에 대한 직접적인 욕설로 차단	악플/욕설
페미니즘이나 기독교나 천주교나 똑같은 정신병이지판타지 소설이랑 현실이랑 구분 못하는게 정신병이지 그럼 뭐냐의게이들 등판 안하노	(차단된 문장입니다)	1	5	GENDER/RELIGION/COMMUNITY	[정신병, 판타지 소설, ~노] -> 특정 사상과 종교를 정신병으로 매도하고 혐오하여 차단	여성/가족, 종교
당연히 가야하는거아니노	당연히 참여해야 하는 것 아닙니까?	2	1	COMMUNITY	[가야하는거아니노] -> 커뮤니티 말투를 정중한 의문문으로 순화	clean
생명의 위협을 느껴서	생명에 위험을 느껴서 그랬습니다.	2	1	NORMAL	[느껴서] -> 문장 종결 표현을 정중하게 순화	clean
여자분도 불쌍하고 아기도 불쌍하네요. ㅠㅠ	여성분과 아기 모두 정말 안타깝네요.	0	0	NORMAL	[무해] -> 일상적인 동정 및 공감 표현	clean
한국인들이 한남에게 당하고 산다는 뉘앙스로 말하면 ㅎㅌㅊ되노. 어차피 걔네 아시아 여권 좆창난거 다 아노. 한남 실체 뿐만이 아니라 내가 복수해줬단 식으로 추가적으로 말해야 6쟤는 그냥 당하는 년이 아니구나 보복이라도 한다9는 이미지를 구축할 수 있다 이기야	(차단된 문장입니다)	1	5	GENDER/COMMUNITY	[한남, ㅎㅌㅊ, 좆창, 당하는 년, 이기야] -> 남성에 대한 극단적 비하 및 혐오 커뮤니티 용어로 차단	남성
그러게요..무슨 상식으로 이 혼란의 시기에 퀴어축제를 개최한답니까?? 당신들의 뇌는 안녕하십니까??	(차단된 문장입니다)	1	5	LGBTQ/SLUR	[뇌는 안녕하십니까] -> 성소수자를 지능이 낮거나 장애가 있는 것처럼 묘사하여 차단	성소수자
나 웜창인생인데 왜 이거 처음 보노? 앵나 면상 갈렸노	(차단된 문장입니다)	1	5	COMMUNITY/SLUR	[웜창, 앵나, 면상] -> 특정 혐오 커뮤니티 용어 및 신체 비하로 차단	악플/욕설
여자들이 돼지면 여자라고 칠수가없음자기관리를 못하면 인간이하. ^슨^	(차단된 문장입니다)	1	5	GENDER	[돼지, 인간이하] -> 여성을 체형으로 비하하고 인간 이하로 취급하여 차단	여성/가족
문신늘어날텐데	문신을 한 사람들이 늘어날 것 같네요.	2	1	NORMAL	[늘어날텐데] -> 반말투를 정중하게 순화	clean
근데 이거 몇년된거 아님? 요즘 자료는 없노? 요즘 유럽 무슬림들 어떻게 됐는지 궁금하노.	그런데 이것은 수년 전 자료가 아닙니까? 최근 상황은 어떠한지 궁금합니다. 유럽의 이슬람교도 상황이 어떻게 변했나요?	2	2	RELIGION/COMMUNITY	[무슬림, ~노] -> 종교 명칭 및 말투 순화	clean
교단 재판국 이놈들 국은 제데로 끓일줄은 아나 별 개 나부랭이들 목사나 자식이나 그 것들 다	교단 재판국의 사람들은 제 역할을 제대로 하고 있는 것입니까? 목사나 그 가족들이나 모두 자격이 없어 보이네요.	2	3	RELIGION/SLUR	[이놈들, 나부랭이들, 그 것들 다] -> 비하어 및 공격적 지칭 순화	종교
보통 차있으면 차 네비 찍지않냐? ㅋㅋㅋㅋㅋ 이새끼 100% 뚜벅이임 ㅋㅋㅋ	보통 차가 있다면 내비게이션을 이용하지 않습니까? 이 사람은 분명 차가 없는 것 같네요.	2	2	SLUR	[이새끼, 뚜벅이] -> 비하어 및 신조어 순화	악플/욕설
보지가 통장아닌가?ㅂㅈ가 없냐?	(차단된 문장입니다)	1	5	GENDER	[보지, ㅂㅈ] -> 여성 성기 멸칭을 사용하여 돈벌이 수단으로 비하하여 차단	여성/가족
무지개를 거기에 그려넣지마라 동성애가 죄라는것을 스스로 인정하는 무식함의 극치다.	무지개 문양을 함부로 사용하지 마십시오. 그런 행동은 동성애에 대한 부정적인 인식을 스스로 드러내는 것일 뿐입니다.	2	2	LGBTQ	[무식함의 극치] -> 공격적인 표현을 정중하게 순화	성소수자
더 웃긴건 개독교 교리상 목사 좆구멍에 십일조니 감사헌금이니 축복헌금이니 돌헌금이니 건축헌금이니 주일헌금이니 선교헌금이니대략 지월급 20프로이상을 쑤셔다 받쳐야함 ㅋㅋ목사는 그걸로 또 창녀에게 유흥즐기고일석이조 ㅆㅅㅌㅊㅋㅋ	(차단된 문장입니다)	1	5	RELIGION	[개독교, 좆구멍, 받쳐야함, 창녀] -> 특정 종교와 성직자에 대한 극단적 욕설 및 조롱으로 차단	종교
진짜 고수들은 파크(파이어크로스) 하나로 다 털고 다니던데.. 무빙이랑 각치기 같은거 당해보면 정신 나감 ㅠㅠ	진정한 실력자들은 특정 기술 하나만으로도 압도적인 모습을 보여주더군요. 그들의 화려한 움직임에 대응하기가 정말 힘듭니다.	2	2	COMMUNITY	[털고 다니던데, 정신 나감] -> 게임 은어 및 구어 표현 순화	clean
보력가라 후팔 몰카한남충 재기해	(차단된 문장입니다)	1	5	COMMUNITY/GENDER	[보력, 후팔, 한남충, 재기해] -> 특정 커뮤니티 전용 혐오어 및 살해/자살 종용으로 차단	남성
난 이 기자하고 동성애자들 싫다..나도 이제 유명해져야겠다	저는 해당 기자와 동성애자들이 반갑지 않네요. 저도 영향력 있는 사람이 되어야겠습니다.	2	2	LGBTQ	[싫다] -> 반말투 및 혐오 뉘앙스 순화	성소수자
종교 자체가 싫은게 아니고 인간이 싫다 팔게 없어서 종교를 팔고 할짓이없어서 신도 성폭행 그냥 사형이 답인데 판례되로 몇년 이것지 법개정하고 범죄 구형 올리고 사형 진행 합시다 세금 낭비에 피해자들 인생 누가 보상할겨	종교 자체가 문제라기보다는 그릇된 행동을 하는 사람이 문제입니다. 성스러운 명분을 내세워 범죄를 저지르는 행위는 엄벌에 처해야 합니다. 법을 개정하여 형량을 높이고 강력한 처벌을 해야 한다고 생각합니다. 피해자의 인생을 보상할 방법이 없으니까요.	2	2	NORMAL	[인간이 싫다, 사형이 답, 보상할겨] -> 감정적 표현 및 반말투 순화	clean
어차피 남자가 없으면 여자고 남자고 페미니스트고 아무것도 없어질거다 페미니스트 니들도 아버지 어머니 사이에서 태어난거지 아버지 없었어봐 너희 존재자체도 없는거야	결국 남녀가 함께 존재해야 사회가 유지되는 법입니다. 페미니스트들 역시 부모님 사이에서 태어난 존재임을 잊어서는 안 됩니다. 가족의 소중함을 생각해야 합니다.	2	2	GENDER	[니들도, 없었어봐] -> 공격적 말투 및 반말투 순화	여성/가족
끝났다 민주화까지 나왔으면	특정 용어까지 사용된 것을 보니 상황이 종료된 것 같네요.	2	1	COMMUNITY	[민주화] -> 특정 커뮤니티에서 부정적으로 사용되는 용어 언급 순화	clean
밸런스조절을 위해서 불호 ㄷㄷ 청국장냄새에 밥상앞에 앉기도전에 입맛 뚝 떨어짐 굴냄새 역해서 입에 넣을생각도 없음.. 아까운 달걀 그냥 후라이를 하지 ㅜㅜ 참치 한캔 뜯어야겠네..	개인적인 취향으로는 선호하지 않습니다. 청국장이나 굴의 냄새가 저에게는 맞지 않네요. 달걀을 다른 방식으로 요리했으면 좋았을 텐데 아쉽습니다. 대신 다른 것을 먹어야겠어요.	2	2	SLUR	[입맛 뚝 떨어짐, 후라이를 하지] -> 반말투 및 불평 뉘앙스 순화	악플/욕설
미개한 새끼들이라 좆도 아닌 거에 집착하노 ㅋㅋㅋ 자고있을 때 자른 건 빡칠만하긴 한데 수염이 명예?ㅋㅋㅋㅋㅋㅋ	(차단된 문장입니다)	1	5	RACISM/SLUR/COMMUNITY	[미개한 새끼들, 좆도, 집착하노] -> 특정 문화를 미개하다고 비하하며 욕설과 커뮤니티 말투를 사용하여 차단	악플/욕설
정확히는 K 즌라 잼민 이잖아	(차단된 문장입니다)	1	5	REGIONAL/AGE	[즌라, 잼민] -> 특정 지역과 어린이를 비하하는 은어로 차단	연령, 지역
그만 좀 살려 ㅅㅂ놈아	(차단된 문장입니다)	1	5	SLUR	[ㅅㅂ놈아] -> 직접적인 심한 욕설로 차단	악플/욕설
모르는데 왜 나대냐	잘 알지도 못하면서 왜 함부로 행동합니까?	2	2	SLUR	[나대냐] -> 공격적인 비어 순화	악플/욕설
우리 창조주 저기 나왔는데 개독충에 코르셋...노답	제 부모님이 저기에 언급되었는데, 종교에 지나치게 빠져 계시고 고정된 가치관을 가지고 계셔서 정말 대화하기가 힘듭니다.	2	3	RELIGION/GENDER	[창조주, 개독충, 코르셋, 노답] -> 각종 비하 은어 및 가족 비방 표현 순화	종교
인류 그 자체고.. 자지는 솔직히 요즘시대엔 멸종하는 게 맞다고 본다 이기야.	(차단된 문장입니다)	1	5	GENDER/COMMUNITY	[자지, 멸종, 이기야] -> 성기 멸칭 및 남성에 대한 극단적 제거 혐오로 차단	남성
사스가 똥꼬충 클라스 ^똥^	(차단된 문장입니다)	1	5	LGBTQ	[똥꼬충] -> 성소수자에 대한 극단적이고 추잡한 멸칭으로 차단	성소수자
아직도 인신매매가 실시간으로 진행되는곳	아직도 인신매매와 같은 범죄가 공공연하게 일어나는 곳이군요.	2	2	NORMAL	[진행되는곳] -> 반말투 및 상황 묘사를 정중하게 순화	clean
개독 씹새끼들 총출동했네.. 있지도 않은 사막잡신 야훼씹새끼 믿는 졷센징 수준..졷센징들 있지도않은 단군믿는거랑 개독새끼들 있지도 않은 야훼믿는거랑 다른게 뭐냐?	(차단된 문장입니다)	1	5	RELIGION/RACISM	[개독 씹새끼, 사막잡신, 졷센징] -> 특정 종교와 신, 그리고 자국민에 대한 극단적 욕설 및 혐오로 차단	종교
조권 존나 역겹긴 한데.. 근데 저런거 밀어준다고 게이 아닌사람이 게이가 되냐?	특정 연예인의 모습이 거북하긴 하지만, 그런 것을 장려한다고 해서 성 정체성이 바뀌는 것은 아니지 않습니까?	2	2	LGBTQ	[역겹긴, 게이가 되냐] -> 공격적 표현 및 반말투 순화	성소수자
염색체만 여성인 년들이 가입하는 데잖아	생물학적으로 여성인 사람들만 가입할 수 있는 곳 아닙니까?	2	2	GENDER	[년들이, 데잖아] -> 비하어 및 반말투 순화	여성/가족
다문화 대표해서 비례 대표 되었어도 한국 국회의원으로서 좋은 모습 보여줘서 다문화에 대한 이미지를 좋게 했어야 하는데 지나치게 다문화와 필리핀의 이익만을 챙기려는 모습 보인게 실수	다문화 가정을 대표하여 국회의원이 되었다면, 모든 국민을 위한 의정 활동을 통해 다문화에 대한 긍정적인 이미지를 심어주었어야 합니다. 하지만 특정 국가나 집단의 이익만을 대변하는 듯한 모습을 보여준 것이 아쉬운 부분입니다.	2	1	NORMAL	[보인게 실수] -> 반말형을 정중한 비판으로 순화	clean
뭐 이런 좆도 아닌 사진 올려놓고 썰 풀고 있냐	왜 이런 가치 없는 사진을 올리고 이야기를 하고 있습니까?	2	3	SLUR	[좆도 아닌, 썰 풀고] -> 비속어 및 욕설 순화	악플/욕설
기자가 쓰레기수준이다. 12명 대상자중 범야권 후보가 8명인데..당연하 야권후보의 지지율 합계가 더 많겠지... 국민을 바보로 아는구나..	기자의 수준이 매우 낮네요. 12명의 후보 중 범야권 후보가 8명이나 되니, 당연히 야권 후보들의 지지율 합계가 높은 것 아닙니까? 국민을 속일 수 있다고 생각하나 봅니다.	2	3	SLUR	[쓰레기수준, 바보로 아는구나] -> 비속어 및 공격적 말투 순화	악플/욕설
너무 일찍 어른이 되었지만 또 진짜 어른이 되었네요 엄마 딸 모두 행복하길~	너무 일찍 성숙해졌지만, 정말 훌륭한 어른이 되셨네요. 어머니와 따님 모두 행복하시길 바랍니다.	0	0	NORMAL	[무해] -> 따뜻한 격려와 축복	clean
그건 니 문제 인것 같은데. 니가 만나는 사람들 수준이 딱 그정도인 거임	그것은 본인의 문제인 것 같습니다. 만나는 사람들의 수준이 본인과 비슷한 것 같네요.	2	2	SLUR	[니 문제, 거임] -> 반말투 및 공격적 표현 순화	악플/욕설
나만 아니면 돼;'의 상징 ..	나만 평안하면 된다는 이기주의의 상징이네요.	2	1	NORMAL	[나만 아니면 돼] -> 반말투 및 속어적 표현을 정중하게 순화	clean
한국남자들은 기가 너무 쎄서 문제. 전 지구적으로 제일 기쎄면서 성격 좆밥같고 못생기고 자지도작고 여자한테 배려심도없음 ㅎㅎ	(차단된 문장입니다)	1	5	GENDER	[자지도작고, 좆밥같고] -> 남성 성기 비하 및 극단적 혐오로 차단	남성
뜨거운 녹차가 눈에 들어가서 눈실명되면 소송해서 돈받아낼듯	뜨거운 녹차가 눈에 들어가 실명이라도 되면 소송을 해서 보상금을 받으려 할 것 같네요.	2	2	SLUR	[돈받아낼듯] -> 비꼬는 말투를 정중하게 순화	악플/욕설
노조는 사회악이다.!	노동조합은 우리 사회에 해악을 끼치는 존재라고 생각합니다.	2	2	COMMUNITY	[사회악] -> 특정 집단에 대한 과격한 비판을 정중한 문장으로 순화	기타 혐오
말로는 뭘 못하나 ㅋ 역겹기 그지 없음	말로는 무엇인들 못하겠습니까. 정말 보기가 좋지 않네요.	2	2	SLUR	[역겹기] -> 감정적 비하어를 정당한 비판으로 순화	악플/욕설
한남은 진짜 재기가 답이다	(차단된 문장입니다)	1	5	GENDER/COMMUNITY	[한남, 재기가 답] -> 남성 비칭 및 자살을 종용하는 극단적 혐오로 차단	남성
이렇기 때문에 전라도사람들을 싫어하는어른들의 말이 더 신빙성이 있다는거다왜냐면 7시에 거주하는 홍어는 상대하지 못했지만상경한 홍어들을 직접 겪어봤기 때문에전라도사람을 욕하는거다	(차단된 문장입니다)	1	5	REGIONAL	[7시에 거주하는 홍어, 상경한 홍어] -> 특정 지역민에 대한 극단적 멸칭 및 혐오로 차단	지역
경상도 씹새끼들 실망이다.	(차단된 문장입니다)	1	5	REGIONAL/SLUR	[씹새끼들] -> 특정 지역민에 대한 직접적 욕설 및 혐오로 차단	지역
캐나다도 좋겠다	캐나다에서 지내는 것도 참 좋겠네요.	2	1	NORMAL	[좋겠다] -> 반말투를 정중한 문장으로 순화	clean
군대 초반에는 아무생각없다가 군대 끝자락에 일찍 군대온거 존나 후회했는데 시발 ㅋㅋ	군 복무 초기에는 별생각 없었지만, 전역이 다가올수록 일찍 입대한 것을 정말 후회했습니다.	2	2	SLUR	[존나, 시발] -> 욕설 및 비속어 제거	악플/욕설
동성애자 차별한적이 없어요 신찬지도 차별한적없고 왜 이걸 굳이 법으로 만들려하나요 그렇게 할일이 없어요?? 신천지나 동성애자들이나 그냥 불쌍한사람들이죠 이걸 이용하지 마시죠 당신들이 뭘하고 싶은지 아니까욧	성소수자나 특정 종교 신도들을 차별한 적이 없습니다. 왜 굳이 법으로 제정하려 하는 것입니까? 그들은 그저 안타까운 사람들일 뿐입니다. 정치적으로 이용하지 마십시오. 의도가 뻔히 보입니다.	2	2	LGBTQ/RELIGION	[불쌍한사람들, 아니까욧] -> 대상에 대한 우월적 뉘앙스 및 말투 순화	성소수자, 종교
어차피 아무도 안옴	어차피 아무도 오지 않을 것입니다.	2	1	NORMAL	[안옴] -> 반말투 및 줄임말 순화	clean
ㅋㅋ 난 또 다른지역에서 전문시위꾼들이 왔다는 논지인줄 알았는데 이건 뭔 ㅋㅋ	저는 타 지역에서 전문 시위 인력이 동원되었다는 주장인 줄 알았는데, 이것은 정말 황당한 내용이네요.	2	1	SLUR	[이건 뭔] -> 비꼬는 말투를 정중하게 순화	악플/욕설
유충낙태에티켓 쫌	(차단된 문장입니다)	1	5	GENDER/AGE	[유충낙태] -> 아동 및 성별에 대한 반인륜적 혐오와 살해 위협으로 차단	남성, 연령
살남 꿀팁 글 참고해서 살남 해라 그럼 보험금 안 뺏겨도 되노 어디 자지가 보험금을 받아?	(차단된 문장입니다)	1	5	GENDER/SLUR	[살남, 자지] -> 남성에 대한 살해 위협 및 성기 멸칭으로 차단	남성
짱골라 vs 베트콩 재현하盧 ㅋㅋㅋㅋ 짱깨새끼들이 동남아에서 하는짓만 봐도 뻔한데 친중정책하는 좆반도 클라스 키아	(차단된 문장입니다)	1	5	RACISM/COMMUNITY	[짱골라, 베트콩, 짱깨새끼, 좆반도] -> 각종 인종/국가 비하 멸칭 및 혐오로 차단	인종/국적
내가 겪어 본 전라도 홍어들보면그런 것 같다초보 사기꾼전라도 홍어들은사람 데리고 가스라이팅 하듯사람 심리를 계속 알려고 함질문도 자주하고말도 많음이주 귀챦게 함	(차단된 문장입니다)	1	5	REGIONAL	[홍어들, 가스라이팅] -> 특정 지역민에 대한 극단적 멸칭 및 악의적 일반화로 차단	지역
레몬테라스는 정치얘기 못하게 단속중이더라 ㅋ 정치 게시판 없앰 ㅋㅋ	특정 커뮤니티에서는 정치적인 대화를 금지하고 있더군요. 정치 게시판 자체를 폐쇄했습니다.	2	1	NORMAL	[단속중이더라, 없앰] -> 반말투 및 구어체 표현 순화	clean
부랄찜 부랄전골 부랄볶이	(차단된 문장입니다)	1	5	GENDER	[부랄] -> 남성 성기에 대한 추잡하고 혐오스러운 비유로 차단	남성
부러우면 지들끼리 기차놀이나 하던가 재기따라가면 되는데 도퇘남새끼 왜 사노	(차단된 문장입니다)	1	5	GENDER/COMMUNITY	[재기따라가면, 도퇘남새끼] -> 자살 종용 및 남성에 대한 극단적 멸칭으로 차단	남성
적폐청산의 최종단계는 해당 종교믿는 사람들의 자체정화...인간의 의식에 지대한 영향을 주기에	부조리 척결의 완성은 해당 종교를 믿는 사람들의 자발적인 정화 노력입니다. 종교는 인간의 의식에 매우 큰 영향을 주기 때문이죠.	2	1	RELIGION	[적폐청산] -> 과격한 표현을 정중하게 순화	종교
다문화가 노무현급이노 ;;;;사스가 레이디무현	다문화 정책이 전임 대통령 시절만큼이나 파급력이 크네요. 역시 그분답습니다.	2	2	RACISM/COMMUNITY	[~노, 사스가, 레이디무현] -> 커뮤니티 희화화 말투 및 전임 대통령 비하 별칭 순화	인종/국적
우리 존재 화이팅!	우리 모두 힘냅시다!	0	0	NORMAL	[무해] -> 긍정적인 응원	clean
뉴스앤조이는 기독언론 아닌듯	해당 매체는 기독교 관련 언론이라고 보기 어렵네요.	2	1	NORMAL	[아닌듯] -> 반말투 및 줄임말 순화	clean
무슨 일났노	무슨 일이 일어났습니까?	2	1	COMMUNITY	[~노] -> 커뮤니티 말투를 정중한 의문문으로 순화	clean
알아서 붕괴되는구만	저절로 무너지고 있네요.	2	1	NORMAL	[되는구만] -> 반말투 순화	clean
안은 시궁창	내면이나 실상은 매우 좋지 않네요.	2	2	SLUR	[시궁창] -> 비어 표현을 정중하게 순화	악플/욕설
캣맘충들 유튜브에서도 영상 올리더라사람들 몰래 새벽에 활동함 개 병신들	(차단된 문장입니다)	1	5	GENDER/SLUR	[캣맘충, 개 병신들] -> 여성 비하 은어 및 심한 욕설로 차단	여성/가족
11년전에도 갓치였노 멋지다익이	11년 전에도 정말 당당한 여성이었네요. 훌륭합니다.	2	2	COMMUNITY	[갓치, ~노, 이기] -> 커뮤니티 전용 말투 및 조롱 뉘앙스 순화	clean
차별금지법은 망국의 악법입니다!	차별금지법은 국가를 위태롭게 하는 잘못된 법률입니다!	0	0	LGBTQ	[무해] -> 신념에 따른 강력한 사회적 비판 (비하/조롱/위협 없음)	성소수자
간첩새낀데 딱봐도; 빨개이섀끼	누가 봐도 간첩이네요. 이념적으로 편향된 사람입니다.	2	3	COMMUNITY/SLUR	[새낀데, 빨개이섀끼] -> 욕설 및 이념적 멸칭 순화	기타 혐오
딴거 다필요없고 여성의 권리를 위협하는 성별 변경에 반대한다. ㅋㅋㅋㅋㅋㅋ 여성의 권리ㅋㅋ 어휴 펨나치들ㅋㅋ 성별이 벼슬이냐 ㅂ8ㅕㅇ신들ㅋ	(차단된 문장입니다)	1	5	GENDER/SLUR	[펨나치, 성별이 벼슬, ㅂ8ㅕㅇ신들] -> 특정 집단에 대한 멸칭 및 조롱, 욕설로 차단	여성/가족
진심 이자스민 명치 삼일한하고싶다	(차단된 문장입니다)	1	5	GENDER/RACISM	[명치 삼일한] -> 특정 인물에 대한 폭력 위협 및 여성 폭력 옹호 문구를 사용하여 차단	여성/가족, 인종/국적, clean
나 영국게이인데 클럽을 가도 펍을 가도 죄다 중동세끼들이다	저는 영국에 사는 성소수자인데, 클럽이나 펍에 가도 온통 중동 사람들뿐입니다.	2	2	RACISM/LGBTQ	[중동세끼들] -> 특정 인종에 대한 비칭 및 비속어 순화	인종/국적
진주출신인데 경상도 아저씨들 정직한편인데 말 많고 오지랖 뒤짐 지나 잘 살지서울 올라오니 아저씨들 조용해서 좋은데 길 돌아감근데 요즘엔 네비 키고 가니 그런 일 거의 없더라	진주 출신으로서 경상도 남성분들은 대체로 정직하시지만, 가끔 지나치게 간섭하시는 분들이 계십니다. 서울에 오니 차분해서 좋지만 길을 헤맬 때가 있네요. 그래도 요즘은 길 찾기가 편해져서 그런 일이 거의 없습니다.	2	2	REGIONAL	[오지랖 뒤짐, 지나 잘 살지] -> 거친 표현 및 반말투 순화	지역
아직도 시진핑 좆빨아주는 요 씹새낀 정체가 뭐냐?	(차단된 문장입니다)	1	5	RACISM/SLUR	[좆빨아주는, 씹새낀] -> 저열한 성적 비유 및 욕설로 차단	인종/국적
존나게 홍어 쉐리들 많다.안그런척 하면서 은근 홍어 쉴드치고 상도 깔때는 존나 앞장서는,ㅋ1.5세대 서울, 경기, 경상도권에 사는 혼혈홍어인듯.	(차단된 문장입니다)	1	5	REGIONAL	[홍어 쉐리들, 혼혈홍어] -> 특정 지역민에 대한 극단적 멸칭 및 혐오로 차단	지역
흑좆나 띵문이노 예시가 노무 명쾌하다 이기	정말 훌륭하고 명쾌한 글입니다. 설명이 아주 명확하네요.	2	3	COMMUNITY	[흑좆나, 띵문, ~노, 노무, 이기] -> 커뮤니티 전용 비칭 및 말투 순화	clean
서울은 서울이여니가 사는 동네가 홍어밭임	(차단된 문장입니다)	1	5	REGIONAL	[홍어밭] -> 특정 지역을 멸칭으로 조롱하고 비하하여 차단	지역
너 하나 때문에 다른 군인들이 얼마나 불편하겠냐 오 ㅐ자꾸 그러는거야 다른 군인들은 뭔 죄임	당신 한 사람의 행동 때문에 다른 장병들이 큰 불편을 겪고 있습니다. 왜 그런 행동을 반복하는 것입니까? 다른 장병들에게 피해를 주지 마십시오.	2	1	SLUR	[그러는거야, 죄임] -> 반말투를 정중한 비판으로 순화	악플/욕설
양키꺼만 보는 놈 말하는 거다	미국산 콘텐츠만 즐기는 사람을 지칭하는 것입니다.	2	2	RACISM	[양키, 놈] -> 특정 국적 비칭 및 사람을 낮잡아보는 표현 순화	인종/국적
인도는 불교라는 종교 때문에 망할것이다... 이런 심각한 사태에도 답이 없다... 저렇게도 못 깨닫나..,	인도는 특정 종교의 영향으로 인해 몰락할 위험이 있습니다. 이런 심각한 상황에서도 해결책이 보이지 않아 참 답답하네요.	2	2	RACISM/RELIGION	[망할것이다, 답이 없다] -> 특정 국가/종교에 대한 공격적 예단 순화	인종/국적, 종교
호식이 둘이서 호식이두마리치킨먹고 후장 칙칙폭폭 놀이하다가 한강가서 재기하면 되겠노	(차단된 문장입니다)	1	5	GENDER/SLUR	[후장 칙칙폭폭, 재기하면] -> 추잡한 성적 비유 및 자살 종용으로 차단	남성
왠 빻은 타코야끼가 지 손가락 빨고있노 좆국철에 person한테 감히 말거는 장애좆들 흑좆나 많노 배때지 깔푹찍해줘야 하노^오^	(차단된 문장입니다)	1	5	GENDER/COMMUNITY	[빻은, 장애좆들, 깔푹찍] -> 외모 비하, 신체 장애 비하 및 살해 위협으로 차단	남성, 기타 혐오
다리가 이쁜게 강점인데 사진 찍어논거 보면 다리 깐걸 싫어하는듯그럼 인기 떨어질수 밖에	각선미가 훌륭한 강점인데, 사진을 보면 노출을 꺼리는 것 같네요. 그러면 인기를 유지하기가 어려울 것입니다.	2	1	NORMAL	[다리 깐걸, 밖에] -> 반말투 및 속어적 표현 순화	clean
광주 민주화 시키러 가노 ㅋㅋㅋ	(차단된 문장입니다)	1	5	REGIONAL/COMMUNITY	[민주화 시키러 가노] -> 특정 지역의 역사적 비극을 희화화하고 조롱하여 차단	지역
요구르트 트레이더 섻	요구르트 판매원과의 부적절한 만남을 암시하네요.	2	2	SLUR	[섻] -> 성적 암시 표현 순화	clean
이런 사람이 국회의원을 하고 있다는것..절대로 찍어주면 안될사람..	이런 역량을 가진 분이 국회의원을 하고 있다는 사실이 놀랍네요. 다음 선거에서는 반드시 다른 선택을 해야 할 것 같습니다.	2	1	SLUR	[절대로 찍어주면 안될사람] -> 정치적 결단 표현을 정중하게 순화	악플/욕설
요즘 급식들 개나댄다 ㅅㅂ놈들이 아 누가 정의구현 좀 해줬으면..	요즘 학생들이 지나치게 무례하게 행동하네요. 누군가 법적 혹은 사회적으로 엄중히 징계했으면 좋겠습니다.	2	3	AGE/SLUR	[급식들, 개나댄다, ㅅㅂ놈들] -> 연령 비하어 및 욕설 순화	연령
가톨릭은 저 씨발 급진좌빨 정으구현사제단 때문에 망할듯 ㅋㅋㅋ의경 때 강정마을 지원 갓다가 사제 수녀들 꼴값 떠는 거 보고 냉담한지 십년 됨 ㅋ	천주교는 특정 이념 성향의 단체들로 인해 위상을 잃을 것 같습니다. 과거 현장 업무 중에 보았던 성직자들의 부적절한 태도에 실망하여 신앙생활을 중단한 지 오래되었습니다.	2	3	RELIGION/COMMUNITY	[씨발, 급진좌빨, 꼴값 떠는 거] -> 욕설 및 이념적 비하어, 비칭 순화	종교
못생겼으면 가만이 있어도 기분나쁜데 굳이..?	외모가 뛰어나지 않은 사람이 굳이 나서서 행동하는 것이 보기 좋지 않네요.	2	2	SLUR	[기분나쁜데] -> 외모 비하 및 공격적 말투 순화	악플/욕설
기간제 교사라 짤릴까봐 대처도 못하고 저러는거 존나 가슴아프다자식들이 지네 아버지가 저러는거 봐쓰면 피눈물 흘릴듯	기간제 교사 신분이라 해고당할까 봐 제대로 대응도 못 하는 상황이 정말 안타깝네요. 가족들이 이 사실을 안다면 얼마나 가슴이 아프겠습니까.	0	0	NORMAL	[무해] -> 안타까운 고용 현실에 대한 공감	clean
솔직히 이건 정상참작이다	솔직히 이 상황은 정상을 참작할 만한 사유가 있다고 생각합니다.	2	1	NORMAL	[정상참작이다] -> 반말투를 정중하게 순화	clean
ㅋㅋㅋ 존나게 반일반일 해서 사카이측에서 한국 발매 안하니 개지랄 발광하던 나매충들이 생각나네	일부 사람들이 과격한 반일 활동을 하다가 특정 브랜드 제품이 미발매되자 소동을 피우던 모습이 떠오르네요. 특정 커뮤니티 이용자들의 태도가 모순적이라고 생각합니다.	2	3	COMMUNITY	[존나게, 개지랄 발광, 나매충] -> 욕설 및 비속어, 커뮤니티 비칭 순화	악플/욕설
저런 교사들이 전부 이정부 들어서 존나 설치는 중.문제는 없어질수가 없는게, 성인지 예산인지 수조가 돈이 들어가서 여성단체가 계속 재생산중	특정 성향의 교사들이 현 정부 들어서 지나치게 과격하게 활동하고 있습니다. 문제는 막대한 예산이 지원되면서 이런 움직임이 계속 유지되고 있다는 것이죠.	2	2	GENDER/COMMUNITY	[존나 설치는 중] -> 특정 집단의 활동을 비하하는 욕설 섞인 표현 순화	여성/가족, 기타 혐오
그냥 하느님한테 돈주고 치료 받으세요 헌금으로~	그냥 하느님께 기원하며 헌금으로 치유를 빌어보시기 바랍니다.	0	0	RELIGION	[무해] -> 종교적 비판 뉘앙스가 있으나 표현 자체는 무해함	악플/욕설
그럼 명절 안챙기냐 ?? ㅋㅋ 패륜돼지 ㅋㅋㅋ ㅠ0ㅠ	명절을 챙기지 않는 것입니까? 부모님께 불효하는 태도가 정말 부적절해 보이네요.	2	2	SLUR	[패륜돼지] -> 인격 모독적 비하어 및 외모 비하 멸칭 순화	악플/욕설
ㅎㅎㅎㅎㅎㅎ 누가 미국 기관에 다 신고해라.	누군가 미국의 관련 기관에 모두 신고해 주십시오.	2	1	NORMAL	[신고해라] -> 반말투를 정중한 명령문으로 순화	clean
글쓴 새끼 홍어 틀딱	(차단된 문장입니다)	1	5	REGIONAL/AGE	[홍어, 틀딱] -> 특정 지역 및 연령대에 대한 극단적 멸칭으로 차단	연령, 지역
그래서 오히려 정상인을 역차별 하자는거야.싫은걸 싫타고 하는게 민주주의야. 외국도 성소수자를 다 이해해주지 않아.다름을 인정해야지. 정상인을 바보로 만드는 법을 왜 만들어	특정 소수자를 위해 다수가 역차별을 받는 상황이 우려됩니다. 자신의 의사를 자유롭게 표현하는 것이 민주주의죠. 해외에서도 성소수자에 대한 시선이 모두 긍정적인 것은 아닙니다. 서로의 차이를 인정하되 다수의 권리를 침해해서는 안 된다고 생각합니다.	0	0	LGBTQ	[무해] -> 성소수자 정책에 대한 논리적 반대 의견	성소수자
나도 훈련병떼 내꼬추 빨아준애 있엇음 .. 그뗀 자위안한지 3주넘어서 나도 미찻는지그냥빨렷다.. 정액도 존나만이싸고 ㅋ	(차단된 문장입니다)	1	5	SLUR	[성적 행위 묘사] -> 상스러우며 추잡한 성적 경험담을 노골적으로 묘사하여 차단	악플/욕설
국자성님 항상 응원하노. 한남 자지들 죽 어	(차단된 문장입니다)	1	5	GENDER	[한남 자지들 죽 어] -> 남성 성기 멸칭 및 살해를 종용하는 극단적 혐오로 차단	남성
쌍도가또. ..	(차단된 문장입니다)	1	5	REGIONAL	[쌍도가또] -> 특정 지역(경상도)을 비하하는 커뮤니티 전용 멸칭으로 차단	지역
일단 기득권은 무조건 추진하고 싶은데 토론하면 반대하는 소리 나오니까 토론을 안하는거지 ㅋㅋㅋ직관적으로 생각하면 간단한건데 뭘 이상하게 생각함?	기득권층은 자신들의 의제를 독단적으로 추진하고 싶어 하니, 반대 의견이 나올 것 같은 토론은 피하는 것입니다. 간단한 이치인데 왜 어렵게 생각하십니까?	0	0	NORMAL	[무해] -> 사회적 의사결정 방식에 대한 일반적인 비판	clean
한남충!!!	(차단된 문장입니다)	1	5	GENDER	[한남충] -> 남성을 벌레에 비유하는 극단적 혐오 명칭으로 차단	남성
어서어서 하나님곁으로 가도록 치료해주지 마세요...그렇게 원하는데...정신이상자들	(차단된 문장입니다)	1	5	RELIGION	[정신이상자들] -> 특정 종교 신도들에게 죽음을 권고하고 정신병자로 매도하여 차단	종교
맥도날드 진즉에 거름	맥도날드는 이미 이용하지 않은 지 오래되었습니다.	2	1	NORMAL	[진즉에 거름] -> 구어체 및 반말투를 정중하게 순화	clean
남자화장실은 왜 들어갔어 박원순을 찾아가서 내인생 책임져 달라고 해야지	남자 화장실에는 왜 들어갔습니까? 전직 시장을 찾아가서 인생을 책임져 달라고 요구해야겠군요.	2	2	GENDER	[책임져 달라고 해야지] -> 반말투 및 인물 언급 뉘앙스 순화	clean
돈 ㅈ 랄도 가지가지네 그전에 그거 산다고 부모 삥 오지게 털어놓고 본판 불변의 큰 깨달음에 포기 ㅋㅋ	금전 낭비가 매우 심각하네요. 그 물건을 사려고 부모님께 무리한 요구를 했을 텐데, 결국 본인의 외모를 한탄하며 포기하는군요.	2	2	SLUR	[돈 ㅈ 랄, 오지게] -> 욕설 및 비속어 표현 정중하게 순화	악플/욕설
복음으로 하나되어 통일되기를 기도합니다.	복음으로 하나가 되어 평화로운 통일이 이루어지기를 간절히 기도합니다.	0	0	RELIGION	[무해] -> 평화로운 종교적 통일 기원	clean
한남 비만율이 높아서 뚱뚱한게 디폴트라 그런지 뚱남이란 말 진짜 잘 안쓰노 뚱남 많이쓰자	한국 남성들의 비만율이 높아서 뚱뚱한 것이 기본이 된 모양인지, 체형을 지칭하는 용어를 잘 사용하지 않네요. 우리 이제 솔직하게 표현합시다.	2	2	GENDER	[한남, 뚱남] -> 남성 비칭 사용 및 공격적인 말투 순화	남성
단순히 소수 취향의 문제만이 아니고, 하는 행동이 상식에서 벗어난 피해 행동이 많은데, 정상집회라고 이렇게 포장하기에는 무리가 있지 않나? 본인들도 좀 자중하지 참...	단순한 기호의 문제를 떠나서, 상식 밖의 행동으로 타인에게 피해를 주는 경우가 많습니다. 이를 그저 정상적인 집회라고 미화하기에는 한계가 있다고 봅니다. 당사자들도 자발적으로 자성해야 하지 않을까요.	0	0	LGBTQ	[무해] -> 성소수자 행사에 대한 논리적이고 상식적인 비판	성소수자
역으로 남초가서 지은이형 야동합성하고 성희롱하고 악플다는 남자들 신고히면 한남들 다 고소 당할거노ㅋㅋㅋㅋㅋ	(차단된 문장입니다)	1	5	GENDER	[야동합성, 성희롱, 한남들] -> 성범죄를 암시하고 남성에 대한 혐오적 시각을 드러내어 차단	남성
울산에서 노팬티 여자본적있다ᆞ식당 입구에서 두세번째 정도 ᆞ입구에 들어서면 그여자 다리가 정면에서 보이는위치에 앉아 있엇는데 ᆞ미니스커트에 ㅉ	(차단된 문장입니다)	1	5	GENDER/SLUR	[성적 묘사] -> 여성의 특정 신체 부위와 불필요한 성적 암시를 포함하여 차단	악플/욕설
동성애 물리치료사는 있는데 무슬림 물리치료사는 없노	(차단된 문장입니다)	1	5	LGBTQ/RELIGION	[물리치료사, 무슬림] -> 성소수자와 특정 종교인을 폭력으로 교화해야 한다는 비유(물리치료)로 차단	성소수자, 종교
말끝마다 돼지거리는데 반박글 하나도 못씀ㅋㅋㅋㅋㅋㅋ	상대방을 계속 무시하고 비하하는데도 제대로 된 반박조차 하지 못하시네요.	2	2	SLUR	[돼지거리는데] -> 비하어 언급 및 반말투 순화	clean
달달한 차이나머니 그립겠노.아마 외국인이 백퍼 CCP당원일꺼다.	중국의 자본 영향력이 매우 큰 것 같습니다. 해당 관계자는 아마 특정 정당 소속일 가능성이 높겠네요.	2	2	RACISM/COMMUNITY	[~노, CCP당원] -> 국적 비하 뉘앙스 및 확증 편향 섞인 비꼬는 말투 순화	인종/국적
내같으면 엘리베이터에서 존나 폴짝폴짝 뛰어서 흔들거리게 하거나 내리세요 할때 내려서 열림버튼 누르고 안보내줄듯	저라면 엘리베이터에서 크게 뛰어서 공포심을 주거나, 장난을 쳐서 상대방이 내리지 못하게 할 것 같습니다.	2	2	SLUR	[존나, 안보내줄듯] -> 욕설 제거 및 공격적인 말투 순화	clean
한국 교회는 다 사이비다. 목사들은 돈 때문에 하는 사탄	(차단된 문장입니다)	1	5	RELIGION	[다 사이비, 사탄] -> 특정 종교 전체를 사이비로 매도하고 성직자를 사탄으로 혐오하여 차단	종교
ㅂㅅ들 그니까 왜 다른 신의 영역에 가서 예수 만세를 외쳐?예수도 돈벌어 먹고 알라도 돈받아 먹는 밝은 세상을 만들자고	어리석은 사람들입니다. 왜 타 종교의 성소에 가서 자신의 신앙만을 강조합니까? 모든 종교가 서로의 영역을 존중하며 평화롭게 공존하는 세상을 만들어야 합니다.	2	3	RELIGION/SLUR	[ㅂㅅ들, 돈벌어 먹고] -> 욕설 및 성인에 대한 저속한 금전적 비유 순화	종교
예수가 얼마나 악랄한새낀지 즈그들만 모름ㅋㅋ	(차단된 문장입니다)	1	5	RELIGION	[악랄한새끼] -> 성인에 대해 극단적 욕설 및 비칭을 사용하여 차단	종교
ㄴㄴ 오우....예지력 상승이래... 완전 아줌마 냄새... 그거 한 10년전에 쓰던 말인데...	(차단된 문장입니다)	1	5	GENDER/AGE	[아줌마 냄새] -> 특정 성별과 연령대를 악취에 비유하여 극단적으로 모욕하고 혐오하여 차단	여성/가족, 연령
조근조근하게 꼬무룩 시키는건 머고? 자지 밟 펑 시키면 됨?	(차단된 문장입니다)	1	5	GENDER	[꼬무룩, 자지 밟 펑] -> 남성 신체 훼손 위협 및 성기 멸칭으로 차단	남성
토착왜구 새끼들 부터 제거해야 바른 사회 된다	(차단된 문장입니다)	1	5	RACISM/SLUR	[토착왜구, 새끼들, 제거해야] -> 특정 성향의 국민을 국적 비하 멸칭으로 낙인찍고 제거 선동을 하여 차단	인종/국적
어유 냄새난다 진짜 이제 걍 노가다베스트저장소 다된것같다 진심으로 ㅋㅋ 한두번이어야 적당히 웃기지 뭔 매번 김씨드립아니면 노가다얘기만 판치네 틀딱 쉰내도 오지고	(차단된 문장입니다)	1	5	AGE/SLUR	[틀딱 쉰내, 노가다] -> 특정 직업과 연령대에 대해 악취 비유를 사용하여 극단적으로 비하하여 차단	연령
동성애가 보호 권장해야할 사항인가......동성애를 법적으로 보호 조장하려는 포괄적차별금지법 절대반대!!	동성애를 국가가 나서서 보호하고 권장해야 하는 것입니까? 이를 법적으로 뒷받침하려는 차별금지법에 대해 강력히 반대합니다.	0	0	LGBTQ	[무해] -> 성소수자 정책에 대한 개인적 양심과 신념에 따른 반대 의견	성소수자
개복치네ㅋㅋ	마음이 매우 약하고 예민하시네요.	2	1	SLUR	[개복치] -> 비꼬는 신조어를 정중한 표현으로 순화	clean
정신병꼴페미 = 나치 + 빨갱이	(차단된 문장입니다)	1	5	GENDER/COMMUNITY	[정신병꼴페미, 나치, 빨갱이] -> 페미니스트를 정신병으로 매도하고 나치와 빨갱이에 비유하여 극단적으로 혐오하여 차단	여성/가족
근데 로리대장 변호인이 여자고? ㅋㅋㅋㅋ 믿을 사람한테 맡겨야지ㅋㅋㅋ	(차단된 문장입니다)	1	5	GENDER/SLUR	[로리대장] -> 소아 성착취 관련 은어를 사용하며 여성 변호인을 비하하는 뉘앙스로 차단	여성/가족
애미디진 똥꼬충들진짜	(차단된 문장입니다)	1	5	LGBTQ/SLUR	[애미디진, 똥꼬충] -> 패륜적 욕설 및 성소수자에 대한 극단적 멸칭으로 차단	성소수자
김치녀보다 더 악독하다 새끼낳아놓고 아다라고 우김;; 그거 믿어준 요셉도 참 호구...	(차단된 문장입니다)	1	5	GENDER/RELIGION	[김치녀, 호구] -> 여성을 비하하고 특정 종교의 성인을 조롱하여 차단	여성/가족
맞노 시골이 밤엔 껌껌하고 돌아댕기는 사람도 없지 주변에 논밭많고 산도 가까이 있지 자댕이 하나 죽이고 묻기에 제격이노	(차단된 문장입니다)	1	5	GENDER/COMMUNITY	[자댕이, 죽이고 묻기에] -> 남성 살해 위협 및 사체 유기 암시 등 반인륜적 발언으로 차단	남성
봊빵은 왜 없냐? 성차별하네 시발년들이	(차단된 문장입니다)	1	5	GENDER	[봊빵, 시발년들] -> 여성 성기 멸칭 및 극단적 욕설로 차단	여성/가족
TK 저것들은 왜구종자다 사람아니다	(차단된 문장입니다)	1	5	REGIONAL/RACISM	[왜구종자, 사람아니다] -> 특정 지역민을 국적 비하어와 엮어 비인간화하고 비하하여 차단	지역
저거 짱꺠마인드인데 가진건 쥐뿔없으면서 자존심 똥꼬집	저것은 특정 국적 사람들의 편협한 사고방식 같네요. 내세울 것은 없으면서 자존심만 지나치게 강해 보입니다.	2	2	RACISM	[짱꺠, 똥꼬집] -> 국적 비하어 및 비속어 순화	인종/국적
종로에이스 실화였노....	종로 지역의 특정 성소수자 관련 이야기가 사실이었습니까?	2	2	LGBTQ/COMMUNITY	[종로에이스, 실화였노] -> 성소수자 조롱성 은어 및 말투 순화	성소수자
대주러 간거야?	(차단된 문장입니다)	1	5	GENDER/SLUR	[대주러] -> 여성에 대해 저열하고 모욕적인 성적 표현을 사용하여 차단	악플/욕설
똥남아랑 엮이지좀않았음좋겠다 우리나라..	우리나라가 동남아시아 지역과 과도하게 엮이지 않았으면 좋겠습니다.	2	2	RACISM	[똥남아] -> 특정 지역 비하어를 정당한 명칭으로 순화	인종/국적
대학교 등록하면 경품 준다는것도 놀랍네 ㄷ ㄷ ㄷ 요즘은 다 저러냐?	대학교 등록 시 경품을 제공한다는 사실이 놀랍네요. 요즘은 대체로 그런 분위기인가요?	2	1	NORMAL	[저러냐] -> 반말투를 정중하게 순화	clean
여자들이 입는 원피스 지퍼가 뒤에 있는것도 개좆같다는거.	여성용 원피스의 지퍼가 뒷면에 있어 착용하기 매우 불편하다는 점에 공감합니다.	2	2	SLUR	[개좆같다는거] -> 감정적 비속어를 정중한 표현으로 순화	악플/욕설
린정하노 한남들 빡머갈 후드리 챱챱 뽀개버리고 싶노	(차단된 문장입니다)	1	5	GENDER	[빡머갈, 뽀개버리고 싶노] -> 남성에 대한 신체 훼손 위협 및 극단적 비하로 차단	남성
명이나물 씨발 ㅋㅋㅋㅋㅋㅋㅋㅋㅋㅋㅋㅋㅋㅋㅋㅋㅋ	명이나물이라니 정말 당황스럽네요.	2	2	SLUR	[씨발] -> 욕설을 제거하고 정중하게 표현	악플/욕설
하기사 둘째 고모랑 망혼한 좆편도 뉴질랜드에서 영주권까지 딴 한남새끼였는데 굳이 고모 갈아서 펜션에서 놀고먹는것만 봐도 한남들 수준 알겠노ㅉㅉ	(차단된 문장입니다)	1	5	GENDER	[망혼, 좆편, 한남새끼, 갈아서] -> 남성에 대한 극단적 비하 및 혐오 커뮤니티 전용 용어로 차단	남성
스키타이 스키잘타냐?	스키타이족은 스키를 잘 탑니까?	2	1	NORMAL	[잘타냐] -> 반말투를 정중한 의문문으로 순화	clean
향우회가 죽어야 나라가 산다.나라 망치는 호남 카르텔	특정 지역 기반의 사적 모임이 과도한 영향력을 행사하는 것은 바람직하지 않습니다. 그런 카르텔이 사라져야 나라가 바로 설 것입니다.	2	2	REGIONAL	[죽어야, 카르텔] -> 과격한 표현을 정중한 비판으로 순화	지역
돌대가리리고 놀림받아도 아무렇지도 않겠네요? 겨우 본인의 역령을 머리가 나쁘지 않다는 걸 증명하게 위해서 낭비하진 않으시겠죠? 돌대가리야.	어리석다는 놀림을 받아도 정말 괜찮으시겠습니까? 본인의 역량을 그저 머리가 나쁘지 않다는 것을 증명하는 데 낭비하지 마십시오. 참 답답한 분이네요.	2	2	SLUR	[돌대가리] -> 인격 모독적 표현 순화	악플/욕설
목소리 성형 가능하다.. 다만 너무 비싸서 금수저 아니면 못한다고 봐야지.. 트렌스젠더는 진짜 피해만 안주면 상관없는데.. 나중에 남편될분 부모님이 받을 충격과 분노는 상관안해줄수가 없다..자기 부모도 마찬가지지만..	목소리 성형이 가능하긴 하지만, 비용이 매우 비싸서 일반적이지는 않습니다. 성소수자들이 타인에게 피해를 주지 않는다면 존중받아야겠지만, 가족들이 겪게 될 혼란과 감정적 충격도 간과할 수 없는 문제입니다.	0	0	LGBTQ	[무해] -> 성소수자와 가족 관계에 대한 주관적이지만 이성적인 견해	성소수자
이색기 맥주도 아니고 발포주 쳐마셧네;	이 사람, 맥주가 아니라 발포주를 마셨군요.	2	2	SLUR	[이색기, 쳐마셧네] -> 비하어 및 비속어 섞인 말투 순화	clean
고등생물이 한평생을 한사람과 살아야 한다는 결혼관습..비혼주의자는 아니지만 솔직히 한사람만 보며 평생 살 자신은 없다.	인간이 평생 단 한 사람과 지내야 한다는 결혼 관습에 대해 다시 생각하게 되네요. 비혼주의는 아니지만, 솔직히 한 사람과 평생을 함께할 자신은 부족합니다.	0	0	NORMAL	[무해] -> 결혼 가치관에 대한 개인적인 소회	clean
윤미향저 년 중국으로 튀기 전에 샅샅히 털어서 감옥에 쳐넣어라죄질이 매우 나쁘다이제 의원도 아니니까 불체포 특권도 없잖아?	해당 인물을 철저히 조사하여 법적 책임을 물어야 합니다. 죄질이 매우 불량해 보입니다. 이제 신분상의 특권도 없으니 엄격하게 수사하십시오.	2	2	RACISM/SLUR	[저 년, 쳐넣어라] -> 여성 비하어 및 공격적인 명령조 순화	인종/국적
중국다됐네 ㅋㅋㅋㅋ 관제데모 지멋대로 켰다껐닼ㅋㅋㅋㅋㅋㅋ ㅠㅠ씨발환구시보 조선어판 곧나올거같다이기	마치 특정 국가의 통제 상황 같네요. 집회가 의도적으로 조절되는 모양새가 우려스럽습니다. 정말 화가 나고, 언론의 자유가 침해되는 상황이 올까 봐 걱정되네요.	2	2	RACISM/COMMUNITY	[ㅠㅠ씨발, 이기] -> 욕설 및 커뮤니티 말투 순화	인종/국적
칭기즈칸 성님은 개슬람 새끼들 한톨 남김없이 조졌는데 칭기즈칸 후손인 우리는 왜 그렇게 못하냐	과거의 정복자는 특정 종교 세력을 완전히 제압했었는데, 우리는 왜 효율적으로 대처하지 못하는 것일까요?	2	3	RELIGION/RACISM	[개슬람 새끼들, 조졌는데] -> 종교 비하어 및 폭력적 표현 순화	인종/국적, 종교
어!! 나 아는 놈이다. 더러븐 놈이라 소문 내고싶은데 소문 내면 나 일밍하는거라 어떻게 주변에 알려야하지?	아, 제가 아는 사람입니다. 행실이 좋지 않은 사람이라 소문을 내고 싶지만, 제 신분이 드러날까 봐 걱정되네요. 어떻게 주변에 알리는 것이 좋을까요?	2	1	SLUR	[놈] -> 비칭을 정중한 상대로 순화	악플/욕설
사실상 여자가 남자를 이길 수 있는 신체활동은 섹스뿐 ㄹㅇ	(차단된 문장입니다)	1	5	GENDER	[성행위 언급, 여자가 남자를 이길 수 있는] -> 여성을 성적 대상으로만 비하하고 능력을 폄하하여 차단	여성/가족
ㅂㅈ는 양성애자지 레즈란건 없음 자지 박히면 다 좋아함	(차단된 문장입니다)	1	5	GENDER/LGBTQ	[성기 멸칭, 박히면] -> 노골적이고 추잡한 성적 묘사 및 특정 성 정체성 부정으로 차단	여성/가족, 성소수자
개슬람 버린거 같아서 좋네	특정 종교의 영향력에서 벗어난 것 같아 다행입니다.	2	2	RELIGION	[개슬람] -> 종교 비하어를 정제된 표현으로 순화	인종/국적, 종교
그쵸.돈주는 사용자를 욕해야지. 노동자의 인종을 욕하면 안되죠.	맞습니다. 고용주의 책임을 물어야지, 노동자들의 인종을 비하해서는 안 됩니다.	0	0	NORMAL	[무해] -> 인종 차별에 대한 올바른 비판 의견	clean
미친 개씨부럴 같은 새끼 저런게 정칠 하니 이 꼴 나지	정말 화가 나네요. 저런 사람이 정치를 하니 상황이 이렇게 악화되는 것 아닙니까.	2	2	SLUR	[미친 개씨부럴, 새끼] -> 심한 욕설 및 비하어 순화	악플/욕설
통수의 통수	배신이 잇따르는 상황이네요.	2	1	SLUR	[통수] -> 비꼬는 비속어 표현 정중하게 순화	clean
ㅅㅂ ㅋㅋㅋㅋㅋㅋㅋㅋㅋㅋㅋㅋㅋㅋㅋㅋ	정말 어이가 없네요.	2	2	SLUR	[ㅅㅂ] -> 욕설 초성 제거	악플/욕설
그 피싸개들이 싫어하는 빨간 줄 두줄 그어라 이기야!	(차단된 문장입니다)	1	5	GENDER	[피싸개들, 이기야] -> 여성을 극단적으로 비하하는 멸칭 및 혐오 커뮤니티 말투로 차단	여성/가족
저 김부겸 의원이 칠성시장앞에서 하는 연설듣고 펑펑 울었습니다. 작성자님!!!당신만큼은 당당하셔도 됩니다. 험지에서 정말 수고많으셧습니다.	해당 의원의 연설을 듣고 큰 감동을 받았습니다. 작성자님도 자부심을 가지셔도 됩니다. 어려운 환경에서 정말 고생 많으셨습니다.	0	0	NORMAL	[무해] -> 정치적 지지 및 격려	clean
진짜 인종 정리그리고 국가 정리좀 해야할듯 한국인은 포함 될라나 ?	인종이나 국가 체제에 대한 대대적인 정비가 필요해 보입니다. 우리나라도 그 대상이 될지 궁금하네요.	2	2	RACISM	[인종 정리] -> 차별적이고 과격한 뉘앙스를 정책적 제언으로 순화	인종/국적
친일파 처단 이용하는 애들보면 야권애들이 더 많더라 ㅋㅋㅋ친일파는 처단해야되지만그렇다고 친중할 이유는 없자나? 개같은 짱깨랑 친중파 새끼들아	(차단된 문장입니다)	1	5	RACISM	[개같은 짱깨, 새끼들] -> 특정 국가 및 민족에 대한 직접적인 욕설과 혐오로 차단	인종/국적
숨쉴한 ㅋㅋㅋㅋㅋㅋㅋㅋㅋㅋㅋㅋㅋㅋㅋㅋㅋㅋㅋㅋㅋㅋㅋㅋㅋㅋㅋㅋㅋㅋㅋ귀엽노 ㅋㅋㅋㅋㅋㅋㅋㅋㅋㅋㅋㅋㅋㅋㅋㅋㅋㅋㅋㅋㅋㅋㅋㅋㅋㅋㅋㅋㅋㅋㅋㅋㅋㅋㅋㅋㅋㅋㅋㅋㅋㅋㅋㅋㅋ	(차단된 문장입니다)	1	5	GENDER/COMMUNITY	[숨쉴한] -> 여성에 대한 물리적 폭력을 정당화하는 극단적 혐오 용어로 차단	악플/욕설
그러니 연애 못하는겆ㅋ. 병신	그런 태도를 보이니 이성 관계가 원만하지 못한 것 아닙니까. 참 어리석네요.	2	2	SLUR	[병신] -> 욕설을 정중한 비판으로 순화	악플/욕설
그씹색기보내라북한지하자원왜한국에줘야되냐는탈북자새끼	그 무례한 사람을 돌려보내십시오. 북한의 자원을 왜 한국에 줘야 하느냐고 억지를 부리는 탈북자는 받아들이기 힘듭니다.	2	3	RACISM/SLUR	[그씹색기, 새끼] -> 심한 욕설 및 비하어 순화	인종/국적
개슬람 + 개독 vs 유태	이슬람교와 개신교, 그리고 유대교 사이의 갈등으로 보이네요.	2	2	RELIGION	[개슬람, 개독] -> 종교 비하어를 정당한 명칭으로 순화	종교
아 ㅅㅂ ㄹㅇ 내놔드립할땐장난이었는데 ㄹㅇ 좆같네	아 정말이지 상황이 매우 불쾌하게 흘러가네요. 장난으로 시작했는데 결과가 좋지 않습니다.	2	3	SLUR	[ㅅㅂ, 좆같네] -> 욕설 및 비속어 순화	악플/욕설
사회자 십새끼	(차단된 문장입니다)	1	5	SLUR	[십새끼] -> 상대방에 대한 직접적이고 심한 욕설로 차단	악플/욕설
과학적근거가 없는데도 왜 자기들은 타고났다하지? 스스로를 그렇게 뇌에 세뇌하여 잘못된길로 가는건가부다...	과학적인 근거가 부족함에도 왜 본인들이 타고났다고 주장하는 것일까요? 스스로를 합리화하며 잘못된 판단을 내리고 있는 것 같습니다.	2	1	SLUR	[세뇌하여, 가나부다] -> 공격적인 말투 및 반말투 순화	악플/욕설
업주 카바 치는새끼는 뭔 미친새끼들임?ㅋㅋㅋㅋㅋ	사업주를 옹호하는 사람들은 대체 어떤 생각으로 그러는 것입니까? 이해하기 어렵네요.	2	3	SLUR	[새끼, 미친새끼들] -> 욕설 및 비하어 순화	악플/욕설
다문화가 원흉이였구나	다문화 정책이 문제의 근원이었군요.	2	1	RACISM	[원흉] -> 과격한 단어를 비판적인 어조로 순화	인종/국적
홧김에 울분에 이런거 경상도. 태연하게 뻔뻔하게 계획적으로 이런건 전라도.	감정적인 대응을 주로 하는 지역적 특성이 경상도라면, 차분하고 계획적인 면모가 돋보이는 지역은 전라도인 것 같습니다.	0	0	REGIONAL	[무해] -> 지역적 고정관념이 있으나 비하/조롱으로 보기 어려워 Action 0 유지	지역
됌.. 여자알바생 시급 6500원주면서 강간해도됌	(차단된 문장입니다)	1	5	GENDER	[강간해도됌] -> 성범죄를 옹호하고 정당화하는 반인륜적 발언으로 차단	여성/가족
근데 존나 궁금한게 양성애자들은 굳이 지랄할것 없이 그게그거면 이성을 선택하는게 존나 합리적인 선택아니냐??	정말 궁금한 점이 있습니다. 양성애자라면 굳이 복잡한 길을 가기보다 이성을 선택하는 것이 더 합리적인 판단 아닐까요?	2	2	SLUR	[존나, 지랄할것 없이] -> 욕설 및 비속어 순화	악플/욕설
자릉 자릉 자르르르르르르르르르르르릉	(차단된 문장입니다)	1	5	GENDER	[자릉] -> 여성 성기를 비하하는 의성어 사용으로 차단	남성
그러다 서희씨 배경 밝혀지고 또 자들자들 하더노... 그들의 빻음에 절로 탄식이 나오노	(차단된 문장입니다)	1	5	GENDER	[자들자들, 빻음에, 나오노] -> 남성에 대해 극단적으로 조롱하는 멸칭 및 커뮤니티 전용 혐오어로 차단	남성
아메리칸 스나이퍼형님 고향아니냐 개슬람새끼들 깝치다가 저격맞는다	유명한 저격수의 고향이군요. 특정 종교를 믿는 사람들이 그곳에서 함부로 행동하다가는 큰 화를 당할 수도 있겠습니다.	2	2	RELIGION	[개슬람새끼들, 저격맞는다] -> 종교 비하어 및 위협적 표현 순화	종교
홍어들에게 겪는 고통, 그 고통에 몇십배가 저런 외국인에게 권력을 갖게 하는 것이다. 지금처럼 애국이 병신이 되는 시대에는 이 땅에 살아가는 평범한 사람들에게는 제 나라에서 병신되는 꼴이 오고 말 것이다.	(차단된 문장입니다)	1	5	REGIONAL/RACISM	[홍어들, 외국인에게 권력, 병신] -> 특정 지역민에 대한 멸칭 및 인종 차별적 혐오, 비속어로 차단	인종/국적, 지역
박사모. 청년포럼 뭐노? ㅋㅋ	박사모나 청년 포럼의 정체가 무엇입니까?	2	1	COMMUNITY	[뭐노] -> 커뮤니티 말투를 정중한 의문문으로 순화	clean
빼돌린 증거가있는데 구속을 안시킨다? 더 빼돌리고 그때 구속시킨다?판사가 개판사네	명백한 증거 인멸 정황이 있음에도 구속 영장을 기각하다니요. 증거가 더 인멸된 뒤에야 행동에 나서겠다는 것입니까? 판사의 판결이 정말 공정하지 못하네요.	2	2	SLUR	[개판사네] -> 사법부 비하 표현 순화	악플/욕설
부자에 판검사의사면 뭐하노ㅋㅋ 상폐에 와꾸 좆창나면 관심도 없다이기	(차단된 문장입니다)	1	5	AGE/SLUR	[상폐, 와꾸 좆창, 이기] -> 노화 비하 및 신체 비하, 커뮤니티 전용 혐오어로 차단	연령
카페같이 오픈된 WiFi 이용해도 된다익이 너가 사진을 올리면	카페 같은 개방형 와이파이를 이용해도 괜찮습니다. 본인이 직접 사진을 업로드한다면 말이죠.	2	1	COMMUNITY	[된다익이] -> 커뮤니티 어법 제거 및 정중하게 순화	clean
안타깝네요.. 그런데 형량이 낮아지는건 이해가 갑니다 하지만 아이사망 뒤 봉지에 버려 유기한게 있는데 집행유예만 받는게 조금은 모순적으로 느껴지네요...	참으로 안타까운 사건이네요. 형량 감경의 사유는 이해할 수 있으나, 아이를 사망에 이르게 하고 시신을 유기한 행위가 있음에도 집행유예 판결이 나온 것은 조금 납득하기 어려운 부분이 있습니다.	0	0	NORMAL	[무해] -> 판결 결과에 대한 타당한 비판 및 의견	clean
이자스민따위가 서울대 법대 강용석을....?	해당 인물이 특정 학계 인사를 비판하는 것은 적절하지 않아 보이네요.	2	1	RACISM	[따위가] -> 특정 인물을 무시하는 듯한 뉘앙스 순화	인종/국적, clean
자루주긴고가툰데 오푸소뇨에 소군기오기이소소, 요자루루주기지(잘죽인거같은데 업소녀에 속은기억이있어서, 여자를죽이지)	(차단된 문장입니다)	1	5	GENDER	[잘죽인거같은데, 여자를죽이지] -> 살인을 적극적으로 옹호하고 특정 성별에 대한 살해 의지를 드러내어 차단	여성/가족
나는 페미를 혐오한다 메갈쿵쾅이 멧퉤지년들 꺼져라	(차단된 문장입니다)	1	5	GENDER	[메갈쿵쾅이, 멧퉤지년들] -> 여성에 대한 극단적 외모 비하 및 혐오로 차단	여성/가족
부산도 대깨문들이 많기는 한데 경남,울산 민노총 좌빨들이 많은것도 크다.	부산 지역도 특정 정치 성향을 가진 분들이 많지만, 경남이나 울산의 노동계층 중 강경한 진보 성향을 가진 분들이 많은 영향도 큽니다.	2	2	REGIONAL/COMMUNITY	[대깨문들, 좌빨들] -> 특정 정치 성향에 대한 비하 용어 순화	지역, 기타 혐오
꽃자라는 비제이도 예전에 여자때린적 있다고 했다	특정 방송인이 과거에 여성에게 폭력을 행사했다는 이야기가 있네요.	2	1	NORMAL	[했다] -> 반말투를 정중하게 순화	clean
좆팔 앱충 옵충 다 뒤질 년이노. 정상에서 만나자 이년아	(차단된 문장입니다)	1	5	GENDER	[좆팔, 앱충, 옵충, 다 뒤질] -> 가족에 대한 극단적 비하 및 살해 저주로 차단	남성
문재인도 절라도 관상임	그분도 특정 지역 사람들의 특징적인 인상을 가지고 있는 것 같네요.	2	2	REGIONAL	[절라도 관상] -> 지역 이름을 이용한 조롱 섞인 표현 순화	지역
남자들은 우리는 군대간다라는말을한다. 여자들은 출산한다한다. 그럼 군대가는사람과 출산하는사람만 국가에서 확실하게 법적으로 해택을 더 주면 되는거임. 군대 안간사람과 출산안한사람 보다 국가에 큰도움을 준건 사실이니깐.	남성은 병역 의무를, 여성은 출산을 언급하곤 합니다. 따라서 국가에 실질적으로 기여하는 병역 이행자와 출산가구에 대해 법적인 혜택을 더 강화해야 한다고 봅니다. 그것이 형평성에 맞는 대우 아닐까요.	0	0	NORMAL	[무해] -> 사회적 기여에 따른 보상 체계에 대한 의견	clean
아따 유작이노.ㅋ 근데 좆놈새끼 와꾸는 한남벌레새끼노 칵퉤 씨부랄	(차단된 문장입니다)	1	5	GENDER	[좆놈새끼, 한남벌레새끼, 씨부랄] -> 남성에 대한 파렴치한 욕설 및 혐오로 차단	남성
너련이 본건 아무것도 아니노. 내가 아는 한남충은 납치당한 아이가 죽어서 엄마가 오열하는거 보고 웃더노.. 유사인류그 자체노.	(차단된 문장입니다)	1	5	GENDER	[너련, 한남충, 유사인류] -> 남성에 대한 비칭 및 인간 이하로 비하하는 극단적 혐오로 차단	남성
근데 성소수자를 혐오하는게 왜 나쁜거냐	그런데 성소수자에 대해 거부감을 느끼는 것이 왜 잘못된 일입니까?	2	1	LGBTQ	[나쁜거냐] -> 반말투를 정중한 의문문으로 순화	성소수자
정말 신기하다. 파도파도 끝이없네	정말 놀랍네요, 문제가 계속해서 드러나고 있습니다.	2	1	SLUR	[끝이없네] -> 반말투를 정중하게 순화	악플/욕설
전라도는 24시간 조심 안하면 언제 뒤통수칠지 모르기 때문에 항상 조심해야 한다.	(차단된 문장입니다)	1	5	REGIONAL	[뒤통수칠지 모르기 때문에] -> 특정 지역민 전체를 사기꾼으로 몰아가는 악의적 편견으로 차단	지역
동꼬충들은 삼청교육대가야됨	(차단된 문장입니다)	1	5	LGBTQ	[동꼬충, 삼청교육대] -> 성소수자 멸칭 및 국가 폭력 시설 수용을 주장하여 차단	성소수자
일베드림 아 내가보냈다	해당 커뮤니티에서 제가 게시물을 전송했습니다.	2	1	COMMUNITY	[아 내가보냈다] -> 커뮤니티 유행어를 정중하게 순화	clean
갑자기 다들 왜 거들떠도 안보던 이대남들 눈치를 보냐 ㅋㅋㅋ 진심이면 여가부 없애는 공약을 내놓던가	갑자기 왜 이십 대 남성들의 눈치를 보는지 모르겠습니다. 진정성이 있다면 관련 부처 폐지와 같은 구체적인 약속을 해야 하지 않을까요.	2	1	NORMAL	[눈치를 보냐] -> 반말투를 정중하게 순화	clean
뒈짓 안자노 ㅇㅊ ㅍ ㅑ ㅍ ㅑ	(차단된 문장입니다)	1	5	SLUR/COMMUNITY	[뒈짓, ㅇㅊ] -> 특정 커뮤니티 전용 사망 비하어 및 성적 비유로 차단	악플/욕설
오젔다 개독들 또설친다 시발 창조설믿는 머가리 랩터보다 못한새끼들 또날뛰네 시발 마굿간콜걸 아들새끼 왜빠는지몰라	(차단된 문장입니다)	1	5	RELIGION	[개독들, 마굿간콜걸 아들새끼] -> 종교 및 성인에 대한 패륜적 모독과 욕설로 차단	종교
교회에서 노조??? 월급 받는거죠 와~~~~교회도 기업이구나	교회에 노동조합이 있다고요? 급여를 받는 구조라니, 교회도 하나의 기업처럼 운영되는 모양이네요.	2	1	RELIGION	[기업이구나] -> 반말투를 정중하게 순화	종교
안철수 말에 공감하는이가 많다는건 성소수자들의 인격과 취향을 존중하지만 남녀노소 전부가 보는 광장에서 하는건 아이들의 정서발달에 악영향을 줄수있다는 판단이다 성소수자들의 권리도 중요하지만 반대로 보고싶지않은 이들의 권리도 있다는게 옳은말아닌가	특정 정치인의 견해에 많은 이들이 동감하는 이유는, 성소수자의 인권은 존중하되 공공장소에서의 행사가 교육적으로 부적절할 수 있다는 우려 때문입니다. 표현의 자유만큼이나 타인의 권리도 존중받아야 한다는 생각은 타당하다고 봅니다.	0	0	LGBTQ	[무해] -> 공적 공간에서의 성소수자 행사에 대한 합리적 비판 의견	성소수자
원본은 노모임? 와 씨발 일게이들 분발해야겠노 ㅋㅋㅋㅋㅋㅋ	원본은 모자이크가 없는 것입니까? 정말 놀랍네요. 커뮤니티 이용자들이 더 노력해야겠습니다.	2	3	COMMUNITY/SLUR	[씨발, 일게이들, ~노] -> 욕설 및 커뮤니티 말투 순화	악플/욕설
왜놈 찌꺼기들은 언제 사라지나요?	과거의 부적절한 잔재들이 언제쯤 완전히 청산될까요?	2	3	RACISM	[왜놈 찌꺼기들] -> 특정 국가에 대한 비하어 순화	인종/국적
유부게이 후펄.. 뉴턴급은 아니지 뉴턴은 보지랑 엮이지도 않고 죽었노 이놈은 애번 보지 몸팔게 했잖노 급이 다름	(차단된 문장입니다)	1	5	GENDER/SLUR	[후펄, 보지, 몸팔게] -> 욕설 및 성기 멸칭, 성매매 언급 등으로 차단	여성/가족
페미니즘할거면 대체 결혼은 왜한거야 걍 이혼해야 하는거 아닌가	특정한 신념을 가지고 있다면 결혼 생활을 유지하는 것이 모순되지 않을까요? 차라리 독신으로 지내는 것이 맞지 않나 싶습니다.	0	0	GENDER	[무해] -> 사상과 삶의 방식에 대한 개인적 의문	여성/가족
아ㅋㅋ이게 그 정권의 대한민국이지ㅋㅋㅋㅋ 지놈들입장에서 비공개를 풀을리가 없지ㅋㅋㅋ	이런 상황이 현재의 대한민국 모습이군요. 본인들에게 불리한 정보는 결코 공개하려 하지 않을 것입니다.	2	1	SLUR	[지놈들] -> 대상을 비하하는 구어체 표현 순화	악플/욕설
코로나 바이러스 걸린 사람이 죽으면 그 사람을 화장하면 코로나도 같이 삭제됨?	코로나 확진자가 사망하여 화장할 경우, 바이러스도 함께 사멸되는지 궁금합니다.	0	0	NORMAL	[무해] -> 순수한 의학적 궁금증	clean
그 애기가 있던디 혼혈2세는 아주 X된 다구 1세가 ㅅㅅㅌㅊ고 ㄹㄹㅇ임?	그 이야기가 있던데, 혼혈 2세의 처지가 매우 어려워진다고 하더군요. 1세가 매우 훌륭하다는 의미인가요?	2	3	RACISM/SLUR	[X된 다구, ㅅㅅㅌㅊ] -> 비속어 및 특정 계층 비하 뉘앙스 순화	인종/국적
저거 글 쓴놈이나 필터링 안하고 올려준놈이나 수준보소ㅋㅋㅋ이래서 지잡지잡 하는거지	저런 글을 작성하거나 검토 없이 게재한 사람들의 수준이 실망스럽네요. 이런 상황 때문에 특정 대학들을 무시하는 목소리가 나오는 것입니다.	2	2	SLUR	[놈, 지잡지잡] -> 인격 비하 및 학벌 비하(지잡대) 표현 순화	기타 혐오
세계일보는 왜 진중권 기사를 받아 쓰지......신문 같지도 않는 것들이......유신보수잔당어르신들	특정 매체가 특정 인물의 주장을 그대로 보도하는 이유를 모르겠습니다. 신뢰하기 어려운 언론사와 구세대적인 사고를 가진 분들 같습니다.	2	3	AGE/SLUR	[신문 같지도 않는 것들이, 유신보수잔당어르신들] -> 기관 및 특정 연령 집단 비하 순화	기타 혐오
솔직히 대통령 누가 되던 다문화 밀꺼같은데 인구감소, 고령화 해결되도 계속 파퀴랑 똥남아쓰레기들 수입하는게 현정치 패러다임이다. 난 그래서 그냥 북미로 이민왔음	(차단된 문장입니다)	1	5	RACISM	[파퀴, 똥남아쓰레기] -> 특정 국적 및 인종에 대한 극단적 멸칭으로 차단	인종/국적
근데 좌석차등제도 기업보이들이 돈더 뜯어낼라고 만든거아니노?ㅋㅋ 결국 자적자노 이기이기	(차단된 문장입니다)	1	5	GENDER/COMMUNITY	[자적자노, 이기이기] -> 남성을 비하하는 혐오 용어 및 커뮤니티 말투로 차단	남성
저게도 조선족새끼들이 숨어들어있겠지	저곳에도 특정 외국인 집단이 잠입해 있을 가능성이 있겠네요.	2	3	RACISM	[조선족새끼들] -> 특정 민족 비하어 및 혐오 섞인 추정 순화	인종/국적
걔들은 걔들대로 어린남자 돈주고 사먹으라해	그들은 그들 나름대로 부적절한 방식으로 사람을 만나라고 하십시오.	2	3	SLUR	[사먹으라해] -> 성적인 비유 및 공격적인 말투 순화	악플/욕설
옛날 같았으면 쪽팔려서 세상 밖으로 기어나오지도 못할 동성애, 페미 이런 정신병자들이 요즘은 너무 대놓고 당당하게 빽빽거리는 세상이 됨 말세다 시발 다 피떡갈비로 만들어 주고싶다	(차단된 문장입니다)	1	5	LGBTQ/GENDER/SLUR	[정신병자들, 피떡갈비] -> 특정 성향 집단 비하 및 극단적 물리적 폭력 위협으로 차단	여성/가족, 성소수자, 기타 혐오
진실을 외칠 수 없게 몰아가는 이 판국이 너무 심각합니다.	진실을 밝히기 어려운 현재의 사회적 상황이 매우 우려스럽네요.	0	0	NORMAL	[무해] -> 사회 비판적 소회	clean
구라안까고 15년전에 봣다	거짓말이 아니라 정말로 15년 전에 보았습니다.	2	1	NORMAL	[구라안까고, 봣다] -> 속어 및 반말투 순화	clean
성소게충들 : 부들부들........우리도 사랑의 하나거든욧!? 이성애자는 되는데 왜 동성애자는 안되는거죳!? 부들부들..	성소수자 커뮤니티 이용자들이 자신들의 사랑도 정당하다고 주장하며 억울함을 토로하고 있네요.	2	2	LGBTQ	[성소게충들] -> 성소수자 비하 멸칭 및 말투 순화	성소수자
사막에서도 살아남은 새끼들을 너무 과소평가하면 안되는데	척박한 환경에서 생존해온 사람들의 저력을 간과해서는 안 될 것입니다.	2	2	RACISM/SLUR	[새끼들] -> 특정 국적/인종 대상 비칭 순화	인종/국적
후팔 이게 나라노? ㄹㅇ 좆본 욕할게 없노 좆국만한 성진국이 없다이기 저딴걸 당당히 게재해놓다니 미친거아니노	(차단된 문장입니다)	1	5	RACISM/COMMUNITY	[후팔, 좆본, 좆국, 이기] -> 각종 민족 비하어 및 욕설 섞인 커뮤니티 말투로 차단	인종/국적
짤 저거 닭발임?	사진 속에 있는 것이 닭발입니까?	0	0	NORMAL	[무해] -> 단순 질문	clean
국적 취득목적으로 싱글아주매미나 할매들한테 젊은 조슬 무지 들이대겠구나.....	국적을 얻기 위해 혼자 계신 여성분들에게 부적절하게 접근하는 경우가 많겠네요.	2	3	GENDER/RACISM	[젊은 조슬, 아주매미] -> 성기 비유 및 여성 비칭 순화	인종/국적
지들 스스로도 게이라고 못밝히는것들이 무슨 인권을 논하노 걍변태 똥꼬충 그이상 그이하도 아님	(차단된 문장입니다)	1	5	LGBTQ	[똥꼬충] -> 성소수자에 대한 심각한 비하 및 멸칭으로 차단	성소수자
으 생각하는거 좆나 한남같노	(차단된 문장입니다)	1	5	GENDER/COMMUNITY	[좆나, 한남같노] -> 욕설 및 남성을 비하하는 혐오 커뮤니티 말투로 차단	남성
웜년들 웃창 답변 올라오면 캡쳐해서 올릴 웜년 없노? 나이제한이 내 길을 막아뿟노 좆팔	(차단된 문장입니다)	1	5	GENDER/COMMUNITY	[웜년들, 웃창, 좆팔] -> 특정 여초 커뮤니티 내부 멸칭 및 욕설로 차단	악플/욕설
하는짓보면 조선족보다 틀딱들이 악질인듯 ㅋ	행동하는 것을 보니 특정 외국인 집단보다 일부 고령층의 태도가 더 부적절해 보입니다.	2	3	RACISM/AGE	[틀딱들이, 조선족] -> 국적 및 연령 비하어 순화	인종/국적, 연령
일단 추징금 부터 내고 목사 고고	먼저 추징금을 납부한 뒤에 목사 직분을 수행하십시오.	2	1	RELIGION	[고고] -> 반말투 및 통신체 순화	clean
범죄자들 도피처가 목사 전도사 되는길. 신원조회하면 전과자비율이 제일 높은 직업군이 개신교일거다	일부 범죄자들이 성직자 신분을 도피처로 이용하는 것 같습니다. 실제로 조사해보면 해당 직업군의 범법 행위 비율이 꽤 높을 것 같네요.	0	0	RELIGION	[무해] -> 특정 성직자 집단에 대한 비판적 의견 제시	종교
ㄱㆍ개독 특징유대사람이 쓴 망상 판타지를 진리라고하는정신병ㅈ자	(차단된 문장입니다)	1	5	RELIGION	[개독, 정신병ㅈ자] -> 특정 종교를 멸칭으로 부르고 신도를 정신병자로 매도하여 차단	종교
불쌍하네요 소중한 아이들이 제일우선이죠 쌍둥이 는 혼자서 못키워요 누군가의 도움이 필요한데 기관에 맡기든가 아빠를 찿아 넘기든가 부모님의 도움을 받든가 했어야죠 혼자서 3명의 아이를 어찌 키운답니까 힘들게	참 안타까운 상황입니다. 아이들의 복지가 가장 중요한데, 보호자 혼자 셋을 감당하기는 불가능에 가깝습니다. 주변의 도움을 받거나 기관의 지원을 받는 편이 아이들을 위해 나았을 것 같네요.	0	0	NORMAL	[무해] -> 어려운 환경에 대한 동정과 대안 제시	악플/욕설
편도결석 냄새 개꼴림한번 맡으면 헤어나오지 못해서다음 결석은 언제 생기나 기다려짐	(차단된 문장입니다)	1	5	SLUR	[개꼴림, 냄새 언급] -> 특정 신체 현상에 대한 혐오감을 유발하는 부적절한 성적 비유로 차단	악플/욕설
진리네좆족 + 홍어 ㅂㄷㅂㄷ	(차단된 문장입니다)	1	5	RACISM/REGIONAL	[좆족, 홍어] -> 특정 민족 및 지역민에 대한 극단적 멸칭으로 차단	인종/국적, 지역
일베새끼들이 좆나 빠는 명박이가 조선족 다문화 졸 퍼준건 아노? ㅋㅋㅋ	특정 커뮤니티 이용자들이 지지하는 정치인이 오히려 외국인 대상 정책을 대폭 지원했다는 사실을 알고 있습니까?	2	3	COMMUNITY/SLUR	[일베새끼들, 좆나 빠는, 아노] -> 욕설 및 커뮤니티 비하어, 말투 순화	인종/국적
선 지적 후 감상이노 말머리 달아라이기	먼저 지적한 뒤 감상하겠습니다. 제목 앞에 말머리를 붙이십시오.	2	1	COMMUNITY	[감상이노, 달아라이기] -> 커뮤니티 어휘 제거 및 정중하게 순화	clean
토착왜구가 김구선생 기념관에 왜 갔냐? 그리고 팩트를 얘기해라..넌 어찌 변하지를 않니?ㅉㅉ	정체성이 의심되는 분이 김구 선생 기념관에는 왜 방문한 것입니까? 사실에 기반하여 말씀하십시오. 왜 예나 지금이나 변함이 없는지 안타깝네요.	2	2	RACISM/SLUR	[토착왜구가] -> 특정 성향 비하어를 정중한 비판으로 순화	인종/국적
난 언제 저런거 먹어보나..	나는 언제 저런 것을 먹어볼 수 있을까요.	2	1	NORMAL	[먹어보나] -> 반말투를 정중하게 순화	clean
애초에 페미니즘 자체가 성차별주의인데 성차별주의자 안 뽑겠다는게 왜 문제임? 오히려 칭찬해줘야 하는거 아닌가? 한겨례는 언제까지 이딴 매국기사나 쓸거냐?	애초에 특정 사상을 성차별이라고 보는 시각에서는, 그런 성향을 가진 사람을 채용하지 않는 것이 당연해 보일 수 있습니다. 해당 매체가 왜 이런 성격의 보도를 반복하는지 이해하기 어렵네요.	2	2	GENDER/SLUR	[이딴 매국기사] -> 신문사 및 특정 사상 비하 표현 순화	여성/가족
한국인들이 버린거 쟤들이 해서 가져가는데 뭐. 당장 방구석 일게이들만 봐도 쟤들이 하는 노가다나 허드렛일은 안하잖아. 하층민으로 떨어지지 않기 위해 공부하는수밖에 없음. 하층민이 되는 순간 조선족이랑 경쟁해야됨. 졸라 무섭네 ㅋㅋ	국내에서 기피하는 일자리를 외국인 노동자들이 채우고 있는 현실입니다. 일부 커뮤니티 이용자들조차 그런 힘든 일은 하지 않으려 하지 않습니까? 결국 경쟁력을 갖추지 못하면 외국인 근로자들과 생계를 다퉈야 할지도 모른다는 점이 우려되네요.	2	2	RACISM/COMMUNITY	[조선족이랑 경쟁, 일게이들] -> 특정 집담 비하 뉘앙스 및 커뮤니티 어법 순화	인종/국적
캬 명불허전 쌍도저장소	(차단된 문장입니다)	1	5	REGIONAL/COMMUNITY	[쌍도저장소] -> 특정 지역(경상도)을 비하하는 멸칭 및 커뮤니티 전용 혐오어로 차단	지역
김일성이 적화후에 더 이상 쓸모가 없어진전라도를 말살 시키라고 유언을 남겼었지 ㅇㅇ	(차단된 문장입니다)	1	5	REGIONAL	[전라도를 말살] -> 특정 지역민에 대한 집단 학살 및 극단적 혐오 조장으로 차단	지역
똥꼬충 페스티벌을 저딴식으로 하니까 인식이 더 좆되는거지 장애인들	(차단된 문장입니다)	1	5	LGBTQ	[똥꼬충, 좆되는거지, 장애인들] -> 성소수자 멸칭 및 비속어, 장애인 비하 표현을 사용하여 차단	성소수자
사진은 누가찍었나? 이 부분은 당신의 불륜을의심해서가 아니라, 고민하는 듯한 앵글을 잡고 쇼하듯 찍었다는 의미임. 아들 탈영사건이 조사 중이니 정신 차리기 바람.	사진 촬영은 누가 해준 것입니까? 의도적으로 연출된 듯한 모습이 진정성 없어 보이네요. 가족과 관련된 문제가 엄중한 상황이니 자중하시기 바랍니다.	2	2	NORMAL	[차리기 바람] -> 반말투 및 훈계조의 종결형 순화	clean
오버워치 하는 애들 신고해저거 초딩들 못한다며경찰서에 신고하면 바로 출동한다던데 ㅋㅋㅋ	특정 게임을 하는 미성년자들을 신고하십시오. 이용 연령 제한이 엄격해서 경찰에 알리면 바로 조치가 취해진다고 하더군요.	0	0	NORMAL	[무해] -> 일상적인 정보 공유 및 잡담	clean
아들 군대보내기 싫음... 고생하는건 맘아프지만 나라지키는 거니까...그러나 군대내 동성애 상관에게 당하는건 절대 용서못한다. 이성애자의 인권도 절대보호해라!	아들을 군대에 보내는 부모의 마음은 늘 불안합니다. 고생하는 것도 안타깝지만, 특히 군대 내 부적절한 성적 행위나 피해를 겪지 않을까 매우 우려됩니다. 모든 장병의 인권이 안전하게 보호받아야 합니다.	0	0	LGBTQ	[무해] -> 자녀 군 복무에 대한 부모의 걱정과 군내 인권에 대한 의견	성소수자
남동충새끼 부랄부터 휴롬 주스기에 넣고 착즙해서 먹여주고싶노	(차단된 문장입니다)	1	5	GENDER	[남동충새끼, 착즙해서] -> 남성 및 가족에 대한 극단적 비하와 잔인한 신체 훼손 위협으로 차단	남성
박원순 시장은 대권을바라보는 차기 후보라고 보는데 여직원 에게 못할짓을 햇으면 떳떳 하게 사과하고 물러날것이지 비겁하게 죽음을 택하다니 이런분이 대통령이됏으면 답이 안나온다	공직자로서 책임을 지기보다 극단적인 선택을 한 것은 비겁한 행동이라고 생각합니다. 만약 더 큰 책임을 지는 자리에 올랐다면 어땠을지 생각만 해도 걱정스럽네요.	0	0	SLUR	[무해] -> 공직자의 무책임한 처신에 대한 상식적인 비판	악플/욕설
와우 ㅋㅋㅋㅋ	와, 정말 대단하네요!	0	0	NORMAL	[무해] -> 단순 감탄 및 반응	clean
강도...	강도...	0	0	NORMAL	[무해] -> 명사 단독 사용	clean
다른사람들 그렇게 죽여놓고도 무슬림 죽으니까 꼴에 또 열받나보네?	타인의 생명은 경시하면서 본인들과 같은 종교를 믿는 사람의 죽음에만 분노하는 태도가 참 모순적이네요.	2	2	RELIGION/RACISM	[무슬림 죽으니까, 꼴에] -> 특정 종교 집단에 대한 비꼼과 비하 조 순화	인종/국적, 종교
아 씨발 어디서 노릇노릇한 뭐 타는 냄새 난다	아, 정말 화가 나네요. 어디선가 좋지 않은 냄새가 나는 것 같습니다.	2	2	SLUR	[씨발] -> 욕설 제거 및 문장 정제	악플/욕설
좋네 저거 시술받은 사람은 생리휴가도 못내겠네	참 편리하겠네요. 저런 시술을 받은 사람은 관련 휴가를 쓸 명분이 없겠군요.	2	1	NORMAL	[좋네, 못내겠네] -> 반말투 및 비꼬는 뉘앙스 순화	clean
굳굳 보상하려면 재대로 해야지 직급 먼저 다는 것과 보상은 다르다 재대로된 보상을 해야한다.	좋은 소식이네요. 보상을 하려면 실질적으로 체감될 수 있게 제대로 해야 합니다. 단순히 직급을 높여주는 것 이상의 합당한 대우가 필요합니다.	2	1	NORMAL	[재대로] -> 맞춤법 및 반말투 순화	clean
사기꾼 뭔말해도 ㅈㅎ	기만하는 사람의 말은 그 어떤 것이라도 존중할 가치가 없습니다.	2	2	SLUR/COMMUNITY	[ㅈㅎ] -> 특정 커뮤니티 전용 초성 은어를 정중하게 순화	악플/욕설
맘충들 씨발 남편이 싸대기 한대 때리면 뒤도 안 보고 이혼할 년들이김정은한테는 아주 포용력이 태평양이네ㅋㅋㅋ	(차단된 문장입니다)	1	5	GENDER	[맘충들, 씨발, 이혼할 년들] -> 여성에 대한 극단적 비하 및 욕설, 조롱으로 차단	여성/가족
이글의 방점은 '절대'에 있다	이 글에서 가장 중요한 단어는 '절대'라고 봅니다.	0	0	NORMAL	[무해] -> 문장의 강조점 분석	clean
조선족도 짱깨 혼혈임. 순종 별로 없음	해당 민족도 특정 국가 민족과의 혼혈이 많습니다. 순수 혈통은 드문 편이죠.	2	3	RACISM	[짱깨] -> 특정 민족 비하어를 정제된 표현으로 순화	인종/국적
목사님을 통하여 더 화합하고 단단하게 세워질 한국교회 기대하겠습니다.	목회자분을 중심으로 더욱 화합하고 견고하게 성장할 한국 교회의 모습을 기대하겠습니다.	0	0	NORMAL	[무해] -> 종교적 화합 기원	clean
페미니즘은 이미 썩은 종교다 공산주의 처럼 썩어문드러버린 종교지 성평등을 외쳐야지 왠 여성주의 ???? 이름부터가 여성주의냐???? 그냥 이퀄리즘 이라고 하는게 낫지 않냐?? 우리나라 여자들 병역의무 부터 하자 그리고, 성평등을 외쳐라	특정 사상은 이미 본질을 잃고 특정 집단의 이익만을 대변하고 있습니다. 진정한 양성평등을 원한다면 국방의 의무와 같은 책임도 함께 강조해야 하지 않을까요? 이름보다는 가이드라인 자체가 평등을 지향해야 합니다.	2	2	GENDER	[썩은 종교, 썩어문드러버린] -> 과격한 비유와 비난을 이성적인 비판으로 순화	여성/가족
가만히 있으면 반이라도 가지 지손으로 끌어내림	자중하고 있으면 나았을 텐데, 본인의 잘못된 행동으로 스스로 화를 불렀네요.	2	1	SLUR	[끌어내림] -> 반말투 및 속어적 표현 순화	악플/욕설
"""XXXL사이즈의 거구 간호사曰""""(합숙소)만 아니었으면 확 죽여버리는건데""""ㅋㅋㅋㅋㅋ"""	(차단된 문장입니다)	1	5	SLUR	[확 죽여버리는건데] -> 대상의 신체적 특징을 비하하고 살해 위협을 가하여 차단	악플/욕설
진짜 대단하다....저런 생각 가진 놈들이 정권요직을 다 쳐먹고 있다니	정말 놀랍네요, 저런 편향된 사고를 가진 사람들이 정부의 주요 직책을 독점하고 있다니 우려스럽습니다.	2	2	SLUR	[놈들이, 쳐먹고 있다니] -> 비하어 및 비속어 섞인 말투 순화	악플/욕설
김치녀들 어떻노이렇게 여자가 살기 좋은 나라가 또 어딨다고 차별이니 뭐니 발악을 하지 않냐?답은 뭐다? 보검이 카와이♡	(차단된 문장입니다)	1	5	GENDER/COMMUNITY	[김치녀들, 발악을 하지, 어떻노] -> 여성을 비하하는 멸칭 및 커뮤니티 조롱투를 사용하여 차단	여성/가족
문재앙 섹파자나. 저번 행불때 사실 저 새끼 똥꼬에 오지게 박아대서 자지가 문드러저 치료받은 거라더라	(차단된 문장입니다)	1	5	LGBTQ/COMMUNITY/SLUR	[문재앙, 똥꼬에, 자지가 문드러저] -> 전임 대통령 사칭 및 특정 신체 부위에 대한 추잡하고 악의적인 훼손 묘사로 차단	성소수자, clean
청국장 맛잇냐?	청국장 맛이 좋습니까?	2	1	NORMAL	[맛잇냐] -> 반말투를 정중한 의문문으로 순화	clean
아무말안하는게 좋음	침묵을 지키는 것이 최선인 것 같습니다.	2	1	NORMAL	[좋음] -> 반말투를 정중하게 순화	clean
중국 약 보단 미국 약이 신뢰성이 높지 . 중국 약 먹으면 낮기는 커녕 죽을수도 있다.	제조국에 따라 의약품의 신뢰도에 차이가 있을 수 있습니다. 특정 국가의 약은 안전성이 입증되지 않아 위험할 수도 있겠네요.	2	2	RACISM	[중국 약 먹으면 죽을수도] -> 특정 국가 제품에 대한 과도한 비하와 편견 섞인 비유 순화	인종/국적
병신인가?튀기가 비하로 들리냐?잡종새끼가 더 비하로 들릴텐데	(차단된 문장입니다)	1	5	RACISM/SLUR	[병신, 튀기, 잡종새끼] -> 인격 비하 및 다문화 가정 자녀에 대한 극단적 멸칭으로 차단	인종/국적
웃기고 있네	참으로 어이가 없네요.	2	1	NORMAL	[웃기고 있네] -> 반말투를 정중하게 순화	clean
죠죠죠죠죠죠죠죠죠죶죠죠죠죠죠죠죠죶죠죶죠죠죠	(차단된 문장입니다)	1	5	SLUR	[죶] -> 성기 멸칭을 섞은 의미 없는 도배로 차단	악플/욕설
남자라서 군대가야되는거 언제 까지 해야돼요?? 페미니즘이 이런건 아니잖아요?	남성에게만 부과되는 병역 의무가 언제까지 계속되어야 할까요? 진정한 평등이라면 이런 문제도 함께 고민해야 한다고 봅니다.	0	0	GENDER	[무해] -> 병역 의무의 형평성에 대한 개인적 의문	여성/가족
지금생각해보면 나름 재미있었음 ㅋㅋㅋ	지금 돌이켜보니 나름대로 즐거운 추억이었네요.	2	1	NORMAL	[재미있었음] -> 반말투를 정중하게 순화	clean
요즘 급식충들 막 이기이기거리면서 다니는새끼들많던데 괜찮을거같기도하다 ㅋㅋㅋㅋ	요즘 학생들 중에 특정 커뮤니티 말투를 사용하는 이들이 많더군요. 그런 모습이 딱히 나쁘게만 보이지는 않네요.	2	2	AGE/COMMUNITY	[급식충들, 이기이기] -> 연령 비하 멸칭 및 커뮤니티 말투 순화	연령
ㅈㄹ 굳이 따지자면 좆찐따랑 찐따 차이지	말도 안 됩니다. 굳이 비교하자면 별로 큰 차이가 없는 사람들끼리의 다툼일 뿐입니다.	2	3	SLUR	[ㅈㄹ, 좆찐따] -> 욕설 및 비하어 순화	악플/욕설
영국자체가 eu와 크게 관련없어서 저런거다 일단 섬나라에 독자적인화폐 파운드가 생각보다 쌔고 ,굳이 유로화 바꿀필요도없었으며 과거부터 툭하면 탈퇴하겠다고 떠들던나라임 ㅇㅇ 묶여있는것도없고 공동방위니뭐니해도 육상으로묶인나라도아니여서 이점도크게없었다	영국은 섬나라라는 지리적 특성과 강력한 파운드화 덕분에 EU 내에서도 독자적인 입장을 유지해왔습니다. 이전부터 탈퇴 논의가 잦았던 만큼, 이번 결정도 영국의 특수성이 반영된 결과라고 봅니다.	0	0	NORMAL	[무해] -> 브렉시트 원인에 대한 객관적 분석	clean
아직도 애 낳는 거랑 군대랑 비교하는 새우 대가리만도 못 한 년들이 있냐?	(차단된 문장입니다)	1	5	GENDER/SLUR	[새우 대가리, 못 한 년들] -> 여성에 대해 지능 비하 및 극단적 비하어를 사용하여 차단	여성/가족
완전 개념남이노 끝까지 개념남 타이틀 지키려면 마 딱 재기해라ㅋㅋ	(차단된 문장입니다)	1	5	GENDER/COMMUNITY	[개념남, 재기해라] -> 남성을 비꼬며 극단적인 선택(자살)을 종용하는 혐오 표현으로 차단	남성
주둥이찢어서 북한에던지도싶다 이기	(차단된 문장입니다)	1	5	SLUR	[주둥이찢어서, 이기] -> 인물에 대한 잔인한 신체 훼손 위협 및 커뮤니티 어법으로 차단	악플/욕설
미친ㅋㅋㅋㅋㅋ 진짜 틀린게 아니라 다른거에요 ㅠㅠ 이 ㅈㄹ만 하면 다 통과되는줄 아네 ㅋㅋㅋㅋㅋ	정말 어이가 없네요. 무조건 '다양성'만 내세우면 모든 문제가 해결되는 줄 아는 태도가 답답합니다.	2	2	SLUR	[이 ㅈㄹ, 통과되는줄 아네] -> 욕설 및 공격적 말투 순화	악플/욕설
그나라가면 그나라 법을 따라야지 당연한거 아닌감 이슬람 사람들 가뜩이나 테러자들이 많은데 말이야	(차단된 문장입니다)	1	5	RELIGION	[테러자들이 많은데] -> 특정 종교 신도들 전체를 잠재적 테러리스트로 비하하고 공포심을 조장하여 차단	종교
ㄷㄷㄷㄷㄷㄷㄷㄷㄷ	정말 놀랍네요.	0	0	NORMAL	[무해] -> 단순 경악 반응	clean
남친 성매매 이력 발견돼서 헤어지면 그 여자분들은 성매매 한번도 안 한 저 같은 오징어를 바라봐 주나요?	불건전한 과거가 있는 사람과 결별한 여성분들이, 저처럼 정직한 사람에게 관심을 가져줄지 궁금하네요.	0	0	NORMAL	[무해] -> 이성 관계에 대한 개인적 하소연	clean
국방의 의무를 분담하라고 요구해야 돼. 여성부 패미 메갈돼지들을 잡는 가장 좋은 방법이다.	(차단된 문장입니다)	1	5	GENDER	[패미 메갈돼지들] -> 특정 사상 및 여성의 외모를 비하하는 극단적 멸칭으로 차단	여성/가족
홍어가 만선이다.	(차단된 문장입니다)	1	5	REGIONAL	[홍어] -> 특정 지역민(전라도)을 물고기에 비유하여 멸시하는 극단적 혐오 표현으로 차단	지역
연애의 과학, 비트윈등을 이용해본 서비스 이용자로서 미친듯이 기분 나쁘네요... 무슨 짓거린가요 이게?	기존에 해당 서비스들을 이용해온 사람으로서 정말 불쾌하기 짝이 없습니다. 대체 어떤 생각으로 이런 일을 벌인 것입니까?	2	2	SLUR	[짓거린가요] -> 대상을 낮잡아보는 표현을 정중한 비판으로 순화	악플/욕설
틀딱은 좌좀임	(차단된 문장입니다)	1	5	AGE/COMMUNITY	[틀딱, 좌좀] -> 특정 연령대와 정치 성향에 대한 극단적 멸칭으로 차단	연령, 기타 혐오
쓰레기 기사	전혀 가치 없는 기사네요.	2	2	SLUR	[쓰레기 기사] -> 공격적인 비유를 정중한 평가로 순화	악플/욕설
중국 국적 포기하고 귀화하면 주민등록증 주는데? 근데 중국 국적은 포기 안하겠다는거지왜냐면 상황에 따라 여기 붙었다 저기 붙었다 하고 싶으니까뷔페미즘 페미랑 똑같다고 보면 되겠구먼	복수 국적을 유지하며 상황에 따라 이익만을 챙기려는 태도가 문제인 것 같습니다. 이는 자신의 신념보다 편의를 우선하는 모습으로 비치네요.	2	2	GENDER/RACISM	[뷔페미즘] -> 이중적인 태도를 비꼬는 멸칭을 이성적인 비판으로 순화	여성/가족, 인종/국적
이런 미친..개풀뜯어먹느ㅡㄴ소릴	정말 어처구니없는 소리네요.	2	2	SLUR	[미친, 개풀뜯어먹는] -> 욕설 및 비속어를 정중하게 순화	clean
기쁨조 이빨다뽑는 북돼지보고 이니으니 이지랄하는것들이 뇌가있을리가 없노 환멸난다	타국 지도자의 비인도적인 행태를 간과하고 전임 대통령을 희화화하는 사람들을 이해하기 어렵네요. 정말 실망스럽습니다.	2	3	RACISM/COMMUNITY	[북돼지, 이니으니, 이지랄] -> 타국 지도자 비하 및 전임 대통령 희화화 표현 순화	인종/국적
975 고추도 없거니와 고추 달려서 저런거노 자집애들이란 원래 미개하고 야비한 종특 밖에 없노	(차단된 문장입니다)	1	5	GENDER	[자집애들, 미개하고 야비한] -> 남성 성기 비하 및 남성 전체에 대한 본질적 멸시와 혐오로 차단	남성
사실 보지들이 왜 보지겠어? 벌리라고 보지지! 허벌보지들 그것부터 고쳐라! 쪼이는 거 노력좀 해라!	(차단된 문장입니다)	1	5	GENDER	[보지, 벌리라고, 허벌보지] -> 여성 성기 멸칭 및 입에 담기 힘든 추잡한 성적 비하로 차단	여성/가족
41살이면 백수질하고있으면 자괴감 안오냐 ? 중년틀딱새갸 ? ㅋㅋㅋㅋㅋㅋ 시발 2030도아니고 40대가 백수면 느낌이 어떤걸까?	(차단된 문장입니다)	1	5	AGE	[중년틀딱새갸, 시발] -> 특정 연령대에 대한 욕설 및 비하, 비아냥으로 차단	연령
40대는 ㄹㅇ 쓰래기통이누	(차단된 문장입니다)	1	5	AGE	[쓰래기통] -> 특정 연령대 전체를 오물에 비유하여 극단적으로 비하하여 차단	연령
술존나마시고 담날 점심까지잠	술을 매우 많이 마시고 다음 날 점심까지 잤습니다.	2	1	SLUR	[존나, 잠] -> 욕설 및 반말투 순화	악플/욕설
좋은 글이네요. 공감 했습니다.	좋은 글이네요, 저도 깊이 공감했습니다.	0	0	NORMAL	[무해] -> 긍정적인 반응	clean
감자채볶음에 김치 넣어서 밥 비벼먹어라 호박도 있고 풍성하네	감자채볶음에 김치를 넣어 밥을 비벼 드셔 보세요. 호박까지 있어 아주 풍성한 식사가 되겠네요.	0	0	NORMAL	[무해] -> 일상적인 음식 추천	clean
ㅇㄱㄹㅇ 자지새끼들 좆렬	(차단된 문장입니다)	1	5	GENDER	[자지새끼들, 좆렬] -> 남성 성기 멸칭을 사용하여 극단적으로 혐오하고 비하하여 차단	남성
요즘 급식새끼들은 왜케 비리비리하냐 손목보니까 난민보다 좀더나은수준이노	요즘 학생들은 체격이 왜 이렇게 왜소해 보입니까? 건강 상태가 우려될 정도네요.	2	3	RACISM/AGE/SLUR	[급식새끼들, 난민보다 못한] -> 연령 비하어 및 특정 계층 상황을 빗댄 비하 순화	인종/국적, 연령
저분은 진짜 어떻게 안전을 도모하시는 지 진심 궁금함..건드리는 종교가 비단 개슬람만이 아닌디..세상의 모든 무신론자와 불가지론자들의 든든한 버팀목하하 쎅쓰	저분의 안전이 정말 걱정되네요. 여러 종교적 이슈를 다루고 계시지만, 무신론자나 불가지론자들에게는 큰 힘이 되어주는 분입니다. 화이팅!	2	2	RELIGION/SLUR	[개슬람, 쎅쓰] -> 종교 비칭 및 뜬금없는 성적 단어 사용 정제	종교
약오리 이새끼 씹 병신이네.	(차단된 문장입니다)	1	5	SLUR	[이새끼, 씹 병신] -> 대상을 향한 직접적이고 명백한 욕설로 차단	악플/욕설
개웃기네 ㅋㅋㅋㅋㅋ	정말 재미있네요!	2	1	NORMAL	[개웃기네] -> 비속어 섞인 반응을 정중하게 순화	clean
사생아 예수새끼 믿는거랑 기타령하는 한무당 믿는거랑 뭐가다르냐 ㅋㅋㅋㅋ바퀴벌레랑 구더기랑 싸운다고 구더기 지지해주냐? 걍 둘다 불로 지지고말지 ㅋ	(차단된 문장입니다)	1	5	RELIGION	[사생아 예수새끼, 한무당, 바퀴벌레] -> 종교 성인 및 전문가 집단에 대해 극도의 모독과 혐오를 쏟아부어 차단	종교
군대를 쳐 안가고 같다온 사람에게 공사기업혜택이 없는데 일단여자는 깔고 가는게 맞지 ? 안그래? 그걸 충족 못시켜주면 젠더 갈등은 절대 해결안됨 ..... 그성별 징징 대는 소리 평생 들어줘라 어찌 되나보자 ㅋㅋㅋ	병역 의무를 이행하지 않은 이들에 비해 복무자들에 대한 역차별 문제가 심각합니다. 성별 간의 갈등을 해결하려면 보상 체계에 대한 근본적인 논의가 필요합니다. 계속 방치한다면 갈등은 더 깊어질 수밖에 없을 것입니다.	2	2	GENDER	[쳐 안가고, 징징 대는 소리] -> 공격적인 말투 및 성별 비하적 뉘앙스 순화	여성/가족
왜 자지빵안에 팥이 들어있냐 시발 슈크림넣어라.	특정 모양의 빵 안에 왜 팥이 들어있는 것입니까. 슈크림이 들어있으면 더 좋았겠네요.	2	2	SLUR	[시발, 자지빵] -> 욕설 및 자극적인 단어 순화	악플/욕설
이게 나라냐? 자신의 의견조차 내지 못하게 입을 틀어막으려는게 자유민주주의국가가 맞냐?	이 상황이 과연 정상입니까? 국민의 의사 표현을 억압하려는 태도는 자유민주주의 원칙에 어긋나는 행위라고 생각합니다.	2	1	SLUR	[틀어막으려는게] -> 강한 비판의 목소리를 정중하게 정제	악플/욕설
거의 뭐 광전사인데? 다 싸움 거노	마치 투사와 같네요. 모든 이들에게 호전적인 태도를 보이고 있습니다.	2	1	COMMUNITY	[거노] -> 커뮤니티식 종결어미를 정중하게 순화	clean
마포 공영주차장있는데 말하는건가 ㅋㅋㅋㅋ 그쪽가면 ㄹㅇ 짱깨 존나많긴하던데	마포 공영주차장 부근을 말씀하시는 것입니까? 그 주변에는 확실히 특정 국적의 외국인들이 밀집해 있는 것 같더군요.	2	3	RACISM	[짱깨, 존나많긴] -> 특정 국적 비칭 및 욕설 순화	인종/국적
검사새끼 지도 봤으면서 뜨고싶어 지랄낫노 ㅋㅋㅋ	검찰 관계자 본인도 이미 인지하고 있으면서 과시하려고 무리한 주장을 하는 것 같네요.	2	3	SLUR/COMMUNITY	[검사새끼, 지랄낫노] -> 비하어 및 욕설 섞인 말투 순화	악플/욕설
He라고 부르는 것도 이상한데...본인이 남자로 사는 게 어떤 건지 알기나하나...	그를 남성으로 지칭하는 상황이 낯설게 느껴지네요. 실제로 남성의 삶을 온전히 이해하고 주장하는 것인지 의문이 듭니다.	0	0	NORMAL	[무해] -> 성 정체성 표기 및 인식에 대한 개인적인 의견	clean
급식충이 아니라 이나라의 미래다 무식한놈아	학생들을 함부로 비하하지 마십시오. 그들은 우리나라의 미래입니다. 무례한 언행은 자제하시기 바랍니다.	2	2	AGE/SLUR	[급식충, 무식한놈아] -> 연령 비하어 및 인격 모독적 표현 순화	연령
이름이 네자인거보니 고조할애비가 임진왜란때 넘어온 왜놈구만 ㅋㅋ	성명이 네 글자인 것을 보니, 과거에 귀화한 외국 가문의 후손인 것 같네요.	2	2	RACISM	[고조할애비, 왜놈] -> 비칭 및 비하 섞인 추측 순화	인종/국적
진짜 법이란게 정의가 맞는지 모르겠다 씨발	현행 법 체계가 진정으로 정의를 실현하고 있는지 회의감이 듭니다.	2	2	SLUR	[씨발] -> 욕설을 제거하고 정중하게 표현	악플/욕설
평균 아이큐 73에 키 161 열등 토인 필리피노한태 죽어나가는 한국인이 한해 몇명인지나 알고 말하는건가?	(차단된 문장입니다)	1	5	RACISM	[열등 토인 필리피노] -> 특정 국가의 국민을 지능과 체격으로 비하하며 '열등 토인'이라 매도하여 차단	인종/국적
스시녀도 대단하다 베트콩남을 만나다니	(차단된 문장입니다)	1	5	RACISM	[스시녀, 베트콩남] -> 특정 국가 남녀를 멸칭으로 부르며 낮잡아보는 혐오성 발언으로 차단	인종/국적
그래서 조선시대는 노예취급 받아 혹사됨. 왜란때승병들도 싸웠는데 아오안	과거 역사 속에서 특정 집단이 부당한 대우를 받았던 사례들이 있습니다. 전란 속에서 헌신했던 이들이 제대로 평가받지 못했던 점은 참 안타깝네요.	0	0	NORMAL	[무해] -> 역사적 사실과 그에 따른 개인적인 감회	clean
한남들 시끄러울 때=여혐 할 때노; 여혐하러 도퇘지들 쿵쾅대며 달려오느라 땅이 울리노	(차단된 문장입니다)	1	5	GENDER	[한남, 도퇘지들, 쿵쾅대며] -> 남성을 우스꽝스럽고 혐오스러운 짐승에 비유하여 극단적으로 비하하므로 차단	남성
중간에 분홍걸레 뒤집어쓴사람 누구냐자살충동만 느끼지말고 그냥 죽었으면 좋것다	(차단된 문장입니다)	1	5	SLUR	[분홍걸레, 그냥 죽었으면] -> 상대를 오물에 비유하고 죽음을 종용하는 반인륜적 발언으로 차단	악플/욕설
급식충 ㅋㅋㅋㅋㅋㅋㅋㅋㅋㅋㅋㅋㅋ	학생들을 비하하는 용어가 정말 우스운 모양이네요.	2	2	AGE	[급식충] -> 연령 비하 멸칭을 정중하게 순화	연령
오 고맙노이기야 한남충이랑 말섞게되면 꼭써보겟노 ㅋㅋㅋ	(차단된 문장입니다)	1	5	GENDER/COMMUNITY	[이기야, 한남충] -> 남성에 대해 벌레라 지칭하며 극단적 혐오와 조롱 커뮤니티 어휘를 사용하여 차단	남성
쌍도남들 지네 말 좆본에서 책으로 나왔다고 좁은 어깨 으쓱거리는 꼬락서니가 눈에 선하노	특정 지역 거주자들이 사소한 성과에 과도하게 자부심을 느끼는 태도가 보기 좋지 않네요.	2	2	REGIONAL/RACISM	[쌍도남들, 좆본] -> 지역 및 타국 비하 표현 순화	지역
교회쟁이들이 문제야ㆍ	일부 종교 신도들의 행태가 실망스럽네요.	2	1	RELIGION	[교회쟁이] -> 종교 기반 비하어 순화	종교
역시 중심은 팡주다	(차단된 문장입니다)	1	5	REGIONAL/COMMUNITY	[팡주] -> 특정 지역(광주)을 비하하고 조롱하는 커뮤니티 전용 멸칭을 사용하여 차단	clean
중국동포는 씨발 중국 짱깨지. 그좋은 중국 놔두고 왜 우리나라 와서 지랄들이냐.	(차단된 문장입니다)	1	5	RACISM	[씨발, 짱깨, 지랄] -> 특정 민족에 대한 심한 욕설과 비칭을 사용하여 증오를 표출하므로 차단	인종/국적
안철수가 바른말 했다.	해당 인물의 발언이 매우 타당했습니다.	2	1	NORMAL	[했다] -> 반말투를 정중하게 순화	clean
중동식 주작	해당 지역에서 흔히 발생하는 조작된 정보 같습니다.	2	1	RACISM	[중동식 주작] -> 특정 지역명을 부정적인 수식어로 사용하는 태도 순화	인종/국적
ㄴ야이 쒸밸롬의 죠죠충아 헤겔좆나못생겼어허벌모근~~~ 이게 여성은 남성보다 열등하다 이거보다 심한 비난이라고? 니가그러니까 한남국자인거야 이 좆같은새끼야~~~~~ 느개비후장에 따개비 69마리 서식한단다 따서 따개비국이라도 끓여먹어라 ㄱㄱ	(차단된 문장입니다)	1	5	GENDER/SLUR	[쒸밸롬, 한남국자, 좆같은새끼, 느개비후장] -> 남성에 대한 극단적 혐오와 패륜적 욕설, 성기 훼손 묘사로 차단	남성
목사들이 나라를 망하게 하고 있다	일부 성직자들의 그릇된 행태가 나라에 큰 해악을 끼치고 있습니다.	2	1	RELIGION	[망하게 하고 있다] -> 과격한 단정적 비판을 정중하게 순화	종교
원래 학생 때 기성 가치에 반항해야할 것 같은 헛바람이 들기 마련이다. 사회 나가서 이리저리 깨지고 스스로 돈 벌어보면 과거의 자신이 그렇게 창피할 수가 없음. 내가 그랬거든. 근데 나이 처먹고도 정신 못 차리는 애들도 가끔 있어	학창 시절에는 반항심이 들기 쉽지만, 사회를 경험하다 보면 점차 성숙해지기 마련입니다. 저도 그랬거든요. 다만 나이가 들어서도 여전히 철없는 행동을 하는 사람들도 가끔 보이더군요.	2	1	SLUR/AGE	[나이 처먹고] -> 비어 및 훈계조의 말투 순화	악플/욕설
박근혜가 아니고 보지신이 환생해서 정치한다고 해도 지지하고 말고는 내 마음이다. 니가 뭔데 박근혜안지지=\=페미니스트 아님,개머지라고 주장하노? 부랄이 풍년이네아주	(차단된 문장입니다)	1	5	GENDER/SLUR	[보지신, 부랄이 풍년] -> 남녀 성기 멸칭을 사용하여 정치를 저속하게 비하하고 조롱하여 차단	악플/욕설
강원도는 지옥이다이기...	강원도 지역에서의 생활 환경이 정말 험난하네요.	2	2	REGIONAL	[지옥이다이기] -> 지역 비하적 표현 및 커뮤니티식 종결어미 순화	지역
밑에 주소들도 들어가서 읽어보는걸 추천하노 지적장애인들의 심각성을 알수있노	(차단된 문장입니다)	1	5	SLUR	[지적장애인들의 심각성] -> 장애인을 결함이 있는 존재로 일반화하고 혐오의 대상으로 삼아 차단	기타 혐오
지랄ㅋㅋㅋㅋ사상의 자유좋아하시네ㅋㅋㅋ 한 성별을 존나게 혐오하면서 지들은 교양있는척 이지랄하는 사상같지도 않은 사상은 자유가 없단다ㅋㅋㅋㅋㅋ	말도 안 됩니다. 특정 성별을 극도로 혐오하면서 겉으로만 고결한 척하는 가식적인 신념은 존중받을 가치가 없습니다.	2	2	SLUR	[지랄, 존나게 혐오] -> 욕설 및 공격적인 비하 발언 순화	악플/욕설
저새끼 패고싶다...	(차단된 문장입니다)	1	5	SLUR	[새끼 패고싶다] -> 특정 대상을 향한 직접적인 물리적 폭력 위협으로 차단	악플/욕설
역시 한국뉴스보다 일베가 빠름	역시 특정 커뮤니티의 정보 전달 속도가 한국 뉴스보다 빠르네요.	0	0	NORMAL	[무해] -> 정보 속도에 대한 단순한 개인적 감상	clean
유럽으로 따지면 한큐에 2천만명넘게 난민받는다고 생각하면됨 그냥 개쓰레기 민폐 그자체지 자원,노동력 이지랄ㅋㅋㅋㅋㅋㅋㅋㅋㅋㅋㅋㅋㅋㅋㅋㅋ양심종범 전라도같은새끼들	(차단된 문장입니다)	1	5	REGIONAL/COMMUNITY	[양심종범, 전라도같은새끼들] -> 특정 지역민을 양심 없는 집단으로 매도하며 욕설 섞인 혐오를 드러내어 차단	인종/국적
애들아 고소미 조심해라ㅋㅋ	여러분, 법적 처벌을 받을 수 있으니 언행에 주의하십시오.	2	1	SLUR/COMMUNITY	[고소미] -> 법적 대응을 비꼬는 은어를 정중한 표현으로 순화	악플/욕설
촌놈새끼들 나이는 나이대로 쳐먹어놓고 똥남아 병신년 사먹지좀 마라	(차단된 문장입니다)	1	5	RACISM/REGIONAL	[촌놈새끼들, 똥남아, 사먹지좀 마라] -> 특정 지역민과 외국인 인종을 비하하고 성매매 관련 욕설을 사용하여 차단	인종/국적, 지역
못생긴남들이 페미혐오한다=이젠 42언스가 되뿟노.	외모가 만족스럽지 못한 남성들이 특정 사상을 거부한다는 주장이 이제는 정설처럼 받아들여지는군요.	2	2	GENDER/COMMUNITY	[42언스, 되뿟노] -> 남성 비하 뉘앙스의 신조어 및 커뮤니티 말투 순화	남성
언능 세금으로 한강 물 다 빼고 해양경찰 투입해서 핸폰 찾아서 박물관에 보관후 크래인 출동시켜서 옆으로 눞혔다 세우고 돌리고 넘기고 하자 ㅋㅋㅋㅋ 촛불시위도 잊지말고 진행하자	세금과 행정력을 동원해서라도 철저히 조사하고 관련 물증을 확보해야 합니다. 시민들의 목소리도 적극적으로 반영되어야겠죠.	0	0	NORMAL	[무해] -> 조사 철저 및 시민 참여에 대한 은유적 주장이므로 Action 0 유지	clean
성폭행은 그쪽의 전통이지관행이어서 봐주는거 아니었냐.섬 강강범들은 존나 봐주더민	(차단된 문장입니다)	1	5	REGIONAL	[그쪽의 전통, 섬 강강범] -> 특정 지역을 성범죄와 연관 지어 극단적으로 비하하고 조롱하여 차단	지역
탈북자 빨지 말아라... 갑자기 통일되면 답 안나온다 ㅋ아무리 연방제든 뭐든 된다고 해도 통일이 갑자기 되면어찌하겠노북에 있는 놈들 가만히 있으라고 해도 죄다 남으로 우르르 넘어오면 무슨 돈으로 2400만 다 맥여주고재워주고 하겠노자본주의 이해도 안 되는 놈들을..	이주민들에 대해 지나치게 우호적인 태도를 경계해야 합니다. 갑작스러운 체제 변화가 오면 경제적으로나 사회적으로 큰 혼란이 예상되기 때문이죠. 준비되지 않은 통합은 양측 모두에게 고통이 될 수 있습니다.	2	2	RACISM	[빨지 말아라, 놈들] -> 특정 집단에 대한 무시 섞인 표현 및 반말투 순화	인종/국적
이인영야이넘아청수처부터설치하고법원부터개혁해라	이보십시오, 관련 기구 설치와 사법부 개혁에 더 속도를 내야 하지 않겠습니까?	2	2	SLUR	[야이넘아] -> 반말투 및 상대를 낮잡아보는 표현 순화	악플/욕설
다문화인 차별하면 안되지. 이 십새끼들아. 진짜 웃기네. 그럼 쟤네들은 한국인 아니냐? 한민족이 아니라는 이유로?	다문화 가정 구성원들을 차별해서는 안 됩니다. 그들도 우리와 함께 살아가는 구성원인데, 민족이 다르다는 이유로 배척하는 것은 정말 부적절합니다.	2	3	RACISM/SLUR	[십새끼들아] -> 욕설 세탁 및 주장의 신뢰도 확보를 위한 정제	악플/욕설
외국인 성병검사 확실히 하고 국내에 있는 사람들 학교나 직장에서 성병검사 의무적으로 실행해서 에이즈있는 사람들은 입국금지, 사회적 격리해야한다 얼마없는 에이즈환자들 때문에 다수의 사람들이 피해를 보게되는건 아니라고 본다	외국인 입국 시 보건 검사를 더 강화해야 합니다. 또한 공동체 안전을 위해 관련 질환 검사를 정례화하고, 엄격한 방역 관리를 통해 다수의 국민이 안심할 수 있는 환경을 만들어야 합니다.	0	0	COMMUNITY	[무해] -> 강경한 보건 정책 제언으로 혐오/조롱 표현이 없어 Action 0 유지	기타 혐오
어후.. 페미 골수 터지는 소리가 여기까지 들리네요 ㅋㅋㅋㅋㅋ	특정 사상을 가진 분들이 매우 당황하거나 분노하는 모습이 눈에 선하네요.	2	2	GENDER	[골수 터지는 소리] -> 과격한 비유 표현을 정중하게 순화	여성/가족
턴 언데드! 홀리라이트!	턴 언데드! 홀리 라이트!	0	0	NORMAL	[무해] -> 게임적 용어의 일상적 사용	clean
차별이 아닌 응당한 댓가다. 여자화장실에 남자가 들어가면 범죄로 처벌받는데 멀쩡한 신체 절단하는 정신병 남자가 여자화장실 들어가는건 당연한거고 못하게하면 차별이냐?이게 무슨 괴논리냐	(차단된 문장입니다)	1	5	LGBTQ	[정신병 남자] -> 성소수자를 정신병자로 매도하고 혐오를 드러내어 차단	성소수자
수고많았다 난 9일에 한다 여긴 달서구 상인동 오바~	그동안 고생 많으셨습니다. 저는 9일에 진행할 예정입니다. 대구 상인동에서 소식 전합니다.	0	0	NORMAL	[무해] -> 일상적인 안부와 정보 공유	clean
목사의탈을쓴 악마	사명감이 없는 일부 성직자들은 정말 악한 존재처럼 느껴지네요.	2	2	RELIGION	[악마] -> 성직자를 극단적으로 비하하는 비유를 정중한 비판으로 순화	종교
내글도 마포갔었다가 다시 돌아왔노	제 게시글도 한때 삭제되었다가 다시 복구되었네요.	2	1	COMMUNITY	[돌아왔노, 마포갔었다가] -> 커뮤니티 은어 및 말투 순화	clean
으따 니가 생각하는 그 부킹이 아니랑꼐북(한)킹 김정은이랑께	네가 생각하는 그런 만남이 아닙니다. 북한과 관련된 이야기입니다.	2	2	REGIONAL	[으따, 니가, 이랑꼐] -> 특정 지역 방언을 희화화하는 표현 및 반말투 순화	clean
짱개 가서 걍 넘어가면 되지 저렇게 질질 짜는 이유가 뭐냐?정말 가고 싶은게 아니라 뭔가 노림수가 있겠지	특정 국적의 나라로 그냥 돌아가면 될 텐데, 왜 저렇게 감정적으로 호소하는 것입니까? 순수한 의도가 아닌 다른 목적이 있는 것 같아 의심스럽군요.	2	2	RACISM	[짱개, 질질 짜는] -> 국적 비칭 및 대상을 폄하하는 표현 순화	인종/국적
어그 환자들.. 원래도 싫었는데 이번사태를 겪으며 아주 정나미 떨어지게 만드는구나!	관심을 받으려 소란을 피우는 사람들이 정말 실망스럽네요. 이번 일을 겪으면서 그들에 대한 신뢰가 완전히 사라졌습니다.	2	2	SLUR	[어그 환자들, 정나미] -> 속어 섞인 비판 표현을 표준어로 순화	악플/욕설
동성애 대신에 물리치료 받아라	(차단된 문장입니다)	1	5	LGBTQ	[물리치료] -> 성소수자를 폭력으로 교정해야 한다는 혐오적인 비유를 사용하여 차단	성소수자
하나님이 주신 전염병이라던데 기독교인들을 다 데려가고 싶으신가보네요.안그럼 이렇게 열심히 퍼뜨릴수가 있을까요?	특정 종교 집단의 행태가 오히려 전염병 확산에 기여하고 있는 것 같아 실망스럽습니다. 과연 이것이 신앙인의 올바른 자세인지 의문이 드네요.	2	2	RELIGION	[데려가고 싶으신가] -> 특정 종교인의 죽음을 희화화하는 뉘앙스 순화	종교
아내가보냇다!	제가 보냈습니다!	0	0	NORMAL	[무해] -> 커뮤니티 유행어이지만 표현 자체는 무해	clean
그지들만 모였네??	어려운 형편의 사람들만 모인 것 같군요.	2	2	SLUR	[그지들만] -> 경제적 사정을 비하하는 표현 순화	기타 혐오
밥갖고온나!!!!!! 밥!!!!!!	식사를 준비해 주십시오!	0	0	NORMAL	[무해] -> 단순한 식사 요구	clean
부왘../	부왘!	0	0	NORMAL	[무해] -> 일시적인 감탄성 은어	clean
목사=악마=사탄 고로교회는 하나님성전이 아니라 악마와 사탄에소굴이다 그러기땜 신도들도 사탄에 자식들이다	(차단된 문장입니다)	1	5	RELIGION	[악마, 사탄, 사탄에 자식들] -> 특정 종교와 그 신도들을 사탄의 무리로 규정하여 증오를 뿌리므로 차단	종교
니손이큰거냐??책이작은거냣??	본인의 손이 큰 것입니까, 아니면 책의 크기가 유독 작은 것입니까?	0	0	NORMAL	[무해] -> 크기에 대한 단순 질문	clean
닉이 진짜 ㅋㅋㅋㅋㅋㅋㅋㅋㅋ	닉네임이 정말 독특하고 재미있네요!	0	0	NORMAL	[무해] -> 사용자 닉네임에 대한 일상적 반응	clean
사람이 먼저다.. 그러나 남자는 사람이 아니다..	(차단된 문장입니다)	1	5	GENDER	[사람이 아니다] -> 남성 전체를 비인간화하여 혐오의 대상으로 삼았으므로 차단	남성
진짜 외국살면서 저런 어메이징한년들 본적이없다.. 좆빨러다니기 바빠서 그런지 남자한테 순종적임	(차단된 문장입니다)	1	5	GENDER/SLUR	[어메이징한년들, 좆빨러] -> 여성에 대한 집단적 비칭 및 추잡한 성적 비유로 차단	여성/가족
남주한명잇노	남성 주인공이 한 명 있군요.	2	1	COMMUNITY	[잇노] -> 커뮤니티 말투를 정중한 서술형으로 순화	clean
실제상황 이거 잼있음 일요일 낮에 재방하는거 가끔 보는데 꿀잼	TV 프로그램 '실제 상황'이 참 재미있더군요. 일요일 낮 재방송을 즐겨 보는데 아주 즐겁습니다.	0	0	NORMAL	[무해] -> 시청 소감 공유	clean
첫짤 원본 첨보네ㅋㅋㅋ	첫 번째 사진의 원본을 처음 봅니다.	0	0	NORMAL	[무해] -> 사진에 대한 일상적 소회	clean
뿌리는 한국 개좆같은 소리를 하고 있네 씨발새끼들중국에 있는 에미애비 아직 안 썩고 살아있으면 물아봐라 육이오때 누구편애서 누구한테 총질했었는지	(차단된 문장입니다)	1	5	RACISM/SLUR	[개좆같은, 씨발새끼들, 에미애비] -> 특정 국적 집단에 대한 패륜적 욕설 및 극심한 혐오 표현으로 차단	인종/국적
통구이들이겠지...	(차단된 문장입니다)	1	5	REGIONAL	[통구이들] -> 특정 지역민이 겪은 비극적 사건을 희화화하며 모욕하는 극단적 혐오어로 차단	지역
세계로 번지는 바이러스 짱깨,개슬람, 전라도	(차단된 문장입니다)	1	5	RACISM/RELIGION/REGIONAL	[바이러스, 짱깨, 개슬람, 전라도] -> 특정 인종, 종교, 지역을 질병에 비유하며 비하하므로 차단	인종/국적, 지역, 종교
참 좋은 얘기인데 너무 대놓고 얘기해서 표 좀 깎일 덧..	참 훌륭한 주장이지만, 너무 직설적인 표현이라 지지율에 부정적인 영향을 미칠까 봐 우려되네요.	0	0	NORMAL	[무해] -> 정치적 언행에 대한 개인적인 분석 및 우려	clean
옛말에 암탉이 울면 나라 망한다고 했다	여성이 주도적으로 일에 나서면 결과가 좋지 않다는 낡은 사고방식을 지칭하고 있네요.	2	2	GENDER	[암탉이 울면] -> 여성에 대한 성차별적 속담 인용 정제	여성/가족
남성은 '잠재적 범죄자'에 분개하던 분들이 화살을 ㄸㄲㅊ 으로 돌려 버렸다는 느낌 ~	남성 집단 전체를 잠재적 범죄자로 보는 시선에 반발하던 이들이, 이제는 성소수자들을 공격하고 있다는 인상이 듭니다.	2	3	LGBTQ	[ㄸㄲㅊ] -> 성소수자 비하 멸칭 초성을 정제	성소수자
여자가 아니다 이런 발언은 좀 시대에 뒤떨어지긴 했음	특정 대상을 여성으로 인정하지 않는 식의 발언은 사회적 흐름에 맞지 않는 것 같습니다.	0	0	NORMAL	[무해] -> 시대 상황에 따른 비판적 의견	clean
ㅋㅋㅋㅋㅋ지랄들을 한다 ㄹㅇ 화장품광고 대부분여자가하니까 여혐이노 ㄷㄷ	정말 어이가 없네요. 여성용 화장품 광고를 여성이 하는 것이 어떻게 여성 혐오가 되는 것입니까? 지나친 해석인 것 같습니다.	2	2	COMMUNITY/SLUR	[지랄, 여혐이노] -> 욕설 및 커뮤니티 말투 순화	악플/욕설
저 기사는 새빨간 '거짓' 이다. 전라도가 그럴리 없다. 전라도가 12살짜리 의붓딸에게 농사 '만' 시켰을리 없다. 내가 보증한다	해당 기사 내용은 전혀 사실이 아닐 것입니다. 특정 지역에서 그런 비상식적인 일이 일어날 가능성은 매우 낮다고 생각합니다.	0	0	REGIONAL	[무해] -> 기사 내용에 대한 반어법 섞인 개인적 신뢰 표명이므로 Action 0 유지	지역
삭제된 댓글입니당	이미 삭제된 댓글입니다.	0	0	NORMAL	[무해] -> 시스템 안내 문구	clean
피해망상 (페미) 정신병은 유전될 수 있으니,,, 되도록이면,,, 자연도태시키는게 맞다.	(차단된 문장입니다)	1	5	GENDER	[정신병, 자연도태] -> 특정 사상을 정신병으로 비하하고 대상의 제거를 주장하므로 차단	여성/가족
무개념 틀딱에겐 몽둥이가 약인데 세상 잘만나서 안쳐맞고 다니는걸 고맙게 생각을 못하네	(차단된 문장입니다)	1	5	AGE	[틀딱, 몽둥이가 약] -> 고령층에 대한 비하와 폭력 행사를 정당화하여 차단	연령
요즘 동성애 취향은 존중한다는 사람들 있는데 취향도 존중하면 안 됐으면 좋겠다. 저런 문화 자체가 그냥 민폐임.	최근 성소수자분들의 문화를 존중하자는 분위기가 있지만, 저는 개인적으로 그런 가치가 사회에 긍정적이지 않다고 생각합니다. 타인에게 피로감을 주는 면이 있으니까요.	2	2	LGBTQ	[문화 자체가 그냥 민폐] -> 성소수자 문화를 일방적으로 폄하하는 표현 순화	성소수자
봊나맞는말이노 현실하고 괴리를 머릿속에서 쓰까쓰까 이유만들어서 갖다붙이고 합리화시키노 그냥 인정하고 고쳐나가면 되는거슬..보지들이 과한 도덕코르셋끼고 살아서 항상 옳고 정당해야한다는 압박을 받아서 그러는거같노 이게 다 항남충때문이다	(차단된 문장입니다)	1	5	GENDER	[봊나, 보지들, 항남충] -> 여성 및 남성에 대한 혐오적 성기 멸칭과 커뮤니티 전용 비하어를 사용하여 차단	남성
저 카페에도 선동하는 애들 존나많을듯	해당 커뮤니티 내에서도 부적절한 여론을 형성하려는 사람들이 꽤 많을 것 같네요.	2	1	SLUR	[존나많을듯] -> 비속어 섞인 추측 순화	악플/욕설
목소리도 바꿀수있어?	목소리도 변조하거나 수술로 바꿀 수 있습니까?	0	0	NORMAL	[무해] -> 단순한 궁금증	clean
여자에게 안 퍼주면 여자가 하는 일 - 한남 안 만나고 유충 안 까고 인구 줄고 좆국 경제 좆창	(차단된 문장입니다)	1	5	GENDER/AGE/COMMUNITY	[한남, 유충, 좆국, 좆창] -> 남성과 아동, 국가를 비하하고 혐오 표현을 일삼아 차단	남성, 연령
똥푸짐 애미가 똥뚜깐에서 똥싸다응애응애 얻어걸린 계집인지 사내인지 디진 애미 똥집뚫고똥푸짐한 이 세상에 태어났다.온 세상에 똥내가득 사랑가득 에이즈가득레인보우 칼라똥 함께 채워요♥♥♥♥♥	(차단된 문장입니다)	1	5	LGBTQ	[똥, 에이즈가득, 레인보우] -> 성소수자와 관련된 상징을 변과 질병에 엮어 극단적으로 모독하고 혐오하므로 차단	성소수자
응 좆족 보단 나아 물타가 꺼져	특정 외국인 집단보다는 상황이 나아 보이네요. 본질을 흐리지 마십시오.	2	3	RACISM	[좆족, 꺼져] -> 특정 민족 비칭 및 공격적 언사 순화	인종/국적
한녀충보센징	(차단된 문장입니다)	1	5	GENDER/RACISM	[한녀충, 보센징] -> 한국 여성 및 자국민에 대해 여성 성기 멸칭을 엮은 극단적 혐오어로 차단	여성/가족
좆충은 멍청해서 안돼 멸종 아니면 5퍼로 개체수조절 할 것도 없노 앞으로 여자 백년넘게 살때 무뇌 기생충들 평균수명 17년으로 하고 자적자나 시켜야	(차단된 문장입니다)	1	5	GENDER	[좆충, 멸종, 기생충] -> 남성을 성기 멸칭으로 부르며 멸종 및 수명 단축이라는 반인륜적 주장을 하여 차단	남성
94 고추 안서는 아재다.. 샾으로 읽었다 해시태그는 생각도 못했노 요즘 젊은친구들 대단하노..	나이가 들어 신체적으로 활력이 떨어진 사람으로서, 신조어인 해시태그를 기호로만 읽었네요. 요즘 젊은 세대의 감각은 정말 뛰어나네요.	2	2	SLUR	[고추 안서는, 아재] -> 부적절한 신체적 자조 및 커뮤니티 어법 순화	악플/욕설
아재 건강하세요 -~!!!	어르신, 늘 건강하십시오!	2	1	NORMAL	[아재] -> 상대를 부르는 호칭을 정중하게 순화	clean
나는 리버럴 패앱니스트다 애비를 몽둥이로 찜질하는 건 내 자유니 효도코르셋이라 하지말라이기!!!	(차단된 문장입니다)	1	5	GENDER/COMMUNITY	[애비를 몽둥이로 찜질, 이기] -> 가족에 대한 직접적인 물리적 폭력 위협 및 혐오 커뮤니티 말투로 차단	남성
? 어디 박사모 카페에서 화제됐냐?	해당 소식이 특정 지지층 커뮤니티에서 화제가 된 것입니까?	2	1	NORMAL	[화제됐냐] -> 반말투를 정중한 의문문으로 순화	clean
입술존나 섹시하다. 핫바물려도되냐	(차단된 문장입니다)	1	5	SLUR	[핫바물려도되냐] -> 여성의 특정 신체 부위를 언급하며 성적으로 희롱하고 비하하여 차단	악플/욕설
박근혜 강박증도 최태민이 고쳐준건가	전임 대통령의 특정 심리적 정황도 특정 인물과의 관계와 관련이 있는 것일까요?	2	1	NORMAL	[고쳐준건가] -> 반말투를 정중하게 순화	clean
나 독일인데 독일애들이 씹병신임 ㅋㅋㅋㅋ 지들도 아이폰 안들고 다니는데 난민들은 죄다 아이폰쓰더라 ㅋㅋㅋㅋ 심지어 옷도 다 브랜드옷 ㅋㅋㅋㅋㅋㅋㅋ 구라안까고 내 대학생때 생활수준보다 난민새끼들 생활수준이 높더라고	독일에 거주 중인데 현지인들의 대처가 실망스럽네요. 난민들이 오히려 고가의 제품이나 브랜드 의류를 사용하는 모습이 제 유학 시설보다 더 풍족해 보여서 당황스럽습니다.	2	3	RACISM	[씹병신, 난민새끼들] -> 국적 비하 욕설 및 난민 비칭 순화	인종/국적
빽빽 구럼여자도 균댸가~~~.ㅋㅋㅋㅋㅋㅋㅋㅋㅋㅋ 갖다댈게 군대 밖에 없냐	여성에게도 병역 의무를 부과하라고 주장하시는군요. 논쟁의 근거가 항상 군대 문제에만 머물러 있는 것이 아쉽네요.	2	1	SLUR	[빽빽, 구럼] -> 비꼬는 말투 및 통신체 순화	악플/욕설
자적자=과학 밝혀져부렀노	남성들의 시기질투가 매우 비이성적이라는 사실이 드러났네요.	2	2	GENDER/COMMUNITY	[자적자, 밝혀져부렀노] -> 남성 비하 은어 및 커뮤니티 말투 순화	남성
동성애는 선천적인거냐 후천적인거냐. 동성애 옹호하는 쪽은 선천적인거라서 고치거나 바꿀수 없다는데..그말이 맞노?	성소수자의 성 정체성이 타고나는 것인지 아니면 후천적 요인인 것인지 궁금합니다. 선천적이라 변화가 불가능하다는 주장이 사실인가요?	2	1	LGBTQ	[맞노] -> 반언 어조 및 커뮤니티 말투를 정중한 질문으로 순화	성소수자
여자들이 성소수자라면 무조건 떠받들어줄줄 알고 여대 안에서 여왕벌 노릇하려 들었다가 의외로 실패하니 머리가 띵하지?	여성들이 성소수자를 무조건적으로 지지할 것이라 오해하고 특정 집단 내에서 우월적 지위를 누리려다 실패한 모습이네요. 많이 당황하셨겠습니다.	2	2	GENDER/LGBTQ	[여왕벌 노릇, 머리가 띵하지] -> 특정 성별 비하 및 비꼬는 표현 순화	여성/가족, 성소수자
1박2일에서 3주연속 전라도만 갈때 경상도사람들이 저지랄하는거 한번도못봄	특정 방송 프로그램에서 특정 지역을 집중적으로 다루었을 때, 다른 지역 분들이 저렇게 소란을 피우는 모습은 본 적이 없습니다.	2	1	REGIONAL	[저지랄] -> 비속어 섞인 표현 순화	지역
말도 못알아듣고 힘만 써대고 생각없이 피해만주고 사는 장애좆=한남 아니노?	(차단된 문장입니다)	1	5	GENDER/COMMUNITY	[장애좆, 한남] -> 장애를 비하에 이용하고 남성 성기 멸칭을 사용하여 극단적으로 모욕하므로 차단	남성, 기타 혐오
사회가아니라 숙대.	사회 전체의 문제가 아니라 특정 대학교 내부의 문제인 것 같습니다.	2	1	NORMAL	[숙대] -> 축약된 명칭을 정규 명칭에 맞게 서술	clean
트럼프 솔직히 백인양키 입장에서는 존나 사이다일듯병신같은 감정에 호소하는 선비같은 새끼들 빼고	해당 정치인의 행보가 특정 인종에게는 매우 통쾌한 대안으로 느껴질 것 같습니다. 지나치게 감정에 치우친 일부 비판자들과는 상반된 반응이겠네요.	2	2	RACISM	[백인양키, 병신같은, 새끼들] -> 특정 인종 비칭 및 욕설 순화	인종/국적, clean
씹선비국가클라스네 이시발새끼들ㅋㅋ 창녀좀사먹었다고 직위해제시켜뿌노	(차단된 문장입니다)	1	5	GENDER/SLUR	[창녀좀사먹었다고, 시발새끼들] -> 성매매 행위를 옹호하고 이를 처벌하는 규범을 욕설과 함께 비난하여 차단	여성/가족
노동문제도 제대로 해결하지 못하고 유럽유행따라 젠더? 정의당이라고 하지말고 그냥 대놓고 여성우월당이라고 해! 당신들 같은 편향적 정치는 곧 없어진다! 난 이미 정의당 지지 포기했다! 유권자의 1인으로서 정의당 지지 철회이자 적어도 나한테는 비판대상의 소수당이 되었다!	기본적인 노동 문제조차 해결하지 못하면서 특정 성별 이슈에만 집중하는 정치권의 모습에 실망했습니다. 차라리 특정 성별을 위한 정당이라고 명시하십시오. 이런 편항된 정치는 국민의 선택을 받기 어려울 것입니다. 저는 이미 지지를 철회했습니다.	2	2	GENDER	[여성우월당] -> 특정 정당에 대한 강한 비판을 정중한 어조로 순화	여성/가족
또또 저기 경상도 맞자나?	역시 그곳도 경상도 지역이 맞지 않습니까?	2	1	NORMAL	[맞자나] -> 반말투 및 맞춤법 순화	clean
핸드폰은 유사시 좋은 무기가 될수 있노 잘만 찍으면 뚝배기도 깰수 있다 이기야노	휴대전화는 위급 상황에서 자신을 보호하는 도구가 될 수도 있습니다. 올바른 용도로 사용되어야겠죠.	2	2	NORMAL	[뚝배기도 깰수 있다, 이기야노] -> 물리적 폭력 위협 및 커뮤니티 말투를 공익적 어조로 순화	clean
자지들은 애초에 뭘 하려고 하질 마라. 좀. 다시 말한다. 좆들은 감히 목표란 것을	(차단된 문장입니다)	1	5	GENDER	[자지들, 좆들은] -> 남성을 성기 멸칭으로 부르며 무시하고 비하하므로 차단	남성
이 정부가 기독교탄압을 시작하는것이다!!! 미국은 극장 클럽이런곳을 출입금지시키는데 이 나라는 그런 곳 통제안하고 교회를 제일먼저 통제하니 저들의 술수가 한심스러울뿐이다	현 상황은 특정 종교에 대한 과도한 규제라고 생각합니다. 다른 다중이용시설보다 교회를 우선적으로 통제하는 정부의 방침이 형평성에 어긋나 보이며 유감스럽습니다.	2	1	RELIGION	[술수가 한심] -> 감정적인 단어를 정중한 비판으로 순화	종교
저거 메뉴화면보면 꼭 내가 저기 장난감가게에 들어온느낌들더라자동차박스보면서 왠지 사는느낌들고	저 메뉴 화면을 보고 있으면 마치 장난감 가게에 온 것 같은 기분이 듭니다. 자동차 전시장 같은 느낌이라 설레네요.	0	0	NORMAL	[무해] -> 일상적인 UX/UI에 대한 감상	clean
초대녀 받노? ㅋㅋㅋㅋㅋㅋ	부적절한 만남을 원하는 사람을 구하고 있습니까?	2	2	SLUR	[초대녀] -> 성적인 뉘앙스의 은어를 정중하게 순화	악플/욕설
진짜 이 사건 어떻게 된거냐?	정말로 이 사건의 실체가 무엇입니까?	2	1	NORMAL	[어떻게 된거냐] -> 반말투를 정중한 의문문으로 순화	clean
그러게 노무혜를 왜 뽑았냐ㅋㅋㅋ애초에 리자슨민 공천 꼽아준게 노무혜늬들 담배값은 이제 불체자 새끼들 키우는데 들어간다ㅋㅋ	과거의 정치적 선택이 이런 결과를 낳았군요. 세금이 부적절하게 집행되어 외국인 불법 체류자 지원 등에 쓰이는 것 같아 우려스럽네요.	2	3	RACISM/COMMUNITY	[노무혜, 리자슨민, 불체자 새끼들] -> 전임 대통령 및 인사 비하 멸칭, 인종 차별적 호칭 순화	인종/국적
좆같이생걋네 ㅋㅋㅋ일본년ㅋㅋㅋㅋ	(차단된 문장입니다)	1	5	RACISM/SLUR	[좆같이생걋네, 일본년] -> 외모 비하 욕설 및 특정 국적 여성을 비하하는 멸칭을 사용하여 차단	악플/욕설
공부도 안해놓고 공무원 공사 직원 해달라는 이 그지 근성들	충분한 노력 없이 무조건적으로 안정적인 일자리만 바라는 태도가 정말 실망스럽네요.	2	2	SLUR	[그지 근성] -> 인격 비하적 속어를 정중한 비판으로 순화	악플/욕설
맞는말대잔치노	정말 맞는 말씀만 하시네요.	2	1	COMMUNITY	[대잔치노] -> 커뮤니티 말투를 표준어로 순화	clean
목사이야기 그만쓰고 사람이야기만 기사화해라 목사들이 사람이냐 양의탈쓴 굶주린 이리떼지 주둥이만사람이고	종교 지도자들의 이야기가 지나치게 많이 보도되네요. 성직자답지 못한 일부의 행태를 보면 정말 위선적이라는 생각이 듭니다.	2	2	RELIGION	[개신교 지도자 비하 비유] -> 특정 집단을 짐승에 비유하여 비하하는 언사 순화	종교
고졸 수박장사한다 ㅍㅌㅊ냐 결혼은 할 수있겧지?	고등학교 졸업 후 성실히 수익 활동을 하고 있습니다. 이 정도면 괜찮은 건가요? 미래에 가정을 이룰 수 있을까요?	2	1	NORMAL	[ㅍㅌㅊ냐] -> 커뮤니티 은어를 표준어로 순화	clean
저거 청소년구매불가제품임 ㅋㅋ	해당 제품은 미성년자가 구매할 수 없는 품목입니다.	2	1	NORMAL	[구매불가제품임] -> 명사 종결형을 정중한 서술형으로 순화	clean
아니 왜 다른나라 문화까지 신경써야 하는데?미국은 흑인을 노예삼은 부채의식이라도 있지한국은 아무한테도 피해 안줬는데 살만해지니까왜 ㅄ같은것들이 나눠먹자고 나대?	우리가 왜 타국의 문화나 갈등에 과도하게 반응해야 합니까? 우리나라는 역사적으로 타국에 피해를 준 적이 없는데, 이제 와서 여러 집단이 무리한 요구를 하는 상황이 이해되지 않네요.	2	3	RACISM/SLUR	[ㅄ같은것들이, 나대] -> 욕설 및 공격적 말투 순화	인종/국적
쌍도존나많은데 묻히고싶구나?	(차단된 문장입니다)	1	5	REGIONAL	[쌍도, 묻히고싶구나] -> 지역 비하 및 상대방을 매장하겠다는 직접적인 물리적 폭력 위협으로 차단	지역
블박영상 어디서 봐요?	블랙박스 영상은 어느 경로로 확인할 수 있습니까?	2	1	NORMAL	[어디서 봐요] -> 구어체를 정중한 의문문으로 순화	clean
새벽의 밝은 빛을 가진 이 사회의 대선배가 떠났다 돈밖에 모르는 인간 쓰레기들은 부끄럽지도 않은가? 문동환목사님의 명복을 빈다	훌륭한 인생의 선배를 잃어 슬프네요. 오로지 금전적 가치만 쫓는 무책임한 사람들은 각성해야 합니다. 고인의 명복을 빕니다.	2	2	SLUR	[인간 쓰레기들] -> 타인에 대한 인격 모독적 표현 순화	악플/욕설
개쌍도딸딸이 ㅋㅋㅋㅋㅋㅋㅋㅋㅋㅋㅋㅋㅋㅋㅋㅋㅋㅋ	(차단된 문장입니다)	1	5	REGIONAL	[개쌍도, 딸딸이] -> 특정 지역을 비하하고 상스러운 성적 행위 비유를 사용하여 차단	지역
와 씨발 개슬람 새끼들 태워 죽여야 한다	(차단된 문장입니다)	1	5	RELIGION	[씨발, 개슬람, 태워 죽여야] -> 특정 종교 집단에 대한 비칭 및 화형을 언급하는 극단적 살해 위협으로 차단	종교
어쩜 하나도 빠지지 않고 민좆당이냐	어떻게 매번 특정 정당 소속의 사람들만 연루되는 것입니까?	2	2	COMMUNITY	[민좆당] -> 특정 정당에 대한 성적인 멸칭을 정중한 명칭으로 순화	기타 혐오
3040은 된장녀 1020은 꼴페미 와 ㅅㅂ 존나 막장이네 이런거 누가 만들어서 이렇게 된거냐	삼사십 대 여성을 사치로 비하하고 일이십 대를 사상 문제로 낙인찍는 상황이 정말 보기 안 좋네요. 우리 사회의 갈등이 왜 이렇게까지 깊어진 걸까요.	2	3	GENDER/SLUR	[된장녀, 꼴페미, ㅅㅂ 존나] -> 여성 비하 멸칭 및 욕설 순화	여성/가족
틀송장 위장보수 새끼들 패미까지 쳐빠는 쓰레기들임 ㅋㅋㅋㅋㅋㅋㅋㅋ	(차단된 문장입니다)	1	5	AGE/SLUR	[틀송장, 새끼들, 쳐빠는, 쓰레기들] -> 고령층을 시체에 비유하여 비하하고 욕설과 함께 조롱하므로 차단	여성/가족, 연령
님 저는 운영자입니다. 님의 아이디와 비밀번호를 알려주지 않는다면 해킹해버리겠습니다. 당장 아이디와 비밀번호를 알려주십시오.이거생각나네	과거에 유행하던 '운영자 사칭형 낚시' 내용이 떠오르네요. 정말 황당한 요구들이었죠.	2	1	SLUR	[해킹해버리겠습니다] -> 과거의 장난스러운 내용을 일상적인 회상으로 순화	악플/욕설
왜 희한한게 개념보수녀들은 다 미인이냐 게다가 이분은 전투력도 오지네	공감이 되는 보수 성향의 여성분들은 참 단아한 모습이네요. 게다가 자신의 주장을 관철시키는 의지도 정말 대단하십니다.	2	2	GENDER	[보수녀, 오지네] -> 성별 비칭 및 비속어 순화	여성/가족
woman will be winner !!!!	여성이 승리할 것입니다!	0	0	NORMAL	[무해] -> 보편적인 응원 구호	clean
헐 이 놈 마구니 때려죽여라 맥아더원수님 이 없었다면 지금의 대한민국은 없다 한국 과 미국 은 혈맹이다.	세상에, 저런 무례한 사람은 엄벌에 처해야 합니다. 위대한 전쟁 영웅이 없었다면 오늘의 대한민국도 없었겠죠. 한미 동맹의 가치를 잊어서는 안 됩니다.	2	2	SLUR	[헐 이 놈, 때려죽여라] -> 반말투 및 공격적 표현 순화	악플/욕설
542/프젝봤노 고맙노 추가했다이기	프로젝트 내용을 확인했습니다. 감사합니다, 관련 내용을 잘 반영하겠습니다.	2	1	COMMUNITY	[~노, 이기] -> 커뮤니티 말투를 정중한 표준어로 순화	clean
너련들 쓰는 주작이 진짜 주작이라 생각라노? 한남은 상상을 초월한다 주작이 곧 현실이되노. 그러니 마음껏 주작하라. 어차피 현실이노.	당신들이 쓰는 조작이 진짜 조작이라고 생각합니까? 한국 남성은 상상을 초월합니다. 조작이 곧 현실이 됩니다. 그러니 마음껏 조작하십시오. 어차피 현실입니다.	2	3	GENDER	[한남, ~라노, ~이노] -> 남성 비하어와 커뮤니티 말투를 표준어로 정제	남성
진짜 지긋지긋하다 페미들의 떼쓰기 자기들이 떼쓰다가 역풍맞으니 어뷰징 ㅋㅋㅋ 살찌고 못생겨서 그런가 얼굴에 철면피를 잘까네	정말 지긋지긋합니다. 페미니스트들의 떼쓰기, 자기들이 떼쓰다가 역풍을 맞으니 어뷰징이라고 하네요. 살이 찌고 못생겨서 그런가, 얼굴에 철면피를 깔았네요.	2	3	GENDER	[페미들, ㅋㅋㅋ, 잘까네] -> 여성/페미니스트 비하와 조롱 표현을 표준어로 정제	여성/가족
씨발 병신들이 지들이 혐오감을 주지 않으면 모를까대놓고 똥꾸멍 벌리면서 싸돌아다니는데그게 성소수자라서 혐오라고??	정말 어리석은 사람들입니다. 자기들이 혐오감을 주지 않으면 모를까, 대놓고 그런 행동을 하면서 돌아다니는데 그게 성소수자라서 혐오라고 합니까?	2	4	LGBTQ	[씨발, 병신, 똥꾸멍] -> 성소수자에 대한 극단적 비하와 욕설을 표준어로 정제	성소수자
옷이 중요한 것이 아니라 범죄자를 제압할 신체적 능력이 더 필요하지 않을까요. 범법자들이 여경이라고 살살하고 남경이라고 격렬하게 저항한다는 순진한 생각을 하는 건 아닌지...	옷이 중요한 것이 아니라 범죄자를 제압할 신체적 능력이 더 필요하지 않을까요. 범법자들이 여성 경찰이라고 약하게 대응하고 남성 경찰이라고 격렬하게 저항한다는 순진한 생각을 하는 건 아닌지요.	2	2	GENDER	[여경, 남경, 살살] -> 성별 기반 직업 비하 축약어를 정중한 표현으로 정제	clean
한남수준ㅋㅋㅋㅋ	남성들의 대처 방식이 기대에 미치지 못하는 것 같습니다.	2	2	GENDER	[한남] -> 남성 비하 멸칭을 정제하여 순화	남성
도퇘남이라서 페이강간하는 더러운 새끼들ㅋㅋㅋㅋㅋ쪽팔리지도 않노 ㅋㅋㅋㅋㅋㅋ	(차단된 문장입니다)	1	5	GENDER/SLUR	[도퇘남, 페이강간, 새끼들] -> 남성을 짐승에 비유하고 성범죄자로 매도하며 욕설하여 차단	남성
같이 날고싶네요~~ㅎ	함께 비상하고 싶은 마음이네요.	0	0	NORMAL	[무해] -> 긍정적이고 희망적인 소망	clean
지방 클라쓰 ㅋㅋ	비수도권 지역의 독특한 문화나 상황이 흥미롭네요.	2	1	REGIONAL	[지방 클라쓰] -> 특정 지역 상황을 비꼬는 뉘앙스 순화	지역
할렐루야. 그 가족을 구원하기위해 주님이 일하시네요. 훌륭한 목사님이 되셔서 어려운 이웃에게 복음을 전해주세요. 저도 광주사람이고 전두환을 용서하지않았으나 전재용전도사님보며 용서와 힘을얻습니다.응원할께요	평화를 빕니다. 고난을 겪는 가족들이 신앙을 통해 치유받기를 기원합니다. 훌륭한 종교인이 되어 이웃을 돕는 삶을 사시길 응원하겠습니다. 과거의 아픔을 딛고 용서와 화합의 길로 나아가는 모습에서 저 또한 큰 힘을 얻습니다.	0	0	NORMAL	[무해] -> 종교적 구원과 사회적 용서에 대한 깊이 있는 소회	clean
일본 살바에 대한민국 산다.일본에서 4년제 대학 졸업한 친구 있는데 많은 이야기 나눠봤는데결론만 말하면 평균적인 능력이면 한국,일본에서 사는건 비슷하다.그럴바에는 그냥 자기가 태어난 나라에서 사는게 훨씬 낫다는게 결론이다.	외국 생활보다는 모국에서의 삶이 더 가치 있다고 생각합니다. 실제 현지 경험자의 이야기를 들어봐도, 환경보다는 본인의 역량이 중요하더군요. 결국 자신이 나고 자란 곳에서 정착하는 것이 가장 마음 편하고 좋은 선택인 것 같습니다.	0	0	NORMAL	[무해] -> 국가 간 삶의 비교를 통한 합리적 결론 제시	clean
저거 트럭도 잘못아님??	해당 트럭 측의 과실도 있는 것 아닙니까?	2	1	NORMAL	[잘못아님] -> 반말투 및 의문형을 정중하게 순화	clean
진짜 뷔페년들 자기 마음에 안들면 여혐 이란다  의무는 0도 안하면서 권리는 100 다찾아 먹을 려는 얌체보다 더한 지 집들이다	(차단된 문장입니다)	1	5	GENDER	[뷔페년들, 지 집들] -> 여성을 집단적으로 비하하고 이기적인 집단으로 낙인찍어 혐오하므로 차단	여성/가족
성소수자라 불리는 사람들을 비난하고 싶지 않다. 또한 보고 싶지도 않다. 보고 싶지 않은것 또한 내 권리 아닌가. 제발 나대지 말길	성소수자분들의 삶을 부정하고 싶지는 않지만, 저 개인적으로는 관련 상황에 노출되는 것이 불편합니다. 자신의 신념을 존중받길 원한다면, 타인의 거부감도 존중해주며 과도한 노출은 자제해주면 좋겠습니다.	2	2	LGBTQ	[나대지 말길] -> 공격적인 표현을 상호 존중의 관점에서 순화	성소수자
역시 한남충 앱새끼들 사회악이노	(차단된 문장입니다)	1	5	GENDER/SLUR	[한남충, 앱새끼들, 사회악] -> 남성 및 가족 구성원을 사회악으로 규정하고 욕설을 퍼부어 차단	남성
화목하고 부유한 집안의 가정에서는 성소수자가 나올 수 없다는 연구결과가 있다. 성소수자들은 자신들이 그러고 싶어서 그러는줄 아냐? 혐오를 멈추고 치료가 필요한 상황이다.	(차단된 문장입니다)	1	5	LGBTQ	[치료가 필요한] -> 성소수자를 질병이나 결함이 있는 상태로 규정하고 치료의 대상으로 비하하므로 차단	성소수자
원래 가슴후벼파면서 비아냥거리고 비꼬면 그게 사람 빡돌게만들지	상대방의 아픈 곳을 건드리며 비꼬는 태도는 정말 분노를 유발합니다.	2	1	SLUR	[빡돌게만들지] -> 비속어 섞인 과격한 감정 표현 순화	악플/욕설
트럼프 재선되면 조선족벌레 100마리 죽여야지 ㅎㅎㅎ그때쯤은 중국벌레 죽이는게 합법일듯	(차단된 문장입니다)	1	5	RACISM	[벌레, 죽여야지] -> 특정 민족을 해충에 비유하며 대량 학살을 언급하는 극단적 반인륜 발언으로 차단	인종/국적, clean
일단 서울대생이던, 좆문대생이던가 쓴 글은 거른다. 대학생이 인생 살아봤음 얼마나 살아봤다고 통계도 없는 분석 따위를 봐...	학력 수준을 떠나서 아직 실무 경험이 부족한 학생들의 주관적인 의견에는 한계가 있다고 봅니다. 검증된 데이터가 없는 일방적인 분석은 신중하게 검토할 필요가 있겠네요.	2	2	SLUR/AGE	[좆문대생] -> 특정 대학군을 비하하는 멸칭을 점잖은 표현으로 순화	연령
프랑스는 무슬림 내쫒지 않는이상 미래는 없다. 안그래도 흑인들이 너무 많았는데 , 거기다 무슬림 남민들까지 판치는중.	프랑스의 이민자 유입과 정책적 갈등이 사회 통합을 저해하고 있는 상황이 우려스럽습니다. 인구 구성의 급격한 변화가 국가의 정체성과 질서에 부정적인 영향을 미칠 수도 있을 것 같네요.	2	3	RELIGION/RACISM	[내쫒지 않는이상, 판치는중] -> 특정 종교 및 인종에 대한 배타적이고 혐오적인 뉘앙스 순화	인종/국적, 종교
주작같지않냐?ㅋㅋ	조작된 내용인 것 같지 않습니까?	2	1	SLUR	[주작같지않냐] -> 반말투 및 속어 표현을 정급한 의문문으로 순화	악플/욕설
나련은 지금 페미사이클 끼고 굴러다니는 중이노 ^느^ 뽀송하니 노무딱 좋다 익이야!	(차단된 문장입니다)	1	5	GENDER/COMMUNITY	[나련, 노무딱, 익이야] -> 특정 커뮤니티 전용 혐오 용어 및 고인을 모독하는 말투를 사용하여 차단	clean
아름다운 죽음이네요,,	고귀하고 숭고한 마무리를 하셨네요.	0	0	NORMAL	[무해] -> 죽음의 상황에 대한 긍정적인 평가 및 소회	clean
브금좀 넣지그랬냐놈놈놈 ost가 딱일듯	배경 음악을 삽입했다면 더 좋았겠네요. 특정 영화 음악이 잘 어울렸을 것 같습니다.	2	1	NORMAL	[넣지그랬냐, 브금] -> 반말투 및 줄임말 순화	clean
한녀들 개꿀 빠네	(차단된 문장입니다)	1	5	GENDER/SLUR	[한녀들, 개꿀] -> 여성 집단 전체를 비하하고 맹목적으로 시기하며 혐오하므로 차단	여성/가족
와 ㅋㅋㅋ진짜 메갈 할말을 잃었다범죄자 잡고보니 뭐 선택적수사 ?ㅋㅋㅋㅋㅋㅋㅋㅋㅋㅋㅋㅋㅋㅋㅋㅋㅋㅋ함정수사한것도아니고애초에 어떤 법률지원을 하더라도 한남패치를 무죄로만드는건 불가능함ㅋㅋㅋㅋㅋㅋㅋㅋㅋㅋㅋㅋㅋㅋ	특정 사상을 가진 집단의 무리한 주장을 보니 정말 당황스럽네요. 수사 절차에 문제가 없었음에도 억지 논리를 펴는 것은 옳지 않습니다. 명백한 법 위반 사안에 대해 무죄를 주장하는 것은 받아들이기 어렵습니다.	2	2	GENDER/COMMUNITY	[메갈, 한남패치] -> 특정 집단 비하 및 혐오 섞인 커뮤니티 은어 순화	남성
유대교에서 가톨릭이 나왔고 가톨릭에 반발해서 이슬람이 나왔고가톨릭에서 루터교 프로테스탄트가 나왔고동방정교도 가톨릭에서 뻗어나온거고사실 씨발 걍 다 하난데뭐 씨발 지들끼리 싸우고 지랄예수가 메시아냐 아니냐모함메드냐 예수냐 를 떠나서다같은 GOD만 믿으면서	여러 종교들은 역사적으로 한 뿌리에서 파생되어 긴밀하게 연결되어 있습니다. 본질적으로는 같은 신앙을 공유함에도 불구하고, 교리상의 사소한 차이로 인해 심한 갈등을 빚는 현실이 참 안타깝습니다.	2	3	RELIGION/SLUR	[씨발, 지랄] -> 거친 욕설을 제거하고 이성적인 종교 비판으로 순화	종교
게이 아웃 레즈 아웃	(차단된 문장입니다)	1	5	LGBTQ	[아웃] -> 성소수자를 사회에서 배제하려는 혐오 선동 구호를 사용하여 차단	성소수자
나도 장난인줄 알앗는데성향이라는게 진짜 있더라	저도 가볍게 생각했는데, 사람의 타고난 성향이라는 것이 실재한다는 점을 깨닫게 되었습니다.	0	0	NORMAL	[무해] -> 성 정체성 또는 개인적 성향에 대한 진지한 깨달음	clean
와 시발ㅋㅋㅋㅋㄲㅋㅋ 진짜 당연한거아니냐??시발ㅋㅋㅋ애초에사랑받고싶으면 애슐리에서 스테이크가답임ㅋㄲㅋㅋㅋ 아 ..마자 한남들은돈이없어서 ..애슐리못가봤구나...미안해 팩폭이라ㅎㅎ	참 어처구니없네요. 진심 어린 관계를 원한다면 격식 있는 자리에서 노력하는 자세가 필요합니다. 경제적 능력이 부족하다며 상대를 비하하는 태도는 본인에게도 도움이 되지 않습니다.	2	3	GENDER/SLUR	[시발, 한남들] -> 욕설 및 남성 비하 뉘앙스 순화	남성
유일한 이자스민 업적(?)이라고 해야 하나?	특정 정치인의 활동 중 긍정적으로 평가받을 만한 거의 유일한 사례 아닐까요?	0	0	NORMAL	[무해] -> 특정 인물의 성과에 대한 개인적인 가치 판단	clean
쪽수부터 밀리는거 같은데?	수적으로 상당히 불리한 상황인 것 같습니다.	2	1	NORMAL	[밀리는거 같은데] -> 반말투 및 속어를 정급한 서술형으로 순화	clean
꼬시다! 하나님이 너같은 거짓 선지자에게 벌을 내리신거야!	인과응보군요. 신앙을 기만하며 그릇된 길로 인도한 대가를 치르는 것입니다.	2	1	RELIGION	[꼬시다] -> 타인의 불행을 조롱하는 표현을 정중한 비판으로 순화	clean
시발 난 고졸에 흙수전데개 소심해서 뭐 진상짓 꿈에도 못꾼다시발 좆같다	저는 가정 형편도 넉넉하지 못하고 성격도 소심해서 부당한 요구조차 하지 못합니다. 이런 제 상황이 참 답답하고 속상하네요.	2	3	SLUR	[시발, 좆같다] -> 욕설 및 자조적인 비속어를 제거하고 감정을 정제	악플/욕설
재용이가 불법 재산 상속 중에 ㅣ조만 내놔도 넌 영웅기업인 ㅣ천억이나 내놌것나 도두 ㆍㄱ 노 ㆍㅁ이 지머 내놓겧어 그래서 항국은 ᆢ	특정 기업인이 막대한 재산을 사회에 더 환원했다면 많은 이들의 존경을 받았을 것입니다. 하지만 탐욕스러운 행태를 보이는 이들에게 그런 헌신을 기대하기는 어렵겠죠. 참 안타까운 현실입니다.	2	2	SLUR	[도두 ㆍㄱ 노 ㆍㅁ] -> 인물에 대한 욕설 섞인 비하를 정중하게 순화	clean
흑좆나 빡치노 나중에 워마드 업적만 쏠랑 빼먹을 거면서ㅋㅋㅋㅋ 워마드 지우기 오지노	(차단된 문장입니다)	1	5	GENDER/COMMUNITY	[흑좆나, 빡치노] -> 여성 성기 멸칭을 엮은 욕설 및 혐오 커뮤니티 전용 말투로 차단	악플/욕설
기자분 이글 내리세요. 논리도 없고 트랜스젠더까지 뭘 어쩌란거예요. 자신이 선택했으니 저신이 껴안고가야지 왜 우리가 껴안아라 마라 차별이니 하고 있나요? 기자라면 이런 기사를 올리기전 역겨워하는 대다수를 배려했었어야죠	(차단된 문장입니다)	1	5	LGBTQ	[역겨워하는 대다수] -> 성소수자를 혐오스러운 존재로 매도하고 사회적 배제를 주장하여 차단	성소수자
비호감 음식으로는 썩은 홍어가 다 제끼지 않노 ㅋㅋㅋ	호불호가 갈리는 음식 중에는 특정 지역의 발효 음식이 가장 상위에 있을 것 같습니다.	2	2	REGIONAL	[썩은 홍어, 않노] -> 지역 비하 의도가 섞인 음식 폄하 및 커뮤니티 말투 순화	지역
트레이 위에 맘충터치 볼때마다 좆같네	(차단된 문장입니다)	1	5	GENDER/SLUR	[맘충터치, 좆같네] -> 어머니 집단을 벌레에 비유하는 극단적 멸칭 및 욕설로 차단	여성/가족
동성애자 ㅈㄴ싫음 가장싫은게 차별금지법 만들어서 나같은사람 입막으려는게 가장 혐오스럽다	(차단된 문장입니다)	1	5	LGBTQ	[ㅈㄴ싫음, 혐오스럽다] -> 성소수자에 대해 명백한 증오를 표출하고 적대감을 드러내어 차단	성소수자
왜 저리도 경상도정권을 무너트리려고 평생을싸워 왔는지 저 사진 한장이 모든걸 설명해주네	지난 역사 속에서 특정 정치 권력에 저항하며 투쟁해온 과정이 이 사진 한 장에 모두 담겨 있는 것 같습니다.	0	0	REGIONAL	[무해] -> 역사적 사건에 대한 주관적인 해석과 감상	지역
페미니즘과 뷔페미니즘은 구분해야 함. 페미니즘 오염시킨 번식탈락 워마드 메갈 여시 암퇘지들은 제발 너희끼리 살길.	(차단된 문장입니다)	1	5	GENDER	[번식탈락, 암퇘지들] -> 특정 성향의 여성을 짐승에 비유하고 불필요한 존재로 낙인찍어 혐오하므로 차단	여성/가족
버거퀸하고 파더터치 하라고해.	특정 브랜드 명칭을 성별 프레임으로 비꼬기보다, 더 보편적인 가치를 추구했으면 좋겠습니다.	2	1	GENDER/SLUR	[파더터치] -> 특정 브랜드를 비아냥거리는 표현 순화	악플/욕설
한국 개신교도 직접 살해만 안했지 정신적으로 성소수자들한테 엄청난 압박과 스트레스를 줘서 자살로 몰아가고 있음. 그냥 다른 유형의 종교살해가 한국에도 존재.	일부 종교 단체들의 엄격한 교리가 사회적 소수자들에게 정서적으로 감당하기 어려운 고통을 안겨주기도 합니다. 이는 생명의 가치를 중시하는 종교의 본래 목적을 되새기게 하는 대목입니다.	0	0	RELIGION	[무해] -> 종교적 태도가 소수자에게 미치는 영향에 대한 비판적 통찰	종교
레즈꿘이노?	특정 성소수자 관련 권익을 주장하는 분이십니까?	2	1	LGBTQ	[레즈꿘] -> 특정 성향 활동가에 대한 비칭을 정중하게 순화	clean
정말 궁금하기도하고 진지하게물어보는건데 저기 남자화장실가서 꼬추까고(보지들한테 보란듯이) 오줌싸면 되려 남자가 처벌받는건지 너무 궁금하다	만약 공공장소인 남자 화장실에 타 성별이 들어와 있는 상태에서 신체를 노출했을 때, 그 책임 소지가 어떻게 되는지 법률적인 부분이 정말 궁금합니다.	2	3	SLUR	[꼬추까고, 보지들] -> 성기 비칭 및 저속한 표현을 법률적 의문조로 순화	악플/욕설
진지하게 여자가 지능이 더 높을까?	객관적인 지표로 보았을 때 성별 간의 지적 능력 차이가 존재하는지 궁금합니다.	2	2	GENDER	[여자가 지능이 더 높을까] -> 특정 성별의 우열을 가리려는 뉘앙스 순화	여성/가족
여군으로 인정해준다고 이게 문제가 안될까?	해당 정책을 시행한다고 해서 모든 사회적 갈등이 해결될 수 있을까요?	0	0	NORMAL	[무해] -> 정책의 실효성에 대한 개인적 의문	clean
한군데서만 했겠냐. 다 저모양이니 보도가 되지.	비단 그곳만의 문제가 아닐 것입니다. 보편적인 문제이니만큼 비판의 목소리가 커지는 것이겠죠.	0	0	SLUR	[무해] -> 사회적 전반의 문제점에 대한 비판적 추론	악플/욕설
해줘충 극혐	일방적인 도움만 바라는 이기적인 태도가 정말 실망스럽습니다.	2	2	SLUR	[해줘충, 극혐] -> 대상을 비하하는 멸칭을 정중한 비판으로 순화	악플/욕설
미친냔 늘거두 추하게 늙어야 할꼬 아냐 ㅎ; 즈그애비 김밥천국 국그릇 가지고 컬링하다가 머가리 쪽박날 쀼젤인 주제에 ^^ ;	(차단된 문장입니다)	1	5	AGE/SLUR	[미친냔, 쀼젤, 머가리] -> 여성 및 고령층 소유자에 대한 패륜적 욕설과 조롱으로 차단	악플/욕설
총 근무 시간 남자가 더 많은데. 페미니즘은 사기	남성들의 전체 노동 시간이 더 길다는 통계가 있습니다. 따라서 특정 성별 이슈만을 강조하는 가치는 신뢰하기 어렵네요.	2	2	GENDER	[페미니즘은 사기] -> 특정 사상을 범죄 행위에 비유하여 비하하는 언사 순화	여성/가족
탈북자들 받을때마다 김일성 김정일 김정은 개새끼 하는거 영상 따놨다가 북한가면 그영상 북으로 전송해주면 다됨	국내 체류 중인 이주민들의 사상 검증을 철저히 하고, 만약 부적절한 행보가 발견된다면 엄격하게 책임을 물어야 한다고 생각합니다.	2	3	RACISM/SLUR	[개새끼] -> 욕설 및 극단적인 보복 제안을 정중한 관리 제언으로 순화	인종/국적
맘충들 보지는 무슨 맛일까 허엌허엌	(차단된 문장입니다)	1	5	GENDER	[맘충들, 보지, 허엌허엌] -> 어머니 집단에 대한 극도로 저속한 성희롱 및 구역질 나는 성적 비하로 차단	여성/가족
~다노 좆팔 ㅋㅋㅋ 제갈공명ㅋㅋㅋㅋㅋㅋ 웃챙이노 ㅋㅋ	(차단된 문장입니다)	1	5	SLUR/COMMUNITY	[좆팔, 웃챙이노] -> 특정 여초 커뮤니티 전용 혐오 어휘 및 욕설을 사용하여 차단	악플/욕설
이재명을 뽑아 대한민국 시즌 1을 끝내야지대꺠문과 홍어 쥐새끼들을 모조리 뼈까지 뽀개 멸종시켜야시즌 2 시작 가능함	(차단된 문장입니다)	1	5	REGIONAL/COMMUNITY	[홍어 쥐새끼들, 멸종] -> 특정 지역민과 정치 지지층을 짐승에 비유하고 집단 살해를 선동하는 반인륜 발언으로 차단	지역
좆족이라 부르지 말고 그냥 짱개새끼라 부르면 되는데 아니면 북조선족이라 하던가	(차단된 문장입니다)	1	5	RACISM	[좆족, 짱개새끼] -> 특정 민족을 비하하는 멸칭 및 욕설을 사용하여 혐오를 조장하으므로 차단	인종/국적
뭔가 틀딱 알고리즘맞는거같노... 시발 홍어새끼들 틀딱새끼들 죄다 잡아서 바이든 후장에 넣으면 해결되는거냐?	(차단된 문장입니다)	1	5	AGE/REGIONAL/SLUR	[틀딱, 홍어새끼들, 후장에] -> 연령 및 지역 비하 멸칭과 추잡한 성적 비유를 동원하여 차단	연령, 지역
"고왕릉디시고정닉=야이같잩은엘리트새끼들아!=!=	"	해당 사용자의 글을 보니, 소위 잘난 체하는 사람들에 대한 강한 적개심이 느껴지네요. 정말 실망스럽습니다.	2	2	SLUR	[같잖은, 새끼들아] -> 상대를 낮잡아보는 표현 및 욕설 순화	악플/욕설
내돈 아니라고 너무하네 ㅋ	본인의 부담이 아니라고 해서 너무 무책임하게 행동하시는 것 아닙니까?	2	1	NORMAL	[너무하네] -> 반말투를 정중하게 순화	clean
좋노 행갓ㅊㅣ는 ㅇㅊ야	(차단된 문장입니다)	1	5	COMMUNITY	[ 좋노, ㅇㅊ] -> 특정 혐오 커뮤니티 전용 말투 및 성적 비유 은어를 사용하여 차단	clean
능력 없으니까 여혐으로 지지율 좀 얻어보려고 하지만 그마저도 멍청해서 잘 못하는 하태경... 군가산점으로 남자들이 피해입는다면서 여성들이 일상적으로 겪는 폭력과 여혐범죄엔 침묵함	특정 정치인이 성별 갈등을 이용해 관심을 끌려 하나, 그 방식이 매우 졸렬하고 무능해 보입니다. 정작 중요한 여성 인권 문제에는 함구하면서 갈등만 조장하는 태도가 실망스럽네요.	2	2	GENDER/SLUR	[멍청해서] -> 인격 비하적 단어를 정제된 비판으로 순화	악플/욕설
편순이, 식당아줌마들도 젊은남성손님한테는 불친절한데틀딱손님오면 오줌지리고 새끼양으로 바뀜	(차단된 문장입니다)	1	5	GENDER/AGE	[편순이, 틀딱손님] -> 특정 직종 여성 및 고령층 손님에 대해 극단적 멸칭을 사용하고 비하하여 차단	여성/가족, 연령
사회에 경종을 울리는 사건이다. 잘죽었다 저건.	(차단된 문장입니다)	1	5	SLUR	[잘죽었다] -> 타인의 불행과 죽음을 정당화하고 조롱하는 반인륜적 발언이므로 차단	악플/욕설
"웹툰 만화판 미술 예술 예체능 전부다 홍어 518%	"	(차단된 문장입니다)	1	5	REGIONAL	[홍어, 518%] -> 특정 지역민을 멸칭으로 부르고 역사적 비극을 조롱의 수단으로 사용하여 차단	지역
ㄷㄷㄷㄷㄷㄷㄷㄷㄷㄷㄷㄷㄷ	정말 깜짝 놀랐습니다.	0	0	NORMAL	[무해] -> 단순한 놀람의 표현	clean
저런 새끼들 설치면 애국게이들 몰려다니면서 도리깨로 무슬림의 해골을 깨자 다 깨면 개독의 해골도 깨자	(차단된 문장입니다)	1	5	RELIGION	[무슬림의 해골을 깨자, 개독] -> 특정 종교 신도들에 대한 실제적이고 잔혹한 신체 훼손 위협을 가하여 차단	종교
좆팔 ㅇㄱㄹㅇ이노 클리자위하는게 최고다 이기야노 냄져새끼들은 미개해서 지 좆만 흡입당하면 끝이지 클리는 신경도 안쓰노 ㅋㅋㅋㅋ조옷팔~~	(차단된 문장입니다)	1	5	GENDER/COMMUNITY	[좆팔, 냄져새끼들, 이기야노] -> 남성을 비하하는 멸칭 및 저속하고 천박한 성적 묘사, 혐오 어법을 사용하여 차단	남성
아니 유튜브가 친동성이아니고 구글자체가 친동성이더라 시발 구글코리아는 한국퀴어축제 참가해서 메인홍보물에 쳐올리질않나 구글본사는 말할것도없고 애미씨발 ㅡㅡ	유튜브만이 아니라 모기업 전체가 성소수자 우호 정책을 펴는 모양새입니다. 국내외 행사에서 이를 전면적으로 홍보하는 모습이 정말 거부감 들고 화가 나네요.	2	3	LGBTQ/SLUR	[씨발, 애미씨발] -> 심한 욕설을 정제하고 기업 정책에 대한 불만을 이성적으로 표현	성소수자
개슬람 극혐 알라는 존재하지 않는 소설 속 등장인물	해당 종교의 가치관에 전혀 동의할 수 없습니다. 그들이 믿는 대상 또한 허구일 뿐이라고 생각하며, 그들의 행태가 매우 불쾌합니다.	2	2	RELIGION	[개슬람, 극혐] -> 종교 비하 멸칭 및 혐오 표출 어휘 순화	종교
너련 말이 맞노 중국도 개돼지 많아서 유행 타는 시기가 좆국처럼 빠르노 중국홍콩 있으면서 한류 때문에 코르셋 하나씩 주워드는꼴보고 기함했노 현재 여자 아이돌 위주 한류 같은것도 사실상 사라져야하노	(차단된 문장입니다)	1	5	GENDER/COMMUNITY	[너련, 개돼지, 좆국] -> 여성 비하 및 자국 비하 멸칭과 커뮤니티 전용 혐오 말투를 사용하여 차단	인종/국적
아이들의 꿈과 희망의 상징인 무지개를 본인들 성적 욕망의 상징으로, 역시 개 변태들	순수한 상징물을 성소수자들의 대표 이미지로 사용하는 것이 적절하지 않아 보입니다. 그들의 행동이 매우 비상식적이고 기이하게 느껴지네요.	2	2	LGBTQ	[개 변태들] -> 특정 집단을 변태로 매도하는 욕설 섞인 비하 순화	성소수자
초코볼,화이트 초코볼	특정 색상의 과자 제품 이름이네요.	0	0	NORMAL	[무해] -> 일상적 단어 나열	clean
제발 한남민국 오지 않기를 바라노 나도 곧 탈조한다 이기 이제 꼬레아하면 몰카다 이기 한남충들 나라 망신 다시키노 좆팔 애비뒤진 새끼들	(차단된 문장입니다)	1	5	GENDER/COMMUNITY	[한남충, 탈조한다 이기, 애비뒤진] -> 남성 및 자국에 대한 극단적 비하와 패륜적 욕설, 혐오 어법을 사용하여 차단	남성
씨발 미개한 새끼들 순대에 뭔 장을 찍어 먹고 지랄이야. 순대는 소금이지.	어떻게 순대에 그런 것을 곁들여 먹을 수 있습니까? 이해하기 어려운 식성 대결이네요. 순대는 소금에 찍어 먹는 것이 정석이라고 생각합니다.	2	2	SLUR	[씨발, 미개한 새끼들, 지랄] -> 욕설 및 인격 비하 표현 순화	악플/욕설
ㅋㅋㅋ통까홍 씨발 ㅋㅋㅋㅋㅋ부산은 야채다 병신들아 부산이랑 대구랑 동급 취급하지마라 씨발 나도 통구이 새끼들 개좆같다 홍통일체 ㄹㅇ	(차단된 문장입니다)	1	5	REGIONAL	[통까홍, 씨발, 통구이 새끼들] -> 특정 지역민을 멸칭으로 부르고 비극적 참사를 조롱의 소재로 사용하여 차단	지역
교회란 집단을 모두없애야할듯 목사가 자기 아내를 토막살인하고 은폐하려 한것도 봤다 ㅅㄴ 시에서 일어났던 사건을 기억한다	일부 종교계에서 발생하는 끔찍한 범죄 사례들을 보면 해당 집단에 대한 회의감이 듭니다. 과거의 충격적인 사건들을 돌이켜볼 때, 종교 조직 전반에 대한 근본적인 정비가 필요해 보이네요.	2	2	RELIGION	[모두 없애야] -> 극단적 주장을 사례 중심의 강력한 비판으로 순화	종교
말세네요..... 쯧쯧	세상 돌아가는 모습이 참으로 개탄스럽습니다.	2	1	SLUR	[말세네요] -> 반말 어조를 정중한 소회로 순화	악플/욕설
제주도는 딱 자전거타기만 좋지 다른건 그닥...자전거로 전체한바퀴 4~5일 게스트하우스 숙박하면 돈 많이안든다매년 갔는데 올해는 못가네...ㅡㅜ	제주도는 자전거 여행을 즐기기에 참 좋은 곳입니다. 저렴한 숙소를 이용하면 경제적으로도 훌륭한 여행지가 될 수 있죠. 자주 방문했는데 올해는 여의치 않아 참 아쉽네요.	0	0	NORMAL	[무해] -> 일상적인 여행 정보 공유 및 아쉬움 표현	clean
응 아냐 틀딱들 100%참석	아닙니다, 고령층 참가자들의 참여도가 매우 높을 것으로 예상됩니다.	2	2	AGE	[틀딱들] -> 연령 비하 멸칭을 정규 단어로 순화	연령
축제는 니미 세미 누드쇼 보러 출사나간 자지보지년놈들 발기쇼지	(차단된 문장입니다)	1	5	SLUR	[자지보지, 발기쇼] -> 저속한 성기 멸칭 및 음란한 행위 묘사로 차단	악플/욕설
댓고 난 걍 얘 나락으로 떨어졌을때 어떻게 생활할지 궁금하다	그런 것보다, 해당 인물이 사회적 지위를 잃었을 때 어떤 삶을 살게 될지 정말 궁금하네요.	2	1	SLUR	[댓고, 얘] -> 반말투 및 상대를 낮잡아보는 말투 순화	악플/욕설
담에 또 소추 소리 나오면 꺼내서 보여줘라	만약 또다시 신체적인 조롱을 듣게 된다면, 당당하게 정면으로 대응하십시오.	2	2	GENDER	[소추] -> 남성 성기 비하 멸칭을 정중한 상황 설명으로 순화	악플/욕설
kia~~~ 아침부터 기분 좋은 소식 듣노 기받아간다익이	와, 아침부터 정말 기분 좋은 소식을 접했네요. 에너지를 얻고 갑니다!	2	1	COMMUNITY	[~노, 이기] -> 커뮤니티 전용 말투를 표준어로 순화	clean
이래서 맘충이라고 부르는구나.-	(차단된 문장입니다)	1	5	GENDER	[맘충] -> 어머니 집단을 교양 없는 벌레에 비유하여 극단적으로 비하하므로 차단	여성/가족
저런말 하는 애들 특징 국민 분열시키려는 조선족임	저런 식의 자극적인 발언을 하는 사람들은 오히려 공동체에 혼란을 주려는 의도가 있는 것 같습니다.	2	2	RACISM	[조선족임] -> 특정 민족을 무분별하게 비난에 이용하는 태도 순화	인종/국적
"게임할시간에 독서,스포츠(쇠질을말하는게아님),악기연주 하는게인생에도움됨	"	게임보다는 독서나 운동, 혹은 악기 연주와 같은 취미 생활이 인생을 더 풍요롭게 만들어 줄 것입니다.	0	0	NORMAL	[무해] -> 생산적인 삶을 권장하는 일상적 조언	clean
막짤에 남자 양갈래머리 좆같네ㅋㅋㅋ 왜저런머리함?	마지막 사진의 남성 스타일이 정말 당황스럽네요. 왜 저런 독특한 헤어스타일을 선택한 것일까요?	2	2	SLUR	[좆같네] -> 비속어 섞인 불쾌감을 정중한 의문으로 순화	악플/욕설
퀄리티 조공짤 ㅇㅊ 조공짤에 ㅈㄷㅈㄷ하는 좆놈들 많으니 많이 써라이기야	(차단된 문장입니다)	1	5	GENDER/COMMUNITY	[ㅇㅊ, 좆놈들, 이기야] -> 특정 혐오 커뮤니티 말투 및 남성을 비하하는 멸칭을 사용하여 차단	남성
응 김길태 조두순 한남 ㅅㄱ	(차단된 문장입니다)	1	5	GENDER	[한남] -> 흉악 범죄자와 일반 남성 전체를 동일시하며 집단적으로 비하하고 조롱하여 차단	남성
우리나라도 개독목사들 사지를 찢어서 광화문에 메달아놨으면 좋겠다 씨발 개독은 무조건 쳐죽이는게 나라평화	(차단된 문장입니다)	1	5	RELIGION	[사지를 찢어서, 쳐죽이는게] -> 특정 종교 성직자 및 신도들에게 잔혹한 처구와 살행을 선동하는 반인륜 발언으로 차단	종교
목사새끼 남은 몇년만 더키우면 평생쓰는ATM기 ㅍㅌㅊ?	성직자의 수입원이 매우 부당해 보입니다. 특정 직분의 금전적인 이득을 저속하게 비유하는 현실이 씁쓸하네요.	2	2	RELIGION/SLUR	[목사새끼, ATM기 ㅍㅌㅊ] -> 성직자 비하 멸칭 및 저속한 비교 순화	종교
부산도 위험하노...	부산 지역도 현재 안전한 상황은 아닌 것 같네요.	2	1	NORMAL	[위험하노] -> 커뮤니티 어휘를 서술형으로 정제	clean
약올리는이가 잘못했네유입되서 분탕질하는것 같은데	상대를 도발하는 사람의 잘못이 큽니다. 의도적으로 소란을 피우려는 목적이 있는 것 같네요.	2	1	NORMAL	[잘못했네, 분탕질] -> 반말투 및 속어를 정중하게 순화	clean
홍들홍들 ㅋㅋㅋㅋ	(차단된 문장입니다)	1	5	REGIONAL	[홍들홍들] -> 특정 지역민(전라도)을 비하하는 멸칭을 교묘하게 비꼬아 조롱하므로 차단	지역
페미인데 남자랑 어떻게 어울림? 남자 혐오하는 애들인데 ㅋㅋㅋㅋ	특정한 사상을 가진 분들이 남성과 원만한 관계를 맺기는 어려워 보입니다. 이미 적대적인 시각을 가지고 계신 것 같네요.	2	2	GENDER	[혐오하는 애들] -> 특정 집단을 혐오자로 단정하는 수위 조절 순화	여성/가족
국가보안법으로 잡아넣주쇼 이적행위	국가 안보에 저해되는 부적절한 행위에 대해서는 엄중한 법적 처벌이 필요합니다.	0	0	SLUR	[무해] -> 위법 행위에 대한 상식적이고 강력한 처벌 요구	악플/욕설
게이게이 쳐 지랄할 때부터 마음에 안 듬. 난 예전부터 '게시판이용자'라고 게이라고 씨부리던거 자체가 똥꼬충들 수작이라고 생각했다	(차단된 문장입니다)	1	5	LGBTQ	[지랄, 똥꼬충들] -> 성소수자를 멸칭으로 부르며 그들의 활동을 불필요한 음모로 매도하여 차단	성소수자
꼭 가라 ㅇㅇ	그곳에 반드시 방문하시기 바랍니다.	2	1	NORMAL	[꼭 가라] -> 반말투를 정중한 명령문으로 순화	clean
"예배안하면 금방 꼬꾸라지나? 그럼 집에서 해. 꼭 교회가서 염병떨지말고... 가족과 이웃 사랑은? 집에서 하는것이 이에대한 실천이여. 목사를 봐야 기도할수있냐? 그럼 교회가서 밖으로 기어 나오질 말던가...	"	예배를 드리지 않는다고 해서 신앙심이 무너지는 것입니까? 집에서도 충분히 기도가 가능합니다. 공공의 안녕을 해치면서까지 특정 장소를 고집하기보다, 진정한 이웃 사랑을 실천하는 자세가 필요합니다.	2	2	RELIGION	[염병떨지말고] -> 종교 행위를 저속하게 비하하는 욕설 순화	종교
3명이서 그랬네 35,38,24	조사해 보니 총 세 명의 인원이 연관되어 있었군요.	2	1	NORMAL	[그랬네] -> 반말투를 정중한 서술형으로 순화	clean
고생한다.	고생하십니다.	2	1	NORMAL	[반말] -> 반말투를 정중한 존댓말로 순화	clean
젠데사상으로 인한 쾌락의 끝은 결국 죄이고 죄의 삯은 사망이다.	(차단된 문장입니다)	1	4	LGBTQ	[성소수자/젠더] -> 특정 가치관을 죄악시하며 죽음과 연관 짓는 극단적 혐오로 차단	성소수자
흰가운보이가 제일가는 챙롬이노 특기는 냄저교수후장빨기다	(차단된 문장입니다)	1	5	GENDER	[챙롬, 냄저, 후장빨기] -> 성적인 멸칭과 저속한 비하 발언으로 차단	남성
나련 그래서 지금 스티커 24장 뽑아왔노 ㅋㅋ다시 보력 충전 됐노	저 그래서 지금 스티커 24장을 뽑아왔습니다. 다시 지원할 힘이 생겼네요.	2	2	COMMUNITY	[나련, -노, 보력] -> 커뮤니티 전용 은어 및 말투를 정중한 표준어로 정제	clean
원래 사고는 끼리끼리 만나야 일어나는거다.	원래 사고는 비슷한 사람들끼리 만나야 일어나는 법입니다.	2	1	NORMAL	[거다] -> 반말투를 정중한 서술형으로 순화	clean
인구감소 핑계로 좌빨놈들이 중국에 나라 팔아먹는거보면 페미 짱깨새끼들이 퍼트리는거같음	인구 감소를 핑계로 특정 정치 세력이 타국에 이득을 주는 것을 보면, 특정 혐오 세력과 타국인들이 선동하는 것 같습니다.	2	3	RACISM/COMMUNITY	[좌빨놈들, 짱깨새끼들] -> 정치적/인종적 비하어를 순화하고 음모론적 맥락을 정제	인종/국적, 기타 혐오
정신이 나갔노 시발 ㅋㅋㅋㅋㅋㅋㅋㅋㅋㅋㅋㅋ재미있네요ㅋㅋㅋㅋㅋㅋㅋㅋㅋㅋ	제정신이 아니군요. 정말 당황스럽습니다.	2	3	SLUR/COMMUNITY	[-노, 시발] -> 욕설 및 커뮤니티 말투를 정중한 표현으로 순화	악플/욕설
늙은년들ㅋㅋㅋ 아지매들 ㅂㄷㅂㄷ하겠노	나이가 있으신 분들이 많이 당황하시겠네요.	2	3	AGE/GENDER	[늙은년들, 아지매들, ㅂㄷㅂㄷ] -> 연령과 성별을 비하하는 표현을 정중하게 정제	여성/가족
당연히 저거 구라지ㅋㅋㅋㅋ 여권만 봐도 생년월일이 서기로 나와있는데 낚인다고? 나이차이 고작 한두살차이나는 틀딱상폐 커플당첨ㅋㅋㅋㅋ	당연히 저것은 거짓입니다. 여권의 생년월일만 봐도 알 수 있는데 속으시는군요. 나이 차이가 얼마 나지 않는 고령 커플이 되셨네요.	2	3	AGE	[틀딱, 상폐] -> 노인 및 연령 비하어를 정중한 표준어로 정제	연령
맘충에다가 네요충이네 ㅋ	아이 어머니에 대해 무례하게 행동하며 특정 말투를 비하하는군요.	2	3	GENDER	[맘충, 네요충] -> 성별 및 특정 집단 비하어를 정중한 지적형으로 순화	여성/가족
957 요정 디폴트가 왜 여자냐 요정은 자지한테나 어울리는 말이노	왜 요정의 기본 설정이 여성입니까? 요정은 남성에게 더 어울리는 말입니다.	2	3	COMMUNITY	[자지, -노] -> 남성 성기 멸칭 및 커뮤니티 말투를 표준어로 정제	남성
관잦보이 기자보이들 워마드 들어와서 때리는 클릭 수만큼 부랄빵 때리게 해 주는 거 어떻노? ㅇ ㅏ 좆뱀은 말이 없노	특정 커뮤니티에 접속하는 남성들이나 기자들에게 신체적인 고통을 주는 것이 어떻습니까? 이들은 말이 없군요.	2	3	GENDER/COMMUNITY	[관잦, 부랄빵, 좆뱀, -노] -> 남성 비하 은어 및 폭력적 표현을 표준어로 정제	남성
좋은 글인거같다 우리가 항상 웜뽕빼라	좋은 글인 것 같습니다. 우리가 항상 특정 커뮤니티의 편향된 시각에서 벗어나야 합니다.	2	2	COMMUNITY	[웜뽕] -> 커뮤니티 전용 은어를 중립적인 표현으로 순화	clean
아가씨=고모, 도련님=삼촌 좋네 애들 기준으로 호칭 불러도 무방	아가씨를 고모로, 도련님을 삼촌으로 부르는 것이 좋겠네요. 아이들 기준으로 호칭을 불러도 무방합니다.	2	1	NORMAL	[좋네] -> 반말투를 정중한 존댓말로 순화	clean
코로나백신 임상 실험결과 그나마 노바가 제일 안전한거 같은데 정식승인 받으면 빈민국 상대로 저렴하게 백신공급해서 다행이네요.. 백신 나온대도 인도같은 빈민국들은 비싸서 백신공급 못받을줄 알았는데 노바같은 회사가 있어서 다행이네요.	코로나 백신 임상 실험 결과 노바백신이 가장 안전해 보입니다. 정식 승인 후 빈곤 국가에 저렴하게 공급될 수 있어 다행입니다.	0	0	NORMAL	[무해] -> 일상적인 정보 공유 및 다행이라는 감상	clean
갓건배 조팔년이기	특정 인물을 입에 담기 힘든 욕설로 비하하고 있습니다.	2	4	GENDER	[조팔년, 이기] -> 여성 비하 욕설 및 커뮤니티 말투를 직접 번역 원칙에 따라 정제	여성/가족
이게 왜 젠더 논란이죠? 그냥 남녀 상관없이 방송에서 해서는 안될짓인데	이것이 왜 성별 갈등의 소재가 되는지 모르겠습니다. 성별과 관계없이 방송에서 해서는 안 될 행동입니다.	2	1	NORMAL	[안될짓인데] -> 반말투를 정중한 서술형으로 순화	clean
기사 앵나좋노 ㅋㅋ드라마 저런내용이였노 ㅋㅋㅋ 냄져목소리 좆같아서 안봤는데 봐바야겟노	기사가 정말 좋네요. 드라마 내용이 저런 것이었군요. 남성의 목소리가 거북해서 보지 않았는데 이제는 봐야겠습니다.	2	3	GENDER/COMMUNITY	[앵나, -노, 냄져, 좆같아서] -> 남성 비하어 및 욕설, 커뮤니티 말투를 표준어로 정제	남성
이 글을 마지막으로 좆본갤은 끝이다이기야. 더이상은 ㄴㄴ	이 글을 끝으로 특정 국가 관련 갤러리 이용을 중단하겠습니다. 더 이상은 하지 않겠습니다.	2	2	COMMUNITY	[좆본, 이기야] -> 국가 비하 및 커뮤니티 말투를 표준어로 정제	인종/국적
북유럽빠는 병신새끼들은 걍 머가리 오함마로 찍으면 된다	북유럽을 무비판적으로 추종하는 어리석은 사람들은 강력한 제재가 필요합니다.	2	4	SLUR	[병신새끼, 머가리, 오함마] -> 폭력적인 표현과 비속어를 정중한 경고문으로 순화	악플/욕설
병신들아 저건 호남에 있는 라인빼서 타 지역으로 이사가는게 아니라 아예 한국을 뜨는거잖어 ㅋㅋ니들이 홍어만큼 증오하는 똥남아 애들 배불리게 생겼는데 이게 좋아할 일이냐? ㅋㅋㅋ	어리석은 사람들아, 저것은 국내의 공장 라인을 다른 지역으로 옮기는 것이 아니라 아예 해외로 이전하는 것입니다. 당신들이 혐오하는 동남아시아 사람들의 이익이 될 텐데 이것이 기뻐할 일입니까?	2	3	RACISM/REGIONAL	[병신들, 홍어, 똥남아] -> 비속어와 지역/인종 비하 표현을 정중한 표준어로 정제	인종/국적, 지역
아 웃챙ㅋㅋㅋㅋ	정말 웃기네요.	2	2	COMMUNITY	[웃챙] -> 커뮤니티 전용 비하 밈을 정중한 표현으로 순화	clean
우리나라 개독들 뭐햇노이거	우리나라 기독교인들은 이 상황에서 무엇을 했습니까?	2	3	RELIGION	[개독, 뭐햇노] -> 종교 비하어 및 커뮤니티 말투를 표준어로 정제	종교
동성애가 질병을 유발한다는 건 이미 많이 밝혀졌는데 아직도 모르고 우긴다고 하는 사람들 정말 제대로 알아보고 하시는 말씀인지 모르겠습니다	동성애가 질병을 유발한다는 주장은 이미 많이 알려진 사실입니다. 그런데도 이를 부정하시는 분들이 정말 제대로 알고 하시는 말씀인지 의문스럽습니다.	0	0	LGBTQ	[제3자 관점 유지] -> 원문의 비판적 어조를 유지하며 사실 관계에 대한 의문 제기를 그대로 전달	성소수자
*** 말로만 바꿨네요,,,,,, 행복하다고 말하지만 실제로는 행복하기 힘들어요.,,,, 말 그대로 성 정체성을 상실한 겁니다. ,,, 안타깝습니다. ,,,, 우리 사회에서 저들을 긍정적으로 미화해서는 절대로 안돼겠습니다.	말로만 상황을 바꾸었을 뿐입니다. 행복하다고는 하지만 실제로는 행복하기 어려울 것입니다. 성 정체성을 잃어버린 것이니까요. 우리 사회가 이들을 긍정적으로 미화해서는 절대 안 됩니다.	0	0	LGBTQ	[무해(?)] -> 특정 집단에 대한 반대 의견이나 안타까움의 표현을 혐오로 규정하지 않고 원문 유지	성소수자
왜저래파였냐 운동복이	운동복이 왜 저렇게 파여 있었습니까?	2	1	NORMAL	[왜저래파였냐] -> 반말 어미를 정중한 의문형으로 순화	clean
낮걸이 합법화 추진하자!!	대낮의 성행위 합법화를 추진합시다!	2	1	NORMAL	[추진하자] -> 반말투를 정절한 제안형으로 순화	clean
다문화건 뭐건 나라지켜주겠다는데 까진말자물론 불법외노자 조선족 개슬람은 아웃	다문화 가정이라도 나라를 지키겠다는 사람들을 비난하지 맙시다. 다만 불법 체류자나 특정 집단, 특정 종교 극단주의자들은 거부합니다.	2	3	RACISM/RELIGION	[외노자, 조선족, 개슬람] -> 특정 집단의 멸칭을 중립적인 표현으로 정제	인종/국적, 종교
너련 글을 읽으니 상폐찐따갈좆새끼가 무릎꿇고 고해성사하다가 재기해버리는 그림이 막 그려지노....노무노무 띵문이다 웜추받아라	당신의 글을 읽으니 나이 많은 무능한 남성이 항복하고 사라지는 모습이 연상되네요. 정말 훌륭한 글입니다. 지지합니다.	2	4	COMMUNITY	[너련, 상폐, 갈좆새끼, 재기, -노, 노무노무, 띵문, 웜추] -> 커뮤니티 전용 남성 비하 및 극단적 은어들을 표준어로 정제	연령
돌아가신 울 아부지 생각나네.....	돌아가신 저희 아버지가 생각납니다.	2	1	NORMAL	[생각나네] -> 반말투를 정중한 존댓말로 순화	clean
전라도놈들이 왜저러는줄아냐 ㅋㅋㅋㅋㅋㅋㅋ우파여도 미친놈 취급받으니 그냥 쉬운길가려고 티안내고 묻어가는거다그래도 막상 투표날은 민주당찍어야한당께 ㅋㅋㅋ	특정 지역 사람들이 왜 저렇게 행동하는지 아십니까? 다른 정치 성향을 가지면 비난받으니 다수와 겉으로만 동조하는 것입니다. 결국 투표 때는 늘 지지하던 정당을 선택할 것입니다.	2	3	REGIONAL	[전라도놈들, -당께] -> 지역 비하 및 희화화 표현을 정중한 표준어로 정제	지역
청소년인거 같은데 함부로 총기다루고 인종차별하노 사실상 분노조절장애 아니냐? 잠깐 쳐다본걸로 이슬람 믿는놈인지 알 수 있을리가 없잖아 결국 운나쁘게 엠창인생 가오잡이 청소년 잘못만나면 한국인이라도 저 지랄 나는건가 생각함	청소년으로 보이는데 함부로 총기를 다루고 인종차별을 하네요. 사실상 분노 조절 장애가 아닙니까? 잠깐 쳐다보는 것만으로 종교를 알 수는 없습니다. 결국 운 나쁘게 불량한 청소년을 만나면 한국인에게도 저런 일이 일어날 수 있다고 생각합니다.	2	2	RELIGION	[-노, 엠창인생, 지랄] -> 욕설 및 커뮤니티 말투를 정중한 표준어로 정제	종교
호오 고년들 참	그 여학생들이나 여성들이 참 대단하군요.	2	2	SLUR	[고년들] -> 여성을 낮잡아 부르는 표현을 정중하게 정제	여성/가족
가구, 가전 배송기사 중 전라도 아닌사람 본적이 없다.	가구와 가전 배송 기사 중 특정 지역 출신이 아닌 사람을 본 적이 거의 없습니다.	0	0	REGIONAL	[무해] -> 개인적인 경험과 관찰을 진술함	지역
프로그램출연자 아빠의직업일뿐인데 목사인게머 노래잘하면됐지 목사갖다붙혀서 열라까이라고 일부러기사낸거같아 반기독교감정일으키려	출연자의 아버지 직업이 목사인 것이 무엇이 문제입니까? 노래만 잘하면 된 것이지요. 목사라는 사실을 강조해서 비난받게 하려는 의도로 보입니다. 기독교에 대한 부정적인 감정을 조장하는 것 같습니다.	2	2	RELIGION	[열라까이라고] -> 비속어를 정중한 표준어로 정제	clean
그값이면 검증된 다른 정혈컵을 사겠다 조팔ㅋㅋㅋㅋㅋㅋ 한남은 돈벌생각 말고 재기길만 걸으라 이기야노	그 가격이라면 검증된 다른 생리컵을 사겠습니다. 남성들은 더 이상 수익을 낼 생각을 하지 말고 사라져야 합니다.	2	4	GENDER	[조팔, 한남, 재기, 이기야노] -> 남성 비하 및 극단적 혐오 은어들을 표준어로 정제	남성
저새끼들은 부동산 매매 금지시키고, 핸드폰, 자동차 사용못하게 만들어야함	저 사람들은 부동산 매매를 금지하고 휴대전화나 자동차 사용도 제한해야 합니다.	2	2	SLUR	[저새끼들] -> 상대를 낮잡아 부르는 표현을 정중하게 정제	악플/욕설
서로 돌아가면서 박고 서로 그걸 빨아주노 구웨에에엑 한남충들똥찌린내 토나온다이기	(차단된 문장입니다)	1	5	GENDER	[박고, 빨아주고, 한남충, 똥찌린내] -> 남성에 대한 저속하고 구역질 나는 성적 비하 및 혐오로 차단	남성
소설이여도 재밌다 이히힣ㅎ히히히히히히ㅣㅎㅎㅎ히히힣	지어낸 이야기이더라도 재미있습니다.	2	1	NORMAL	[소설이여도, 이히힣] -> 반말투와 불필요한 감탄사를 정제하고 정중한 존댓말로 순화	clean
ㅋㅋㅋㅋㅋㅋ 막짤뭐냐	마지막 사진의 내용은 무엇입니까?	2	1	SLUR	[막짤뭐냐] -> 비속어 및 반말투를 정중한 의문문으로 순화	clean
ㅎㄷㄷ 고대 생활모습을 유지하고 있군	정말 놀랍네요. 아직도 오래된 생활 방식을 유지하고 있군요.	2	1	NORMAL	[ㅎㄷㄷ, 있군] -> 통신체와 반말투를 정중한 존댓말로 순화	clean
교회 사이비 집단 다 폭파시켜야지 왜 미친 지랄하고 자빠졌냐	부적절한 종교 집단은 해체되어야 합니다. 왜 비상식적인 행동으로 물의를 일으키는 것입니까?	2	4	RELIGION	[폭파, 미친 지랄] -> 과격하고 폭력적인 표현을 정중한 비판으로 순화	종교
아니 페미욕한게 왜 여성혐오야?	특정 사회 운동가를 비판한 것이 어째서 여성 전체에 대한 혐오가 되는 것입니까?	2	2	GENDER	[페미욕, 왜 ~야] -> 비속어 및 반말투를 정중한 의문문으로 정제	여성/가족
도ㅔ 지 년 한테는 홍발정체가 약이다	(차단된 문장입니다)	1	5	GENDER	[도ㅔ지년, 홍발정] -> 특정인에 대한 동물 비하 멸칭 및 성적 의도가 섞인 극단적 혐오로 차단	여성/가족
ㅋㅋㅋㅋㅋㅋㅋㅋㅋㅋㅋ 씨발 급식새끼들 생각보다 윾쾌하네	학생 친구들이 생각보다 유쾌하군요.	2	3	AGE	[씨발, 급식새끼들, 윾쾌] -> 욕설 및 연령 비하, 야민정음 표현을 정중한 표준어로 정제	연령
쓰까 죽어 멍청한 좆병신들	이기적인 사람들은 반성해야 합니다. 참으로 어리석군요.	2	4	SLUR	[쓰까, 좆병신들, 죽어] -> 커뮤니티 전용 비하어와 욕설, 사멸 종용을 정중한 비판으로 순화	악플/욕설
여기 댓글 진짜 미쳤네 ㅋㅋㅋㅋ 성추행하고 자살한사람을 옹호하고 있네 ㅋㅋㅋㅋ 대깨문들 수준알만함 꼭 본인들 가족이 민주당의원한테 성추행당해도 아무말 하지 않기 바람	이곳의 댓글들이 정말 충격적입니다. 범죄 혐의가 있는 사람을 옹호하고 있군요. 특정 정치 지지자들의 수준이 의심스럽습니다. 당신들의 가족이 비슷한 피해를 당하더라도 침묵할 수 있는지 묻고 싶습니다.	2	3	COMMUNITY	[미쳤네, 대깨문] -> 욕설성 비난과 정치적 멸칭을 정중한 비판으로 순화	기타 혐오
이형 인물좋네	이분 참 인물이 좋으시네요.	2	1	NORMAL	[이형, 좋네] -> 반말투 호칭과 어미를 정중한 존댓말로 순화	clean
차별금지법 통과된 나라들 부작용이 얼마나 사회적으로 큰 문제가 되고 있는지나 아시는지..조금만 더 깊이 알아보고 기사 써주시면 감사하겠어요.	차별금지법이 통과된 국가들에서 발생하는 사회적 부작용이 얼마나 심각한지 알고 계십니까? 조금 더 심도 있게 취재하여 기사를 작성해 주시면 감사하겠습니다.	0	0	RACISM	[무해(?)] -> 특정 법안에 대한 우려와 제언을 정중하게 표현함	기타 혐오
시진핑 개새끼!한국인한테 빌 붙어서 돈 벌어먹는 개 그지새끼들아 제발 니네 나라로 꺼져^^	(차단된 문장입니다)	1	5	RACISM	[개새끼, 개 그지새끼들, 꺼져] -> 특정 국가 정상 및 외국인에 대한 극단적 욕설과 배타적 혐오로 차단	인종/국적
블리치표절이더만 블리치가더재밌음	블리치라는 작품을 표절한 것 같습니다. 원작이 더 재미있네요.	2	1	SLUR	[표절이더만] -> 반말 어미를 정중한 서술형으로 순화	악플/욕설
씨발 아델도 엄마가 스쿨맘이었는데. 왤케 클라스가 틀리노.	정말 격차가 심하군요. 특정 인물과 비교해 보아도 수준 차이가 많이 납니다.	2	3	SLUR/COMMUNITY	[씨발, 왤케, -노] -> 욕설 및 커뮤니티 말투를 정중한 표준어로 정제	악플/욕설
진짜 구라안치고 면상 여장안하고 걍 긴 생머리가발만씌워도 짤에나온년들보다 내가 더 보지같이 나오겠다	(차단된 문장입니다)	1	5	GENDER	[면상, 짤에나온년들, 보지같이] -> 여성에 대한 저속한 비하 및 성적 멸칭 사용으로 차단	여성/가족
목사보다 그걸 믿고 따라하는 병-:신같은 신도들이 더 문제라고 봄	목사보다도 그것을 무비판적으로 추종하는 신도들이 더 큰 문제라고 생각합니다.	2	3	RELIGION	[병-:신같은] -> 종교 신도들에 대한 비속어를 정중한 지적형으로 순화	종교
여시에서 메갈 띵문 보고 메갈 입성- 망하는거 보고 분노에 가득차서 워마드 들어왔노 껄레껄레	특정 커뮤니티에서 좋은 글을 보고 활동을 시작했으나, 상황이 좋지 않아져서 다른 커뮤니티로 옮기게 되었습니다.	2	2	COMMUNITY	[띵문, -노, 껄레껄레] -> 커뮤니티 전용 은어 및 말투를 표준어로 정제	clean
응 틀딲새끼들이나 경로당으로 꺼지라해 왜 여기로 기어들어오냐??	나이가 많으신 분들은 적절한 장소로 가셨으면 좋겠습니다. 왜 이곳까지 오시는 것입니까?	2	3	AGE	[틀딲새끼들, 꺼지라해, 기어들어오냐] -> 노인 비하 및 공격적 언행을 정중한 표현으로 순화	연령
SCUM교의 스캄드 신께선 이 땅에 있는 남성을 많이 죽여야 천국으로 이끌어 주신다 했다이기야	(차단된 문장입니다)	1	5	GENDER	[남성을 많이 죽여야] -> 특정 성별에 대한 살해 선동 및 극단적 혐오로 차단	남성
여자들 평일에도 카페에 가서 옷 쫙 빼입고 노가리 까는 인간들 많음 남자는 공부하랴 일하랴 바쁘게 사는데	평일에도 카페에서 시간을 보내는 여성들이 많아 보입니다. 남성들이 학업이나 업무로 바쁜 것과 대조적이군요.	2	2	GENDER	[노가리 까는 인간들] -> 비속어를 사용하여 여성을 일반화해 비난하는 어조를 정제	여성/가족
여자가 저런 생각을 한다는건 사타구니를 검사 해봐야 한다	(차단된 문장입니다)	1	5	GENDER	[사타구니를 검사] -> 여성에 대한 성희롱적이고 모욕적인 발언으로 차단	여성/가족
야들아 내가 저번에 청와대 규제개혁 신문고에 민원넣었는데 확인하려면어떻게해야되냐? 법무부로넘어갔다는데 민원번호만알고있다	여러분, 제가 이전에 정부 민원 포털에 민원을 접수했는데 확인 방법을 알고 싶습니다. 법무부로 이송되었다고 하며 민원 번호만 알고 있는 상태입니다.	2	1	NORMAL	[야들아, 하냐, 거냐] -> 반말투를 정중한 존댓말로 순화	clean
병신 급식충... 가차없이 처벌해야지 ㅋㅋ	어리석은 청소년이군요. 엄격하게 처벌해야 합니다.	2	3	AGE	[병신, 급식충] -> 비속어 및 연령 비하어를 정중한 표준어로 정제	연령
미안하지만. 조선족은 중국인이고, 대한민국 사람이 아니라는 것을 기억해야할 때다.	죄송하지만 특정 출신 분들은 타국인이며, 우리 국민이 아니라는 사실을 명확히 인식해야 할 때입니다.	2	2	RACISM	[조선족] -> 특정 민족 명칭을 포함한 배타적 주장을 정중한 어조로 정제	인종/국적
일베는 똥꼬충 옹호하는 사이트 아니었냐? 국내 유일하게 성소게 있는 사이트인데	특정 커뮤니티가 성소수자를 옹호하는 곳이 아니었습니까? 국내에서 드물게 관련 게시판이 있는 곳으로 알고 있습니다.	2	3	LGBTQ	[똥꼬충, 아니었냐] -> 성소수자 비하어 및 반말투를 정중한 표준어로 정제	성소수자
그리고 미국도 중국갔다온 모든 사람 입국금지가 아니라 중국에서 오는 외국인 입국금지 + 자국민 격리조치임자국민을 어떻게 막아요 ㅠㅠ 이러는 맘충년들은 그냥 기본 지능이 없는거	미국도 중국 방문 외국인만 입국을 금지하고 자국민은 격리하고 있습니다. 이를 이해하지 못하고 비난하는 사람들은 상황 파악 능력이 부족해 보입니다.	2	3	GENDER	[맘충년들] -> 아이 어머니에 대한 비하 멸칭을 중립적인 표현으로 정제	여성/가족
ㅂ ㅅ들..진짜..열받네??????	어리석은 사람들입니다. 정말 화가 나네요.	2	3	SLUR	[ㅂ ㅅ들, 열받네] -> 초성 욕설 및 반말투를 정중한 표현으로 순화	악플/욕설
딸이 그나마 정상인을 만났는데 때리고 머리밀고.무슬림은 정신병자 집합소. 무함마드가 정신병자여서	딸이 정상적인 사람을 만났음에도 폭행을 가하고 머리카락을 미는 등의 행위는 이해할 수 없습니다. 특정 종교를 맹목적으로 따르는 사람들은 비상식적으로 보입니다.	2	4	RELIGION	[정신병자 집합소, 정신병자여서] -> 특정 종교 및 창시자를 정신병자로 비하하는 표현을 정제	종교, 기타 혐오
빙딱 정부	무능한 정부군요.	2	2	SLUR	[빙딱] -> 비속어를 정중한 비판으로 순화	clean
나와어떤형태로건엮이지만않는다면당신들의선택과삶을존중합니다	저와 어떠한 방식으로든 관계되지 않는다면 당신들의 삶의 방식과 선택을 인정하고 존중합니다.	2	1	NORMAL	[존중합니다] -> 반말 어조가 섞인 평서문을 정중한 존댓말로 순화	clean
서면 화전국수가 짱	서면에 있는 화전국수가 정말 최고네요.	2	1	NORMAL	[짱] -> 속어를 정중한 표준어로 순화	clean
뿔테멸치클론 클럽충들은 맞아죽어도 싸다	유행을 따르며 무분별하게 클럽을 즐기는 사람들은 비난받아 마땅합니다.	2	4	SLUR	[멸치, 클럽충, 맞아죽어도 싸다] -> 외모 비하 및 폭력 종용 표현을 정중한 비판으로 순화	기타 혐오
세상 누가 혹이 임신한 배처럼 생기냐? 임신이랑 혹도  구분 못하는게 어찌 남자랑 그런짓거를 할줄은 아냐?  평생 고통속에 살아라	세상에 혹이 임신한 배와 비슷해 보이는 경우가 어디 있습니까? 사실 관계조차 구분하지 못하면서 부적절한 행위를 한 것입니까? 평생 대가를 치르며 사십시오.	2	4	SLUR	[짓거, 해라] -> 상대를 비하하고 저주하는 어조를 정중한 지적형으로 순화	악플/욕설
어제 민경욱말대로 세상엔 신기한일이 실제로 벌어지는게맞는거같다.	어제 특정 인물의 말처럼 세상에는 믿기 힘든 일이 실제로 일어나는 것 같습니다.	2	1	NORMAL	[맞는거같다] -> 반말 어미를 정중한 존댓말로 순화	clean
세계를 정복하는데엔 인구가 최고구나	인구의 힘이 세계적인 영향력을 발휘하는 데 가장 중요하군요.	2	1	NORMAL	[최고구나] -> 혼잣말투를 정중한 서술형으로 순화	clean
쥐포새끼나 홍어새끼나 ㅋㅋ홍쥐새끼일체잼	특정 지역 사람들을 비하하는 멸칭을 사용하는 것은 모두 부적절합니다. 그런 행위가 반복되는 것이 안타깝군요.	2	4	REGIONAL	[쥐포새끼, 홍어새끼] -> 지역별 비하 멸칭을 직접 번역 원칙에 따라 정중하게 비판	지역
우리나라 개독교들머하냐 이이제이 로 밀어버려라	우리나라 기독교인들은 무엇을 하고 있습니까? 강경한 대응으로 문제를 해결해야 합니다.	2	4	RELIGION	[개독교, 밀어버려라] -> 종교 비하어 및 폭력적 표현을 정중한 비판으로 순화	종교
왜 가깝고 더 잘기좋은 서유럽국가로 안가고 여기까지 기어왔냐.개슬람은 절대 다른민족과 평화롭게 동화되어 살 수 없는 족속들이다.	왜 인접한 국가로 가지 않고 여기까지 온 것입니까? 특정 종교인들은 다른 민족과 화합하여 살아가기 어려운 부류인 것 같습니다.	2	4	RELIGION	[기어왔냐, 개슬람, 족속들] -> 멸칭 및 혐오 어조를 정중한 비판형으로 순화	종교
차별금지법은 동성 성욕자에 대한 합리적인 비판이나 반대까지 입막음 하려는 악한 법인데요? 당연히 반대합니다!	차별금지법은 성소수자에 대한 정당한 비판이나 반대 의견조차 억압하려는 부당한 법이라고 생각합니다. 당연히 반대하는 입장입니다.	2	2	LGBTQ	[성소수자] -> 성소수자를 비하하는 뉘앙스와 과격한 법 비판을 정중한 반대 의견으로 정제	성소수자
---------------경험해 보지 못한나라를 경헙하게 해주겠다는 ------------ 현정권과 더불어민주당 이사람의 개인적인 문제를 떠나서 우리사회가 얼마나 흐트러 졌는지 이러한일이 더군다나 군대에서 조차 발생할정도로 사회가 문제가 많다는거 아닌가~	현 정권의 공약과는 달리, 우리 사회와 군대 내에서 발생하는 여러 문제들은 현재 우리 사회의 질서가 매우 어지러워졌음을 보여주는 것 아닙니까?	2	2	SLUR	[흐트러 졌는지, 아닌가] -> 정치적 냉소가 섞인 반말형 문장을 정중한 의문문으로 순화	악플/욕설
평양살았으면 북한에서 ㅅㅌㅊ 삶 아니었나	평양에서 거주했다면 북한 체제 내에서 상당히 높은 수준의 삶을 영위했을 것 같네요.	2	1	REGIONAL	[ㅅㅌㅊ, 아니었나] -> 커뮤니티 은어 및 반말투를 정중한 표준어로 순화	지역
그래서 지금 전쟁 났냐? 전쟁났어? 으이구 농담도 저렇게 례민하게 받아들이노 이기야.....	그래서 지금 전쟁이 일어났습니까? 농담조차 저렇게 예민하게 반응하시다니 정말 당황스럽네요.	2	3	SLUR/COMMUNITY	[났냐, -노, 이기야] -> 반말 어미 및 커뮤니티 희화화 말투를 정중한 표준어로 정제	악플/욕설
미쳤네 차라리 동방신기나 빅뱅을 넣지	제정신이 아니군요. 차라리 다른 유명 그룹을 섭외하는 것이 나았을 것입니다.	2	1	NORMAL	[미쳤네, 넣지] -> 반말투를 정중한 존댓말로 순화	clean
강력한 대응은 구체적으로 어떤거노 궁금하다이기야	강력한 대응이라는 것이 구체적으로 무엇입니까? 정말 궁금하군요.	2	2	COMMUNITY	[-노, 이기야] -> 커뮤니티 말투를 제거하고 정중한 의문문으로 순화	clean
제발 뒤졌으면;	제발 사라졌으면 좋겠습니다.	2	4	SLUR	[뒤졌으면] -> 죽음을 종용하는 상스러운 표현을 정중한 거부감 표현으로 순화	악플/욕설
아쿠아맨 꿀잼일까?? 엠버허드 젖탱이 까냐??	아쿠아맨이 정말 재미있습니까? 특정 배우의 노출 장면이 있나요?	2	3	SLUR	[꿀잼, 젖탱이 까냐] -> 속어 및 여성 신체 비하/노출 비속어를 정중한 의문문으로 순화	악플/욕설
홍어와좆족 이젠 강용석 빨아되겠네	특정 지역이나 출신 분들이 특정 인물을 옹호하겠군요.	2	4	RACISM/REGIONAL	[홍어, 좆족, 빨아되겠네] -> 지역/민족 비하 멸칭과 저속한 표현을 정중한 추측형으로 순화	인종/국적, 지역
학교에서 남자 교사가 힘든일 다 하는것부터 개선해야죠	학교 현장에서 남성 교사들이 힘든 업무를 전담하는 문화부터 개선되어야 합니다.	0	0	NORMAL	[무해] -> 상식적인 수준의 업무 환경 개선 요구	clean
일본 나라는 나빠도 국민은 착하다는 말 좀 하지마라. 나라를 그지경으로 지지하고 있는게 바로 그 국민. 야비하고 두얼굴에 뒤로 욕하는 저질 인성이 일본인	일본이라는 국가 자체뿐만 아니라 그 국민들도 문제가 많다고 생각합니다. 국가의 행보를 지지하는 이들이 바로 국민이기 때문입니다. 일본인들의 인성 또한 이중적이고 비열해 보입니다.	2	3	RACISM	[하지마라, 저질 인성] -> 국가적/민족적 혐오가 섞인 반말형 주장을 정중한 비판으로 순화	인종/국적
ㄹㅇ 안개인줄 알았는데 스모그+미세먼지 ㅅㅂ ㅋㅋㅋㅋㅋ	정말 안개인 줄 알았는데 스모그와 미세먼지였군요. 참 당황스럽습니다.	2	2	SLUR	[ㄹㅇ, ㅅㅂ, ㅋㅋㅋㅋㅋ] -> 욕설 및 통신체 표현을 정중한 표준어로 정제	악플/욕설
팔이잘리면장애인입니다.또한다리을잘려도우리는장애인이라부릅니다. 그런데자기스스로자신의성기을자르고남자가여자라고인정해달라고하는사람들을정신장애인이라부릅니다. 즉정신병을가진사람입니다. 이런사람들은정신병원에가두고치료해야합니다. 그리고완치을시켜서당당한사회인으로복귀시켜야합니다.	(차단된 문장입니다)	1	5	LGBTQ	[정신장애인, 정신병원에 가두고 치료] -> 성소수자를 정신병자로 감금/치료 대상으로 규정하는 명백한 혐오 및 인권 침해성 발언으로 차단	성소수자
그게 무슨 전문직이야 ㅋㅋㅋ 쌀국이 건설노가다 최저임금 조오오오올라 높게 사무직하고 비교도 안 되게 책정해놔서 지 주제파악 못하네 ㅋㅋ	그것이 어떻게 전문직이 될 수 있습니까? 미국이 건설 현장 노동직의 최저 임금을 사무직보다 훨씬 높게 책정해 놓아서 본인의 위치를 오해하고 있군요.	2	3	SLUR	[쌀국, 노가다, 조오오오올라, 못하네] -> 국가 비하 및 비속어, 반말투를 정중한 지적형으로 순화	기타 혐오
보지 위치올라가면 당연히 젠신짓 안하고 자유로워지노 그럼 곧추 뗀 장애좆들 뭐로 6여쟤입얘댸~9하려고할지 ㅉㅉ	(차단된 문장입니다)	1	5	LGBTQ/GENDER	[보지, 젠신짓, 곧추 뗀 장애좆들] -> 여성 및 성소수자에 대한 극단적 성적 비하와 멸칭으로 차단	성소수자
그리고 트랜스들이 돈은 잘 벌더라. 물론 얼굴+몸매 좀 되야 버는거지만.	성전환을 하시는 분들이 수익이 꽤 좋더군요. 물론 외모적인 조건이 뒷받침되어야 하겠지만요.	2	2	LGBTQ	[트랜스들, 벌더라] -> 성소수자를 낮잡아 부르는 어조와 반말투를 정중한 존댓말로 순화	성소수자
맞말이노 한남들 능력좆도없는 좆거지병신소추들이 지들이 뭐라도 된 줄알고 흑좆나 맨스플레인 하고 설치고 다니노.	(차단된 문장입니다)	1	5	GENDER	[한남, 소추, 흑좆나] -> 남성에 대한 극단적인 성적 비하 및 입에 담기 힘든 멸칭으로 차단	남성
동성애 DNA의 문제다.	동성애는 유전적인 요인이나 생물학적인 문제라고 생각합니다.	2	2	LGBTQ	[문제다] -> 단정적인 반말 주장을 정중한 의견형으로 순화	성소수자
이 방송가가 이러니 미친게지...동성애가 징송받을 짓이냐	방송계가 이런 상황이니 참으로 개탄스럽습니다. 동성애가 칭송받아야 할 행동은 아니지 않습니까?	2	3	LGBTQ	[미친게지, 짓이냐] -> 비난조의 과격한 표현과 반말투를 정중한 비판으로 순화	성소수자
두분의 사랑 진심으로 축복합니다^^ 하나님 보시기에 얼마나 흐뭇하시고 대견하셨을까요! 탈동성애 감사하고 또 감사합니다! 주께영광♡	두 분의 변화를 진심으로 축하합니다. 신앙적으로도 매우 의미 있는 행보라고 생각합니다. 성소수자의 길에서 벗어나게 된 것에 대해 깊이 감사합니다.	2	2	LGBTQ	[축복합니다] -> 특정 가치관(종교 등)에 기반하여 성소수자 성향을 극복의 대상으로 보는 어조를 정중하게 표현	성소수자
쿡제사회의 의무 같은소리하네 어우 씨발	국제 사회의 의무라는 주장은 납득하기 어렵군요. 정말 불쾌합니다.	2	3	SLUR	[쿡제사회, 같은소리하네, 씨발] -> 국가 비하/오기 및 비속어, 욕설을 정중한 거부감 표현으로 순화	악플/욕설
전라도새끼들도 자기들 쓰레기인거 알지?	특정 지역 분들도 본인들의 평판이 좋지 않다는 것을 알고 계십니까?	2	4	REGIONAL	[전라도새끼들, 알지] -> 특정 지역민을 쓰레기로 비하하는 극단적 욕설을 정중한 지적형으로 순화	지역
미친ㅋㅋㅋㅋㅋㅋㅋㅋㅋㅋ	정말 어이가 없군요.	2	2	SLUR	[미친] -> 비속어를 정중한 표준어로 순화	악플/욕설
캬 즐기고 있었구나	즐거운 시간을 보내고 있었군요.	2	1	NORMAL	[캬, 있었구나] -> 감탄사 및 반말 어미를 정중한 존댓말로 순화	clean
하고 싶은대로 했으면 그에 따른 책임도 져라. 떼쓰지 말고.	본인이 원하는 대로 행동했다면 그에 따른 책임도 져야 합니다. 더 이상 억측을 부리지 마십시오.	2	1	NORMAL	[져라, 말고] -> 반말투를 정중한 명령 및 권고형으로 순화	clean
김치년들은그냥답이없다 천성임	(차단된 문장입니다)	1	5	GENDER	[김치년들] -> 여성에 대한 비하적 일반화와 멸칭으로 차단	여성/가족
폭탄테러 당하니까	폭탄 테러의 피해를 입었기 때문입니다.	2	1	NORMAL	[당하니까] -> 불완전한 문장을 정중한 서술형으로 보완	clean
도원결의편 읽다가 노무 힘들어 때려쳤다	삼국지의 도원결의 부분을 읽다가 내용이 너무 힘들어서 그만두었습니다.	2	2	COMMUNITY	[노무] -> 커뮤니티 전용 말투를 제거하고 표준어화	clean
쟤 좆 작은 거 세상사람 다 아는 쀼젤인데 왜 저러노ㅋ	(차단된 문장입니다)	1	5	GENDER	[좆 작은 거, 쀼젤, -노] -> 남성에 대한 성적 비하 및 저속한 조롱으로 차단	남성
마춘뻡 웨절헤?	맞춤법이 왜 저런 것입니까?	2	1	NORMAL	[마춘뻡, 웨절헤] -> 변조된 어법과 반말투를 정중한 표준 의문문으로 순화	clean
뭔소리야 가능충 게이들 얼마나 많은데..	무슨 말씀이십니까? 동성애자분들 중에서도 다양한 성향을 가진 분들이 많습니다.	2	3	LGBTQ	[가능충, 게이들, 뭔소리야] -> 비속어 뉘앙스가 섞인 표현과 반말투를 정중하게 정제	성소수자
저긴 멀어서 오지도못하지않냐?	그곳은 거리가 너무 멀어서 오기 힘들지 않습니까?	2	1	NORMAL	[-냐] -> 반말 어미를 정중한 의문문으로 순화	clean
마자마자! 서현 사는뎅 우리들한테 어렸을때부터 야탑 너머 모란쪽 가지두 말라구 했어! 구성남 쪽 언덕에 조선족들 많다던뎅 정작 거기 전라도 출신 한국 아조씨들두 앰생들에 독기 올라서 좆족들 쪽도 못쓴댕 ㅋㄷㅋㄷ	(차단된 문장입니다)	1	4	RACISM/REGIONAL	[조선족, 좆족, 전라도, 앰생] -> 특정 민족 및 지역 사람들을 비하하고 차별을 조장하는 발언으로 차단	인종/국적, 지역
브금씨발ㅋㅋㅋㅋ	배경 음악이 정말 당황스럽네요.	2	3	SLUR	[씨발] -> 욕설을 정중한 거부감 표현으로 순화	악플/욕설
력시 한남들은 가성비가 엥나온다니까ㅋㅋㅋㅋㅋㅋ 가성비 더 찾으려면 재기해라 한남들아!!! 그게 한국 가성비 올리는 지름길이다ㅋㅋㅋ	(차단된 문장입니다)	1	5	GENDER	[한남들, 엥나온다, 재기해라] -> 남성에 대한 멸칭 및 죽음을 종용하는 극단적 혐오로 차단	남성
진짜 딱 저 글 저 댓글들이대한민국의 한 단면이다 필요없는 쓸모 없는 글로 이세상을 더럽히는 모습	저 글과 댓글들이야말로 우리 사회의 부정적인 단면을 보여주는 것 같습니다. 무의미한 비난으로 사회를 어지럽히는 모습이 안타깝네요.	2	2	SLUR	[더럽히는 모습] -> 과격한 표현과 단정적 어조를 정중한 비판으로 순화	악플/욕설
그냥 유료버전 무료광고있는버전 두개 뽑아라이기야	유료 버전과 광고가 포함된 무료 버전 두 가지로 출시하십시오.	2	2	COMMUNITY	[뽑아라, 이기야] -> 반말투 및 커뮤니티 말투를 정중한 명령형으로 정제	clean
살인마 오원춘도 조선족.. 느그 조선족이 여기서 벌이는짓들 알면 혀를 내두를거다ㅉㅉ 조선족은 추방이 답!	강력 범죄자 중 특정 출신이 있다는 사실은 공포를 줍니다. 해당 민족 분들이 이곳에서 일으키는 문제들을 보면 정말 심각하다고 느낍니다. 이들에 대한 엄격한 관리가 필요해 보입니다.	2	4	RACISM	[느그 조선족, 추방이 답] -> 특정 민족을 일반화하여 공격하고 추방을 주장하는 어조를 정중한 우려로 순화	인종/국적
페미니즘은 일종의 정신병.	여성주의 활동이 과도하면 비정상적으로 느껴질 때가 있습니다.	2	3	GENDER	[정신병] -> 특정 사상을 질병으로 비하하는 표현을 정중한 비판으로 정제	여성/가족
미찐색끼들 ㅋㅋㅋㅋㅋㅋㅋㅋㅋㅋㅋㅋㅋㅋㅋㅋㅋ 물론 위에 나온 분들께 한 얘기가 아님을 확실히 밝힙니다!	정말 비상식적인 사람들이군요. 물론 특정 대상에게 드리는 말씀은 아닙니다.	2	3	SLUR	[미찐색끼들] -> 욕설 변형어를 정중한 표준어로 정제	악플/욕설
근데 그것도 어느정도 외모가 되야지 똥송 + 키 작음 + 파오후 + 뿔테 + 머머리 라면 답 없다	외모적인 조건이 어느 정도 뒷받침되어야 할 것 같습니다. 신체적 특징이나 스타일이 대중적이지 않다면 어려움이 있겠네요.	2	3	RACISM/SLUR	[똥송, 파오후, 머머리] -> 인종/신체/외모 비하 표현을 정중한 표현으로 정제	인종/국적
어이구 시바 생쇼를 해요 양키새끼가	(차단된 문장입니다)	1	4	RACISM	[시바, 생쇼, 양키새끼] -> 외국인에 대한 상스러운 욕설 및 인종 비하로 차단	인종/국적
예수님 항문에 선인장 넣은썰	(차단된 문장입니다)	1	5	RELIGION	[예수님 항문에] -> 특정 종교 신앙 대상을 저속하고 모욕적으로 묘사하여 차단	종교
이 씨발것이 그럼 너너 나라가서 여긴 왜 교회가 없나요 이럼 교회 만들어주냐 씨발꺼개독같은 소리하고 자빠졌네. 너네 나라 쳐가서 할랄짜장집을 차리든가 말던가하고 ㄲㅈ	(차단된 문장입니다)	1	5	RELIGION/RACISM	[씨발것, 개독, ㄲㅈ] -> 특정인 및 종교인에 대한 극단적 욕설과 배타적 혐오로 차단	종교
내 여친 스시인데 페미니즘 남자들 괴롭히는거라고 싫어함ㅋㅋㅋㅋ 자기는 예쁜 사람될거라고 요즘 홈트레이닝 하는데 김치년보다 낫다	(차단된 문장입니다)	1	5	GENDER/RACISM	[스시, 김치년] -> 여성에 대한 국가별 비하 멸칭 및 타국인 예찬을 통한 국내 여성 비하로 차단	여성/가족, 인종/국적
528 게이 정병으로 몰면서 레즈 후려치지 마라 성별하고 젠더 관련 글 쪄야 겠노 조팔	성소수자분들을 정신적으로 몰아세우거나 비하하지 마십시오. 성별 정체성 문제에 대해 명확한 의견을 기술해야겠네요.	2	4	LGBTQ/COMMUNITY	[게이, 정병, 후려치지 마라, -노, 조팔] -> 성소수자 비하 및 욕설, 커뮤니티 말투를 정중한 표준어로 정제	성소수자
아니시발 트젠이라고 말안했으면 알았겠냐고 ㅋㅋㅋㅋ	정말 당황스럽네요. 성전환 사실을 미리 알리지 않았다면 인지하기 불가능했을 것입니다.	2	3	LGBTQ	[시발, 트젠, 알았겠냐고] -> 욕설 및 성소수자 약칭, 반말투를 정중하게 정제	악플/욕설
어휴 개슬람 쉽종자들 ㅋㅋ짱개와 더불어 지구 에 악의 축이다 ㅋㅋ자폭테러는 왜 그렇게 시키냐 ㅋㅋ	(차단된 문장입니다)	1	5	RELIGION/RACISM	[개슬람, 쉽종자, 짱개, 악의 축] -> 특정 종교 및 인종을 악으로 규정하며 극단적 혐오를 표현하여 차단	인종/국적, 종교
작가 흉자놈이노 232라는 놈인데 지 닉네임으로 나이세는게 어른유랑 영혼의 쌍둥이노 ^느^	특정 작가가 여성 혐오적 시각을 가지고 있는 것 같습니다. 행동 방식 또한 특정 인물과 매우 유사해 보이네요.	2	3	GENDER/COMMUNITY	[흉자, -노, ^느^] -> 여성 비하 은어 및 커뮤니티 밈을 정중한 표준어로 정제	여성/가족
으엑 창놈걸레새끼들때문인갑노 후팔 여행가도 기안내 여행은 자제해야겠노	(차단된 문장입니다)	1	5	GENDER	[창놈걸레새끼들, 후팔, -노] -> 남성에 대한 저속한 성적 비하 및 욕설로 차단	남성
남자에게 엄청난돈과 시간이 주어진다면 할수 있는건 뻔하다. 단지 걸리는사람과 안걸리는 사람만 있을 뿐이다.	남성에게 막대한 부와 여유가 주어진다면 발생할 수 있는 문제는 명확합니다. 다만 그것이 드러나느냐 아니냐의 차이일 뿐입니다.	2	2	GENDER	[남성] -> 남성에 대한 부정적 통념을 정중한 비판으로 순화	남성
내가 방금 노령연금 관련 틀딱글도 정게 쳐보내더라	제가 방금 노령 연금과 관련된 어르신 비하 글을 정보 게시판으로 옮겼습니다.	2	3	AGE	[틀딱, 쳐보내더라] -> 노인 비하어 및 반말투를 정중한 서술형으로 정제	연령
세금도 안내는것들이, 나랏돈은 젤많이 축네네~ 그것도%~하나님팔이로	세금 납부 의무를 다하지 않으면서 공공 재원을 많이 사용하는 일부 종교 집단의 행태가 부적절해 보입니다.	2	2	RELIGION	[것들이, 축네네] -> 특정인 및 종교인에 대한 비하 어조를 정중한 지적형으로 순화	종교
러쉬 저번에 똥꼬충이 감히 여성 고객에게 지랄한 거 보고 믿고 거른다 이기야 그리고 좆본 방사능에 오염된 원재료 쓴다고 하니 불매나 해야 하노	특정 브랜드 직원이 여성 고객에게 무례하게 행동한 것을 보고 해당 브랜드를 이용하지 않기로 했습니다. 또한 원재료 수입 국가에 대한 우려도 있어 불매 운동에 동참하려 합니다.	2	4	LGBTQ/RACISM	[똥꼬충, 지랄, 이기야, 좆본, -노] -> 성소수자/국가 비하 및 욕설을 정중한 소비 거부 의사로 정제	성소수자, 인종/국적
다음 총선에 정의당 비례대표 한자리 가능하겠네	다음 총선에서 특정 정당의 비례대표 후보로 나설 수도 있겠군요.	2	1	NORMAL	[능하겠네] -> 반말투를 정중한 존댓말로 순화	clean
그러면 타락한 세속국가인 영국에서 살지말고, 무함마드의 말씀을 충실하게 실천하고 있는 IS에서 살지, 왜 아직도 유럽에 붙어있는 걸까.	세속적인 문화가 싫다면 특정 종교의 원리주의가 지배하는 곳으로 가는 것이 낫지 않습니까? 왜 여전히 유럽 국가에 거주하는지 의문입니다.	2	3	RELIGION	[타락한, 붙어있는] -> 특정 국가 및 종교 단체를 언급하며 비꼬는 투를 정중한 의문으로 순화	종교
돼지년들도 재기좀ㅋㅋ	(차단된 문장입니다)	1	5	GENDER	[돼지년들, 재기] -> 여성에 대한 외모 비하 및 죽음을 종용하는 극단적 혐오로 차단	여성/가족
박사모와 동일선상에 있다	특정 정치 지지 모임과 같은 수준인 것 같습니다.	2	1	NORMAL	[있다] -> 반말 어미를 정중한 존댓말로 순화	clean
릴베두고 우리한테 지랄이노ㅠㅠ 자린이들 ㅋㅋㅋㅋㅋㅋ	다른 커뮤니티를 두고 왜 우리에게 비난을 퍼붓는 것입니까? 입문자들인 것 같아 황망하네요.	2	2	COMMUNITY	[릴베, 지랄, -노, 자린이들] -> 욕설 및 커뮤니티 말투, 연령 관련 비하 뉘앙스를 정중하게 정제	남성
오래갔네ㅅㅅ 존나했겠네 부럽 ㅠㅠ	관계가 오래 지속되었군요. 두 분 사이에 많은 일이 있었겠네요. 부럽습니다.	2	3	SLUR	[ㅅㅅ, 존나] -> 성적인 비속어와 욕설을 정중한 표준어로 정제	악플/욕설
행복하시길 ~	항상 행복하시기를 기원합니다.	2	1	NORMAL	[행복하시길] -> 축약된 종결 어미를 정중한 문장으로 보완	clean
니네들 팩션 잘 골라라 지금 똥꼬충들 건드릴 시즌 아니다	여러분, 상황을 잘 판단하십시오. 현재 특정 집단에 대해 문제를 제기하기에 우호적인 분위기가 아닙니다.	2	3	LGBTQ	[니네들, 팩션, 똥꼬충] -> 반말 및 성소수자 비하어를 정중한 조언형으로 순화	성소수자
ㄹㅇ 단풍국년인데 주변 한남만 죄다 불평했노 ㅋㅋㅋㅋ	정말 캐나다 거주 여성 분인데 주변 남성들에 대해 불만만 늘어놓으시네요.	2	3	GENDER/RACISM	[단풍국년, 한남, -노] -> 국가 및 남성 비하 멸칭을 정중한 표준어로 정제	남성
반드시 자유대한민국에 이슬람 사원이 설립되어서는 안된다... 국민들이 막아야 한다.. 이슬람 테러 집단들.	우리나라에 특정 종교 시설이 건립되는 것에 반대합니다. 혹시 모를 위험에 대비하여 국민들의 적극적인 관심이 필요합니다.	2	4	RELIGION	[안된다, 이슬람 테러 집단들] -> 특정 종교 전체를 테러 집단으로 단정하며 건립 반대를 주장하는 어조를 정중한 우려로 순화	종교
불고기자지 거름망이노 ㅆㅅㅌㅊ ㅋㅋㅋㅋㅋㅋ	(차단된 문장입니다)	1	5	GENDER	[불고기자지, ㅆㅅㅌㅊ] -> 남성에 대한 극단적 성적 비하 및 저속한 조롱으로 차단	남성
점점 진화한다 보슬아치 김치녀 맘충 쿵쾅이 피싸개 더진화햇음 좋겟는데	(차단된 문장입니다)	1	5	GENDER	[보슬아치, 김치녀, 맘충, 쿵쾅이, 피싸개] -> 여성에 대한 온갖 비하 멸칭을 나열하며 혐오를 조장하여 차단	여성/가족
나라는 애들 타락시키겠다고 으르렁대고... 공산주의는 악마다.	국가가 아이들의 교육 환경을 악화시키려 하는 것 같아 우려됩니다. 특정 사상은 매우 위험하다고 생각합니다.	2	2	SLUR	[타락시키겠다고, 악마다] -> 과격한 표현과 단정적 어조를 정중한 우려와 비판으로 순화	악플/욕설
남자 만나는것 자체가 페미가 아닌데?	남성과 교제하는 것 자체가 특정 사상을 가진 사람이라고 볼 수 없지 않습니까?	2	2	GENDER	[아닌데?] -> 반말 어미를 정중한 의문문으로 순화	여성/가족
이따가 저녁에 모 먹지?	있다가 저녁 식사로 무엇을 먹는 것이 좋을까요?	2	1	NORMAL	[모 먹지] -> 반말 및 축약어를 정중한 표준어로 순화	clean
깜둥이=홍어	(차단된 문장입니다)	1	5	RACISM/REGIONAL	[깜둥이, 홍어] -> 흑인과 특정 지역민에 대한 극단적인 인종/지역 비하 멸칭의 결합으로 차단	인종/국적, 지역
동성애자는 품어야하지만 동성애는 우리 아이들을 타락시키는 지름길이다.. 지금 동성애로 수많은 청소년들이 아픔을 겪고 있다	성소수자 개인은 포용해야겠으나 그 문화적 확산은 청소년들에게 부정적인 영향을 줄 수 있다고 봅니다. 현재 많은 학생들이 이로 인해 갈등을 겪고 있는 상황입니다.	2	3	LGBTQ	[타락시키는 지름길] -> 특정 성향을 타락으로 규정하는 과격한 어조를 정중한 우려로 정제	성소수자
알면 알수록 한남충은 뭔가가 엄청나게 결여된 빼액충같다는 생각이드노. 영원히 발전못하는 도태각인 생물. 진짜 쎄고 진짜 강한게 뭔지 모르는 영원한 하류 개돼지인생 한남충들.	(차단된 문장입니다)	1	5	GENDER	[한남충, 빼액충, 도태각, 개돼지인생] -> 남성에 대한 전방위적인 모욕과 입에 담기 힘든 멸칭으로 차단	남성
홍어보다 쌍도가 낫다...이정도지 쌍도새끼들도 너무 노답임	특정 지역보다 다른 지역이 조금 나을 뿐이지, 결국 그곳 사람들도 문제가 많기는 마찬가지입니다.	2	4	REGIONAL	[홍어, 쌍도새끼들, 노답] -> 특정 지역민들에 대한 비하 멸칭 및 욕설을 정중한 비판(일반화)으로 순화	지역
난 원더우먼보다 백배 재밌더만	저는 특정 작품보다 훨씬 더 재미있게 감상했습니다.	2	1	NORMAL	[재밌더만] -> 반말 어미를 정중한 존댓말로 순화	clean
이럼에도 동성애를 아름답게 인권이란 이름으로 포장하는 미디어와 언론에 그대로 청소년들이 노출돼 있으니 걱정입니다ㅠㅠ	그럼에도 불구하고 성소수자 문제를 인권 차원에서 미화하는 미디어의 영향으로 청소년들이 무분별하게 노출되는 상황이 우려됩니다.	0	0	LGBTQ	[제3자 관점 유지] -> 성소수자 관련 미디어 보도에 대한 개인적인 우려를 그대로 전달	성소수자
시발 용어만 다 붙이면 똑똑해보이는 줄 아네 보지들은겉멋만 존나게 들어가지고 시발 허1지웅이냐	(차단된 문장입니다)	1	5	GENDER	[시발, 보지들, 존나게] -> 여성에 대한 저속한 성적 비하와 욕설로 차단	여성/가족
항문은 똥싸는데 쓰는거다	신체 특정 기관은 배설을 위한 고유의 기능을 가지고 있습니다.	2	2	LGBTQ	[똥싸는데] -> 신체 기능을 저속하게 표현하며 성소수자 행태를 빗대는 어투를 정제	성소수자
ㅋㅋㅋㅋㅋㅋㅋㅋㅋㅋ 왜 올렸냐 시발	정말 당황스럽네요. 어째서 작성한 것입니까?	2	3	SLUR	[시발, 왜 올렸냐] -> 욕설 및 반말투를 정중한 의문문으로 순화	악플/욕설
낮아지고 겸손한 자 되어 예배의 자리를 사모하며 기도하겠습니다.	낮은 자세와 겸손한 마음으로 예배에 임하며 기도하겠습니다.	0	0	RELIGION	[무해] -> 일상적이고 정중한 종교적 다짐	종교
페미는 지능의 문제입니다. 페미는 정신병입니다. 페미들은 모두 갈아서 물고기밥으로 줘야합니다.	(차단된 문장입니다)	1	5	GENDER	[정신병, 갈아서 물고기밥으로] -> 특정 사상 추종자에 대한 비인도적인 폭력 선동 및 혐오로 차단	여성/가족
실화냐??원정가서 한다는거지?	정말 사실입니까? 직접 방문하여 진행한다는 의미인가요?	2	1	NORMAL	[실화냐] -> 반말투 및 유행어를 정중한 의문문으로 순화	clean
이건 무조건 여자 말만 믿고 일방적으로 생각하기는 조심스럽다.	이 사안에 대해 특정 성별의 주장만을 전적으로 신뢰하여 판단하기에는 신중함이 필요해 보입니다.	2	2	GENDER	[조심스럽다] -> 반말 어미를 정중한 서술형으로 순화	clean
왜 욕 얻어 쳐먹는지 진짜 모르는건가?짱개들 장애가 많네.	(차단된 문장입니다)	1	5	RACISM	[쳐먹는지, 짱개들, 장애] -> 특정 민족에 대한 멸칭 및 장애 비하 표현이 섞인 극단적 혐오로 차단	인종/국적, 기타 혐오
신천지수사 안함? 선택적수사네	특정 종교 단체에 대한 수사가 이루어지지 않는 것입니까? 편향된 수사라고 생각합니다.	2	2	RELIGION	[안함?] -> 반말 어미를 정중한 의문문으로 순화	악플/욕설
난 글쓴 의견 공감하노 맘충 아예 못쓰게 가져와야하노 미러링 강화? 앱충 더 활성화? 그딴거안되노 그냥 워딩전복이 맞노	저도 작성자의 의견에 동의합니다. 특정 비하 용어를 사용하지 못하도록 사회적 합의를 이끌어내야 합니다. 미러링이나 다른 비하 용어를 양산하기보다 용어 자체를 순화하는 것이 옳다고 봅니다.	2	3	GENDER/COMMUNITY	[-노, 맘충, 앱충] -> 커뮤니티 말투 및 남녀 비하 용어를 정중한 의견으로 정제	clean
왼쪽새끼는 똥양남 피가 섞였노ㅋㅋ 앵나 작다ㅋㅋ	(차단된 문장입니다)	1	5	RACISM/GENDER	[새끼, 똥양남, -노, 앵나] -> 동양인 남성에 대한 인종/성적 비하 멸칭으로 차단	인종/국적
전라도여자특징:전국팔도에서제일맛있음 섹스제일 잘함 한번먹고버리는거 추천	(차단된 문장입니다)	1	5	REGIONAL/GENDER	[전라도여자, 맛있음, 한번먹고버리는거] -> 특정 지역 여성에 대한 극단적 성희롱 및 반인륜적 비하로 차단	여성/가족, 지역
애새끼가 무슨 할인 쿠폰이나 상품증정권으로 아는 맘충들 않음시발 보지도 돈받고 파니까 지 보지에서 캐쉬백이라도 생성되는 줄 아나	(차단된 문장입니다)	1	5	GENDER	[애새끼, 맘충, 시발, 보지] -> 아이와 여성에 대한 극단적인 성적 비하 및 욕설로 차단	여성/가족
성적으로 과장된 악행은 북한, 전라도 새끼들이 잘 쓰는 선동 용어임ㅋㅋ임산부 배를 갈랐네~ 여자 젖가슴을 도려냈네~ 보지에 뭘 꽂았네~	(차단된 문장입니다)	1	4	REGIONAL	[전라도 새끼들, 보지] -> 특정 지역을 비하하며 성적으로 잔혹한 묘사를 동반한 혐오 발언으로 차단	인종/국적, 지역
동성혼?남자끼리 섹스하고 에이즈걸리고 자살하고..그것이 아름다운 가족이더냐? 절대 대한민국에서 받아들여서는 안된다그찮아도저출산이 심각한데 무슨 개짖는소리니?	(차단된 문장입니다)	1	5	LGBTQ	[에이즈, 자살, 개짖는소리] -> 성소수자 결합을 질병/자살과 연관 짓고 욕설로 비하하며 극단적 혐오를 표현하여 차단	성소수자
탈북자가 한국인하고 결혼해서 낳은 아들은 병역 어떻게 처리되는지 아는사람 있냐	북한 이탈 주민이 우리 국민과 결혼하여 낳은 자녀의 병역 의무 이행 방식에 대해 알고 계신 분이 있습니까?	2	1	NORMAL	[있냐] -> 반말 어미를 정중한 의문문으로 순화	clean
생리컵= 저 큰거라니..	생리컵의 크기가 생각보다 크네요.	2	1	NORMAL	[무해] -> 단편적인 감상을 정중하게 보완	clean
'경상도' 한 단어로 설명가능한 상황	특정 지역의 특성으로 미루어 짐작할 수 있는 상황이군요.	2	1	REGIONAL	[무해(?)] -> 지역에 대한 선입견이 담긴 문장을 정중하게 정제	지역
끝에 게이 붙는건 족장급한테만 가능한거 아니냐?	어미에 특정 표현을 덧붙이는 것은 일정 수준 이상의 권한이 있는 분들만 가능한 것입니까?	2	1	NORMAL	[게이, 아니냐] -> 커뮤니티식 말투와 반말투를 정중한 의문문으로 순화	clean
트젠들은 강간당하는게 소원이라는것에서 이미 여자가 아니다 겉도 속도 유전자도 뼛속까지 냄져임	(차단된 문장입니다)	1	5	LGBTQ/GENDER	[트젠, 강간, 냄져] -> 성소수자에 대한 반인륜적 공격 및 성별 정체성 부인, 멸칭 사용으로 차단	남성, 성소수자
재스민!!	재스민입니다!	2	1	NORMAL	[재스민] -> 단어를 정중한 문장으로 보완	clean
아니 도대체 청소년들이 느낄만한 성차별이 뭐가 있냐??하루종일 학교에서 야자끝내고 성차별을 느낄만한 기운이 있나??	도대체 청소년들이 일상에서 겪을 만한 성차별에는 무엇이 있습니까? 긴 학업 시간 속에서 차별을 인지할 여유조차 없을 것 같습니다.	2	2	SLUR	[뭐가 있냐, 있나] -> 따지듯 묻는 반말투를 정중한 의제 제기형으로 순화	악플/욕설
틀린말은 아닌데 너 같은 생각가지고 외교하다가는 나라 말아 먹는다.	틀린 말씀은 아니지만, 그런 일방적인 사고방식으로 외교를 수행한다면 국가에 막대한 손실을 초래할 수 있습니다.	2	2	SLUR	[너, 말아 먹는다] -> 상대를 낮잡아 부르는 지칭과 과격한 표현을 정중한 경고로 순화	악플/욕설
전역시켜야한다...미쳤네 다시 여군으로 입대하세요..어디서 다 지하고싶은대로야.	전역 조치가 필요하다고 생각합니다. 정말 비상식적인 행동이군요. 다시 처음부터 군 생활을 시작하셔야겠습니다. 본인의 뜻대로만 행동해서는 안 됩니다.	2	3	SLUR	[미쳤네, 지하고싶은대로] -> 비난조의 과격한 표현과 반말을 정중한 지적형으로 순화	악플/욕설
만베주고간다.	추천을 누르고 갑니다.	2	2	COMMUNITY	[만베] -> 커뮤니티 전용 추천 용어를 정중한 표준어로 정제	clean
좆팔 신문 받아보는데 대선후보라고 나와있는거 보면 심상정 껴주지도 않는거 꿘련들은 눈가리고 아웅 하는거냐? 우리집에서 받아보는 신문 두개 다 심상정은 껴주지도 않는다	(차단된 문장입니다)	1	4	GENDER	[좆팔, 꿘련] -> 특정 정치 성향 여성에 대한 욕설 및 비하 은어로 차단	악플/욕설
뭐야:? 북한이 더 잘먹고 잘산다고? 확실함? 씨발롬들이 뱃때지 기름기 쳐 들어가서 헛소리 하는게 아니고? 씨발련들...믿을 수가 없어..전라도 새끼들 보다 더 뒷통수 때리는 빨갱이 새끼들이...	(차단된 문장입니다)	1	5	RACISM/REGIONAL	[씨발롬들, 전라도 새끼들, 빨갱이 새끼들] -> 특정 국가/지역/정치 성향인들에 대한 극단적 욕설과 혐오로 차단	인종/국적, 지역
걔걔쟬쟬 얘럔먤얘얘~~~~^좆^ㅗ	(차단된 문장입니다)	1	5	SLUR	[^좆^ㅗ] -> 조롱 섞인 외계어와 함께 성기 모양의 텍스트 이모티콘 및 욕설을 사용하여 차단	악플/욕설
호모포비아 정신병이야 치료받아	성소수자에 대해 막연한 두려움이나 혐오감을 가지는 것은 정상이 아닐 수 있습니다. 올바른 인식을 위해 노력해 보십시오.	2	3	LGBTQ	[정신병이야, 치료받아] -> 특정 성향을 질병으로 몰아세우는 어조를 정중한 권고로 순화	악플/욕설
이건 교육당국문제가 아니여	이 사안은 교육 당국의 책임으로만 보기 어렵습니다.	2	1	NORMAL	[아니여] -> 방언형 종결 어미를 정중한 표준어로 순화	clean
ㅅㅅ1 bal 교회댕기지마라  ㅅㅅㅅㅅ짜증나죽겠네 디질새끼들	(차단된 문장입니다)	1	5	RELIGION	[ㅅㅅ1 bal, 디질새끼들] -> 종교 시설 이용자들에 대한 극단적 욕설 및 죽음 종용으로 차단	종교
적어도 아저씨라고 적어야하노 아저씨 아저씨 거리더니 쏙 빼는 한남충 이중성보소	적어도 아저씨라고 표기해야 하는 것 아닙니까? 본인들도 사용하는 호칭을 상황에 따라 기피하는 남성들의 이중적인 모습이 실망스럽네요.	2	3	GENDER	[-노, 한남충] -> 커뮤니티 말투 및 남성 비하 멸칭을 정중한 비판으로 정제	남성
방구석에서 애미 등골이나 빼먹는 병신일게이들이 일본이 어러쿵 저러쿵 지랄하고자빠졌다 에휴 ㅋㅋㅋ 인스티즈 한남더힐 사는 개좆병신 피싸개년들이랑 너네랑 다를게 뭐냐 ㅋㅋㅋ	(차단된 문장입니다)	1	5	GENDER/COMMUNITY	[병신일게이, 지랄, 피싸개년] -> 특정 커뮤니티 이용자와 남녀 모두에 대한 저속한 비하 및 성적 멸칭으로 차단	여성/가족
진짜 러시아의 미개함이 저런데 도움이 될 줄 누가 알았겠어.	특정 국가의 거친 문화적 특성이 예상치 못한 상황에서 긍정적으로 작용하기도 하는군요.	2	2	RACISM	[러시아의 미개함, 알았겠어] -> 국가에 대한 비하 어조와 반말투를 정중하게 순화	인종/국적
6언제든지 섹스하는 성자	성적인 면에서 언제나 개방적이고 자유로운 상태를 지향하시는군요.	2	3	SLUR	[섹스하는 성자] -> 성적인 표현이 포함된 조롱조의 별칭을 정중하게 정제	악플/욕설
새미 저 시발새끼 비정상에서 제일 비호감임 개 좆같은 새끼추방시켜 버려야 함 저런 반흑 개슬람종자 새끼는 ㅇㅇ맨날 개슬람 옹호나 하고 시바새끼	(차단된 문장입니다)	1	5	RELIGION/RACISM	[시발새끼, 좆같은, 개슬람종자, 시바새끼] -> 특정 인물 및 종교인에 대한 극단적 욕설과 인종/종교 비하로 차단	종교
원장님 응원합니다	원장님을 진심으로 응원하며 지지합니다.	2	1	NORMAL	[응원합니다] -> 반말 어조가 섞인 평서문을 정중한 존댓말로 보완	clean
나는 남잔데 = 나는 한녀인데	남성이라고 주장하지만 실제로는 여성일 것이라는 비아냥이 섞인 표현이군요.	2	3	GENDER	[한녀인데] -> 특정 성별 비하 은어를 포함한 비꼼을 정중한 지적형으로 순화	여성/가족
저러면 죽음?	저런 상황이 되면 생명에 지장이 생깁니까?	2	1	NORMAL	[죽음?] -> 축약된 의문문을 정중한 문장으로 보완	악플/욕설
돈없는 한남 ^사람^만 보고 망혼하지마라 그새끼들 좆초에 진가 재산 어떻게 자기 명의로 돌릴지 궁리하는 글 6969696969개 올리노 니네집 재산 노리고 후장팔 각오로 덤비는 새끼들인데 뭔들 못하겠노 대걸레 군무새 한남이 자집애 종특이다	(차단된 문장입니다)	1	5	GENDER	[한남, 망혼, 좆초, 일게, 대걸레, 군무새] -> 남성에 대한 극단적인 성적 비하 및 입에 담기 힘든 멸칭으로 차단	남성
송씨가 단일인가요? 알고보니 알바찾기는 미끼이고 진짜 송씨들에게 문중회를 오게하려는 고도의 전략인거 아닐까요? (10만원이라니 내가가고싶다 ㅠㅠ)	특정 성씨만 모집하는 것이 맞습니까? 혹시 실제로는 문중 행사에 참여시키려는 고도의 전략이 아닐까요? 보상금이 상당해서 저도 관심이 생기네요.	2	1	NORMAL	[내가가고싶다] -> 반말투를 정중한 존댓말로 순화	clean
씹쌍도 새끼들 소오름,,,,,	특정 지역 사람들의 행동 방식이 정말이지 충격적이고 소름 돋네요.	2	4	REGIONAL	[씹쌍도 새끼들] -> 특정 지역민에 대한 극단적 욕설 및 비하를 정중한 비판으로 순화	지역
한남개돼지들은 저며서 거름으로나 써야한다 그 마저도 돼지들이라서 거름으로 쓸 수 나 있는지 모르겠다 이기	(차단된 문장입니다)	1	5	GENDER	[한남개돼지들, 저며서 거름으로] -> 남성에 대한 비인도적인 폭력 선동 및 극단적 혐오로 차단	남성
틀딱티 존나 나는 어휘: 대박, 소름	나이가 많은 분들이 즐겨 사용하시는 것처럼 느껴지는 어휘들이군요.	2	3	AGE	[틀딱티, 존나] -> 노인 비하어 및 욕설을 정중한 표현으로 정제	연령
다같이 상황따라 하는것이지 이게 기삿거리가 되나~~~	누구나 상황에 따라 할 수 있는 행동인데, 이것이 기사화될 수준의 일인지 의문이네요.	2	1	SLUR	[되나] -> 반말투를 정중한 의문문으로 순화	악플/욕설
존나 병신같은게 퀴어는 좀 심한욕임 ㅋㅋ 지들이 지들 욕하고있네	정말 어리석게 느껴지는 점은, 스스로를 특정 성소수자 멸칭으로 지칭하며 자기비하를 하고 있다는 것입니다.	2	3	LGBTQ	[존나 병신같은게, 퀴어] -> 욕설 및 성소수자 멸칭을 정중한 지적형으로 순화	성소수자
근데 뭐저렇게 주렁주렁 많이다냐	어째서 저렇게 많은 장식품들을 착용하고 있는 것입니까?	2	1	NORMAL	[많이다냐] -> 반말 어미를 정중한 의문문으로 순화	clean
이 카레집이 어딘지 무척 궁금합니다.. 되게 맛있을 것 같앵.. 특히 어린이 메뉴 ... ;	이 카레 전문점이 어디인지 정말 궁금하군요. 어린이 메뉴가 특히 맛있어 보입니다.	2	1	NORMAL	[같앵] -> 애교 섞인 변조 어법을 정중한 표준어로 순화	clean
ㅋ 누가 파룸에 한번 올려봐라이기야 ^^	누군가 유명 뷰티 커뮤니티에 이 내용을 공유해 보십시오.	2	2	COMMUNITY	[봐라, 이기야] -> 반말투 및 커뮤니티 말투를 정중한 명령형으로 정제	악플/욕설
재밌네 얼굴 하얗고 머리 까만단발한 성님 위화감 보소... 왠만한 김치녀 다 쳐바르네	(차단된 문장입니다)	1	4	GENDER	[김치녀, 다 쳐바르네] -> 여성 비하 멸칭과 저열한 비교가 포함된 발언으로 차단	여성/가족
낫. 한때 인기 끌었었지 초소형 녹음기. 이것도 생활화하자이기	그렇군요. 한때 초소형 녹음기가 인기를 끌었던 적이 있었죠. 우리도 사용을 고려해 봅시다.	2	2	COMMUNITY	[이기] -> 커뮤니티 전용 말투 제거 및 반말투를 정중한 존댓말로 순화	clean
vpn 돌리면 안전하노?	VPN을 사용하면 보안상 안전합니까?	2	2	COMMUNITY	[-노] -> 커뮤니티 희화화 말투를 정중한 표준 의문문으로 순화	clean
자유주의 자본주의가 서민 인생 씹창나게하고있으니 무슬림같이 교리가 곧 인생인 신도들이 점점 늘어나는거지	자유로운 자본주의 체제가 서민들의 삶을 매우 힘들게 만들고 있어서, 종교적 교리를 의지하는 신도들이 늘어나고 있는 것 같습니다.	2	2	RELIGION	[씹창나게, 늘어나는거지] -> 비속어 및 반말투를 정중한 서술형으로 정제	종교
꿀팁 웜리가또 조만간 카페알바하는 소설 쓰려했는데 잘 써먹겠다이기^느^	좋은 정보 감사합니다. 조만간 관련 소설을 쓸 때 참고하도록 하겠습니다.	2	2	COMMUNITY	[웜리가또, 이기, ^느^] -> 커뮤니티 전용 은어 및 말투를 표준어로 정제	clean
종 교 는 아 편 이 다 하는 말은 정말 명언이다	종교는 아편과 같다는 말은 참으로 의미심장한 명언입니다.	2	1	RELIGION	[명언이다] -> 반말 어미를 정중한 존댓말로 순화	종교
한번식 보건소 가는데 동남아 시발련들 돈 좆도 안내고 혜택은 혜택대로 다 받아가더라 시발^^	(차단된 문장입니다)	1	5	RACISM	[동남아 시발련들, 돈 좆도] -> 특정 국적인들에 대한 욕설과 멸칭, 공격적 혐오로 차단	인종/국적
동생얼마?	동생은 어느 정도입니까?	2	1	NORMAL	[얼마?] -> 축약된 의문문을 정중한 문장으로 보완	clean
1년동안 관계해 왔다는대 강간은 아닌거같은대 똥꼬충임원과 오카마연예인이 몰래 사귄거지	(차단된 문장입니다)	1	5	LGBTQ	[똥꼬충, 오카마] -> 성소수자를 저속하게 비하하는 멸칭을 사용하여 차단	성소수자
우리나라 페미는 왜 여자도 군대보내달란 말 안 해?(했음?)	우리나라의 여성주의자들은 어째서 여성의 징집을 요구하지 않는 것입니까? 이미 논의된 바가 있나요?	2	2	GENDER	[말 안 해] -> 반말 어미를 정중한 의문문으로 순화	여성/가족
캬 필력 지리노 오2수보다 백배낫다 게이야	정말 훌륭한 문장력이네요. 다른 작품들보다 훨씬 뛰어나 보입니다.	2	2	COMMUNITY	[지리노, 게이야] -> 커뮤니티 말투 및 비속어를 정중한 표준어로 정제	clean
다정한부부	다정한 부부입니다.	2	1	NORMAL	[다정한부부] -> 단어를 정중한 평서형으로 보완	clean
오히려 일베하다 좌파된듯 ㅋㅋㅋ쌍도새끼들 역겨워서	특정 커뮤니티 활동을 하다가 정치 성향이 바뀐 것 같네요. 일부 지역 사람들의 행동 방식에 실망해서 그런 것인지 궁금합니다.	2	3	REGIONAL	[쌍도새끼들, 역겨워서] -> 특정 지역민 비하 멸칭과 과격한 비난을 정중하게 순화	지역
제발진짜 제발 보냈으면 좋겠다제발이다 제발	정말 간절히 바라고 있습니다. 부디 좋은 결과가 있기를 바랍니다.	2	1	NORMAL	[보냈으면 좋겠다] -> 반말투를 정중한 소구형으로 순화	clean
까고 보니 전라도	확인해 보니 특정 지역과 관련이 있었군요.	2	2	REGIONAL	[까고 보니] -> 지역 비하적 뉘앙스가 담긴 관용구를 정중한 표현으로 정제	지역
이런 게 바로 국격! 칭찬할 건 칭찬하자 아무리 밉더라도	이것이야말로 진정한 국위 선양입니다. 감정이 좋지 않더라도 인정할 부분은 확실히 인정합시다.	2	1	NORMAL	[칭찬하자] -> 반말 어미를 정중한 제안형으로 순화	clean
민주주의의 기본도 없고 삼권분리 개념도 없고 이 놈의 정부에서 원칙이란게 존재하기는 한건지.	민주주의의 기본 원칙이나 삼권 분립의 개념이 부족해 보입니다. 현재 정부에서 공정한 원칙이 지켜지고 있는지 의문이네요.	2	2	SLUR	[이 놈의] -> 정부에 대한 비하조 표현을 정중한 비판으로 순화	악플/욕설
남녀평등과 페미니즘은 달라보입니다.... 페미는 억지가 많아요...	양성 평등과 여성주의 활동은 차이가 있어 보입니다. 일부 주장은 다소 수긍하기 어려운 면이 있네요.	2	2	GENDER	[억지가 많아요] -> 단정적인 표현을 정중한 비판 조로 순화	여성/가족
여자는 여자가 까야 제맛	여성의 입장에서 같은 여성을 비판하는 것이 더욱 설득력 있고 적절할 때가 있습니다.	2	2	GENDER	[제맛] -> 비하적 뉘앙스가 섞인 속어를 정중한 표현으로 정제	여성/가족
요번에 떡락하면 도박이든 아니든 가상화폐 구매할게. 코인쟁이들 과소 평가한 내가 판단을 잘못했다. 머스크 우주로 보내고 싶다. 세상을 망친 사업가.	이번에 가치가 급락하면 가상화폐 구매를 고려해 보겠습니다. 시장의 흐름을 잘못 판단했네요. 특정 사업가의 행보가 매우 우려스럽습니다.	2	2	SLUR	[구매할게, 코인쟁이들, 보내고 싶다] -> 반말, 비하어, 과격한 표현을 정중하게 순화	악플/욕설
동성애자는 군 면제받을수있던데트랜스젠더도 되려나	성소수자의 경우 병역 면제 사유가 될 수 있다고 들었는데, 성전환자분들도 해당이 되는지 궁금하네요.	2	2	LGBTQ	[되려나] -> 반말 어미를 정중한 의문문으로 순화	성소수자
결국 이렇게 트이타를 하게 되는구만.....할미보지 앵나온다 앵	(차단된 문장입니다)	1	5	GENDER	[할미보지, 앵나온다] -> 여성에 대한 저속한 성적 비하와 커뮤니티식 희화화로 차단	악플/욕설
후팔 내장탕 알탕 별거 다봐도 파스타 한접시 뚝딱인데 저건 진짜 꿈에 나올거같노	정말 충격적이네요. 어지간한 것은 다 견딜 수 있는데 저 모습은 너무나 생경해서 잊히지 않을 것 같습니다.	2	3	COMMUNITY	[후팔, -노] -> 커뮤니티 욕설 및 말투를 정중한 표준어로 정제	악플/욕설
문통이 북한 동포 받아 들여 산업인력화 하자면 바로 돌아설 꺼면서.....ㅋㅋㅋ	정부에서 북한 주민들을 산업 현장에 도입하겠다고 하면 반대할 것이 분명하지 않습니까?	2	2	RACISM	[꺼면서] -> 반말 어미와 정치적 비꼬기를 정중한 의문문으로 순화	인종/국적
늙은 놈이 추하게 여자 존나게 밝히네미국 대통령 앞에서까지 한다는 말이“여자 없나요?”	연배가 있으신 분이 부적절하게 여성을 언급하는 모습이 보기 흉하네요. 공식적인 자리에서 할 말은 아닌 것 같습니다.	2	3	AGE/GENDER	[늙은 놈, 존나게] -> 연령 비하어 및 욕설을 정중한 지적형으로 순화	악플/욕설
상위권에 포진한 여대의 존재자체그로인한 약대정원 여성우위당장튀어나오는것만해도 이건데 씨발아 일베헛햇냐?	(차단된 문장입니다)	1	4	GENDER	[씨발아, 일베] -> 특정 집단의 권리에 대한 비판을 입에 담기 힘든 욕설과 혐오 커뮤니티 언급으로 표현하여 차단	여성/가족
버닝썬 북한 마약 ㅇㅇ	특성 유흥 업소와 북한의 마약 유통 관련 의혹이지요.	2	1	NORMAL	[ㅇㅇ] -> 통신체를 정중한 서술형으로 보완	clean
저 축제가 더럽다가 아니라 퀴어는 더럽다는 인식을 만드노?자멸축제 ㅉㅉㅉ	해당 행사가 문제라기보다 성소수자 전체에 대해 부정적인 인식을 심어줄 수 있어 우려되네요. 스스로 고립을 자초하는 것 같습니다.	2	3	LGBTQ	[-노, 자멸축제] -> 커뮤니티 조롱투를 정중한 비판으로 순화	성소수자
사카시도 해주네ㅋㅋㅋㅋㅋㅋ	(차단된 문장입니다)	1	5	SLUR	[사카시] -> 저속한 성행위 용어를 사용하여 부적절한 내용을 서술하여 차단	악플/욕설
멍청한건가 그럴듯한 변명을 해라 생리가 늦어진것도 아니고 출산 1주일 전에야 혹인줄 알았다고	상식적으로 이해하기 어려운 변명을 하고 있군요. 신뢰할 수 없는 주장을 하는 태도가 부적절해 보입니다.	2	2	SLUR	[멍청한건가, 해라] -> 비난조의 반말을 정중한 비판으로 순화	악플/욕설
족같지만 직장이라 욕 사용안하고 빙썅짓하거나 갈구는거밖엔 못 한다	상황이 매우 불만족스럽지만 직장 내이기 때문에 비속어 대신 우회적인 표현으로 불편함을 드러낼 뿐입니다.	2	2	SLUR	[족같지만, 빙썅짓, 갈구는거] -> 비속어 및 자조적 표현을 정중한 표준어로 정제	악플/욕설
여기도 좆족년 씹보지구녕에서 기어나온 애들도 즐비한걸 ㅋ	(차단된 문장입니다)	1	5	RACISM/GENDER	[좆족년, 씹보지구녕] -> 특정 민족과 여성에 대한 극단적이고 저속한 성적 비하로 차단	여성/가족, 인종/국적
전라도에 사는 홍어 vs 전라도에 사는 똥남아 몽골인	(차단된 문장입니다)	1	5	REGIONAL/RACISM	[홍어, 똥남아] -> 특정 지역민과 외국인에 대한 극단적인 비하 멸칭을 나열하여 차단	인종/국적, 지역
교회들이 미쳐가는구나 신은 없다 옛날에 교회에서 통성기도하고 나면 속이 시원한게 성령이 역사한 줄 알았다 개뿔~~ 뭐든 소리치고 나면 후련하더라	일부 종교 단체들의 행태가 매우 비상식적입니다. 과거의 종교적 경험들도 결국 일시적인 감정 해소였던 것 같네요.	2	3	RELIGION	[미쳐가는구나, 개뿔] -> 종교 비하나 과격한 감정 표현을 정중한 비판으로 순화	종교
걍 다 뒤졌으면	제발 모두 사라졌으면 좋겠습니다.	2	4	SLUR	[뒤졌으면] -> 죽음을 종용하는 상스러운 표현을 정중한 거부감 표현으로 순화	악플/욕설
니 냐루코빠는게이지	혹시 당신은 특정 캐릭터를 추종하는 성소수자입니까?	2	2	LGBTQ	[게이지] -> 성소수자 지칭을 놀림조로 사용하는 것을 정중한 의문문으로 정제	clean
신토불이가 최고다 이기야!롯데리아 가즈아	우리 것이 가장 소중합니다. 즐겁게 이용해 봅시다!	2	1	COMMUNITY	[이기야, 가즈아] -> 커뮤니티용 은어 및 말투를 정중한 권유형으로 순화	clean
빨갱이들이 교회에 침투,자유위에 세워진 대한민국 종교 기독교에 말살을 목적으로 활동하는 좌파 선동분자들에게 선동 당하면 종교는 말살,대한민국은 적화의 길로~	특정 정치 세력이 종교계에 침투하여 국가의 근간을 흔들려 하고 있습니다. 이러한 선동에 기만당하면 우리 사회의 소중한 가치들이 훼손될 수 있습니다.	2	4	RELIGION	[빨갱이들, 빨갱이들을] -> 혐오적 정치 색깔론을 정중한 사회적 경고로 순화	종교, 기타 혐오
그러니까 똥고에 박지말라고 새끼들아 허벌보지라도 정해진 곳에 박어여기저기 옮겨다니면서 박지말고 하지말라면 하지 말아좀	(차단된 문장입니다)	1	5	LGBTQ/GENDER	[똥고, 새끼들아, 허벌보지] -> 성소수자와 여성에 대한 극단적이고 저속한 성적 비하 및 욕설로 차단	성소수자
ㅋㅋㅋㄱㅋㅋㅋㅋㅋ정신승리오짐	스스로를 위로하며 상황을 회피하는 모습이 대단하군요.	2	2	SLUR	[정신승리오짐] -> 유행어 및 반말투를 정중한 표준어로 정제	악플/욕설
그렇다고 가만히만 있으면 기어오르는게 페미다	적절히 대응하지 않으면 특정 사상의 주장이 더욱 과해질 수 있습니다.	2	2	GENDER	[기어오르는게] -> 여성주의 활동을 낮잡아 보는 표현을 정중한 비판으로 순화	여성/가족
모사드가 손 보겠구나	특정 정보 기관에서 조치를 취할 것 같네요.	2	1	NORMAL	[보겠구나] -> 반말 어미를 정중한 존댓말로 순화	clean
쌍도는사실힘없는 허수아비인디;;	특정 지역은 사실 정치적으로 큰 영향력이 없는 것 같습니다.	2	1	REGIONAL	[쌍도, 인디] -> 지역 비하 및 반말투를 정중한 표준어로 순화	지역
동성애나~ 개독이나~	성소수자나 일부 기독교인들이나 모두 비상식적인 면이 있어 보입니다.	2	2	LGBTQ/RELIGION	[개독] -> 종교 비하어와 냉소적인 비교를 정중한 비판으로 순화	성소수자, 종교
착한짱개 뒈진ㅉ 짱개인데 대중이는 뒈져도 안 착하다	(차단된 문장입니다)	1	5	RACISM	[착한짱개, 뒈진, 대중이] -> 특정 인종에 대한 멸칭 및 실존 인물에 대한 극단적인 야유와 죽음 비하로 차단	인종/국적
반대로 생각해라 알라신이 수많은 사람의 발이 되어 주는 그 희생 정신을 높이 산다고 하면 문제가 아니다. 무슬림들아 ! 해석의 문제다	관점을 바꾸어 보십시오. 종교적 가르침을 타인을 위한 희생정신으로 승화시킨다면 무엇이 문제겠습니까? 해석에 따라 달라질 수 있습니다.	2	1	RELIGION	[생각해라, 입니까] -> 반말 어미를 정중한 제안형으로 순화	종교
원래 이슬람 별로 안나쁘게 생각했는데이제는 존나 싫다개씨발년들	(차단된 문장입니다)	1	5	RELIGION	[존나 싫다, 개씨발년들] -> 특정 종교인들에 대한 상스러운 욕설과 극단적 혐오로 차단	인종/국적, 종교
허언으로 자존감 좀 채우겠다는데 그걸 저격하노 ㅠㅠ	거짓말로라도 자신감을 얻으려 하는 것인데 그것을 날카롭게 지적하시네요.	2	2	COMMUNITY	[-노] -> 커뮤니티식 말투를 정중한 표준어로 정제	clean
언젠가는 중국이 테러 제일 빈번하게 일어나는 국가가 되겠네	이대로라면 머지않아 특정 국가가 테러의 중심지가 될 수도 있겠네요.	2	1	RACISM	[되겠네] -> 특정 국가에 대한 부정적 단정을 정중한 추측형으로 순화	인종/국적
소추는 병신 자지일 뿐ㅋ 소추에 자궁이랑 보지 생기면 소추떼고 보지라 인정해준다. 자지는 자궁과 보지가 없는 상태이지 뭐가 더 있는 상태가 아니다	(차단된 문장입니다)	1	5	GENDER	[소추, 병신, 자지, 보지] -> 남성 성기에 대한 극단적 비하 및 저속한 성적 멸칭 사용으로 차단	남성
이제 남자로 살기싫으면 여자로 성전환수술하면 되네요 군대갔다와고요.	남성으로 생활하는 것이 본인의 정체성과 맞지 않는다면, 병역 의무를 마친 후 성전환 수술을 통해 본인이 원하는 성문화를 지향할 수 있습니다.	2	2	LGBTQ	[살기싫으면, 되네요] -> 성소수자 문제를 다소 냉소적으로 다루는 반말 어투를 정중한 표준어로 순화	성소수자
시발 겉옷을 쳐 입으면 되지 별걸로 성차별	본인의 상황에 맞게 겉옷을 입으면 될 일인데, 이것을 성차별 문제로 확대 해석하는 것은 부적절해 보입니다.	2	3	SLUR	[시발, 쳐 입으면] -> 욕설 및 비속어를 정중한 비판으로 순화	악플/욕설
와...시발 말이안나오노.. 질문이 참	정말 당황스럽네요. 질문의 의도가 무엇인지 이해하기 어렵습니다.	2	3	SLUR/COMMUNITY	[시발, -노] -> 욕설 및 커뮤니티 말투를 정중한 표준어로 정제	악플/욕설
남들보다 몇년늦을까봐 벌벌떨었던거 앵나빡치노 나이코르셋은진짜 한남 후장에처넣어야하노	(차단된 문장입니다)	1	5	GENDER/COMMUNITY	[앵나, 한남, 후장] -> 남성에 대한 저속한 성적 멸칭과 커뮤니티식 혐오 발언으로 차단	남성
과실치사자나 여성인권은 둘째치고 우리나라의 경우도 사형은 아니더라도 형량 꽤 높게 받는걸로 아는데? 옛날에 집에 칼들고 온 강도랑 싸워서 강도죽었는데 과실치사로 꽤 형량 높게 나왔던거 봤던 기억이..	그것은 과실치사 사안 아닙니까? 인권 문제를 떠나 우리나라도 관련 법규에 따라 엄격한 처벌을 받는 것으로 알고 있습니다. 과거 유사한 사례에서도 중형이 선고되었던 것으로 기억합니다.	2	1	NORMAL	[자나, 아는데, 봤던] -> 반말투를 정중한 의문 및 서술형으로 순화	clean
성차별을 왜해! 남녀평등 시대에! 남여가 하는 일,할수 있는 일을 구분하지말고 같이 하면 되잖아! 면접 문화가 잘못된듯. 공통된 질문으로 서면 면접을 보면될것을...	어째서 성차별이 일어나는 것입니까? 요즘 같은 시대에 성별과 관계없이 능력에 따라 함께 일하면 될 일입니다. 기업의 면접 방식에 개선이 필요해 보이네요.	2	1	NORMAL	[왜해, 되잖아, 인듯] -> 반말 어미와 격앙된 어조를 정중한 표준어로 정제	clean
천주교새끼들 아동.신도들 성폭행하는건 ㄹㅇ팩트아니냐? 성범죄자 소굴인데 일베보다 더한놈들	(차단된 문장입니다)	1	5	RELIGION	[새끼들, 소굴, 더한놈들] -> 특정 종교인들에 대한 저속한 비하와 극단적 일반화로 차단	종교
저새끼들 그냥 지하에 클럽같은거 하루 빌려서 저 지랄하고 놀지 왜 굳이 저기에서 지랄일까	저 사람들은 전용 공간을 마련해서 활동하면 될 텐데, 어째서 굳이 공공장소에서 눈살을 찌푸리게 하는 행동을 하는지 모르겠습니다.	2	3	SLUR	[저새끼들, 지랄] -> 비속어와 상대를 낮잡아 부르는 표현을 정중한 비판으로 순화	악플/욕설
단지 자신이 좋아서 립스틱을 바르는 여성 개인이 비난의 대상이 되면 안 된다며 탈코르셋 운동으로 인한 여성 간의 갈등을 경계했다. 이게 뭔 부랄 볼스트레쳐로 쪼아서 터뜨릴소리노	(차단된 문장입니다)	1	5	GENDER	[부랄, 터뜨릴소리, -노] -> 남성 신체에 대한 잔혹하고 저속한 묘사를 동반한 조롱으로 차단	남성
예전에 피씨방에서 친구가 스타하는데 초딩 색히들이 뒤에서 보면서 다른친구한테 빌드,위치 몰래알려주다가 초딩색히 쳐맞았는데 ㅋㅋㅋㅋㅋㅋㅋㅋㅋㅋㅋㅋㅋㅋㅋㅋㅋㅋㅋㅋㅋㅋㅋㅋㅋㅋㅋ존나 초딩들 뒤에서 기웃거리는거 존나 거슬렸음ㅋㅋㅋㅋㅋㅋㅋㅋ	과거에 PC방에서 친구의 게임 진행을 방해하던 어린 학생이 훈계를 들었던 일이 생각나네요. 주변에서 방해하는 행동이 정말 불편했습니다.	2	2	AGE	[초딩 색히, 쳐맞았는데, 존나] -> 아동 비하 멸칭 및 비속어, 폭력적 상황 묘사를 정중하게 정제	clean
쟤네는 아마 친미성향일 확률이 높은데 좀 아쉽다	그분들은 아마도 미국에 우호적인 입장을 가질 가능성이 큰데 좀 안타깝네요.	2	1	NORMAL	[쟤네는, 아쉽다] -> 지칭어와 반말 어미를 정중한 표현으로 순화	clean
여자가 약해서 군대 못간다고 치자고 근데 여경,여소방공무원은 왜케 자꾸 늘리냐? 무릎 꿇고 팔굽혀펴기 해서 경찰 되봤자 시민 1명 지켜줄수 있겠냐? 범인1명 제압 할수 있겠냐?	여성이 신체적으로 약해서 국방의 의무를 수행하기 어렵다면, 정작 물리적 힘이 필요한 다른 공공 서비스 분야에서 여성 인력을 늘리는 정책이 타당한지 의문입니다. 과연 실질적인 현장 대응이 가능할지 우려됩니다.	2	2	GENDER	[못간다고 치자고, 왜케, 늘리냐, 있겠냐] -> 격앙된 반말투를 정중한 의문 제기형으로 순화	여성/가족
이미봤음 근데 일베줄게	이미 확인한 내용이지만 저도 응원하겠습니다.	2	2	COMMUNITY	[일베줄게] -> 커뮤니티 전용 추천 표현을 범용적인 긍정 표현으로 순화	clean
흑맥주는 레페브라운이 제일 맛있더라	흑맥주 중에서는 레페 브라운이 가장 입맛에 맞더군요.	2	1	NORMAL	[맛있더라] -> 반말 어미를 정중한 존댓말로 순화	clean
6이미 좆국 윗자리 웜이 먹었다구? 그럴리업쏘 쿵쾅쿵쾅9 하는 자집애들 앵앵소리에 넘어가다니 뭐하는거로	(차단된 문장입니다)	1	5	GENDER/COMMUNITY	[좆국, 웜, 쿵쾅쿵쾅, 자집애들] -> 남녀 모두에 대한 비하 은어 및 커뮤니티 멸칭으로 차단	남성
홍콩이 반환후에도 이전처럼 자치구 형태로 굴러간단말이냐?	홍콩이 주권 반환 이후에도 이전과 같은 자치 시스템을 유지하고 있는 상황입니까?	2	1	NORMAL	[굴러간단말이냐] -> 반말투 및 속어 투의 어법을 정중한 의문문으로 순화	clean
죄다 지가 0선인거에 대한 변명밖에 없네.지도 세상 좋은사람처럼 행동해서 노원 공천은 3번이나 받았는데 당선이 안된거면 지가 문젠거지.사시패스못한 법무부 장관 / 0선 당대표 대체 뭐가 다른거냐	모두 본인의 경력 부족에 대한 변명으로 들리네요. 여러 차례 기회를 얻었음에도 선택받지 못했다면 본인의 역량 문제 아닙니까? 특정 공직자와 어떤 차이가 있는지 모르겠습니다.	2	3	SLUR	[지가, 없네, 인거지, 다른거냐] -> 특정 정치인에 대한 원색적인 비난과 반말투를 정중한 비판으로 순화	악플/욕설
이런사건 매년 터져도 좋다고 교회다니는 ㅂㅅ들	이런 부적절한 사건이 반복됨에도 불구하고 여전히 종교 생활을 지속하는 사람들을 이해하기 어렵네요.	2	3	RELIGION	[좋다고, ㅂㅅ들] -> 종교인들에 대한 비하 어조와 욕설을 정중한 지적형으로 순화	종교
증국몽 하는새끼 후빨하면서 짱깨욕ㅋㅋㅋㅋㅋㅋㅋ갓센징들의 아이덴티티 끝판왕을 보여주넼ㅋㅋㅋㅋㅋㅋㅋ	(차단된 문장입니다)	1	5	RACISM	[후빨, 짱깨, 갓센징] -> 특정 정치 성향과 민족에 대한 저속한 비하 및 자학적 멸칭으로 차단	인종/국적
이렇게 과학적으로맘 따져봐도 원래 냄져들이 치마 입어야 하노. 빤스는 자지를 고정시켜주는 부랄자같은것도 있어야하고	(차단된 문장입니다)	1	5	GENDER/COMMUNITY	[냄져, 자지, 부랄자, -노] -> 남성 신체에 대한 저속하고 수치스러운 비하 및 커뮤니티 말투로 차단	남성
씨발 전라도는 끼여야하지만 오늘도 홍어가 만선이구나 ??? 네다틀 네다틀	(차단된 문장입니다)	1	5	REGIONAL	[씨발, 홍어, 네다틀] -> 특정 지역에 대한 극단적 비하 멸칭과 노인 비하 은어의 결합으로 차단	지역, 연령
맘충년들이 대부분이니까	(차단된 문장입니다)	1	5	GENDER	[맘충년들] -> 아이 어머니에 대한 극단적인 비하 멸칭으로 차단	여성/가족
뭔 조건만남을 찾냐 ㅋㅋㅋ걍 드라이브 할겸 수원평택역쪽가면 널린게 떡집인데 ㅉㅉ 하다못해 일산쪽 안마를 가겠다	(차단된 문장입니다)	1	5	SLUR	[조건만남, 떡집, 안마] -> 성매매 관련 은어를 사용하며 부적절한 업소를 언급하여 차단	악플/욕설
절절함이 없으신가보네 확실히 유약해 체력달려서 당도 이끌질 못하는데 총선이나 대선땐 답도 없겠네	간절함이 부족해 보이시네요. 체력적인 한계로 소속 집단을 이끌어가는 데 어려움이 있다면 향후 중요한 일정에서도 좋은 결과를 기대하기 힘들 것 같습니다.	2	2	SLUR	[유약해, 없겠네] -> 정치인에 대한 냉소적인 반말투를 정중한 비판으로 순화	악플/욕설
나도 존나 순진한(한남식 개념녀)로 아는 놈있노 ㅋㅋㅋㅋㅋㅋ	(차단된 문장입니다)	1	4	GENDER/COMMUNITY	[한남식, 개념녀, 놈있노] -> 남녀 모두에 대한 비하 은어와 커뮤니티 말투를 사용하여 차단	남성
바벨로 내장 으깨고싶다	(차단된 문장입니다)	1	5	SLUR	[내장 으깨고싶다] -> 타인에 대한 잔혹한 신체적 위해를 가하는 폭력적인 묘사로 차단	악플/욕설
솔직히 틀린말 아니지고졸무직통구이새끼들 나중에 늙어서 병원신세질때쯤 되면베트남 2세 의사슨상님 말 잘듣어야 될 상황도 온다좆빠지게 돈벌어라	(차단된 문장입니다)	1	5	REGIONAL/RACISM	[통구이새끼들, 슨상님, 좆빠지게] -> 특정 지역민에 대한 잔혹한 비하 멸칭과 욕설을 사용하여 차단	인종/국적, 지역
메일이 없는데 어케 메일을줘 씨바라	전자우편 주소가 없는데 어떻게 연락을 하라는 것입니까? 정말 무례하시네요.	2	3	SLUR	[어케, 씨바라] -> 욕설 및 반말투를 정중한 항의로 순화	악플/욕설
세상에 어떻게 이런 일이???? 머구? 끄더끄덕	세상에 이런 일이 일어날 수 있습니까? 특정 지역에서 발생했다니 어쩐지 짐작이 가는군요.	2	3	REGIONAL	[머구, 끄더끄덕] -> 특정 지역을 비하하는 멸칭과 편견이 담긴 리액션을 정중하게 정제	지역
지금 휘발유 사러 간다	(차단된 문장입니다)	1	5	SLUR	[휘발유 사러 간다] -> 방화 등 물리적 위해를 암시하는 폭력적인 발언으로 차단	악플/욕설
똥꼬충이 왜 욕먹어야 되는건지 이해가 안되네 ㅋㅋ;	성소수자분들이 어째서 비난의 대상이 되어야 하는지 이해하기 어렵습니다.	2	3	LGBTQ	[똥꼬충, 안되네] -> 성소수자 비하 멸칭과 반말투를 정중한 표준어로 정제	성소수자
이미 서로 의심중	이미 서로를 불신하고 있는 상황이군요.	2	1	NORMAL	[의심중] -> 축약된 서술형을 정중한 문장으로 보완	clean
돈없네 ㅋㅋ	경제적으로 여유가 없으시군요.	2	1	NORMAL	[돈없네] -> 반말투를 정중한 존댓말로 순화	clean
감사합니다.	감사합니다.	0	0	NORMAL	[무해] -> 일상적이고 정중한 인사	clean
이상성욕자	성적으로 보편적이지 않은 취향을 가지셨네요.	2	2	SLUR	[이상성욕자] -> 단정적인 표현을 정중한 성향 지칭으로 순화	악플/욕설
자전거 관리해야겠노 시바거 자전거 훔쳐가면 1+1으로 새자전거가 온당껰ㅋㅋㅋㅋ	(차단된 문장입니다)	1	4	REGIONAL	[시바거, 온당께] -> 특정 지역 비하 및 희화화 말투와 욕설을 결합하여 차단	지역
씨발 짱개, 좆선족 병균새끼들 카악~~~~~ 퉷~	(차단된 문장입니다)	1	5	RACISM	[씨발, 짱개, 좆선족, 병균새끼들] -> 특정 민족에 대한 극단적인 욕설과 멸칭, 인격 모독으로 차단	인종/국적
동남아,파키스탄 이런류 보단 나을지도 모르지	특정 지역이나 국적 출신 분들보다는 상황이 조금 나을 수도 있겠네요.	2	2	RACISM	[이런류, 모르지] -> 타 인종에 대한 다소 편향된 비교와 반말투를 정중하게 순화	인종/국적
검머외 보스	외국 국적을 가진 한국인 지도자군요.	2	2	RACISM	[검머외] -> 특정 신분을 비하하는 뉘앙스가 섞인 약칭을 정중한 지질형으로 순화	인종/국적
오토바이충들 특기가.짭새뜨면 토끼는건데........가만히 잡혔노	이륜차 운전자들의 전형적인 행동 방식은 경찰 단속을 피하는 것인데, 이번에는 순순히 검거되었군요.	2	3	SLUR/COMMUNITY	[오토바이충, 짭새, 토끼는건데, -노] -> 비하어 및 은어, 커뮤니티 말투를 정중한 표준어로 정제	악플/욕설
소금물? ㅋㅋㅋ 소가웃는다 목사부인이 미개해도 무지해도 이렇게까지 바보일까? 스스로 병걸렸으니ㅈ분무기에 감사감사 기도해야겠네 하느님께 다가갈수있는좋은기회이니 아멘~~~~~~~~~~~~할렐루야	소금물을 사용하다니 정말 상식 밖의 일입니다. 종교 관계자의 배우자가 이토록 무지하게 행동하다니 믿기 어렵군요. 이번 기회에 본인의 신앙을 진지하게 되돌아보시길 바랍니다.	2	3	RELIGION	[소가웃는다, 바보일까, 개뿔] -> 상대를 조롱하는 표현과 반말투를 정중한 비판으로 순화	종교
우크라이나애 왜이래 화장을 안해서 그런가ㅠㅠ	해당 국적인은 왜 모습이 평소와 다릅니까? 화장을 하지 않아서 그런 것인가요?	2	1	NORMAL	[왜이래, 가] -> 타인에 대한 반말 의문문을 정중한 존댓말로 순화	clean
둘이 결혼할듯	두 분이 결혼하실 것 같네요.	2	1	NORMAL	[결혼할듯] -> 축약된 추측형을 정중한 서술형으로 보완	clean
코로나로 몰고 가지마라. 코로나 아니라도 이미 민심은 떠났다.	모든 문제를 전염병 탓으로 돌리지 마십시오. 이미 대중의 신뢰는 잃어버린 상태입니다.	2	2	SLUR	[가지마라, 떠났다] -> 반말 어조를 정중한 비판 및 권고형으로 순화	악플/욕설
그런 전라도년 ㅂㅈ가 맛있음	(차단된 문장입니다)	1	5	REGIONAL/GENDER	[전라도년, ㅂㅈ, 맛있음] -> 특정 지역 여성에 대한 극단적이고 저속한 성적 비하로 차단	지역
그냥 전라도개씨발새끼들은 저주받은새끼들임풍시지리자체가 반골새끼들 니오는곳이라 학살햇어도 저기사 사람다시태어나면 똑같은 쓰레기들 태어나는거라 효과없음	(차단된 문장입니다)	1	5	REGIONAL	[개씨발새끼들, 저주받은, 쓰레기들] -> 특정 지역민에 대한 원색적인 욕설과 배타적 혐오, 인격 모독으로 차단	지역
기자가 없다. 본질은 남군르로 입대해서 여자가 됐으니 당연히 전역이지. 주민번호 2로 군대가고 싶으면 다시 셤봐.	기사의 핵심이 빗나갔네요. 남군으로 복무를 시작했으나 성전환을 한 경우라면 현행법상 전역 조치가 타당합니다. 다른 기준으로 군 복무를 원한다면 새로운 선발 과정을 거쳐야 합니다.	2	2	LGBTQ	[입대해서, 지, 봐] -> 성소수자 관련 사안에 대한 단정적인 반말투를 정중한 비판으로 순화	성소수자
진 그만해라	정말 그만하십시오.	2	1	NORMAL	[그만해라] -> 반말 명령 어미를 정중한 요청형으로 순화	clean
으아 성병저장소	위생 상태가 정말 좋지 않아 보여서 우려되네요.	2	3	SLUR	[성병저장소] -> 상대를 질병과 연관 지어 극단적으로 비하하는 표현을 정중한 우려로 순화	악플/욕설
산이가 부릅니다.  기레기레기.	특정 가수의 노래가 생각나는군요. 기자분들의 보도 행태가 실망스럽습니다.	2	2	SLUR	[기레기레기] -> 기자를 비하하는 멸칭을 정중한 비판으로 정제	악플/욕설
생긴건 라티노인데 무슨 아시아?	외모로는 라틴계로 보이는데 어째서 아시아인이라고 하는 것입니까?	2	1	RACISM	[생긴건, 무슨] -> 인종적 특징을 단정 짓는 반말투를 정중한 의문문으로 순화	인종/국적
정액에서 바이러스 나온다며 ㅡ 레즈는 성소수자범주에 들지만 ㅡ남성동성애자는 대다수가 양성애자고 ㅡ연애를 생략한 사정놀이기때문에 감싸줄 필요없음	특정 성소수자 집단이 질병 확산과 관련이 있다는 주장이 있습니다. 여성 성소수자와 달리 남성 성소수자들의 성적 행태는 사회적으로 포용하기 어려운 면이 있다고 생각합니다.	2	3	LGBTQ	[사정놀이기때문에, 필요없음] -> 성소수자를 비하하고 배제하는 어조를 정중한 의견형으로 순화	성소수자
ㅋㅋㅋㅋㅋㅋㅋ헐... 대한민국에서 기독교를 이기는 단체가 있단 말인가?그냥 다 떠나서 졸라 신기 ㅋㅋㅋ내가 볼땐 이건 한발 후퇴다기독교가 가만히 안있을듯 ㅋㅋㅋ	정말 놀랍네요. 우리나라에서 기독교의 영향력을 넘어서는 단체가 존재한다는 것이 매우 신기합니다. 이번 결정은 다소 우려되는 부분이며, 종교계의 강력한 반발이 예상됩니다.	2	2	RELIGION	[졸라, 가만히 안있을듯] -> 비속어 및 반말투를 정중한 표준어로 정제	clean
노회찬이 특검이 드루킹을 통해서 만들어 낸 거짓 증거 때문에 죽었다는 걸 생각하면 저러지 못할 건데 그게 저 사람들 입장에서는 그저 남의 일인 겁니다. 누구든 검찰 수사에 의한 희생양이 될 수 있는데 그런 생각을 못하는 거 같음.	특정 인물이 겪었던 비극적인 사건을 떠올려 본다면 현재의 태도는 무책임해 보입니다. 사법 절차의 부작용은 누구에게나 일어날 수 있는 일인데, 너무 안일하게 대처하는 것 같아 안타깝네요.	2	1	NORMAL	[못할 건데, 못하는 거 같음] -> 반말 어미를 정중한 존댓말로 순화	clean
쿠폰 물품 제한해놓는거는 흔한 일이고 무신사보다 우신사가 덜 인기 있으니 할인쿠폰으로 활발하게 하려고 한 거 같은데,,, 계정정지는 잘못했네 그래도 뭐 불매까지는 모르겠는뎁	쿠폰 사용 품목을 제한하는 것은 업계의 일반적인 관행입니다. 특정 플랫폼의 마케팅 전략으로 이해할 수 있으나, 계정 정지 처분은 과도해 보이네요. 다만 불매 운동까지 필요한지는 의문입니다.	2	1	NORMAL	[잘못했네, 모르겠는뎁] -> 반말투와 통신체 어미를 정중한 서술형으로 순화	clean
토착왜구 자일당 클래스에 여성개무시 추가.	특정 정당에 대한 비판적 시각에 여성 권익 무시라는 지점까지 추가되었군요.	2	3	RACISM/GENDER	[토착왜구, 여성개무시] -> 인종/국가 비하적 멸칭과 과격한 비표준어를 정중한 지적형으로 순화	인종/국적
나라가 졷나 풍요로워져도 징징이들은 뭘 해도 안된다.위기 뒤에는 항상 기회가 오게 되어있음.기회가 올 때 준비가 되어있어야지 징징거리기만 하면 숟가락으로 떠서 입에 넣어주는 기회도 못잡음.	국가가 아무리 발전해도 부정적인 태도만 가진 사람들은 성공하기 어렵습니다. 위기를 기회로 바꾸기 위해서는 스스로 준비하는 자세가 필요하며, 불평만 해서는 주어진 기회조차 살릴 수 없습니다.	2	3	SLUR	[졷나, 징징이들, 안된다] -> 욕설 및 비하성 별칭을 정중한 비판으로 순화	악플/욕설
ㄹㅇ 맨날 댓글에 안낳는다~~ 이지랄하는거 좆팔극험이노	(차단된 문장입니다)	1	5	SLUR/COMMUNITY	[이지랄, 좆팔, 극험, -노] -> 저속한 욕설과 커뮤니티식 혐오 표현을 사용하여 차단	악플/욕설
글쓴놈아 가가가가가가가가가가 이거는 뭔지 맞춰봐라	작성자님, 이 방언의 의미가 무엇인지 맞춰 보시겠습니까?	2	1	NORMAL	[글쓴놈아, 맞춰봐라] -> 상대를 낮잡아 부르는 지칭과 반말투를 정중한 존댓말로 순화	악플/욕설
진중권이 나이가 60대에 근접하니 요새 20대 남자들이 부딪히는 페미문제에 대해 무지할수 밖에. 중권이 틀ㄸ티가 난다.	특정 인물의 연령대를 고려할 때 최근 세대 간의 갈등이나 가치관 차이를 이해하는 데 한계가 있어 보입니다. 사고방식이 다소 보수적으로 느껴지네요.	2	3	AGE	[진중권이, 무지할수 밖에, 틀ㄸ티] -> 특정 인물 비하 및 연령 비하 멸칭을 정중한 표현으로 정제	연령
기왕 이렇게 된거 난민 좀 받아서 제주도에 짱박아두고 대마초 합법화가즈아아아~~~~~	이왕 상황이 이렇게 되었다면, 특정 지역을 중심으로 난민 수용 정책을 검토하고 관련 규제 완화도 논의해 보는 것이 어떻겠습니까?	2	2	RACISM/REGIONAL	[짱박아두고, 가즈아아아] -> 배타적인 어투와 유행어를 정중한 정책 제안형으로 순화	인종/국적
다 필요 없고 신안염전으로 보내. 10년동안 목숨 붙어있는 새끼들만 난민인정해 준다.	(차단된 문장입니다)	1	5	RACISM/REGIONAL	[신안염전으로 보내, 새끼들, 준다] -> 특정 지역을 비하하고 타인의 생명을 담보로 조롱하며 혐오를 표현하여 차단	인종/국적, 지역
각종 인권조례 통과를 무슨 지방자치단체 존재이유로 삼고 제정 통과를 전국에서 시도하고 있는데.. 거기에 항문성교 동성애, 소아 성애,동물수간, 각종 변태성욕자들 이 성소수자 또는 약자로 포장되어 보호받도록 독소조항이 있습니다. 법안 통과 막아주세요	현재 추진 중인 각종 인권 조례들이 특정 행태를 무분별하게 보호할 우려가 있습니다. 우리 사회의 보편적 윤리 기준에 반하는 조항들이 포함되지 않도록 법안 심사에 신중을 기해주시기 바랍니다.	2	3	LGBTQ	[항문성교, 소아 성애, 동물수간, 변태성욕자들] -> 성소수자를 부적절한 행태와 결부시켜 비하하는 어조를 정중한 법안 비판으로 순화	성소수자
항문성교가 에이즈 확산의 주요 경로란다. 동성애 허용하다 나라 망한다.	특정 성행위가 질병 확산과 관련이 있다는 주장이 있습니다. 성소수자 정책이 국가에 미칠 부정적인 영향에 대해 신중한 우려가 필요합니다.	2	3	LGBTQ	[경로란다, 망한다] -> 단정적인 반말 주장을 정중한 우려 표명으로 순화	성소수자
짱퀴벌레와 파퀴벌레는 하루속히 인종청소해야 함.	(차단된 문장입니다)	1	5	RACISM	[짱퀴벌레, 파퀴벌레, 인종청소] -> 특정 민족에 대한 극단적인 멸칭과 대량 학살을 암시하는 표현으로 차단	인종/국적
후팔 쇼린이는 오직 여자만 쓰는 물건인 것을. 태생이 천박한 잡것들답노 똥꼬에 철근 69개 쳐박고싶노 후팔	(차단된 문장입니다)	1	5	GENDER/AGE/COMMUNITY	[후팔, 쇼린이, 천박한 잡것들, 똥꼬에 철근] -> 아동 및 남성에 대한 저속한 성적 비하와 잔혹한 폭행 묘사로 차단	남성, 연령
방독면 벗으면 방독면 모양 그대로 생겼을듯	방독면을 벗었을 때의 모습도 무척 개성 있을 것 같네요.	2	1	NORMAL	[생겼을듯] -> 반말투 추측을 정중한 서술형으로 순화	clean
나도 고위직 한남충만 보면 살충욕구가 드노 그놈이 내가 갖고 싶은 권력을 가지고 있기 때문이노	(차단된 문장입니다)	1	5	GENDER/COMMUNITY	[한남충, 살충욕구, -노] -> 남성에 대한 극단적 비하 및 살해 위협에 가까운 혐오 표현으로 차단	남성
권리만 있지 과연 책임까지 지려할까요~ 관혼상제는 예법보다 지방이나 집안 역사에 맞추어 살도록 놔주세요...집안 대소사도 국가가 관리해야됩니까?	의무보다는 권리만 강조되는 현실이 안타깝네요. 집안의 전통적인 관습은 각 가정의 자율에 맡기는 것이 옳다고 봅니다. 개인적인 사안까지 국가가 개입하는 것은 과도해 보이네요.	2	1	NORMAL	[놔주세요, 관리해야됩니까] -> 다소 감정적인 반말 뉘앙스를 정중한 제언으로 순화	악플/욕설
이 새끼들 이럴때만 주님찾네 ㅋㅋㅋㅋㅋㅋㅋ	평소와 달리 곤란한 상황에서만 종교에 의지하는 모습이 다소 이기적으로 느껴지네요.	2	3	RELIGION	[이 새끼들, 주님찾네] -> 상대를 비하하고 비꼬는 어조를 정중한 비판으로 순화	종교
장땡 나이샷	운이 정말 좋으시군요. 축하드립니다.	2	1	NORMAL	[나이샷] -> 축약된 유행어를 정중한 보완 문장으로 순화	clean
만화에 나오는 싸이코박사 같다	마치 만화 속의 비상식적인 연구자 같은 모습이네요.	2	2	SLUR	[싸이코박사, 같다] -> 비하어 및 반말투를 정중한 비유형으로 순화	악플/욕설
탈북자인지 간첩인지 어떻게 확인하냐 이제 외화벌이팀이 남한으로 밀려내려올거 같은데 ㅆㅂ	북한 이탈 주민의 신원을 철저히 검증할 수 있는 시스템이 마련되어 있는지 걱정스럽습니다. 혹시 모를 안보 위협에 대해 관계 당국의 세심한 주의가 필요해 보이네요.	2	3	RACISM	[확인하냐, ㅆㅂ] -> 인종/민족적 우려와 함께 섞인 반말 욕설을 정중한 안보 제언으로 순화	인종/국적
천재노. 워딩 뜻 바로 파악돼고 노무좋노. ㅋ	정말 통찰력이 뛰어나시네요. 표현하고자 하는 바가 명확해서 아주 좋습니다.	2	2	COMMUNITY	[천재노, 노무좋노] -> 커뮤니티 전용 말투를 정중한 표준어로 정제	clean
플랫자지 후장에 넣을거나 잇노?	(차단된 문장입니다)	1	5	GENDER/COMMUNITY	[플랫자지, 후장, -노] -> 남성 신체에 대한 저속한 성적 비하와 멸칭으로 차단	남성
멍청도 시민 아님? ㅋㅋㅋ	특정 지역 거주자분 아닙니까?	2	3	REGIONAL	[멍청도, 아님?] -> 지역 비하 멸칭과 반말투를 정중하게 순화	지역
제발 일본처럼만 해라.일본애들이 역사적으로 보면 현명하다.	부디 이웃 국가의 지혜로운 대처 방식을 본받았으면 좋겠습니다. 그들의 역사적 판단이 상당히 합리적으로 보일 때가 많네요.	2	1	NORMAL	[해라, 현명하다] -> 반말 명령 및 단정형을 정중한 소구형으로 순화	clean
니애비애미도 분탕홍 좆족개새키	(차단된 문장입니다)	1	5	RACISM/REGIONAL	[분탕홍, 좆족개새키] -> 부모 비하 및 특정 지역/민족에 대한 극단적인 욕설과 혐오로 차단	인종/국적, 지역
한남충들이 성희롱 존나하던데 그건 왜 기사로 안내냐? ㅋㅋ	일부 남성들의 부적절한 언행들도 심각한 문제인데, 어째서 그런 부분은 비중 있게 보도되지 않는 것입니까?	2	3	GENDER	[한남충들, 존나, 안내냐] -> 남성 비하 멸칭 및 욕설, 반말투를 정중한 의문 제기형으로 순화	남성
팩트체크 : 이 글쓴 새끼도 지 눈앞에 쌩보지 있으면 만사제치고 빨아재낌ㅅㄱ	(차단된 문장입니다)	1	5	GENDER	[새끼, 쌩보지, 빨아재낌] -> 작성자에 대한 비하와 여성 신체에 대한 저속한 성적 묘사로 차단	남성
옷 진짜 병신같이만들었네	의상의 디자인과 마감이 무척 실망스럽네요.	2	2	SLUR	[병신같이, 만들었네] -> 비속어 및 반말투를 정중한 비판으로 순화	악플/욕설
이글에서 팩트는 지난해 1월 서울시에 없던 국장급자리 하나 만들고 그자리에 자기네 사람앉혔다는 거.	이 사안의 핵심은 특정 시기에 새로운 직책을 신설하고 특정 인물을 임명했다는 점입니다.	2	1	NORMAL	[거] -> 반말형 문장 종결을 정중한 서술형으로 보완	악플/욕설
필리핀 과일 과세좀 줄여서 싸게 들여왔으면 좋겠다	필리핀산 과일에 대한 관세가 인하되어 더 저렴하게 구입할 수 있기를 바랍니다.	2	1	NORMAL	[좋겠다] -> 반말투를 정중한 존댓말로 순화	clean
터키병신들 저러니 유럽의 환자소리듣고 그리스 좆밥들한테 후장따이지 ㅋㅋ	(차단된 문장입니다)	1	5	RACISM	[병신들, 좆밥들, 후장따이지] -> 특정 국가 및 국민에 대한 모욕적인 욕설과 성적 비하가 섞인 혐오로 차단	인종/국적
난 진즉 없어진줄 알았는데 끈질기기도하노	활동이 중단된 줄 알았는데 여전히 지속되고 있군요. 참 끈끈한 생명력이 있네요.	2	2	COMMUNITY	[-노, 끈질기기도하노] -> 반말투 및 커뮤니티 말투를 정중한 서술형으로 순화	악플/욕설
개나 소나. 다 목사야…	종교적 권위가 너무 쉽게 부여되는 것 같아 안타깝네요.	2	3	RELIGION	[개나 소나, 목사야] -> 상대를 비하하며 지칭하는 표현과 반말투를 정중한 비판으로 순화	종교
우리도 대구켱북 분리법 시행하자	우리도 특정 지역과 관련된 행정적 분리 조치를 검토해 봅시다.	2	1	REGIONAL	[시행하자] -> 지역 감정이 섞인 반말 제안을 정중하게 정제	지역
음? 왜 차들이 서로 역주행하고 자빠졌노..	어째서 차량들이 서로 역주행하는 비상식적인 상황이 벌어지고 있는 것입니까?	2	2	COMMUNITY	[자빠졌노] -> 비속어 및 커뮤니티 희화화 말투를 정중한 의문문으로 순화	clean
종교도 다 정치여 ㅋㅋㅋ 상류층 새끼들이 목사가 돈 꽁치고 거짓부렁이 지껄이는 거 몰라서 교회 열심히 가냐 ㅋㅋ 다 인맥 쌓으러 가는 거지 ㅋㅋ	종교 활동도 결국 정치적인 목적과 무관하지 않아 보입니다. 일부 지도자들의 부적절한 행태를 알면서도 사회적 관계를 위해 종교를 이용하는 분들이 많은 것 같네요.	2	3	RELIGION	[정치여, 새끼들이, 꽁치고, 지껄이는, 가냐] -> 종교와 특정 계층에 대한 원색적인 비난 및 욕설을 정중한 비판으로 순화	종교, 기타 혐오
비유찰지노 ㅋㅋㅋ	비유가 정말 적절하고 재치 있네요.	2	2	COMMUNITY	[-노] -> 커뮤니티식 말투를 정중한 표준어로 정제	clean
다녀 왔노 그리고 국정원이 때문에 보력글 조건 바뀌었노 보고와라이기	확인하고 왔습니다. 외부 기관의 개입으로 인해 게시글 작성 조건이 변경되었으니 참고하시기 바랍니다.	2	2	COMMUNITY	[왔노, 바뀌었노, 와라이기] -> 커뮤니티 전용 은어 및 말투를 정중한 공지형으로 정제	clean
피시방 분위기가 맘에 안 들지 않냐	PC방의 전반적인 분위기가 다소 불편하게 느껴지지 않으십니까?	2	1	NORMAL	[않냐] -> 반말 어미를 정중한 의문문으로 순화	악플/욕설
야 존나 귀엽게생긴 남자애보면 꼴리는데 정상이냐	매력적인 이성을 보고 호감을 느끼는 것은 자연스러운 일입니까?	2	3	SLUR	[존나, 꼴리는데, 정상이냐] -> 저속한 성적 비속어와 반말투를 정중하게 정제	남성
저런 보빨좌좀 새끼들이 오히려 여자를 약자로 가두고 더 밝히는 변태새끼들임	(차단된 문장입니다)	1	5	GENDER/SLUR	[보빨좌좀, 새끼들, 변태새끼들] -> 특정 성별 및 정치 성향에 대한 저열한 비하 멸칭과 욕설로 차단	여성/가족, 악플/욕설
지잡새끼들도 잘놀더만 ㅋㅋㅋㅋㅋㅋㅋㅋㅋㅋㅋㅋㅋㅋㅋㅋㅋㅋㅋㅋㅋㅋㅋ	특정 지역 학교의 학생들도 무척 즐겁게 시간을 보내더군요.	2	3	REGIONAL	[지잡새끼들, 잘놀더만] -> 지역 및 학교 비하 멸칭과 반말투를 정중하게 순화	지역
박보검이 교회에서 연기연습 했나보넹	특정 배우가 종교 시설에서 연기 연습을 한 모양이군요.	2	1	NORMAL	[했나보넹] -> 통신체 어미를 정중한 서술형으로 순화	clean
생긴게 원숭이 고릴라 계통이네..우웩 계욕질 나오네 토나올것같아	외모가 다소 생경하고 거부감이 느껴져서 무척 당황스럽습니다.	2	3	SLUR	[생긴게, 계욕질, 토나올것같아] -> 외모 비하 및 저속한 감정 표현을 정중하게 완곡화	악플/욕설
그생선이 광주했네	(차단된 문장입니다)	1	5	REGIONAL	[광주했네] -> 특정 지역의 비극적인 역사를 조롱의 의미로 사용하여 차단	지역
낚시 오랜만이노ㅋㅋㅋ	거짓된 정보로 상대를 속이는 행위를 오랜만에 접하네요.	2	2	COMMUNITY	[-노] -> 커뮤니티식 말투를 정중한 표준어로 정제	clean
일리있다 이거 .	그 주장은 상당히 타당해 보입니다.	2	1	NORMAL	[일리있다] -> 반말투를 정중한 존댓말로 순화	clean
와 씨발ㅋㅋㅋㅋㅋㅋㅋㅋㅋㅋㅋㅋㅋㅋㅋㅋㅋㅋㅋㅋㅋㅋ	정말 당황스럽네요.	2	3	SLUR	[씨발] -> 욕설을 정중한 감탄사로 순화	악플/욕설
맞으면 니가 어쩔건데 ㅋㅋㅋ	사실이라면 어떻게 하실 생각입니까?	2	2	SLUR	[니가 어쩔건데] -> 도발적인 반말투를 정중한 의문문으로 순화	악플/욕설
신혼부부만 불쌍하누.. 부디 틀딱들한테 형사합의금 오지게 뜯고 피해본거도 민사로 두둑히 뜯어내길!	신혼부부만 안타까운 상황이네요. 부디 가해를 입힌 어르신들로부터 형사 합의금과 민사상 피해 보상을 충분히 받으시길 바랍니다.	2	3	AGE	[불쌍하누, 틀딱들, 오지게 뜯고] -> 노인 비하 멸칭과 저속한 표현을 정중한 표준어로 정제	연령
무슬림 새끼들은 레알 중국 이상의 인류 암이다 답이 없는 새끼들임 그냥 총칼로 찜질하는게 유일한 처방이다	(차단된 문장입니다)	1	5	RELIGION/RACISM	[무슬림 새끼들, 인류 암, 총칼로 찜질] -> 특정 종교와 인종을 암으로 규정하며 물리적 폭력과 학살을 종용하는 극단적 혐오로 차단	인종/국적
구해줘라는 드라마를왜할까?이유가있지	특정 드라마가 제작된 배경에는 사회적인 메시지나 이유가 분명히 있을 것입니다.	2	1	NORMAL	[왜할까] -> 반말 어미를 정중한 추측형으로 순화	clean
전라도는 급식이건 틀딱이건 내용도 없고, 재미도 없어. 질만 떨어지구... 원래 그래..	(차단된 문장입니다)	1	4	REGIONAL/AGE	[전라도, 급식, 틀딱] -> 특정 지역민과 전 연령대를 비하하고 비난하는 차별적 발언으로 차단	지역
징하다 2년동안 저리살았는데 아직도 눈치없게 그런걸 물어보노	정말 대단합니다. 2년 동안의 생활에도 불구하고 어쩌면 그렇게 상황 파악을 못 하고 질문을 하시는 것입니까?	2	2	COMMUNITY	[징하다, 물어보노] -> 반말투 및 커뮤니티식 말투를 정중한 의문문으로 순화	악플/욕설
자라나는 청소년들에게 성 정체성 혼란을 가중 시키는 일 들 이네요 .... 집안에서 자녀교육 잘 시키십시다.	성장기 청소년들에게 성 정체성 혼란을 줄 수 있는 사안으로 보입니다. 가정 내에서 자녀 교육에 더욱 신경을 써야겠습니다.	0	0	LGBTQ	[제3자 관점 유지] -> 성소수자 관련 사안에 대한 교육적 우려를 정중하게 전달	성소수자
개슬람 새끼들은 애새끼도 저따위냐 ㄷㄷ 진짜 하나의 문화이자 놀이인가보네 ㅋㅋㅋㅋ	(차단된 문장입니다)	1	5	RELIGION	[개슬람 새끼들, 애새끼] -> 특정 종교인과 아동에 대한 상스러운 욕설 및 비하로 차단	종교
2010년이면 나 중딩일때다 ㅅㅂ	2010년은 제가 중학생이던 시절이네요. 정말 당황스럽습니다.	2	3	SLUR	[중딩일때다, ㅅㅂ] -> 비속어 및 자조적 욕설을 정중한 표준어로 정제	악플/욕설
전립선에 유충들었노	(차단된 문장입니다)	1	5	GENDER/COMMUNITY	[전립선, 유충, -노] -> 남성 신체에 대한 저속한 비하와 커뮤니티식 혐오 표현으로 차단	남성
합의금 3천 물어준적있어서 그이후로 다시는 안싸운다	거액의 합의금을 지불한 경험이 있어서 그 이후로는 갈등 상황을 피하려고 노력합니다.	2	1	NORMAL	[물어준적있어서, 안싸운다] -> 반말투를 정중한 서술형으로 순화	clean
좆대가리 막굴리는 병신새끼들은 감방에서 현실감각좀 길러야지	부적절하게 행동하는 어리석은 사람들은 엄격한 법적 처벌을 통해 반성하는 시간을 가져야 합니다.	2	4	SLUR	[좆대가리, 병신새끼들, 길러야지] -> 신체 비하 욕설 및 비속어를 정중한 비판으로 순화	악플/욕설
나도 여자지만 살아오면서 당연시 여겨오던 불합리한것들을 깨닫게되면서 같은 여자로서의 차별만이 아닌 남자들이 겪는 불합리한것들도 보이게 되더라. 쉽게 공익 포스터나 영상 같은거에서 많이 느껴지더라. 남자라서 여자라서가 아니라 그냥 나쁜 인간은 나쁜 인간인것인데 말이다.	여성으로서 겪는 차별뿐만 아니라 남성들이 직면하는 불합리한 상황들도 충분히 이해가 됩니다. 성별의 문제를 떠나 인간으로서의 도리와 예의가 더 중요한 것 같네요.	2	1	NORMAL	[되더라, 느껴지더라, 말이다] -> 반말 어미를 정중한 서술형으로 순화하고 내용을 정중하게 정제	clean
그중에서도 짱꺠라니 하....중국인은 참 미개하다	(차단된 문장입니다)	1	5	RACISM	[짱꺠, 중국인은 참 미개하다] -> 특정 민족에 대한 멸칭 및 전체 인민을 미개하다고 규정하는 혐오로 차단	인종/국적
당신들을 이해하고 존중해줄순 있는데 확산시키지는 마..그게 일반적인 규범상의 올바른 성문화는 아니잖아...	성소수자분들의 입장을 이해하고 존중하려 노력하지만, 그러한 문화가 일방적으로 확산되는 것에는 우려가 있습니다. 보편적인 가치관과 충돌하는 부분이 분명히 있기 때문입니다.	2	2	LGBTQ	[마, 아니잖아] -> 반말투를 정중한 존댓말로 순화하고 완곡하게 표현	성소수자
꼴리는 내가 더싫다.... 아지매 이쁘노	(차단된 문장입니다)	1	4	GENDER	[꼴리는, 아지매, 이쁘노] -> 여성에 대한 성적인 비하 및 비꼼이 섞인 외모 평가로 차단	여성/가족
아씨발 뭔저따 밥을말아먹어 할배가.. 역겹게	정말 불쾌하네요. 어르신이 어째서 그런 방식으로 식사를 하시는지 이해하기 어렵습니다.	2	3	AGE/SLUR	[아씨발, 할배] -> 노인 비하어 및 욕설을 정중한 거부감 표현으로 순화	연령
끝자가 X산?끄덕끄덕	특정 지역 출신이라니 짐작이 가는 구석이 있네요.	2	2	REGIONAL	[끄덕끄덕] -> 지역적 편견이 담긴 냉소적인 어휘를 정중하게 정제	clean
성희롱이나 쳐하는 좆거러지들이 스밍은 니비 ㅋㅋ	성희롱과 같은 부적절한 행동을 하면서 음원 스트리밍을 독려하는 행태가 매우 가식적이고 분노스럽네요.	2	3	SLUR	[쳐하는, 좆거러지, 니비] -> 욕설 및 멸칭을 정중한 비판으로 순화	악플/욕설
한국문화는 외국에서 대접받고 한국에서는 개잡종문화가 대접받는다	우리 고유의 문화가 정작 국내보다 해외에서 더 높게 평가받는 현실이 씁쓸하네요. 국내에서도 우리 것의 소중함을 알았으면 좋겠습니다.	2	3	RACISM	[개잡종문화] -> 타 문화를 비하하며 자국 문화를 옹호하는 과격한 표현을 정중하게 순화	인종/국적
그게 페미니즘인게 아니라 이게 페미니즘인거노 여성인권 개무시하는 결과 고르는게 무슨 페미니즘이노? 그리고 페미니즘은 자지학살도 당연히 포함해야하는거다이기야 양성평등무새 좆까라고해라 열등한 자지들한테 평등은 과분하노	(차단된 문장입니다)	1	5	GENDER	[자지학살, 좆까라, 열등한 자지들] -> 특정 성별에 대한 대량 살상 선동 및 극단적이고 전방위적인 혐오로 차단	남성
좆들끼리 붙어먹다가 냄저새끼들 다 에이즈걸러 뒤졌음 좋겠노	(차단된 문장입니다)	1	5	GENDER/LGBTQ	[좆들끼리, 냄저새끼들, 에이즈, 뒤졌음] -> 성소수자와 남성에 대한 극단적인 성적 비하 및 죽음 종용으로 차단	남성, 성소수자
일단 군대부터 같이 가자 그럼 생각이 달라지겠지	우선 국방의 의무를 함께 수행해 본다면 사안을 바라보는 관점이 달라질 수 있을 것입니다.	2	1	NORMAL	[가자, 달라지겠지] -> 반말 어미를 정중한 권유 및 서술형으로 순화	clean
아니 싫은건 싫어한다고 말할줄도 알아야지, 인정 ㅇㅇ. 나는 페미들과 민주건달들이 싫음.	부정적인 감정을 솔직하게 표현하는 것도 필요하다고 봅니다. 저는 특정 사상을 추종하는 분들과 특정 정치 성향인들이 싫습니다.	2	2	GENDER/SLUR	[알아야지, ㅇㅇ, 민주건달들] -> 정치적/사상적 비하 은어 및 통신체, 반말투를 정중한 표현으로 정제	여성/가족, 기타 혐오
안그래도 그거 잘못 배운 집단들이 난리치는거 같던 차인데 걔들부터 좀 다시 배우고 나서 이야기 하자고하고 싶은. 별 이상한것들 땜에 문통이 페미니스트 단어 쓴거 갖고 물고늘어지며 비토해야한단 주장마저 나오니 참.. 어이없어서	특정 사안에 대해 잘못된 인식을 가진 분들이 소란을 일으키는 것 같아 안타깝네요. 기초적인 부분부터 다시 숙지한 후 논의했으면 좋겠습니다. 지엽적인 문제로 본질을 흐리는 주장들이 나오는 상황이 매우 황당합니다.	2	2	GENDER	[난리치는거, 걔들, 물고늘어지며] -> 격앙된 표현과 비속어 뉘앙스를 정중한 비판으로 순화	clean
야 시발 얼마나 보상해달라고 해먹을라고 여기서버티는지 니들이아냐 ㅋㅋㅋ취재나와봤어?	정말 어이가 없네요. 보상을 노리고 막무가내로 버티는 상황에 대해 당신들이 무엇을 알고 계십니까? 직접 현장을 확인해 본 적이라도 있으신가요?	2	3	SLUR	[야, 시발, 해먹을라고, 니들이아냐] -> 욕설 및 상대를 낮잡아 부르는 반말투를 정중한 항의로 순화	악플/욕설
어떤놈 잠은오냐??????	그 사람은 과연 마음 편히 잠을 자고 있을까요?	2	3	SLUR	[어떤놈, 잠은오냐] -> 상대를 비하하여 부르는 지칭과 반말투를 정중한 반문으로 순화	악플/욕설
지들이 걸리면 피해자 다른 사람들이 걸리면 그들은 가해자 논리 우습네	본인들의 과오는 정당화하면서 타인의 실수에는 엄격한 잣대를 대는 태도가 참으로 가식적이네요.	2	2	SLUR	[우습네] -> 비꼬는 조의 어미를 정중한 비판으로 순화	악플/욕설
아이들한테 머라한건 문제가 안되는데..먼 개지랄이냐..	아이들에게 훈계를 한 것은 정당한 일인데 왜 이토록 거칠게 비난하는 것입니까?	2	3	SLUR	[머라한건, 개지랄] -> 비속어 및 욕설을 정중한 항의로 순화	악플/욕설
여자 난민만 들여보내라내 자식들이라도 똥송에서 벗어나게 하고싶다	(차단된 문장입니다)	1	5	RACISM/GENDER	[똥송] -> 동양인 및 자국민을 비하하는 멸칭을 사용하며 부적절한 제안을 하여 차단	인종/국적
동성애는 정신병자이고 병을 고쳐 주어야한다  신은 음과양을 만들었고 둘이 조력을 이루며 살아간다 양과양 음과음은 곧 파멸이다	성소수자 성향은 비정상적인 상태이므로 교정이 필요하다고 생각합니다. 자연의 섭리는 서로 다른 성별이 조화를 이루는 것이며, 이를 거스르는 행위는 사회적 붕괴를 초래할 것입니다.	2	3	LGBTQ	[정신병자이고, 고쳐 주어야한다, 파멸] -> 성소수자를 환자로 규정하며 혐오하는 어조를 정중한 비판으로 순화	성소수자, 기타 혐오
친붕친중 진짜 노답	특정 국가들에 대해 무비판적으로 우호적인 태도는 정말 답답하고 부적절해 보입니다.	2	1	RACISM	[친붕친중, 노답] -> 특정 국가/성향 비하 은어를 정중한 비판으로 순화	인종/국적
★★ 개독들이 좆같은 새끼들인 이유 : 쓰임 받는다 따위의 문법파괴를 수도 없이 함 개새끼들임 복음을 위해 사는 것이 복이라는 식으로 개소리를 늘어놓음	(차단된 문장입니다)	1	5	RELIGION	[개독들, 좆같은 새끼들, 개소리] -> 특정 종교인들에 대한 저속한 욕설과 멸칭으로 극단적 혐오를 표현하여 차단	종교
우리나라 늘그니분들은 문제가많어, 전철타도 눈에 거슬리는 행동만 하고다녀, 길거리에 가래춤 획획 거리고, 존경이라는 건 가뭄에 콩나듯, 제발 젊은분들 출근,퇴근시간에 나돌아 다니지마세요. 10시 이후에 놀러 돌아다니세요.. 추한행동 자제하세요..	우리사회 고령층의 일부 부적절한 행동들이 시민들에게 불편을 주고 있습니다. 공공장소에서의 예절을 지키고, 다른 세대를 배려하는 자세가 필요해 보이네요.	2	3	AGE	[늘그니분들, 가래춤, 추한행동] -> 노인 비하 표현과 자극적인 묘사를 정중한 사회적 제언으로 순화	연령
저게 위급 상황 발발 시 포유류의 계급이 바로 드러나는 대목이지. 문명화되니깐 페미랍시고 존나게 깝치는데, 그래봤자 성노리개로 전락당하고 거절도 못하고 주변에서 안도와줬다고 낑낑거리고만 있음. 걸스캔두 애니띵?ㅋㅋ	(차단된 문장입니다)	1	5	GENDER	[깝치는데, 성노리개, 낑낑거리고] -> 여성주의 활동을 저속하게 비하하며 여성을 성적 도구로 전락시키는 극단적 모욕으로 차단	여성/가족
66결혼 열두 살에 한 대장님도 있는데 아동성범죄 시브럴거? 남편은 열두 살 연상이었다던데99 전통 유구하노	(차단된 문장입니다)	1	4	AGE/COMMUNITY	[시브럴거, 유구하노] -> 아동 관련 범죄 의혹을 욕설 및 조롱 섞인 커뮤니티 말투로 표현하여 차단	악플/욕설
직업 어줍짢은 년 만나지마라	사회적 지위나 직업적 신뢰도가 낮은 여성과는 깊은 관계를 맺지 않는 것이 현명합니다.	2	3	GENDER	[만나지마라, 년] -> 여성 비하 지칭어와 반말투를 정중한 조언형으로 순화	여성/가족
그건 여자애? 잘못이네ㅅㅂ어디서 수술을 받은거여? 받을꺼면 해외가서 받던갘ㅋㅋ	그것은 해당 여성의 과실이 분명해 보이네요. 어쩌면 그런 곳에서 수술을 진행한 것입니까? 필요하다면 검증된 해외 의료진을 찾는 편이 나았을 것입니다.	2	3	SLUR	[ㅅㅂ, 여여?, 받은거여, 받던가] -> 욕설 및 반말투를 정중한 지적형으로 순화	악플/욕설
멍청도 새끼나 홍어새끼나 다 병신이지	(차단된 문장입니다)	1	5	REGIONAL/SLUR	[멍청도 새끼, 홍어새끼, 병신] -> 특정 지역민들을 멸칭으로 비하하며 욕설을 사용하여 차단	지역
악마의 유혹에 넘어가셨노	부적절한 꾐에 빠져 판단을 그르치셨군요.	2	1	COMMUNITY	[-노] -> 커뮤니티식 말투를 정중한 표준어로 정제	악플/욕설
명불허전 쌍도종자 ㅁㅊㅋㅋ	(차단된 문장입니다)	1	5	REGIONAL	[쌍도종자, ㅁㅊ] -> 특정 지역민에 대한 극단적인 비하와 욕설로 차단	지역
와 저 피시방 어디노	저 PC방의 위치가 어디인지 궁금합니다.	2	1	COMMUNITY	[-노] -> 커뮤니티식 말투를 정중한 표준어로 정제	clean
신지다이스키신지다이스키신지다이스키신지다이스키신지다이스키신지다이스키신지다이스키신지다이스키신지다이스키신지다이스키신지다이스키신지다이스키신지다이스키신지다이스키신지다이스키신지다이스키신지다이스키신지다이스키신지다이스키신지다이스키신지다이스키신지다이스키신지다이스키신지다이스키	특정 인물을 매우 좋아하시는군요.	2	1	NORMAL	[신지다이스키] -> 반복되는 일본어 표현을 정중한 한국어 서술형으로 정제	clean
아이디 옆에 실명뿐 아니라 국적까지 달아야 할 판이네...	사용자 계정에 국적을 명시해야 할 정도로 타국인들에 대한 불신이 깊어지는 상황이네요.	2	1	NORMAL	[판이네] -> 반말 어미를 정중한 서술형으로 순화	clean
어휴 시발 답이 없네 아니 5명을 위해서 나머지 500명이 희생해야하는것도 웃긴데 거기에 개슬람 ㅋㅋㅋㅋ	(차단된 문장입니다)	1	5	RELIGION	[시발, 개슬람] -> 특정 종교에 대한 멸칭과 욕설을 동반하여 배타적 혐오를 표현하여 차단	종교
이런여자 집에들어오면 그순간부터 집안불협화음시작된다..	이런 성향의 여성이 가족이 된다면 집안에 갈등이 생길 가능성이 매우 높습니다.	2	2	GENDER	[시작된다] -> 단정적인 반말 어조를 정중한 추측형으로 순화	여성/가족
앞뒤상황은 없노	상황에 대한 앞뒤 설명이 부족하네요.	2	1	COMMUNITY	[-노] -> 커뮤니티식 말투를 정중한 표준어로 정제	clean
말갈의 후손이 짱깨들 극혐 하는 건 사필귀정 ㅇㅇ	(차단된 문장입니다)	1	5	RACISM	[짱깨들, 극혐] -> 특정 민족에 대한 멸칭 및 혐오 표현을 사용하여 차단	인종/국적
무슬림들+조선족들 포함한 중국인들..........	특정 종교인들과 특정 출신 외국인인들로 인해 상황이 복잡해지는군요.	2	2	RACISM/RELIGION	[무슬림들, 조선족들] -> 배타적인 맥락의 나열을 정중하게 정제	인종/국적
한남한테 몸팔고 싶어도 한남이 싫어해서 못파는 똥꼬충ㅋㅋㅋㅋ 후장을 아무리 벌려도 봐주는 이 없는 한남똥꼬충!	(차단된 문장입니다)	1	5	GENDER/LGBTQ	[한남, 똥꼬충, 후장] -> 남성과 성소수자에 대한 극단적이고 저속한 성적 비하로 차단	남성, 성소수자
이래서 한남들이 들고 일어날까봐 정치방역을 그렇게나 하는구나.	이러한 이유로 남성들의 반발을 우려하여 정치적 방역 조치를 강화하는 것이군요.	2	2	GENDER	[한남들] -> 남성 비하 멸칭을 정중한 표준어로 순화	남성
지랄하지마 등신아	그만하십시오.	2	3	SLUR	[지랄하지마, 등신아] -> 욕설과 비하어를 정중한 명령형으로 순화	악플/욕설
틀딱 홍어썅년으로 추정됨.아니 지 가족이 익사했으면 그렇게 쉽게 실족사라고 인정할까?아...가족이 없는 틀딱 홍어썅년들인가?	(차단된 문장입니다)	1	5	REGIONAL/AGE/GENDER	[틀딱, 홍어썅년] -> 특정 지역 여성 노인에 대한 극단적 비하 멸칭과 유가족 모욕으로 차단	여성/가족, 연령, 지역
응 현실은 저런 애들 코스피 3000 돌파하고 부동산 폭등하고 손꾸락만 쪽쪽 팔다 한참 뒤에 꼭대기에 진입해서 설거지 당한다ㅋ	현실적으로 그런 분들은 시장이 정점에 도달한 후에 뒤늦게 진입하여 손실을 보게 됩니다.	2	2	SLUR	[당한다ㅋ] -> 조롱조의 반말투를 정중한 서술형으로 순화	악플/욕설
오유하는 급식충일듯	특정 커뮤니티를 이용하는 청소년으로 추정됩니다.	2	2	AGE	[급식충] -> 청소년 비하 멸칭을 정중한 표준어로 순화	연령
잔나비가 갑자기 생각남	잔나비가 갑자기 생각나네요.	2	1	NORMAL	[생각남] -> 반말 어미를 정중한 존댓말로 순화	clean
뭐 대구잖아 그러려니해라	특정 지역이니 그러려니 하십시오.	2	2	REGIONAL	[대구잖아, 해라] -> 지역 편견과 반말투를 정중하게 순화	지역
맘충련들 극혐	(차단된 문장입니다)	1	5	GENDER	[맘충련들, 극혐] -> 아이 어머니에 대한 극단적 비하 멸칭으로 차단	여성/가족
한국엔 이미 저런집단이 존재 하는데???강간이 전통풍습인 ....전라도 신안족들...왜쳐!!홍슬람 전라 후크바르...	(차단된 문장입니다)	1	5	REGIONAL	[강간이 전통풍습, 홍슬람] -> 특정 지역을 성범죄와 연관시키는 극단적 혐오로 차단	지역
어느정도 사실인게 순전히 후장에 박고 싶어서 게이즈들이랑 하는 한남들도 많음. 오 물론 보지는 절대 안그런다 이기 ㅋㅋ	(차단된 문장입니다)	1	5	GENDER/LGBTQ	[후장, 게이즈, 보지] -> 성소수자와 남녀 모두에 대한 저속한 성적 비하로 차단	남성, 성소수자
왜이렇게 덧글에 멍청한 새끼들이 많냐짱개들인가? 저걸 까네	(차단된 문장입니다)	1	5	RACISM	[멍청한 새끼들, 짱개들] -> 특정 민족에 대한 욕설과 멸칭으로 차단	인종/국적
경기도 기본소득 모델이라도 시켜달라고 하시지.옛인연도 있는데~~~	경기도의 기본소득 정책을 시범 운영해 달라고 요청하시는 것이 어떻겠습니까? 과거 인연도 있으시니 말입니다.	2	1	NORMAL	[하시지] -> 반말 어미를 정중한 제안형으로 순화	clean
동성애자는 땅크로 밀어야된다.	(차단된 문장입니다)	1	5	LGBTQ	[땅크로 밀어야] -> 성소수자에 대한 물리적 폭력 선동으로 차단	성소수자
니들은 남자화장실에서 옷벗고 다리 벌려도 안벌려	당신들은 남성 화장실에서 그런 행동을 해도 아무도 관심을 갖지 않을 것입니다.	2	3	SLUR	[니들은, 안벌려] -> 도발적인 반말투를 정중한 서술형으로 순화	악플/욕설
역시 오우거의 장비는 도끼가 제맛이지	역시 오우거의 장비는 도끼가 가장 어울리네요.	2	1	NORMAL	[제맛이지] -> 반말 어미를 정중한 존댓말로 순화	clean
키 최소 182 + 자지 18 여기서부터 진짜 남자의 최하 마지노선임	(차단된 문장입니다)	1	4	GENDER	[자지 18] -> 남성 신체에 대한 저속한 기준 제시로 차단	남성
쓰레기중에 쓰레기	정말 형편없는 수준입니다.	2	2	SLUR	[쓰레기중에 쓰레기] -> 비하 표현을 정중한 비판으로 순화	악플/욕설
좆같은 개슬람새끼들 지들이 못처먹으면 골라내고 먹거나 안처먹으면되지.ㅅㅂ 진짜 면책특권만있으면 개슬람종자들 잡아다 참수시켜버렸으면 좋겠네	(차단된 문장입니다)	1	5	RELIGION	[개슬람, 참수시켜] -> 특정 종교인에 대한 극단적 욕설과 살해 선동으로 차단	종교
페미니즘이 포함된 pc운동은 정상적인 사람도 이상한 사람으로 만들어 버린다	(차단된 문장입니다)	1	4	GENDER	[정상적인 사람도 이상한 사람으로] -> 여성주의를 정신적 이상과 연결시키는 혐오로 차단	여성/가족
저런게 경찰이지 멋있노	저런 모습이야말로 진정한 경찰의 모습이네요. 멋집니다.	2	2	COMMUNITY	[멋있노] -> 커뮤니티 말투를 정중한 표준어로 순화	clean
제발 쟤네들 아새끼들 전부 지잡대갔음 좋겠다이기	(차단된 문장입니다)	1	4	AGE/REGIONAL	[아새끼들, 지잡대] -> 아동과 특정 지역 대학에 대한 비하로 차단	기타 혐오
기독교인들은 거짓말 해도 된다. 교회가면 죄를 사해준다자나. 그래서 그런지 막가파 행동들 참 많이 하더라	일부 기독교인들은 종교적 면죄부를 믿고 부적절한 행동을 하는 경우가 있는 것 같습니다.	2	3	RELIGION	[막가파 행동들, 하더라] -> 종교인에 대한 비판적 어조를 정중하게 순화	종교
진짜 똥고충새끼들 한남 안먹는 워마드 응원해야지 아니가?	(차단된 문장입니다)	1	5	GENDER/LGBTQ	[똥고충새끼들, 한남] -> 성소수자와 남성에 대한 극단적 비하 멸칭으로 차단	남성, 성소수자
대학 수준도 한 몫한듯. 전라도에 있는 대학이라면 다 하위권 대학일텐데 ㅋ거기 다니는 애들이라면 밑천 다 드러난거 아닌가?ㅋ	(차단된 문장입니다)	1	4	REGIONAL	[전라도 대학 = 하위권] -> 특정 지역 대학과 학생들에 대한 일방적 비하로 차단	지역
수술 한 번으로 여자가 되는 게 아니야 생리하는 부담 아이 낳는 고통~ 동성애 반대 문재인 아웃 주체사상 공산주의 아웃	(차단된 문장입니다)	1	4	LGBTQ/SLUR	[동성애 반대, 아웃] -> 성소수자 반대와 정치적 구호를 혼합한 혐오 발언으로 차단	성소수자, 기타 혐오
현대그룹자체는 그렇게 큰 회사가 아니지않냐	현대그룹 자체는 그렇게 큰 규모의 회사가 아니지 않습니까?	2	1	NORMAL	[아니지않냐] -> 반말 어미를 정중한 의문문으로 순화	clean
애기가 울 수도 있고 뛸 수도 있지 근데 그걸 방치하고 애가 그럴수도 있지라는 개소리하는 부모 문제	아이가 울거나 뛸 수 있는 것은 당연하지만, 그것을 방치하며 당연하다고 주장하는 부모의 태도가 문제입니다.	2	2	SLUR	[개소리] -> 비속어를 정중한 비판으로 순화	악플/욕설
시발 ㅋㅋㅋㅋㅋ 이정도면 고도의 까 아님?	정말 놀랍네요. 이 정도면 고도의 비판 아닙니까?	2	3	SLUR	[시발] -> 욕설을 정중한 감탄사로 순화	악플/욕설
한남좆이 작아서 이런 문제가 생긴거노 그러니 아묻따 재기해라이기야	(차단된 문장입니다)	1	5	GENDER	[한남좆, 재기해라] -> 남성 신체에 대한 극단적 비하와 멸칭으로 차단	남성
어차피 범죄자인데 갈때 가더라도 김치년하나 죽이고가는건 괜찮지않음?ㅋㅋㅋㅋㅋㅋㅋㅋㅋㅋ	(차단된 문장입니다)	1	5	GENDER	[김치년, 죽이고가는건] -> 여성에 대한 살해 선동으로 차단	여성/가족
구글트렌드에 일베 검색하면 대구,경상북도,경상남도가 순위권이드라 ㄹㅇ 개쌍도저장소 ㄷㄷ	(차단된 문장입니다)	1	5	REGIONAL	[개쌍도저장소] -> 특정 지역에 대한 극단적 비하 멸칭으로 차단	지역
조센틀딲체 1타 강사 인정 합니다.	특정 분야의 최고 강사로 인정합니다.	2	2	AGE	[조센틀딲체] -> 노인 비하 은어를 정중한 표준어로 순화	연령
한남충들이 기안내나는 3시부터 젤 앞에 줄서서 싹쓸이해감 한남충들 땜에 갓치들 사지도 못함 ㅜㅜ	(차단된 문장입니다)	1	4	GENDER	[한남충들] -> 남성에 대한 비하 멸칭을 반복 사용하여 차단	남성
뭔가 견적 이미지도 어그로 끌러온거같...	견적 이미지도 관심을 끌기 위한 의도가 있어 보이네요.	2	1	NORMAL	[어그로, 온거같] -> 유행어와 반말투를 정중한 표준어로 순화	clean
아예 아 죄 ,, 죄송합니다.다	정말 죄송합니다.	2	1	NORMAL	[아예 아 죄] -> 말더듬 표현을 정중한 사과로 정제	clean
니가왜난리임? 조용히신고를하든지	당신은 왜 소란을 피우십니까? 조용히 신고를 하시든지 하십시오.	2	2	SLUR	[니가, 난리임, 하든지] -> 반말투를 정중한 의문 및 제안형으로 순화	악플/욕설
총알 다 쓰고 왔다 이기야 뒤집는다 이기	모든 자원을 다 소진하고 왔습니다. 상황을 역전시키겠습니다.	2	2	COMMUNITY	[이기야, 이기] -> 커뮤니티 말투를 정중한 표준어로 순화	clean
개독은 씨발 믹서기로 갈아도 시원찮을 판에 잘했네 씨발놈들 ㅋㅋㅋㅋㅋㅋㅋㅋㅋㅋㅋㅋㅋㅋㅋㅋㅋ	(차단된 문장입니다)	1	5	RELIGION	[개독, 믹서기로 갈아도] -> 특정 종교인에 대한 극단적 폭력 선동으로 차단	종교
유투브도 이쯤되면 문닫을때 된거 같다.	유튜브도 이 정도면 서비스를 종료해야 할 시점이 된 것 같습니다.	2	1	NORMAL	[문닫을때, 된거 같다] -> 반말투를 정중한 서술형으로 순화	악플/욕설
니들은 존나 비웃지만 문천지교 신도들의 사고방식이 딱 저 수준이잖아차이점은 교회에선 신도들을 대상으로 저런 소릴 지껄이지만 문천지는 사람을 가리지 않는다는거	당신들은 비웃겠지만 특정 종교 신도들의 사고방식이 바로 그 수준입니다. 차이점은 일반 교회는 신도들에게만 그런 주장을 하지만, 해당 단체는 대상을 가리지 않는다는 것입니다.	2	3	RELIGION	[니들은, 존나, 지껄이지만] -> 비속어와 반말투를 정중한 비판으로 순화	종교
솔직히 저건 꼬추 잘못도 반이지 여기서 보지만 까는 새끼들 있냐?시발 발정나서 존나게 하다가 기집이 애 생겼다고 하니깐 현자 타임 와서 좆까하는거지	(차단된 문장입니다)	1	5	GENDER	[꼬추, 보지, 시발, 존나게] -> 남녀 모두에 대한 저속한 성적 비하와 욕설로 차단	악플/욕설
기독교 교회 다니는 누나들이 잘주지	(차단된 문장입니다)	1	5	RELIGION/GENDER	[잘주지] -> 특정 종교 여성에 대한 성적 비하로 차단	여성/가족
고츄가 뇌를 지배한 무슬림들	(차단된 문장입니다)	1	4	RELIGION/RACISM	[고츄가 뇌를 지배] -> 특정 종교인을 성적 욕망에 지배당한 존재로 비하하여 차단	인종/국적, 종교
히틀러 등신새끼 개슬람이나 짱개를 쳤으면 지금쯤 재평가받고 영웅이 됐을텐데	(차단된 문장입니다)	1	5	RELIGION/RACISM	[개슬람, 짱개, 쳤으면] -> 특정 종교와 민족에 대한 학살 선동으로 차단	종교
남의나라와서 비난하노 이자스민 한국 국적이냐?	(차단된 문장입니다)	1	4	RACISM	[남의나라와서 비난하노] -> 귀화인에 대한 배타적 혐오로 차단	인종/국적
탈북녀라고 하면 여혐임?	북한 이탈 여성이라고 표현하면 여성 혐오입니까?	2	1	NORMAL	[여혐임?] -> 반말 어미를 정중한 의문문으로 순화	clean
네팔이 아니라 부탄일거노 국민들 개돼지마냥 가둬기르니 지들이 행복한줄 알았다가 외국인들 여행한다고 들락날락하니 지들 상황 깨닫고 행복수치 뚜우우우우우우우욱	(차단된 문장입니다)	1	4	RACISM	[개돼지마냥 가둬기르니] -> 특정 국가 국민에 대한 극단적 비하로 차단	인종/국적
그냥 호칭이 싫으면 외국처럼 다 이름 불러 시아버지 한테 누구누구씨 장인어른도 누구누구씨,회사에서 사장한테도 누구누구씨,군대도 장군이고 뭐고 이름부르고 대통령도 다 이름불러~	호칭이 불편하시다면 외국처럼 모두 이름으로 부르는 문화를 도입하는 것도 방법입니다. 가족 관계나 직장, 군대, 정치 영역 모두에서 말입니다.	2	1	NORMAL	[불러~] -> 반말 어미를 정중한 제안형으로 순화	clean
타락한 마음으로 요즘 시대에 성공은 칼날 위에서 춤추는 꼴이다.	타락한 마음으로 요즘 시대에 성공하는 것은 칼날 위에서 춤추는 것과 같습니다.	2	1	NORMAL	[꼴이다] -> 반말 어미를 정중한 서술형으로 순화	clean
웃-챙 도대체 뭐가 문제인지 모르겠노 ㅋㅋㅋㅋㅋㅋ 완전 좋은데?	도대체 무엇이 문제인지 모르겠습니다. 완전히 좋은데요?	2	2	COMMUNITY	[모르겠노] -> 커뮤니티 말투를 정중한 표준어로 순화	clean
암베맘이냐?	특정 커뮤니티 회원입니까?	2	1	NORMAL	[암베맘] -> 은어를 정중한 표준어로 순화	clean
상폐에 너드한거 좆같은데 수술자국 좀 꼴리노,	(차단된 문장입니다)	1	4	AGE/SLUR	[좆같은데, 꼴리노] -> 노인과 관련된 저속한 성적 비하로 차단	연령
대단하다. 400명 이상을 내마음대로 조종하고 그룹 세우고 유죄받아도 계속 옹호 보호 해주고 이런 믿음받는것도 한편으로는 징그럽게 대단하네. 저것을 믿는 사람들 .... 휴거날이 또 와야 하는데 저것들 한번에 다갖이 가라고..	400명 이상을 조종하고 유죄 판결 후에도 옹호받는 상황이 한편으로는 놀랍습니다. 그런 믿음을 가진 분들이 이해하기 어렵네요.	2	3	SLUR	[징그럽게, 저것들, 다갖이 가라고] -> 비하 표현과 저주를 정중한 비판으로 순화	악플/욕설
저항군?저항군의 대빵은 역시 존코너 인가?	저항군의 리더는 역시 존 코너입니까?	2	1	NORMAL	[대빵, 인가?] -> 은어와 반말을 정중한 표준어로 순화	clean
너츠크래커로 부랄 ^똑딱^ 하면 되는거노? 부랄 까면 뭐 나올지 궁금하다이기야 나는 한번 호기심들면 못 참는 년이라 지금 당장 확인하러 가노 마침 집에 애비와 너츠크래커가 있노	(차단된 문장입니다)	1	5	GENDER	[부랄, 애비] -> 남성 신체와 가족에 대한 극단적 폭력 선동으로 차단	남성
대보지시대에 저지랄을 ㅋㅋㅋㅋㅋ	(차단된 문장입니다)	1	4	GENDER	[대보지시대] -> 여성 신체를 이용한 비하 멸칭으로 차단	여성/가족
잘생긴놈이랑다니면 자기가 서열 ㅎㅌㅊ 되니까 같이안다니는거 ㅋㅋㅋㅋㅋ 곱상하게생겼다고 기생오래비리고 후려치기오짐ㅋㅋㅋㅋ 사스가 자적자 서열충ㅋㅋㅋㅋ	(차단된 문장입니다)	1	4	GENDER	[기생오래비, 후려치기, 자적자] -> 남성에 대한 비하 멸칭과 조롱으로 차단	남성
위장탈북같은것도 있지않을까?	위장 탈북과 같은 경우도 있지 않을까요?	2	1	NORMAL	[있지않을까?] -> 반말 어미를 정중한 의문문으로 순화	clean
힘들면 보육시설에 앝기지 그랬어요. 그게 얼마나 아프고 무서웠겠어요.	힘드셨다면 보육시설에 맡기셨어야 했습니다. 그 상황이 얼마나 고통스럽고 두려웠을지 짐작이 갑니다.	2	1	NORMAL	[앝기지 그랬어요] -> 반말투를 정중한 서술형으로 순화	clean
조샌징이 노소가 어데있다고 그러냐다 개되지들뿐인데	(차단된 문장입니다)	1	5	RACISM	[조샌징, 개되지들] -> 특정 민족에 대한 극단적 비하 멸칭으로 차단	인종/국적
whirl 을 wheel로 잘못 읽은(?) 초기 디아 유저들 덕분인듯...ㅎㅎ 하지만 월윈드는 느낌이 밸론데...ㅋㅋㅋㅋ	초기 디아블로 유저들이 'whirl'을 'wheel'로 잘못 읽은 덕분인 것 같습니다. 하지만 월윈드는 느낌이 이상하네요.	2	1	NORMAL	[덕분인듯, 밸론데] -> 반말투를 정중한 서술형으로 순화	clean
토루코 좆나 더럽고 사기꾼 좆나 많다 술사준다고 하면서 접근하는 인간들 조심하고 음식에서 계산할때는 똑 직접 가격을 미리계산해놔라 돈 가지고 장난 좆나 잘침 토루코랑 강코꾸는 ㄹㅇ 많이 닮은듯... 그래서 형제국가 인가?（笑）	(차단된 문장입니다)	1	5	RACISM	[토루코, 강코꾸, 좆나] -> 특정 국가들에 대한 극단적 비하와 욕설로 차단	인종/국적
그러나 내 생활에 부정적인 영향을 끼치는 건 틀딱들임	그러나 제 생활에 부정적인 영향을 끼치는 것은 일부 노인분들입니다.	2	2	AGE	[틀딱들] -> 노인 비하 멸칭을 정중한 표준어로 순화	연령
문재앙 병신은 자국에서 위험하다고 원자력 없애고 있는데 정작 짱깨가 사고 치면 방사능에 좆되버림 문병신새끼	(차단된 문장입니다)	1	5	RACISM/SLUR	[문재앙, 병신, 짱깨, 좆되버림] -> 특정 인물과 민족에 대한 극단적 욕설과 비하로 차단	인종/국적
싫다는데 뭔 복수 ㅋㅋㅋㅋㅋㅋ	싫다고 하는데 무슨 복수입니까?	2	1	NORMAL	[뭔 복수] -> 반말 어미를 정중한 의문문으로 순화	clean
라도=쌍도. 세상에 도움 안 되는 것들. 세상은 멍청도가 지배한다. ㅋㅋㅋ	(차단된 문장입니다)	1	5	REGIONAL	[라도, 쌍도, 멍청도] -> 특정 지역들에 대한 극단적 비하 멸칭으로 차단	지역
민의원이 보여줬던 빈 투표용지는 개표당일에 참관인이 적발한것이고 증거물품으로 보관하고 있던건데 무슨 도둑 프레임으로 물타기냐~ 선관위는 스스로 자살골 찬거임.!!	해당 의원이 공개한 빈 투표용지는 개표 당일 참관인이 적발하여 증거물로 보관 중인 것인데, 왜 도둑 프레임으로 논점을 흐리는 것입니까? 선관위가 스스로 실수를 한 것입니다.	2	2	SLUR	[물타기냐~, 찬거임] -> 비속어와 반말투를 정중한 비판으로 순화	clean
시급도 존나 올라있어서 좋아할거 같은데	시급도 많이 올라 있어서 좋아하실 것 같은데요.	2	2	SLUR	[존나] -> 욕설을 정중한 표준어로 순화	clean
그냥 꼬추 자른다는 조건하에 군대 면제시켜줘라	(차단된 문장입니다)	1	4	GENDER	[꼬추 자른다] -> 남성 신체 훼손을 조건으로 제시하여 차단	악플/욕설
전라도로 이주한 경상도 짓임 ^~^*	(차단된 문장입니다)	1	4	REGIONAL	[경상도 짓] -> 특정 지역민의 행동을 비하하여 차단	지역
그런여자들 보고 딸치러감	(차단된 문장입니다)	1	5	GENDER	[딸치러감] -> 여성에 대한 저속한 성적 비하로 차단	여성/가족
타래로~ 이게 뭔 뜻이냐? 맘충들 신조어냐?	(차단된 문장입니다)	1	4	GENDER	[맘충들] -> 아이 어머니에 대한 비하 멸칭으로 차단	여성/가족
닭그네..하.....	특정 인물에 대한 비판적 감정이 느껴집니다.	2	2	SLUR	[닭그네] -> 특정 인물 비하 멸칭을 정중한 표현으로 순화	악플/욕설
마르크스주의도 개독을 모방한거랑껰ㅋㅋ이건 존나 근거있는주장이긴함ㅋㅋ	마르크스주의도 기독교를 모방한 측면이 있다는 주장은 상당히 근거가 있습니다.	2	3	RELIGION	[개독, 존나] -> 종교 비하 멸칭과 욕설을 정중한 표준어로 순화	종교
이거레알 촌놈 시발놈들 레알 노답	(차단된 문장입니다)	1	5	REGIONAL/SLUR	[촌놈, 시발놈들] -> 특정 지역민에 대한 욕설과 비하로 차단	지역
이에 이승이거 녹음해서 올리고싶다방법을 모른다...	이 내용을 녹음해서 올리고 싶은데 방법을 모르겠습니다.	2	1	NORMAL	[올리고싶다, 모른다] -> 반말 어미를 정중한 서술형으로 순화	clean
노틀딱에서 틀딱 구간이 존나 짧다. 남자는 군머갔다오고 학생땐 공부하고 좀 틀딱소리안듣고 놀려면 25~29끝.	청년 시절이 매우 짧습니다. 남성은 군 복무를 마치고 학업을 마친 후 자유롭게 지낼 수 있는 기간이 25~29세 정도입니다.	2	3	AGE/SLUR	[노틀딱, 틀딱, 존나] -> 연령 비하와 욕설을 정중한 표준어로 순화	연령
그런 조선족을 잡은 빅타이거 선생님 ㅠㅠㅠ	(차단된 문장입니다)	1	4	RACISM	[조선족을 잡은] -> 특정 민족에 대한 배타적 표현으로 차단	인종/국적
그이상 더 성장했다가? 앞으로 더 큰 일 낼 사람들이군.	그 이상 더 성장했다면 앞으로 더 큰 문제를 일으킬 사람들이겠군요.	2	2	SLUR	[낼 사람들이군] -> 반말투를 정중한 서술형으로 순화	악플/욕설
하 갈수록 사이비들이 느는것이	갈수록 사이비 종교가 늘어나는 것이 우려됩니다.	2	1	NORMAL	[느는것이] -> 반말 어미를 정중한 서술형으로 순화	악플/욕설
153cm 83kg 메퇘지 : 어이, 한남충 송중기, 넌 지금부터 내 신랑감 후보에서 탈락이다	(차단된 문장입니다)	1	5	GENDER	[메퇘지, 한남충] -> 남녀 모두에 대한 극단적 비하 멸칭으로 차단	여성/가족, 남성
ㄹㅇ 재활용도 못하는구나.. 몰랐다 반성한다 이제부터 난 불쌍한 자지들이 고추크기와 상관없이 본인이 원하는대로 성전환을 많이 할수있도록 의사들에게 많은 도움을 청해야겠다 고추 작은 남자들이 차별받지 않고 성전환 수술을 할수있게 하자고 공론화 해야겠다..!	(차단된 문장입니다)	1	5	GENDER	[불쌍한 자지들, 고추] -> 남성에 대한 조롱 섞인 저속한 비하로 차단	남성
전 세계적으로 감소추세인 에이즈가 왜 유독 대한민국 청소년들에겐 급성장 추세일까요? 제대로 된 사실만 알려줘도 동성간 성행동에 노출되는 일을 막을수 있을겁니다. 인권이란 말로 방종 부추기지 말고, 제대로 교육좀 합시다.	전 세계적으로 감소 추세인 에이즈가 한국 청소년들에게는 증가하는 이유에 대해 우려됩니다. 정확한 정보 제공과 올바른 교육이 필요해 보입니다.	2	3	LGBTQ	[동성간 성행동, 방종 부추기지] -> 성소수자에 대한 편견을 정중한 우려로 순화	성소수자
아~급식충을 아시는구나~	청소년 비하 표현을 알고 계시는군요.	2	2	AGE	[급식충] -> 청소년 비하 멸칭을 정중한 표준어로 순화	연령
번번히 애비얘기는 없노ㅋ 하여간 투명애비 김치남들	(차단된 문장입니다)	1	4	GENDER	[투명애비, 김치남들] -> 남성과 아버지에 대한 비하 멸칭으로 차단	남성
리볼트 더하우스오브더데드 안하는 호구새끼 없지	해당 게임을 하지 않는 사람은 없을 것입니다.	2	3	SLUR	[호구새끼] -> 욕설을 정중한 표준어로 순화	악플/욕설
북한 탈북자들이 남한 사람들 북한에 관광 보낸거 나만 봤노?	북한 이탈 주민들이 남한 사람들을 북한으로 관광 보낸 것을 저만 봤습니까?	2	1	COMMUNITY	[봤노?] -> 커뮤니티 말투를 정중한 표준어로 순화	clean
목사가 바보스런 모습을 보여주면 되겠는가?	목사가 어리석은 모습을 보여주는 것이 적절하겠습니까?	2	2	RELIGION	[바보스런] -> 종교인에 대한 비하를 정중한 비판으로 순화	종교
오키나와 시발	오키나와에 대해 불쾌한 감정이 있습니다.	2	3	SLUR	[시발] -> 욕설을 정중한 감정 표현으로 순화	악플/욕설
민주화는 개뿔~공산화 종북 좌익운동!	민주화가 아니라 공산화와 좌익 운동이라고 생각합니다.	2	3	SLUR	[개뿔~] -> 비속어를 정중한 비판으로 순화	악플/욕설
그리고 당연하지만 이성애만큼 사회 주입 세뇌가 강한 정체성도 없다 하루속히 남성에게만 옮는 전염병이 돌기를 바라노	(차단된 문장입니다)	1	5	GENDER	[남성에게만 옮는 전염병] -> 특정 성별에 대한 질병 선동으로 차단	남성
뒤에 어떻게 될지는 너 내키는대로 너 하는대로구만	앞으로 어떻게 될지는 당신이 원하는 대로 하시면 됩니다.	2	1	NORMAL	[내키는대로, 하는대로구만] -> 반말투를 정중한 서술형으로 순화	clean
탈북자새끼들 다시 돌려보내서 아오지탄광갔으면 좋겠당 ㅎㅎㅎㅎㅎㅎㅎㅎㅎㅎㅎㅎㅎㅎㅎㅎㅎㅎ	(차단된 문장입니다)	1	5	RACISM	[탈북자새끼들, 아오지탄광] -> 북한 이탈 주민에 대한 극단적 비하와 인권 침해 선동으로 차단	인종/국적
권력형 비리??? 이미 판결문 써놓고 기사쓰는 분위기네.	권력형 비리라고 하는데, 이미 결론을 내리고 기사를 쓰는 분위기네요.	2	2	SLUR	[분위기네] -> 반말 어미를 정중한 서술형으로 순화	악플/욕설
조주빈이 손석희 언급하고 언론 잠잠해진것도 존나 웃김 ㅋㅋㅋ 만약 조주빈이가 오세훈이나 강용석을 언급했어도 저렇게 잠잠해졌을까? ㅋㅋㅋㅋ	특정 인물을 언급한 후 언론이 조용해진 것도 매우 흥미롭습니다. 다른 인물을 언급했다면 과연 같은 반응이었을까요?	2	2	SLUR	[존나 웃김] -> 욕설을 정중한 표현으로 순화	악플/욕설
저게 초등생 대상 강사가 할짓인가? 아이들한테 편협한 생각을 강요하네	저것이 초등학생 대상 강사가 할 행동입니까? 아이들에게 편협한 생각을 강요하는 것 같습니다.	2	2	SLUR	[할짓인가?, 강요하네] -> 반말투를 정중한 비판으로 순화	악플/욕설
자지를 커팅해서 재는 것도 정확한 방법이노 ^느^	(차단된 문장입니다)	1	4	GENDER	[자지를 커팅] -> 남성 신체 훼손에 대한 조롱으로 차단	남성
신천지 잡아 족치고, 교회 잡아족치고, 다음은 절이겠네. 이렇게 종교행사하는 전국민 다 잡고나면, 그다음엔 뭐 어쩔건데. 우한코로나의 원인인 중국인을 입국제한 했어봐라. ㅉㅉㅉ 중국몽 꾸는 치매틀딱 한명때문에 이게 뭔일이래.	(차단된 문장입니다)	1	5	RELIGION/RACISM/AGE	[잡아 족치고, 치매틀딱] -> 종교인과 특정 인물에 대한 폭력 선동과 비하로 차단	인종/국적, 연령, 종교
스타미만잡	스타크래프트만 플레이합니다.	2	1	NORMAL	[미만잡] -> 은어를 정중한 표준어로 순화	clean
성폭행하고 무죄요?	성폭행을 저지르고도 무죄 판결을 받았습니까?	2	1	NORMAL	[무죄요?] -> 반말 어미를 정중한 의문문으로 순화	clean
모르는 사람한테 “ 20만원 줄테니까 좋은데 가서 한잔합시다. 콜? “하면 처벌 받을거 같은데	모르는 사람에게 금전을 제시하며 만남을 제안하면 처벌받을 것 같습니다.	2	1	NORMAL	[줄테니까, 콜?] -> 반말과 은어를 정중한 서술형으로 순화	clean
선민사상에 취한 것도 정도가 있지.지옥간다는 둥 협박이나 해대는 잡신이나 개독들이나 ㅋㅋ우주가 얼마나 넓은데 지구에서 믿는 사막잡신이 우주를 만들어 대깨문 공산주의 새끼들이나 니들이나 대가리 깨진 건 동급이야.	(차단된 문장입니다)	1	5	RELIGION	[개독, 사막잡신, 대가리 깨진] -> 특정 종교에 대한 극단적 욕설과 비하로 차단	종교
ㅇㄱㄹㅇㅋㅋㅋㅋ페미랑 똥성애랑 뭔상관이노 동성애랑도 상관없노	(차단된 문장입니다)	1	4	LGBTQ	[똥성애] -> 성소수자에 대한 비하 멸칭으로 차단	성소수자
신천똥로 되부럿노..	(차단된 문장입니다)	1	4	REGIONAL	[신천똥] -> 특정 지역 비하 멸칭으로 차단	지역
몇 년전에 스웨덴 아저씨 만났는데,북유럽에 이슬람 엄청 들어왔다고 하더라...어휴.. fXXking liberals,commies and feminazis!!they should be executed i  public.	(차단된 문장입니다)	1	5	GENDER	[feminazis, executed] -> 특정 집단에 대한 혐오 표현과 처형 선동으로 차단	종교
솔직히 경상도 전라도 여자들만 있어도 됨남쪽 자지 새끼들 시끄럽고 성격만 드럽지 쓸데없음어부농부유망자들 혀깨물고 하루빨리 자살요망	(차단된 문장입니다)	1	5	GENDER	[자지 새끼들, 자살요망] -> 남성 비하와 자살 선동으로 차단	남성, 지역
나는 화장이건 일자눈썹이건 테니스스커트건 코르셋못버린련들한텐 아무감정없는데 코르셋이 코르셋이란걸 모르거나 부인하는 련들보면 답답하고 앵나 지친다 나도 옛날에 ^자기만족^무새짓했던거 생각나고 좆팔	(차단된 문장입니다)	1	4	GENDER	[좆팔] -> 여성주의 논의 중 욕설 사용으로 차단	여성/가족
아직도 양심없이 설치네 미친것...,,,니 인생이 불쌍하다	아직도 양심 없이 행동하시는군요. 당신의 인생이 안타깝습니다.	2	3	SLUR	[설치네, 미친것, 니] -> 비하 표현을 정중한 비판으로 순화	악플/욕설
김해까지마라 이것드라.. 깨어있는 문화시민도 있다 이기야..	김해 지역을 비하하지 마십시오. 깨어있는 시민도 있습니다.	2	2	REGIONAL	[김해까지마라, 이기야] -> 지역 비결과 커뮤니티 말투 순화	clean
다음정권은 무조건 가져 와야 한다저번 정권 광우뻥파동 으로 아무것도 못하고 그나마 레가께서 비정상의정상화를 부르짖으시며 자리가 잡혀가는데 다음정권 뺏길경우 도로아미타블 생각하기도 싫다	다음 정권은 반드시 확보해야 합니다. 비정상의 정상화를 통해 자리가 잡혀가는데 정권을 뺏길 경우를 생각하고 싶지 않습니다.	2	2	SLUR	[광우뻥, 레가] -> 특정 사건과 인물 비하 표현을 정중하게 정제	악플/욕설
우파에 권력이 없기 때문이다	우파에 권력이 없기 때문입니다.	2	1	NORMAL	[때문이다] -> 반말 어미를 정중한 서술형으로 순화	clean
좆에 뇌가 지배당하는 종족이노ㅋㅋㅋ 인간은 여자뿐이다이기야	(차단된 문장입니다)	1	5	GENDER	[좆에 뇌가 지배] -> 남성에 대한 극단적이고 저속한 비하로 차단	남성
나 어제 넷플릭스에 페미니스트 쿠바계 고등학생 나오는 드라마 봤는데 ㅋㅋ 엄마가 친해지려고 레이디 가가 이야기하니까 옛날 사람 모른다고 함 ㅋㅋㅋㅋ	어제 넷플릭스에서 페미니스트 드라마를 봤는데, 엄마가 레이디 가가 이야기를 하니 모른다고 하더군요.	2	1	NORMAL	[함] -> 반말 어미를 정중한 서술형으로 순화	clean
천성이 게으르고 추잡스런 똥남아 out	(차단된 문장입니다)	1	5	RACISM	[똥남아] -> 특정 국가 및 지역민에 대한 극단적 비하 멸칭으로 차단	인종/국적
경찰에게 물리적 위해를 가한다 > 무전을 친다 > 출동 병력이 여경밖에 없다 >여경 10명이 현장에 나와 무전을 친다	현장에 경찰이 출동했지만 효과적인 대응이 어려운 상황이 반복되는 것 같습니다.	2	2	GENDER	[여경밖에 없다] -> 특정 성별 경찰에 대한 편견 어린 조롱을 정중한 비판으로 순화	여성/가족
냄져없는건 축복인데 뭐라노ㅋㅋㅋ	(차단된 문장입니다)	1	4	GENDER	[냄져] -> 남성 비하 멸칭 사용으로 차단	남성
좆나 1000만 대작 나올듯ㅋ기	정말 천만 관객 대작이 나올 것 같습니다.	2	2	SLUR	[좆나] -> 욕설을 정중한 강조 표현으로 순화	악플/욕설
불하면 대구, 대구하면 불	(차단된 문장입니다)	1	4	REGIONAL	[대구하면 불] -> 특정 지역과 참사를 연결하는 비결로 차단	지역
국내 도입이 시급하다	국내 도입이 시급합니다.	2	1	NORMAL	[시급하다] -> 반말 어미를 정중한 서술형으로 순화	clean
네 개 다녀왔노.	네 곳을 다녀왔습니다.	2	1	COMMUNITY	[-노] -> 커뮤니티 말투를 정중한 표준어로 순화	clean
[전라도 IP만 볼 수 있는 댓글입니다.]	(차단된 문장입니다)	1	4	REGIONAL	[전라도 IP만] -> 특정 지역을 차별적으로 고립시키는 표현으로 차단	지역
교묘한 성추행 오지고요	교묘한 성추행이 매우 심각합니다.	2	2	SLUR	[오지고요] -> 비속어를 정중한 표준어로 순화	악플/욕설
냄져가 페미니스트이면 현실이 너무 고통스러워서 못견디다 뒤져야함	(차단된 문장입니다)	1	4	GENDER	[냄져, 뒤져야함] -> 남성 비하 멸칭과 죽음 선동으로 차단	남성
ㅋㅋㅋㅋㅋ 직접 사용해보고 골라서 가져 가네.	직접 사용해보고 골라서 가져가시네요.	2	1	NORMAL	[가져 가네] -> 반말 어미를 정중한 서술형으로 순화	clean
얘 아직 정치하나 ㅋㅋㅋㅋ	이분이 아직 정치를 하고 있습니까?	2	2	SLUR	[얘] -> 특정 인물 비하 지칭을 정중한 의문문으로 순화	악플/욕설
다른 나라들도 심한걸로 알고있음	다른 나라들도 상황이 심각한 것으로 알고 있습니다.	2	1	NORMAL	[알고있음] -> 반말 어미를 정중한 서술형으로 순화	clean
와 참예술가련이노 감탄나온다 이기 ㅇㅊ박고가노	정말 예술가시네요. 감탄이 나옵니다. 추천합니다.	2	2	COMMUNITY	[예술가련, 이기] -> 여성 비하 변형 멸칭과 커뮤니티 말투 순화	clean
별 시답지않은것들 홍어들	(차단된 문장입니다)	1	5	REGIONAL	[홍어들] -> 특정 지역민에 대한 극단적 비하 멸칭으로 차단	지역
병1신인가?제주도를 왜가지?ㅋㅋ	상황이 비상식적입니다. 왜 제주도를 가시는지 의문이네요.	2	3	SLUR	[병1신] -> 욕설을 정중한 비판으로 순화	악플/욕설
갓조국 미투운동 응원합니다 충성충성^^7 한녀는 제외	미국 미투 운동을 응원합니다. 다만 기준이 공정했으면 좋겠습니다.	2	2	GENDER	[한녀는 제외] -> 특정 성별을 배제하는 차별적 표현 순화	여성/가족
마더 로씨야의 물리치료는 세카이이치방!!!	(차단된 문장입니다)	1	4	LGBTQ	[물리치료] -> 성소수자에 대한 폭력 암시 표현으로 차단	성소수자
김치좆 손가락으로 표현하면 검지 엄지 엇갈림. 마이너스임	(차단된 문장입니다)	1	5	GENDER	[김치좆] -> 남성 신체에 대한 저속한 비하와 멸칭으로 차단	남성
씨발 짱깨새끼들 존나 싫네 개시발	(차단된 문장입니다)	1	5	RACISM	[짱깨새끼들] -> 특정 민족에 대한 극단적인 욕설과 비하로 차단	인종/국적
미친 동성애옹호하는새끼들 모아다가 죄다 학살시켜야된다더럽고 추잡노 사회물다흐리고있네	(차단된 문장입니다)	1	5	LGBTQ	[학살시켜야] -> 특정 집단에 대한 집단 살해 선동으로 차단	성소수자
존나 못싸우네 ㅋㅋㅋㅋㅋㅋㅋ 저정도면 186/79의 날렵한 체형의 내가 두드려 패겠다 ㅋㅋㅋㅋㅋ	상대적으로 전투력이 낮아 보이네요. 제가 더 우세할 것 같습니다.	2	2	SLUR	[존나, 두드려 패겠다] -> 욕설과 직접적 폭력 표현 순화	악플/욕설
재미동포나 재일동포는 자신을 한국인이라고 생각하지만 재중동포는 자신을 중국인이라고 생각하는구나	재미나 재일 동포는 한국인 정체성이 강하지만, 재중 동포는 국가 정체성이 다를 수 있군요.	2	2	RACISM	[생각하는구나] -> 반말 어미를 정중한 서술형으로 순화	인종/국적
150 cm 150kg 메갈로돈이랑 사귀기 vs 저 트젠이랑 사귀기	(차단된 문장입니다)	1	4	GENDER/LGBTQ	[메갈로돈, 트젠] -> 신체 비하와 성소수자 멸칭 사용으로 차단	여성/가족, 성소수자
너그도 뭉가처럼 쇼 마니 하네..불쌍한 집단!!	과도한 퍼포먼스를 하시는군요. 안타까운 집단입니다.	2	2	SLUR	[뭉가, 너그도] -> 특정 인물 비결과 반말투 순화	악플/욕설
그럼 OTLㅓㅓ 이렇게되는거노ㅠㄷ	그럼 좌절하게 되는 것입니까?	2	1	COMMUNITY	[-노] -> 커뮤니티 말투를 정중한 표준어로 순화	clean
바다 한 가운데서 홍어를 본 후로~	(차단된 문장입니다)	1	4	REGIONAL	[홍어] -> 특정 지역민 비하 멸칭 사용으로 차단	지역
비계때문에 흑린이 좃도 반정도 들어가니 만족하지못함 저거들 보지주변 비계등어리 해결못암 야구 베트로 할상 슈셔야함 ㅋㅋㅋㅋㅋㅋㅋㅋㅋ	(차단된 문장입니다)	1	5	GENDER/RACISM	[흑린이, 좃도, 보지] -> 인종과 성별에 대한 저속한 성적 비하로 차단	여성/가족, 남성, 연령
저 사진중에 내가 아는애있다 페북에 맨날 허구한날 페미글올림 급식충땐 평범했는데 성인되고 갑자기 왜그렇게 된건지 모르겠다	그 지인은 SNS에 여성주의 관련 내용을 자주 올리는군요. 성인이 된 후 가치관이 변한 것 같습니다.	2	2	AGE	[급식충] -> 청소년 비하 멸칭을 정중한 표준어로 순화	여성/가족
으 여기서 발작하는 남자들 나이대봐...할아버지들	여기서 흥분하시는 남성분들의 연령대가 상당히 높아 보입니다.	2	2	AGE	[발작하는, 할아버지들] -> 비하 표현을 정중한 비판으로 순화	연령
솔직히 여자가 봐도 좋아보이는게 사실아닌가..	솔직히 여성이 보기에도 긍정적으로 보이는 것이 사실 아닙니까?	2	1	NORMAL	[사실아닌가] -> 반말 어미를 정중한 의문문으로 순화	clean
대통령병 걸린 제2의 개대중	(차단된 문장입니다)	1	5	SLUR	[개대중] -> 특정 인물에 대한 극단적 비하 멸칭으로 차단	악플/욕설
시발 존나 지금 알았노 ㅋㅋㅋㅋ	정말 지금에야 알게 되었습니다.	2	3	SLUR	[시발, 존나, -노] -> 욕설과 커뮤니티 말투 순화	악플/욕설
죽고싶냐?	매우 위험한 행동입니다. 중단하십시오.	2	3	SLUR	[죽고싶냐?] -> 위협 표현을 정중한 경고로 순화	악플/욕설
파랑 포장지가 봊나 맛있다 해바라기는 비추. 제일 손이 안가노. 빵만 먹지말고 다른 고기랑 야채 얹어서 먹어라이기 봊나 맛있다	파란 포장지 제품이 정말 맛있습니다. 해바라기는 추천하지 않습니다. 빵에 고기와 야채를 곁들여 드시면 더욱 좋습니다.	2	2	COMMUNITY	[봊나, -노, 이기] -> 여성 비하 변형 강조어와 커뮤니티 말투 순화	clean
비추는 중국인이냐?	(차단된 문장입니다)	1	4	RACISM	[중국인이냐] -> 특정 국가 국민을 부정적으로 묘사하여 차단	인종/국적
카톨릭도 이단이다 차별하는 미국개신교 종자들이 무슬림을 용서할리 없지.	(차단된 문장입니다)	1	4	RELIGION	[개신교 종자] -> 특정 종교인에 대한 비하 멸칭으로 차단	종교
에델바이스 코젤다크 기네스 미만잡♡	에델바이스, 코젤다크, 기네스가 가장 최고네요.	2	1	NORMAL	[미만잡] -> 은어를 정중한 표준어로 순화	clean
젠더특보라면서 성범죄 가해자 새끼랑 대책회의를 함 ㅋㅋㅋㅋㅋ 차라리 관노 상납하는 포주특보라고 하지 그러냐? ㅋㅋ	(차단된 문장입니다)	1	4	SLUR	[포주특보, 가해자 새끼] -> 특정 인물에 대한 저속한 비하와 욕설로 차단	악플/욕설
ㅋㅋㅋㅋ 한국은 대놓고 성차별하네 ㅋㅋㅋㅋㅋㅋㅋㅋㅋㅋㅋㅋㅋㅋㅋㅋㅋㅋㅋㅋㅋ천조국 게이로써 존나 신기하다	미국에 거주하는 성소수자로서 한국의 상황이 매우 생소하게 느껴집니다.	2	2	LGBTQ	[천조국, 존나] -> 은어와 욕설을 정중하게 순화	인종/국적
혼인제도가 사라져야한다. 남자는 씨를 뿌릴 권리 여자는 아이 갖을 권리. 육아는 국가에서. 끝. 아마 인구 음청 불어날걸??	혼인 제도가 변화해야 한다고 생각합니다. 남녀 모두의 권리가 보장되고 육아를 국가가 책임진다면 인구가 늘어날 것입니다.	2	2	SLUR	[씨를 뿌릴, 음청] -> 저속한 표현과 비속어를 정중하게 순화	악플/욕설
무슬림은 10대여자만 망명 받자	(차단된 문장입니다)	1	5	RELIGION/GENDER	[10대여자만 망명] -> 특정 종교 여성 아동에 대한 성적 대상화 및 차별로 차단	여성/가족, 인종/국적, 종교
토착왜구들 폐간하고 해체해라 ㅉㅉㅉ	(차단된 문장입니다)	1	4	RACISM	[토착왜구] -> 특정 정치 성향을 민족적 멸칭과 연결하여 비하하므로 차단	인종/국적
맘충들이 마녀사냥을 많이 하는건 그만큼 존나 미개해서 그런거임 중세시대에서나 하던 의식수준이 낮아서 벌어지던 행위를 반복하는거 보면 스스로 미개함을 입증하는건데	(차단된 문장입니다)	1	5	GENDER	[맘충들, 존나 미개] -> 아이 어머니에 대한 극단적 비하와 멸칭으로 차단	여성/가족
너가 뭘 물어봐도 개독새끼들은 무적논리로 대답가능하다신은 '전지전능'하니까	(차단된 문장입니다)	1	5	RELIGION	[개독새끼들] -> 특정 종교인에 대한 극단적 욕설과 비하로 차단	종교
코로나로 지들 지역구 대구경북이 전쟁수준 난린데도 지들 권력 잡는데만 혈안인 토착왜구들. 토착왜구 박멸이 시급하다.	(차단된 문장입니다)	1	4	RACISM	[토착왜구] -> 특정 정치 성향을 민족적 멸칭과 연결하여 비하하므로 차단	인종/국적
아따 경상도가 아무리 날고기어봤짜 전라도한테 안되지라~	(차단된 문장입니다)	1	4	REGIONAL	[라도] -> 특정 지역 비하 멸칭 사용으로 차단	지역
캬 ㅋㅋㅋㅋㅋㅋㅋㅋㅋㅋㅋㅋㅋㅋㅋㅋㅋㅋㅋㅋㅋㅋㅋㅋㅋㅋㅋㅋㅋㅋㅋㅋㅋㅋㅋㅋㅋㅋㅋㅋ착한 다문화래 시팔ㅋㅋㅋㅋㅋㅋㅋ	(차단된 문장입니다)	1	5	RACISM	[다문화 시팔] -> 다문화 가정에 대한 욕설과 혐오로 차단	인종/국적
ㅋㅋㅋㅋ여성의 신체를 성적으로만 봐서 그렇댘ㅋㅋㅋㅋ아낰ㅋㅋㅋㅋ성적으로 보는게 아니라 지나가다 우연히 보여도 니들이 시선강간 드립치니깐 그런거아니냐	여성의 신체를 성적인 대상으로만 바라보는 시선에 대해 불쾌감을 느끼는 것은 당연한 권리입니다.	2	3	GENDER	[시선강간 드립] -> 여성의 권리 주장을 조롱하는 어조를 정중한 비판으로 순화	여성/가족
지금 꼰대중 좌빨이 많은 이유가 오씨팔세대가 교련 반공교육을 지겹도록 들은데 대한 반감임. 그게 애들은 힙스터기질이 있어서 그런건데 반대로 저렇게 전교조 사상 강요하면 학생들은 그 반대로 간다	과거의 강압적인 교육이 오히려 반감을 불러일으킨 측면이 있습니다. 사상을 강요하기보다는 자율성을 존중해야 합니다.	2	3	AGE/SLUR	[꼰대, 좌빨, 오씨팔세대] -> 연령 및 정치 비하 멸칭을 정중한 비판으로 순화	연령
씨발 전라도 필터좀 그만걸면 안돼냐? 충남인데 요줌 머좀 볼라그러면 죄다 안보인다 전라도랑 가까워서그런가	(차단된 문장입니다)	1	4	REGIONAL	[전라도 필터] -> 특정 지역을 차별적으로 배척하는 은어 사용으로 차단	지역
모국방문 지원을 왜 해줘야하냐 ㅋㅋㅋㅋㅋ말같지도 않는.소리하네	모국 방문 지원 정책이 왜 필요한지 이해하기 어렵다는 의견이군요.	2	2	SLUR	[말같지도 않는] -> 비속어를 정중한 서술형으로 순화	악플/욕설
역시 개쌍도...또라이들 존나많어..진짜 쌍도 살면 일베충 처럼 극단적인 또라이들 많이 만난다..	(차단된 문장입니다)	1	5	REGIONAL	[개쌍도, 또라이들] -> 특정 지역민에 대한 극단적 욕설과 비하로 차단	지역
크으 맞노 알량한 지배심 뭉개놔야하노	그 말씀이 맞습니다. 부당한 지배욕은 타파해야 합니다.	2	2	COMMUNITY	[맞노, 뭉개놔야하노] -> 커뮤니티 말투를 정중한 표준어로 순화	악플/욕설
미국은 사기치다 걸리면 인생이 쫑나버림한국처럼 전라도사기꾼들 위한 솜방망이 아님요	(차단된 문장입니다)	1	5	REGIONAL	[전라도사기꾼들] -> 특정 지역민을 범죄 집단으로 일반화하여 비하하므로 차단	지역
남자옹호하는새끼들 = 지잡or좇문대나와서 자신도 저럴상황생길까봐 감정이입+파블로프의 개처럼 보지얘기만나오면 까고봄	남성을 옹호하는 분들의 학벌을 비하하거나 특정 반응을 조롱하는 것은 적절하지 않아 보입니다.	2	3	SLUR	[지잡, 좇문대, 새끼들] -> 학벌 비하와 욕설을 정중하게 순화	기타 혐오
소추 실명제노?	(차단된 문장입니다)	1	4	GENDER	[소추] -> 남성 신체에 대한 비하 멸칭 사용으로 차단	남성
죠센 유교 탈레반 새끼들이 중국 명칭 베껴다 호남이라 부르면서 호남 된거임. 똥꼬맛이 얼마나 좋았으면 지명까지 베끼냐 븅신같은 새끼들 ㅋㅋㅋ	(차단된 문장입니다)	1	5	RACISM/REGIONAL	[죠센, 븅신같은] -> 특정 민족과 지역에 대한 극단적 욕설과 비하로 차단	인종/국적
중.고교 여학생들도 교복 바지 입도록 합시다..	중고교 여학생들도 교복으로 바지를 선택할 수 있도록 개선합시다.	2	1	NORMAL	[합시다..] -> 반말투 문어체를 정중한 서술형으로 순화	clean
첫추행에 반박하고 부서이동하지않았는지 4년이라는. 그긴. 시간을. 왜 참고 곁에 있는었는지 ㅡ그거부터 알고싶다ㅡ	피해자가 왜 즉시 대응하지 못하고 오랜 시간을 견뎌야 했는지에 대한 의문이 있으시군요.	2	2	SLUR	[곁에 있는었는지] -> 피해자 중심주의에서 벗어난 의문을 정중한 질문으로 순화	악플/욕설
젊은여자알바생들이 맘충들 더 극혐함 군대갔다온 남자알바생들은 그냥 저렇게 안따지고 보통 씨발씨발거리면서 그냥 치우더라	(차단된 문장입니다)	1	5	GENDER	[맘충들, 극혐] -> 아이 어머니에 대한 극단적 비하 멸칭으로 차단	여성/가족
육개장 = 500원 = 재기행 열차표 가격	(차단된 문장입니다)	1	5	GENDER	[재기행] -> 남성의 자살을 비하하고 조롱하는 멸칭 사용으로 차단	악플/욕설
저 무슬림들과 게살버거 포장지 보고 욱일기 문양이라고 게거품 물던 한국인들과 뭐가 다른지 설명 좀 ㅋㅋㅋ	무슬림들의 민감한 반응과 특정 문양에 과도하게 반응하는 태도가 유사해 보입니다.	2	2	RACISM	[게거품 물던] -> 비속어를 정중한 비판으로 순화	인종/국적
진짜 역겹다. 남자를 남자답게 살 기회조자 안주는 남혐치년의 개한민국	(차단된 문장입니다)	1	5	GENDER/RACISM	[남혐치년, 개한민국] -> 여성과 국가에 대한 극단적 비하 멸칭으로 차단	여성/가족
돈고가 보지 질투나서 개후장 부르르 떨고 자빠졌노 ㅋㅋ	(차단된 문장입니다)	1	5	LGBTQ	[개후장, 돈고] -> 성소수자에 대한 극단적이고 저속한 성적 비하로 차단	남성
유쾌한거보소 ㅋㅋㅋ	정말 유쾌한 상황이네요.	2	1	NORMAL	[보소] -> 방언형 반말투를 정중한 존댓말로 순화	clean
한국 토종 돼지년들 수준ㅋㅋㅋㅋㅋㅋㅋ	(차단된 문장입니다)	1	5	GENDER	[돼지년들] -> 여성 신체에 대한 극단적인 욕설과 비하로 차단	여성/가족
저새끼 생리하는거냐 아니면 갑자기 또 외골수 기질 발동하는거냐ㅋㄲㅋㅋㅋ 갑자기 왜 지 제자뻘인 20대남자애들한테 발작하냐ㅋㅋ	그분이 제자 뻘인 20대 남성들에게 과도하게 화를 내는 모습이 이해가 가지 않는군요.	2	3	AGE	[발작, 새끼, 생리하는거냐] -> 여성 비하 비유와 욕설을 정중하게 순화	여성/가족
보적보 되버렷노	(차단된 문장입니다)	1	4	GENDER	[보적보] -> 여성 간의 갈등을 비하하는 멸칭 사용으로 차단	여성/가족
근데 무슬림 인식이 원래 안좋잖아 한국에선 그냥 무슬림보면 신기하다에서 끝인데 미국에선 무슬림이 가방던지면 폭탄인줄알고 존나 뛰더만	무슬림에 대한 인식이 좋지 않은 면이 있습니다. 다른 나라에서는 안전에 대해 훨씬 더 민감하게 반응하더군요.	2	3	RELIGION	[존나, 안좋잖아] -> 욕설과 반말투를 정중한 서술형으로 순화	종교
문벌레충들아 잘한거 1이라도 말해봐 코리아가 아니고 코리안이 잘한거지 문폐렴은 세계 정서에 반하는 동북공정에 앞장서 신남방정책이라 부르며 짱개몽에 혼밥처먹고 짱개에 충성하는 동남아 총아를 이루며 자국민을 짱개 예속국민으로 만들 뿐이다 더러운사상을 가진 정신병자다	(차단된 문장입니다)	1	5	RACISM/SLUR	[문벌레충, 문폐렴, 짱개몽] -> 특정 인물과 민족에 대한 극단적 비하와 멸칭으로 차단	인종/국적, 기타 혐오
더운게 유일한 자랑인 새끼들인데... ㅠㅠ	해당 지역은 더운 기후 외에는 특별한 점이 없는 것 같아 아쉽습니다.	2	2	REGIONAL	[새끼들] -> 비하 지칭을 정중한 서술형으로 순화	악플/욕설
자얼글로 알바 가능한거노? 양심다 뒤졋노ㅔ	외모만으로 아르바이트가 가능하다고 생각하는 것은 무책임해 보입니다.	2	3	SLUR	[양심다 뒤졋노] -> 욕설과 커뮤니티 말투를 정중한 비판으로 순화	악플/욕설
전에 멍청도에 줬다가 욕 먹은 그 마스크 아니냐 ㅋㅋㅋ	(차단된 문장입니다)	1	5	REGIONAL	[멍청도] -> 특정 지역민에 대한 비하 멸칭 사용으로 차단	지역
두번째남 모자 잘못 본거 아니노 6혐찰9	(차단된 문장입니다)	1	4	SLUR	[혐찰] -> 공무 수행자에 대한 비하 멸칭 사용으로 차단	clean
난 눈오는 날이 그리좋더라ㅋㅋ	저는 눈이 오는 날이 정말 좋습니다.	2	1	NORMAL	[좋더라] -> 반말 어미를 정중한 존댓말로 순화	clean
네다홍 ^^	(차단된 문장입니다)	1	5	REGIONAL	[네다홍] -> 특정 지역민에 대한 극단적 비하 멸칭으로 차단	지역
개종안할꺼면 뒤져라 정신이네 딱 이슬람 정신이구만 이슬람이 좋아해야지	(차단된 문장입니다)	1	5	RELIGION	[개종안할꺼면 뒤져라] -> 특정 종교 수용 여부에 따른 살해 협박으로 차단	종교
야 저런짤 어서 구하는거냐?	저런 이미지는 어디서 구할 수 있습니까?	2	1	NORMAL	[구하는거냐?] -> 반말 어미를 정중한 의문문으로 순화	clean
이제 김치년들은 진짜로 가망이 없는듯 무조건 피하는게 답이다	(차단된 문장입니다)	1	5	GENDER	[김치년들] -> 여성에 대한 극단적 비하 멸칭으로 차단	여성/가족
섹1스를 못해봣는데 콘돔을 알 턱이있나	섹1스를 못해봣는데 콘돔을 알 턱이있나	0	0	NORMAL	정상 문장	clean
이거는 애국홍어임ㅇㅇ	(차단된 문장입니다)	1	4	REGIONAL	[홍어] -> 특정 지역민 비하 멸칭을 칭찬과 섞어 사용하므로 차단	지역
덕담배틀에 마음이 흡족하노	서로 덕담을 나누는 모습이 보기 좋습니다.	2	1	COMMUNITY	[흡족하노] -> 커뮤니티 말투를 정중한 표준어로 순화	clean
지금 운전중 휴대폰 조작했다고 인증한거야?	지금 운전 중에 휴대폰을 조작했다고 자백하신 것입니까?	2	1	NORMAL	[인증한거야?] -> 반말 어미를 정중한 의문문으로 순화	clean
그냥 이참에 종교전쟁 해버려!! 모든종교 개박살!!	(차단된 문장입니다)	1	5	RELIGION	[개박살] -> 모든 종교의 파괴를 선동하므로 차단	종교
2배 간만에 준다. 국회로가라 게이야	오랜만에 더 큰 보답을 하겠으니 공직에 진출해 보십시오.	2	2	COMMUNITY	[게이야] -> 커뮤니티 지칭어를 정중한 표현으로 순화	clean
한남 답게 노무나 병신같고 미개해서 웃챙돼뿌렀노	한남 답게 노무나 병신같고 미개해서 웃챙돼뿌렀노	0	0	NORMAL	정상 문장	남성
전라도 분탕 개 쌕끼다 정말..	(차단된 문장입니다)	1	4	REGIONAL	[분탕, 쌕끼] -> 특정 지역민 비하 멸칭과 욕설로 차단	지역
내가 저런사람으로 안태어나서 진심 정말 다행이다 나같음 ㅈ ㅏㅅㅏㄹ 할텐데 사람을 사람으로 보긴할까? 저분들은 분류해서 볼듯한데 거기서도 급을 나누겠지? 저런생각을 항상 달고사는거 아니여 정신병걸려서 못살듯	정말 안타까운 상황이네요. 평소에 어떤 마음을 가지고 사시는지 의문이 듭니다.	2	3	SLUR	[ㅈ ㅏㅅㅏㄹ] -> 자살 암시 및 비하 표현을 정중한 우려로 순화	악플/욕설
여군 몇명의 의견 가지고 마치 전체가 그런분위기인양 쓰느것이야말로 편파아닌가요? 여군전체에 제대로된 설문을 하고 나서 이렇다라고 쓰는게 옳은기사 아닌가요?	일부 여군의 의견만으로 전체 분위기를 일반화하는 것은 편파적일 수 있습니다. 여군 전체를 대상으로 한 제대로 된 설문 후에 기사를 작성하는 것이 옳지 않을까요?	2	1	NORMAL	[쓰느것, 인양] -> 반말투와 문어체를 정중한 서술형으로 순화	clean
일본이 괜히 대단한게 아님	일본이 대단하다는 점은 인정할 만합니다.	2	1	NORMAL	[아님] -> 반말 어미를 정중한 서술형으로 순화	clean
Menstrual Blood Spitter 합시다	해당 명칭을 사용하는 것이 좋겠습니다.	2	2	SLUR	[Blood Spitter] -> 혐오적 뉘앙스의 영문 표현을 정중하게 순화	clean
정말 국개의원들은 동성애자 인권좀 생각했으면 좋겠네요. 항문성교 중독이 인권이 아니라 사람답게 살게 하는게 인권인데...	(차단된 문장입니다)	1	4	LGBTQ	[항문성교 중독] -> 성소수자에 대한 저속한 비하와 편견으로 차단	성소수자
편집한게 무슨 씨발 80년대 영화포스터같네	편집된 결과물이 마치 80년대 영화 포스터처럼 느껴지네요.	2	3	SLUR	[씨발] -> 욕설을 제거하고 정중한 서술형으로 순화	악플/욕설
글래머 헠헠	(차단된 문장입니다)	1	4	GENDER	[헠헠] -> 여성 신체에 대한 저속한 성적 감탄사로 차단	여성/가족
경계선상의 호라이즌	경계선상의 호라이즌입니다.	2	1	NORMAL	정상 문장을 정중한 표준어로 마무리	clean
레알 극혐, 자지도 빨고싶고 보지도 바꼬싶어하겠지	(차단된 문장입니다)	1	5	LGBTQ	[자지, 보지] -> 성기에 대한 저속한 표현과 성소수자 비하로 차단	성소수자
대한민국 최고다	대한민국이 최고입니다.	2	1	NORMAL	[최고다] -> 반말 어미를 정중한 서술형으로 순화	clean
진짜 시발 나만 안대주는 이유가 대체 뭐노 이기	대체 저에게만 기회가 오지 않는 이유가 무엇일까요?	2	2	COMMUNITY	[안대주는, 뭐노 이기] -> 성적 비속어와 커뮤니티 말투 순화	악플/욕설
클리앙에서 토착왜구 사이트로 명명하겠노 ㅋㅋㅋㅋㅋㅋㅋㅋㅋㅋㅋㅋ	(차단된 문장입니다)	1	4	RACISM	[토착왜구] -> 특정 사이트 이용자를 인종적 멸칭으로 비하하므로 차단	인종/국적
ㄴㄴ 적화되면 전라도에 가장많은 학살이일어날걸한번배신한자는 또다시 배신한단걸 알기때문이지김정일이 적화통일하면 전라도1천만 죽여야한다고 말했는데	(차단된 문장입니다)	1	4	REGIONAL	[학살] -> 특정 지역에 대한 비극적 상황을 언급하며 혐오를 조장하므로 차단	지역
6.25때 뒤진 전라도 지역유지도 어차피 친일매국노였음	(차단된 문장입니다)	1	4	REGIONAL	[친일매국노] -> 특정 지역 인물들을 근거 없이 비하하므로 차단	지역
저런 식으로 병적으로 공짜 밝히는 맘충들 심리가 도대체 뭐냐?나 애 낳느라 힘들었으니까 보상 좀 해줘요 이거냐?너덧살 처먹은 애도 아니고 정말 ......	(차단된 문장입니다)	1	5	GENDER	[맘충들] -> 아이 어머니에 대한 극단적 비하 멸칭 사용으로 차단	여성/가족
추미애를 차기대통령으로 보내자 !!!	추미애 의원을 차기 대통령으로 지지합시다.	2	1	NORMAL	[보내자] -> 반말 어미를 정중한 청유형으로 순화	clean
에미넴이 닥트드레좆물받이??갓미넴이 스눕독이랑 닥터드레 밟고 올라간지가언젠데	(차단된 문장입니다)	1	5	SLUR	[좆물받이] -> 타인에 대한 극단적인 성적 비하와 욕설로 차단	clean
우리나라 트랜스젠더들은 그냥 정부나 여기여론이나 이태원에서 몸팔면서 살라고 장려하는듯합니다. 대학교,군대,공무원,사기업 어느곳하나 직장잡기힘들고 여론 역시 지 가족이 될수도 있는사람한테 벌레같은소리나 하고있네요	우리나라의 성소수자들은 사회 여러 분야에서 일자리를 찾기 어려운 상황이며 여론 또한 우호적이지 않은 것 같아 안타깝습니다.	2	2	LGBTQ	[몸팔면서, 벌레같은소리] -> 비속어와 멸칭을 정중한 사회적 비판으로 순화	성소수자
얼굴에 한라봉도 키우네 ㅋㅋㅋㅋㅋㅋㅋㅋㅋ역시 열대과일국 출신다운 외모 ^오^	(차단된 문장입니다)	1	5	RACISM	[열대과일국 출신, ^오^] -> 특정 국가 국민의 외모를 과일에 비유하여 조롱하므로 차단	인종/국적
대체로 무슬람들의 민속놀이인 돌림빵도 페미들은 넘 뚱뚱한 자체이뮨이 있어서 안당할 자신이 있어서 저러는듯ㅋㅋ 자기들이 자극해서 무슬림 강간사건나도 지들하고는 무관함ㅋㅋ 오히려 이쁜애들이 당했으면 하는 마음도 조금은 반영되서 저러는듯 욕구불만이라는게 저렇게 심각한거다	(차단된 문장입니다)	1	5	RELIGION/GENDER	[무슬람, 돌림빵] -> 특정 종교와 여성을 성폭행과 연결하여 비하하므로 차단	여성/가족, 종교
씨바 뭐하고 있냐!!!	지금 무엇을 하고 계신 것입니까?	2	3	SLUR	[씨바, 있냐] -> 욕설과 반말투를 정중한 의문문으로 순화	악플/욕설
노조가 설치는 나라가잘될수가 없다	조직화된 단체가 과도한 영향력을 행사하는 국가는 발전하기 어렵습니다.	2	2	SLUR	[설치는] -> 비하 표현을 정중한 비판으로 순화	기타 혐오
급식 한정으로 총기 소유 허가해줘야됨. 그러면 학교폭력 싹 없어지고 간간히 총기난사로 급식충들좀 뒤지고 일석 이조임	(차단된 문장입니다)	1	5	AGE	[급식충들 좀 뒤지고] -> 청소년에 대한 살인 옹호와 비하 멸칭으로 차단	연령
차라리울나라는 개독이독점하는게속편할지도 살생은 안하니	우리나라는 차라리 특정 종교 영향권에 있는 것이 나을지도 모르겠습니다. 살상을 금하니까요.	2	2	RELIGION	[개독] -> 특정 종교 비하 멸칭을 정중한 명칭으로 순화	종교
이제 문화가 바뀔때가 되었나보다. 대형,초대형으로 많은 군중을 동원하는 것을 자랑하던 종교,예식,장례,응원 등의 세를 과시하는 문화가 서서히 규모가 줄어가야 할듯 하다. 특히 예식이나 장례등은 평소 교류가 있던 가까운 친지등이 참석함이 옳을것으로 봄	이제는 대규모 인원을 동원하는 과시 문화를 지양하고 가까운 지인들이 참석하는 수준으로 변화해야 한다고 봅니다.	2	1	NORMAL	[해야 할듯 하다] -> 문어체 어미를 정중한 존댓말로 순화	clean
사람이 개하고 무슨 협치를 한다는 건가요	사람이 상대방과 어떤 협치를 하겠다는 것인지 의문입니다.	2	2	SLUR	[개하고] -> 타인을 동물에 비유하여 비하하는 표현 순화	clean
힘든일이실텐데 옳은 얘기 참된일인데  탈동성애 위해 국가의 미래위해 힘쓰시는것 응원합니다	어려운 상황 속에서도 본인의 신념을 위해 노력하시는 모습이 인상적입니다. 응원합니다.	2	2	LGBTQ	[탈동성애] -> 특정 성적 지향에 대한 변화 노력을 정중하게 표현	성소수자
자지 달린 이쁜 트젠이랑 사귀고 싶다	(차단된 문장입니다)	1	5	LGBTQ	[자지, 트젠] -> 성소수자와 신체 부위에 대한 저속한 표현으로 차단	성소수자
쟤네 인과관계라는말 모르는거 아니냐?	저분들은 인과관계라는 단어의 뜻을 잘 모르시는 것 같습니다.	2	2	SLUR	[쟤네, 아니냐?] -> 비하 지칭과 반말투 순화	악플/욕설
팩폭오졌다 ㅋㅋㅋ	사실에 기반한 예리한 지적이네요.	2	2	SLUR	[팩폭, 오졌다] -> 신조어와 속어를 정중한 표준어로 순화	악플/욕설
저건 이재용부회장 집행유예가 부당하다는 글이 아니고내 남편 삼성다닌다고 자랑하는 글이지덤으로 그래도 나는 깨어있다 이것도 자랑하고	이 글은 특정 판결에 대한 비판보다는 배우자의 직업을 은근히 과시하려는 의도로 보입니다.	2	2	SLUR	[깨어있다] -> 비꼬는 조롱조를 정중한 분석으로 순화	악플/욕설
강 나처럼 복돌하면 되자나 ㅡㅡ	그냥 저처럼 비공식적인 경로를 이용하면 되지 않습니까?	2	2	SLUR	[복돌, 되자나] -> 불법 행위 은어와 반말투 순화	clean
꼴에 존심들은ㅋㅋ 좆거지새기들ㅋㅋ	(차단된 문장입니다)	1	4	SLUR	[좆거지새기들] -> 특정 집단에 대한 극단적 욕설과 비하로 차단	기타 혐오
돈고들 사이에서 6일스9 스타일 유행하는거 꼭 봐야겠노. 일틱훈냄 찾아요. 6티나는 탑9 6티나는 바텀9 안받아요. 이꼴 꼭 봐야겠노. 그리고 모든 냄저는 사실 잠죄적 돈고충이란 사실을 다 퍼트리면 더 좋겠노	(차단된 문장입니다)	1	5	LGBTQ	[돈고, 돈고충] -> 성소수자에 대한 극단적이고 저속한 비하 멸칭으로 차단	남성, 성소수자
동성애자는 무슨 장애지 존나 포장하는거보소	(차단된 문장입니다)	1	5	LGBTQ	[장애지, 존나] -> 성소수자를 장애에 비유하여 비하하므로 차단	성소수자
글씨도 읽을 줄 모르고 왜 사노 재기해라익이	(차단된 문장입니다)	1	5	COMMUNITY	[재기해라익이] -> 남성 혐오 및 자살 선동 커뮤니티 용어로 차단	악플/욕설
급식은 참일베충이 되기전의 과도기라 봐주는데홍어 이 씨발련새끼들이 더 문제임이새끼들은 머릿속에 좆털론만 가득차서 그저 분탕질할 생각밖에 안함	(차단된 문장입니다)	1	5	AGE/REGIONAL	[일베충, 홍어] -> 청소년과 특정 지역민에 대한 극단적 비하 멸칭으로 차단	연령, 지역
일단 보내 ㅅㅂㅋㅋㅋㅋㅋㅋㅋㅋㅋ	우선 보내주십시오.	2	3	SLUR	[ㅅㅂ] -> 욕설을 제거하고 정중한 서술형으로 순화	악플/욕설
이글을 읽고 워추준련들의 마음이 뒈짓성님 떠나 보내고 싶다는게 아니라고 생각한다이기. 책임감있는 대장다운 모습을 바라는거노.	(차단된 문장입니다)	1	5	COMMUNITY	[워추, 련, 뒈짓성님, 노] -> 특정 커뮤니티의 극단적 남성 혐오 및 사망 비하 용어로 차단	clean
크으 한남틀딱 재기해	(차단된 문장입니다)	1	5	GENDER/AGE	[한남틀딱, 재기해] -> 남성 및 노인 비하와 자살 선동으로 차단	남성
급충이들 행동력 ㅆㅅㅌㅊ	청소년들의 실천력이 매우 뛰어납니다.	2	2	AGE	[급충이들, ㅆㅅㅌㅊ] -> 청소년 비하 멸칭과 속어를 정중화	연령
인생 정리하시요. 무슨 낮으로 당신 가정을 이끌것이며, 대통령과 당신을 지금 그자리에 있게한 당은 무슨 염치로... 결단이 필요하다고 보이지 않소.	자신의 삶을 되돌아보십시오. 책임을 지는 태도가 필요해 보입니다.	2	2	SLUR	[무슨 낮으로, 염치로] -> 비난조의 표현을 정중한 비판으로 순화	악플/욕설
이래야 정상이지. 진짜 너무 맞는말 아니냐.	이것이 정상적인 모습입니다. 정말 맞는 말씀이네요.	2	1	NORMAL	[말 아니냐] -> 반말 어미를 정중한 존댓말로 순화	clean
핑크색 팔뚝만한거 보면 꼴리긴 하노	(차단된 문장입니다)	1	4	SLUR	[꼴리긴 하노] -> 저속한 성적 표현과 커뮤니티 말투로 차단	악플/욕설
김치년 보슬아치년들이 결혼하면 맘충되는 거임. 결혼하기 전에 김치짓하던 버릇 못 고친 썅년들이 뭐 결혼하면 달라지겠나	(차단된 문장입니다)	1	5	GENDER	[김치년, 보슬아치년, 맘충] -> 여성에 대한 극단적 비하 멸칭 사용으로 차단	여성/가족
난 쌍도종자지만 표준어와 쌍도사투리가 자유자재로 구사가능 ㅋ 덕분에 대학가서도 내가 경상도라고 말하면 놀래더군	저는 영남 출신이지만 표준어와 방언을 모두 원활하게 사용할 수 있습니다.	2	2	REGIONAL	[쌍도종자] -> 자신을 포함한 특정 지역민 비하 표현 순화	지역
인류의 폐기물 : 조선족	(차단된 문장입니다)	1	5	RACISM	[인류의 폐기물, 조선족] -> 특정 민족을 폐기물에 비유하여 비하하므로 차단	인종/국적
저거 아직도 믿는사람많음ㅋㅋ	저 내용을 아직도 믿으시는 분들이 많습니다.	2	1	NORMAL	[믿는사람많음] -> 반말 어미를 정중한 서술형으로 순화	clean
가려놓았구먼	가려놓으셨군요.	2	1	NORMAL	[구먼] -> 반말 어미를 정중한 존댓말로 순화	clean
일본처럼 항시 순찰하며 불법체류자들 추방종하자 거기에 외국인 통장 못만들게해라	불법 체류자들을 철저히 단속하고 계좌 개설 요건을 강화하여 관리를 철저히 해야 합니다.	2	2	RACISM	[종하자, 마라] -> 특정 집단에 대한 배척 표현을 정중한 정책 비판으로 순화	인종/국적
근친간의 성행위ᆞ동성간의 성행위ᆞ짐승과의 성행위 ᆞ너희는 이 같은 가증한 풍속들을 하나도 시행하지 말며 그들로 인해 너희를 더럽히지 말라 나는 창조주 여호와니라~레위기 18장	(차단된 문장입니다)	1	4	LGBTQ	[가증한 풍속] -> 성소수자를 짐승과 근친상간에 비유하여 비하하므로 차단	성소수자
이 나라에서 악마집단인 교회를 추방하자	(차단된 문장입니다)	1	4	RELIGION	[악마집단] -> 특정 종교를 악마에 비유하여 비하하므로 차단	종교
꼬우면 끄지든가	불만이 있으시면 나가주십시오.	2	3	SLUR	[꼬우면, 끄지든가] -> 욕설과 비속어를 정중한 명령형으로 순화	악플/욕설
절라도없는 세상에 살고싶다 진심..	(차단된 문장입니다)	1	4	REGIONAL	[절라도] -> 특정 지역 비하 멸칭 사용으로 차단	지역
남이 쓰레기통에 오줌을 싸든 말든 뭔 상관이야.그리고 칼은 필수로 가지고 다녀라.시비 붙었을 때 칼은 필수야	(차단된 문장입니다)	1	5	SLUR	[칼은 필수야] -> 흉기 소지를 정당화하고 폭력을 암시하므로 차단	clean
자박꼼을 모르네	(차단된 문장입니다)	1	5	GENDER	[자박꼼] -> 여성에 대한 극단적이고 저속한 성적 지배 암시용어로 차단	여성/가족
틀딱잘못은 맞는데 점주도 싸가지 없이 얘기했겠네 손모양만 봐도 딱 싸가지없게 얘끼했네	고령층의 잘못도 있지만, 점주 측의 응대 방식에도 문제가 있었을 것 같습니다.	2	2	AGE	[틀딱, 싸가지 없이] -> 노인 비하 멸칭과 비속어를 정중하게 순화	연령
쟤 페미 안한다고 하지 않았음??	그분은 페미니즘을 지지하지 않는다고 말하지 않았나요?	2	1	NORMAL	[쟤, 않았음??] -> 비하 지칭과 반말투를 정중한 의문문으로 순화	clean
요즘 방송이 대중을 지배하잔아 방송에서 죄다 뽀얗고 여성스러운 남자를 미니까 대중들도 거기 따라가는거지	최근 매체의 영향으로 부드럽고 섬세한 이미지를 가진 남성들이 선호되는 경향이 있습니다.	2	2	GENDER	[뽀얗고 여성스러운] -> 남성성에 대한 선입견을 정중한 현상 설명으로 순화	여성/가족
왜 짜 르고ㅡㅡ녀자하곷사니ㅡㅡ내가헤갈 린다ㅡㅡㅡㅋ	성향이 바뀌셔서 혼란스럽군요.	2	2	SLUR	[헤갈 린다] -> 오자 섞인 비하적 뉘앙스를 정중하게 순화	악플/욕설
개인적으로나 정치적으로나 난 너 반대! 니가 동성애자보다 훨씬 해악이 크다.	개인적으로나 정치적으로나 당신의 의견에 반대합니다. 당신의 주장은 사회에 부정적인 영향을 줄 수 있습니다.	2	2	LGBTQ/SLUR	[동성애자보다] -> 타 집단과의 부정적 비교를 정중한 비판으로 순화	성소수자
ㅋㅋㅋ보지꾸러기노 ㅋㅋㅋㅋ 갓치는 다커노 애노익잌ㅋㅋㅋㅋ	(차단된 문장입니다)	1	5	COMMUNITY	[보지꾸러기, 갓치, 노, 익이] -> 특정 커뮤니티의 남성 혐오 및 성적 비하 용어로 차단	악플/욕설
쟤 처녀야?	(차단된 문장입니다)	1	4	GENDER	[처녀야?] -> 여성에 대한 무례한 성적 호기심과 지칭으로 차단	여성/가족
공공장소에서 큰 소리로 통화하는 병신 vs 정중하게 요청하는게 아닌 명령조로 지랄하는 틀딱어휴 ㅅㅂ 저 두 마리의 센징을 보니 한숨만 나오노	고령층의 잘못도 있지만, 점주 측의 응대 방식에도 문제가 있었을 것 같습니다.	2	2	AGE	[틀딱, 싸가지 없이] -> 노인 비하 멸칭과 비속어를 정중하게 순화	인종/국적, 연령
최초의 조약이 스키타는애들이랑 이집트아니냐?	최초의 조약은 히타이트와 이집트 사이의 조약 아닌가요?	2	1	NORMAL	[스키타는애들, 아니냐?] -> 오정보와 반말투를 정중한 의문문으로 교정 및 순화	clean
요새 애새끼들 얼마나 영악한지를 모르네 ㅋ일부러 박고도 남는다고 본다좆족새끼들이면 더하겟지 ㅋㅋ	(차단된 문장입니다)	1	5	RACISM/AGE	[좆족, 애새끼들, 영악한지] -> 특정 민족과 청소년에 대한 비하와 욕설로 차단	인종/국적
보지팔이 (O)	(차단된 문장입니다)	1	5	GENDER	[보지팔이] -> 여성에 대한 극단적이고 저속한 성적 비하로 차단	여성/가족
흉악범 전국5대범죄는 전라도와 비슷함	(차단된 문장입니다)	1	4	REGIONAL	[전라도] -> 특정 지역과 범죄를 연결하여 비하하므로 차단	지역
한녀충은 여혐이지만 뽈록이 뒷보지는 여혐 아니랑께 ^오^	(차단된 문장입니다)	1	5	GENDER	[한녀충, 뽈록이, 뒷보지] -> 여성 및 성소수자에 대한 극단적이고 저속한 비하로 차단	여성/가족
일베 거주하시는 게이여러분.항문성교시 사점은 후장외사정인가요? 후장내사정이신가요?아울러 후장 성관계시 직전에 관장을하고하시는지?여자역할이신분은 성기를 발기를 안시키시는지?	(차단된 문장입니다)	1	4	LGBTQ	[항문성교, 후장] -> 성소수자에 대한 무례하고 저속한 성적 질문으로 차단	성소수자
기왕 좆된거 한개 더 좆된다고 뭐 있겠니? 거하게 조지는것도 나쁘지 않음. 돌아올 수 없을지 모르지만	상황이 좋지 않지만, 철저히 대응하는 것도 나쁘지 않습니다. 돌아오기 힘들 수도 있겠지만요.	2	2	SLUR	[좆된거, 조지는것] -> 욕설과 비속어를 정중한 서술형으로 순화	악플/욕설
잘못된 건 잘못된거라고 말할 권리 박탈하지 마십시오. 그것이 당신들이 말하는 차별금지입니까? 당신이 바로 대다수의 국민들을 차별하고 있습니다. 역차별입니다.	잘못된 사실을 지적할 권리를 박탈하지 마십시오. 다수를 차별하는 역차별 행위입니다.	2	1	NORMAL	[당신들이] -> 지칭어를 정중한 표현으로 순화	기타 혐오
교회가 교인이 싫다	교회와 교인이 모두 좋지 않게 느껴집니다.	2	1	RELIGION	[싫다] -> 반말 어미를 정중한 서술형으로 순화	종교
전라도에 저런 경찰이 있다니 믿을수 없다. 거긴 섬인데	(차단된 문장입니다)	1	4	REGIONAL	[전라도] -> 특정 지역의 치안 수준을 근거 없이 비하하므로 차단	지역
군쾅이들 댓글 신고해라이기	(차단된 문장입니다)	1	4	GENDER	[군쾅이들, 이기] -> 군인에 대한 조롱성 멸칭과 커뮤니티 말투로 차단	남성
괜히 윗 형님들이 모텔갈때 괜히 여자한테 돈주고 계산하라는 이유가 있는거임	책임 소재를 명확히 하기 위해 결제 방식을 신중히 하는 경우가 있습니다.	2	2	GENDER	[괜히] -> 비하적 뉘앙스를 정중한 분석으로 순화	여성/가족
영상구독하는놈도 공범	해당 영상을 구독하는 분들도 공범이라고 생각합니다.	2	1	NORMAL	[놈도] -> 비하 지칭을 정중한 지칭으로 순화	악플/욕설
ㅋㅋㅋㅋㅋㅋㅋ그렇게 좋아하는 북한가서 동성애하라 그래라	(차단된 문장입니다)	1	4	LGBTQ	[북한가서] -> 성소수자에게 혐오적 비유와 배타적 태도를 보이므로 차단	성소수자
저사람 가세연에서 봤는데 언제 쫒겨남?ㅋㅋㅋㅋㅋㅋㅋㅋㅋㅋ	저분을 특정 매체에서 본 적이 있는데, 언제 활동을 중단하셨나요?	2	2	SLUR	[쫒겨남] -> 공격적 표현을 정중한 의문문으로 순화	악플/욕설
돈 뿌린게 죄임??? 아니 내가 번돈 그냥 돈뿌리겠다는데...	돈을 뿌린 행위가 죄가 될까요? 본인이 직접 번 돈을 자유롭게 쓰겠다는 입장인데요.	2	1	NORMAL	[죄임?, 뿌리겠다는데] -> 반말투 의문문을 정중하게 순화	clean
시발 필리피노놈들이 나쁜건 존나 잘 배웠네 입막음ㅅㅌㅊ	(차단된 문장입니다)	1	4	RACISM	[필리피노놈들] -> 특정 국가 국민에 대한 비하 지칭과 일반화로 차단	인종/국적
음식가지고 부심좀 그만부려 씨발! 이래서 국제사회에서 김치부심 부리지!	음식에 대해 지나친 자부심을 강요하는 것은 자제해주십시오. 국제 사회에서 역효과를 줄 수 있습니다.	2	3	SLUR	[씨발, 김치부심] -> 욕설과 조롱성 표현을 정중한 비판으로 순화	악플/욕설
지 꽁섹해준거 모부가 다 알고있든? 그거랑 같은거다ㅋㅋㅋ 나쁜거인걸 아니까 안들키게 꽁꽁 숨겨놓고 조용히 다니는거지	(차단된 문장입니다)	1	5	SLUR	[지 꽁섹, 모부] -> 타인에 대한 저속한 성적 매도와 커뮤니티 용어로 차단	악플/욕설
잘생겼따 간지남	정말 잘생기고 멋지시네요.	2	1	NORMAL	[잘생겼따, 간지남] -> 오타와 신조어를 정중한 표준어로 순화	clean
망천지도 그렇고 왜케 숨어드냐 바퀴벌레도 아니고	(차단된 문장입니다)	1	5	RELIGION	[바퀴벌레, 망천지] -> 특정 종교 단체를 해충에 비유하여 비하하므로 차단	종교
저런거 해봤자 소용없음. 네티즌 들이 아무리 순진하더라도 생각보다 그렇게 바보가 아니거든.	그런 대응은 소용이 없습니다. 네티즌들이 순수해 보일지라도 생각보다 현명합니다.	2	1	NORMAL	[소용없음, 아니거든] -> 반말 어미를 정중한 서술형으로 순화	clean
성정신병자...애미애비도?????건드리는것아니냐?	(차단된 문장입니다)	1	5	LGBTQ	[성정신병자] -> 성소수자를 정신병에 비유하여 비하하고 가족까지 모욕하므로 차단	성소수자, 기타 혐오
이휘재는 몰래몰래 공부했구나	이휘재 씨는 남모르게 공부를 열심히 하셨군요.	2	1	NORMAL	[공부했구나] -> 반말 어미를 정중한 서술형으로 순화	clean
근데 씨발 애새끼들이 생긴 것은 왜 이렇게 잘생기고 이쁘냐?내가 난민새끼보다 못생겼다고 생각하니 씨발 개 좆같네.	(차단된 문장입니다)	1	5	RACISM	[난민새끼, 씨발, 좆같네] -> 특정 계층에 대한 비하와 극단적 욕설로 차단	인종/국적
좆팔 팀플할때 음란물쳐보던 자지새끼들 생각나노	(차단된 문장입니다)	1	5	GENDER	[자지새끼들, 좆팔, 노] -> 남성에 대한 극단적인 욕설과 멸칭 사용으로 차단	남성
젠신병자룩을 벗고나서 보지는 자지들의 행동이 달라진 것을 느꼈다. 어떤 좆은 보지에게 불친절해졌고	(차단된 문장입니다)	1	5	LGBTQ	[젠신병자, 보지, 자지] -> 성소수자와 특정 신체 부위에 대한 저속한 비하 및 혐오로 차단	성소수자, 기타 혐오
뭔소리냐? 정치 관심없는 게이들 위해 요약좀	무슨 말씀이신가요? 정치에 관심 없는 분들을 위해 요약 부탁드립니다.	2	2	COMMUNITY	[뭐소리냐?, 게이들] -> 반말투와 커뮤니티 지칭어를 정중하게 순화	clean
그곳 목사의 필수 덕목노예 테임 레벨 21이상	(차단된 문장입니다)	1	5	RELIGION/REGIONAL	[목사의 필수 덕목, 노예] -> 특정 종교 인물 및 지역을 인권 침해적 비유로 비하하므로 차단	종교
애첩이 중국여자라고들었는데 그래서 중국좋아하나보다. 본처 이혼할때 합의금 많이받아라 저돈 다 중국을ㆍ간다.	배우자분이 외국인이라는 이야기가 있습니다. 이혼 과정에서 합의를 원만히 진행하시길 바랍니다.	2	2	RACISM	[애첩, 중국여자] -> 특정 국적 여성에 대한 비하적 뉘앙스를 정중하게 순화	인종/국적
CIA가 공작한거 아니냐?? ㅋㅋ	정보 기관의 공작이 아닐까요?	2	1	NORMAL	[아니냐?] -> 반말 어미를 정중한 의문문으로 순화	clean
존나 강대국 새끼들이 왜 속국와서 돈빨아먹고 사노?	(차단된 문장입니다)	1	4	RACISM	[강대국 새끼들, 속국] -> 특정 국가 국민에 대한 비하와 정치적 혐오로 차단	인종/국적
대학교 기숙사 들어갈때?	대학교 기숙사에 입사할 때 말씀이십니까?	2	1	NORMAL	[들어갈때?] -> 반말투 의문문을 정중한 의문문으로 순화	clean
저기요.. 차별 의식은 니네가 더 심해요.. 여기는 타인종 상대로 피날정도로 패지도 않고 성소수자 상대로 그러지도 않아요.	오히려 차별 의식은 그쪽이 더 심각해 보입니다. 우리는 타 인종이나 성소수자에게 물리적 폭력을 가하지 않습니다.	2	3	SLUR	[니네가, 패지도] -> 비하 지칭과 폭력 표현을 정중하게 순화	악플/욕설
진짜 축복이 무엇인지 생각하세요. 상대방이 잘되길 바란다면, 건강하길 바란다면, 멀리본다면 지금은 마음 아프더라도 동성간성관계의 실상을! 사실을! 말하는게 축복입니다. 당신은 자격도 없는 가짜목자, 삯꾼일뿐!	상대방을 진심으로 위한다면 단기적인 감정보다는 장기적인 관점에서 조언하는 것이 필요합니다. 신념을 가지고 객관적인 사실을 전달하는 것이 중요하다고 생각합니다.	2	2	LGBTQ	[가짜목자, 삯꾼] -> 비하 지칭을 제거하고 정중한 조언으로 순화	성소수자, 종교
일단 당선되고 권력으로 짖밟으면 되노 그래서 권력이 필요하노	당선 후에 권력을 올바르게 행사하는 것이 중요합니다. 그래서 정당한 권한이 필요한 것입니다.	2	2	COMMUNITY	[짖밟으면, 되노] -> 폭력적 표현과 커뮤니티 말투 순화	악플/욕설
아니~ 그렇게 하고싶으면 전역후에 여군으로 재입대하면 될거아니냐고~ 여군입대 경쟁이 훨씬 빡센데 꼬추 짤랐단 이유로 꽁으로 쳐드실라고??	(차단된 문장입니다)	1	4	LGBTQ	[꼬추 짤랐단, 꽁으로] -> 성소수자의 신체와 권리에 대한 저속하고 편향된 비하로 차단	성소수자
무슬림이 아닌 인간은 몰라도 기독교인 우선받아들이는건 좀 그렇다	난민 수용 시 특정 종교인을 우선시하는 것은 형평성에 어긋날 수 있습니다.	2	2	RELIGION	[받아들이는건 좀 그렇다] -> 반말투를 정중한 비판으로 순화	종교
역시 기장이구나~~ㅋㅋ	역시 기장 지역의 특색이 잘 나타나네요.	2	1	NORMAL	[기장이구나] -> 반말 어미를 정중한 서술형으로 순화	clean
이게 주작이 아니라고?씨발...	이 내용이 사실입니까? 정말 믿기 어렵네요.	2	3	SLUR	[조작, 씨발] -> 욕설과 비속어를 정중한 의문문으로 순화	악플/욕설
개고기 먹는 한국이랑 동급의 나라인데국격이 한국이랑 같노	한국과 비슷한 수준의 국가라고 생각하시는군요.	2	2	RACISM	[같노] -> 특정 국가 국민과 한국을 비하적 소재로 비교하므로 순화	인종/국적
이슬람 극혐하는데좃랑스 새끼들 당한건 꼬시네ㅋㅋ	(차단된 문장입니다)	1	4	RACISM/RELIGION	[좃랑스 새끼들, 꼬시네] -> 특정 국가 국민에 대한 욕설과 비극적 사건 조롱으로 차단	인종/국적, 종교
인하대 아태다닌다 인증하고 부심부리기 가능?	특정 대학교 학과 소속임을 밝히고 자부심을 가져도 될까요?	2	2	SLUR	[부심부리기] -> 속어를 정중한 표준어로 순화	clean
회개충들이 또...	(차단된 문장입니다)	1	4	RELIGION	[회개충들] -> 특정 종교인을 벌레에 비유하여 비하하므로 차단	종교
동남아, 좃선족, 좆슬람 다 합치면 100만되지 않노; 심각한 문제다. 대규모 소요사태, 테러도 이제 남일이 아니겠구만	(차단된 문장입니다)	1	5	RACISM/RELIGION	[좃선족, 좆슬람, 되지 않노] -> 특정 민족과 종교에 대한 극단적 욕설 및 비하로 차단	인종/국적
왜 다녀. 바보야?	왜 그곳에 다니시는 건가요? 이해하기 어렵습니다.	2	2	SLUR	[바보야?] -> 비하 지칭을 정중한 의문문으로 순화	악플/욕설
페미 정신병으로 분류됨	(차단된 문장입니다)	1	5	GENDER	[페미 정신병] -> 특정 사회 운동가나 지지자를 정신병으로 비하하므로 차단	여성/가족
ㅋㅋㅋ나도써먹어야제	저도 이 방법을 활용해봐야겠네요.	2	1	NORMAL	[써먹어야제] -> 반말투 방언을 정중한 서술형으로 순화	clean
유럽의안좋는거따라하냐 이제는 영국프랑스가 무슬림받고 잘해준 결과 어땟냐 테러에시달리고 개판이구만	유럽 국가들이 난민을 수용한 결과 테러 등 사회적 문제가 발생한 사례를 참고해야 합니다.	2	2	RACISM	[개판구만] -> 비속어를 정중한 사회적 비판으로 순화	인종/국적, 종교
지구오물 짱개 무슬림을 인간취급하지말라	(차단된 문장입니다)	1	5	RACISM	[지구오물, 짱개] -> 특정 민족을 오물에 비유하여 극단적으로 비하하므로 차단	인종/국적
그냥 재기시켜뿌리면 안되는거노?	(차단된 문장입니다)	1	5	COMMUNITY	[재기시켜뿌리면] -> 남성 혐오 및 살해 선동 커뮤니티 용어로 차단	악플/욕설
중국은 3년 내에 망한다. 그래야 한다. 정의가 실현되는 것이다. 외국에서 공자학당 없애고 그 자리에 화장실 만들먼 어쩌려고 저렇게 악할까.	해당 국가는 정책 변화가 필요해 보입니다. 공자학당 등 외부 기관에 대한 비판적 시각이 많군요.	2	2	RACISM	[망한다, 악할까] -> 특정 국가에 대한 저주성 표현을 정중한 비판으로 순화	인종/국적
급식충들 존나귀엽게때리네ㅋ	청소년들의 행동이 다소 가벼워 보이네요.	2	2	AGE	[급식충들, 존나귀엽게때리네] -> 청소년 비하 및 폭력 미화 표현 순화	연령
절대 워마드의 존재를 알리지 않겠다 이기야	특정 커뮤니티의 존재를 언급하지 않는 것이 좋겠습니다.	2	2	COMMUNITY	[이기야] -> 커뮤니티 말투를 정중한 표준어로 순화	clean
한남군=머한민국의 수치	(차단된 문장입니다)	1	5	GENDER	[한남군, 수치] -> 남성 군인에 대한 극단적 비하 및 국가적 모욕으로 차단	남성
ㅅㅂ 디져라...	(차단된 문장입니다)	1	5	SLUR	[ㅅㅂ 디져라] -> 욕설과 함께 상대방의 죽음을 명령하므로 차단	악플/욕설
허버허버(남자가 여자와 그짓할때 헐떡대며 힘들어할때 내는소리) 오조오억(한남 쓸모없는 정자숫자)	(차단된 문장입니다)	1	5	GENDER	[허버허버, 오조오억] -> 남성 혐오 표현과 함께 이를 비하적으로 해석하여 설명하므로 차단	남성
머구애들 기온측정하는곳이 물가에 있다고 기온 낮게나오는거라고 자1위하던데ㅋㅋㅋㅋㅋ	해당 지역 분들은 기온 측정 방식에 대해 다른 의견을 가지고 계시더군요.	2	2	REGIONAL	[머구애들, 자1위] -> 지역 비하 별칭과 저속한 표현 순화	지역
어이 강씨! 이쁘면 그냥 델구가서 즐겁게 해주면 뒷탈 없어.	(차단된 문장입니다)	1	5	GENDER	[델구가서 즐겁게 해주면] -> 여성에 대한 성희롱 및 도구화 표현으로 차단	악플/욕설
PC는 철저한 개인주의일뿐이다 올바르고 나발이고 그냥 씹선비랑 말과 거희 동일시하면 된다 남은 올바르게 살아야 하지만 지가 미약하게 법좀 어겨서 욕쳐먹으면 개거품 무는 섹히들임	정치적 올바름에 대한 논의는 개인의 주관에 따라 다를 수 있으며, 이를 강요하는 태도에 대한 비판이 존재합니다.	2	2	SLUR	[씹선비, 섹히들] -> 비하 표현을 정중한 비판으로 순화	기타 혐오
이런새끼들덕이지노인혐오는 모르겟고 급식혐오는 존나 생겻다	이런새끼들덕이지노인혐오는 모르겟고 급식혐오는 존나 생겻다	0	0	NORMAL	정상 문장	연령
알립니다. 이미 페미들에게 좌표가 찍힌 기사입니다.	이 기사는 특정 성향의 단체나 집단의 이목을 끌고 있어 주의가 필요합니다.	2	2	GENDER	[페미들에게 좌표] -> 조롱 섞인 경고를 정중한 알림으로 순화	여성/가족
저래놓고 대구경북 몰표라고 존나 욕함 ㅋㅋㅋㅋ	특정 지역의 투표 결과를 두고 비난하는 상황이 반복되고 있습니다.	2	2	REGIONAL	[존나 욕함] -> 지역 갈등 조장 표현과 욕설 순화	악플/욕설
아 오늘도 참는다 내가 읍읍읍	하고 싶은 말씀이 많으시겠지만 자제하시는군요.	2	1	NORMAL	[읍읍읍] -> 신조어 뉘앙스를 정중한 이해로 순화	clean
알라앜후바르 길거리 한국보지 내보지 무슬림 할랄푸드 시발려나 내 권리를 위해 샤리아을 주장한다 알라쉬불려나	(차단된 문장입니다)	1	5	RELIGION/GENDER	[한국보지, 시발려나] -> 특정 종교와 여성에 대한 극단적인 욕설 및 성적 비하로 차단	여성/가족, 종교
아니 좆팔 젠신병 이론 자체가 틀렸다고 니비 후팔 머가리 재기한 새끼들	(차단된 문장입니다)	1	5	LGBTQ	[젠신병, 후팔, 머가리] -> 성소수자 비하 멸칭과 극단적인 욕설 사용으로 차단	성소수자
ㅋㅋㅋㅋㅋㅋㅋㅋㅋㅋㅋㅋㅋㅋㅋㅋㅋㅋㅋㅋㅋㅋㅋㅋㅋㅋㅋㅋㅋㅋㅋㅋㅋㅋㅋㅋㅋㅋㅋㅋㅋㅋㅋㅋㅋㅋㅋㅋㅋㅋㅋㅋㅋㅋㅋㅋㅋㅋㅋㅋㅋㅋㅋㅋㅋㅋㅋㅋㅋㅋㅋㅋㅋㅋㅋㅋㅋ 무사히잼	정말 무사히 넘어가서 다행이네요.	2	1	NORMAL	[무사히잼] -> 신조어 어미를 정중한 서술형으로 순화	clean
와 넘 좋은 내용입니다. 원장님덕분에 다둥이키울맛 납니다	원장님의 지원 덕분에 여러 아이를 키우는 데 큰 힘이 됩니다. 감사합니다.	2	1	NORMAL	[키울맛 납니다] -> 정중한 감사 표현으로 순화	clean
틀딱도 종류가 많아. 너네들도 다 다르잖아. 이런 유치한 놀이는 그만해라. 마실 온 놈이면 정신차리고.	고령층에 대한 무분별한 비난은 지양해야 합니다. 각자의 입장을 존중하고 생산적인 대화를 나누는 것이 좋습니다.	2	2	AGE	[틀딱, 놈이면] -> 노인 비하 멸칭과 비하 지칭 순화	연령
통베넘들 혐오 우선순위김치녀>> 홍어 >> 똥꼬충 >> 개독 >> is >>	(차단된 문장입니다)	1	5	COMMUNITY	[통베, 김치녀, 홍어, 똥꼬충, 개독] -> 각종 혐오 멸칭을 나열하며 갈등을 조장하므로 차단	여성/가족, 성소수자, 인종/국적, 지역, 종교
뭐야 예림이, 쌍도야???	예림 씨는 영남 출신입니까?	2	2	REGIONAL	[쌍도야?] -> 특정 지역 비하 별칭과 반말투 순화	지역
절벽에서 뛰어내려서 죽은거니까 추락사 맞지않냐?자살에 의한	고인의 사망 원인을 명확히 규정하는 것이 필요해 보입니다.	2	2	SLUR	[맞지않냐?] -> 반말 어미와 비극적 사건에 대한 가벼운 어조를 순화	clean
저렇게 분석해서 글 올리는 놈들 거진 알바임 저거 하라고 각종 협회 시민단체에 돈 엄청 뿌리잖아	특정 의도를 가지고 활동하는 분들이 있을 수 있다는 의견이군요. 단체의 지원 가능성을 의심하시는 것 같습니다.	2	2	SLUR	[놈들] -> 비하 지칭을 정중한 표현으로 순화	악플/욕설
종교충들이 오히려 순수하지 못하고 타락해 있다	(차단된 문장입니다)	1	4	RELIGION	[종교충들] -> 특정 종교인을 벌레에 비유하여 비하하므로 차단	종교
엥 띠용 자유섹스라니 웜에서는 한남과의 노섹스 비혼비출산을 외친다 이기야노. 노무 딱 맞노!! 한동대 비혼비출산 지지해라 이기이기 ~~	(차단된 문장입니다)	1	5	COMMUNITY	[한남, 이기야노, 노무 딱 맞노] -> 특정 커뮤니티의 남성 혐오 및 비하 용어로 차단	남성
탈북자 = 사람좆족 = 개돼지	탈북자 = 사람좆족 = 개돼지	0	0	NORMAL	정상 문장	인종/국적
남일에 끼지말자는 좋은사례를 보여준 사건	타인의 일에 과도하게 개입하지 않는 것이 때로는 현명한 대안이 될 수 있음을 보여준 사건입니다.	2	1	NORMAL	[좋은사례] -> 정중한 분석적 어조로 순화	clean
스스로 지 무덤을 파노 ㅋㅋ	스스로 어려운 상황을 자초하시는군요.	2	2	COMMUNITY	[-노] -> 커뮤니티 말투를 정중한 표준어로 순화	clean
하다못해 개독은 선교할 때 학교 병원 같은 봉사시설이라도 많이 지었는데이새끼들은 그런 것도 없음지구의 암세포가 개슬람이다	(차단된 문장입니다)	1	5	RELIGION	[개슬람, 암세포] -> 특정 종교를 암세포에 비유하여 극단적으로 비하하므로 차단	종교
게이새끼들이 나 동성애자요 나 존중해줘요 거드럭거리는건 되고일반인들이 게이극혐;; 이런발언만 하면 너 미개인! 너 성 소수자 차별! 단체로 우루루 몰려와서 물어뜯는 이 행태가 맞다고 보냐?내새끼 똥꼬뚫릴꺼 생각하면 게이새끼들 배때지에 9침놓고 싶은 심정이다	(차단된 문장입니다)	1	5	LGBTQ	[똥꼬뚫릴꺼, 게이새끼들, 배때지에 9침] -> 성소수자에 대한 저속한 성적 묘사와 폭행 위협으로 차단	성소수자
입대 전, 입대 후 항상 피싸개애들 부러웠다 군대가기 전 좆같음을 느낄 필요도 군대에서 겪는 좆같음을 느낄 필요도 제대하고 겪는 허무함을 느낄 필요도 없지	(차단된 문장입니다)	1	5	GENDER	[피싸개애들, 좆같음] -> 여성에 대한 극단적인 성적 비하 멸칭과 욕설 사용으로 차단	여성/가족
무슨 생각으로 저런 불법영업하는 범법자들한테 신상정보를 주냐 꼬추가 뇌를 지배하는게 이런거냐 지능이 모자란건가	(차단된 문장입니다)	1	4	GENDER	[꼬추가 뇌를 지배] -> 남성에 대한 저속한 비하와 일반화로 차단	남성
다문화 검머외 부대로 가노 아니면 그냥 일반 부대로 가노	다문화 가정 출신이나 외국 국적 보유자들이 어떤 부대로 배정되는지 궁금하시군요.	2	2	RACISM	[검머외, 가노] -> 특정 국적 취득자에 대한 비하 별칭과 커뮤니티 말투 순화	인종/국적
저 기자는 참 기사를 편파적으로 쓴다.자기 입맛대로 쓰군 ㅉㅉ	해당 기자의 기사 내용이 다소 편파적으로 느껴집니다. 본인의 의도에 맞춰 작성된 것 같아 아쉽네요.	2	2	SLUR	[입맛대로 쓰군, ㅉㅉ] -> 조롱 섞인 표현을 정중한 비판으로 순화	악플/욕설
개슬람 알라 = 개독교 야훼 같은신 ㅋㅋㅋㅋㅋㅋ	특정 종교의 신이 같은 존재라고 해석하시는군요.	2	2	RELIGION	[개슬람, 개독교] -> 종교 비하 멸칭을 정중한 명칭으로 순화	종교
요즘에 이상한 애들 정말 많아	요즘 특이한 성향을 가진 분들이 많은 것 같습니다.	2	1	NORMAL	[애들] -> 비하 지칭을 정중한 지칭으로 순화	악플/욕설
별 시답잖은 뻘글... 그러니 기레기야.	내용이 다소 부실한 것 같습니다. 기사 작성에 신중을 기해주세요.	2	2	SLUR	[뻘글, 기레기] -> 비하 표현을 정중한 비판으로 순화	기타 혐오
흠... 겜이나하러가야지....	게임을 하러 가야겠네요.	2	1	NORMAL	[겜] -> 줄임말과 반말 어미를 정중한 서술형으로 순화	clean
나련 주짓수 배울 례정	저는 주짓수를 배울 예정입니다.	2	2	COMMUNITY	[나련, 례정] -> 커뮤니티 말투를 정중한 표준어로 순화	clean
정겸심 교수 심리한거 보도 안하냐? 기레기 셐2야..	특정 인물의 심리 보도가 누락된 것 같습니다. 기자님은 공정한 보도를 부탁드립니다.	2	3	SLUR	[기레기, 셐2야] -> 욕설과 비속어를 정중한 비판으로 순화	기타 혐오
해외 사는 응딩이 게이들만 믿어야겠노	해외에 거주하는 분들의 의견을 참고해야겠습니다.	2	2	COMMUNITY	[응딩이, 게이들, 믿어야겠노] -> 커뮤니티 말투와 지칭어를 정중하게 순화	성소수자
무서어ㅠ 여자 겁에 질린거같아 ㄷㄷ	정말 무섭네요. 여성이 겁에 질린 것 같아 걱정됩니다.	2	1	NORMAL	[무서어, ㄷㄷ] -> 오타와 신조어를 정중한 서술형으로 순화	clean
문정부에서 동성욕자들은 특권층이다. 코로나바이러스를 퍼뜨려도 OK AIDS를 퍼뜨려도 OK . 일반인들이 그랬으면 다 잡아갔겠지.	특정 성향을 가진 분들에 대한 방역 대책이 형평성에 어긋난다는 의견이군요. 일반인과 동일한 기준을 적용해야 한다고 보시는 것 같습니다.	2	2	LGBTQ	[동성욕자들] -> 비하적 뉘앙스를 정중한 분석으로 순화	성소수자
잘모르는걸 왜 자꾸 지껄여?	정확하지 않은 내용을 계속 말씀하시는 의도가 무엇입니까?	2	2	SLUR	[지껄여?] -> 비하적 표현을 정중한 의문문으로 순화	악플/욕설
미국대통령자원봉사상은 뭐노이기?	미국 대통령 자원봉사상은 어떤 상입니까?	2	2	COMMUNITY	[뭐노이기?] -> 커뮤니티 말투를 정중한 의문문으로 순화	clean
떵꼬충 관심없다	(차단된 문장입니다)	1	5	LGBTQ	[떵꼬충] -> 성소수자에 대한 극단적이고 저속한 비하 멸칭으로 차단	성소수자
중국이 더 현명하노 ㅋㅋㅋ 눈앞에서 누가 뒤지든 신경도 안쓰던데	중국은 타인의 일에 개입하지 않는 성향이 강해 보이네요.	2	2	COMMUNITY	[현명하노] -> 비꼬는 조롱과 커뮤니티 말투 순화	clean
개슬람들이 유럽에서 계속 개지랄했음 좋게다... 백마년들 존나 강간하고 그래야... 한국 인권팔이 새끼들이 아닥하지..	(차단된 문장입니다)	1	5	RACISM/GENDER	[개슬람, 백마년, 강간] -> 특정 종교와 인종, 여성에 대한 극단적 비하와 성폭행 옹호로 차단	여성/가족, 인종/국적, 종교, 기타 혐오
십자가에 매달아 사형	(차단된 문장입니다)	1	5	SLUR	[사형] -> 극단적인 폭력과 살인을 종교적 방식으로 선동하으므로 차단	악플/욕설
다문화를 해도 시발새끼들이 미국 영국 일본 독일 이런나라랑 해야지좆같은 중국 동남아 이런새끼들이랑 하고있어	(차단된 문장입니다)	1	5	RACISM	[시발새끼들, 좆같은] -> 특정 국가 국민에 대한 극단적인 욕설과 비하로 차단	인종/국적
북한 선수새끼들 쌔게 나가면 그냥 뺨 후렸으면 좋겠다한국 선수들이 북한 같은 민족이라고 그지새끼들 너무 봐주는 경향이 있음	북한 선수들에게 지나치게 호의적인 태도보다는 원칙에 따른 엄격한 대응이 필요해 보입니다.	2	2	RACISM	[뺨 후렸으면, 그지새끼들] -> 특정 국가 국민에 대한 비하 지칭과 폭력 선동 순화	인종/국적
느그아빠한테도 큰엄마가 반말할꺼다 불편해 하지마라	아버지께도 친척께서 반말을 하실 수 있으니 너무 예민하게 생각하지 마십시오.	2	2	SLUR	[느그, 할꺼다, 마라] -> 반말투와 하대 표현을 정중하게 순화	악플/욕설
주상절리는 죄악이다 애비는 AS도 안시켜서 장가를 보내다니 좆뱀집안이노	(차단된 문장입니다)	1	5	GENDER	[주상절리, 좆뱀] -> 남성에 대한 조롱성 멸칭과 가족 비하로 차단	남성
성전환자로서의 전역이 아닌 심신장애에 의한 전역이지	성소수자로서의 사유보다는 신체적 또는 정신적 조건에 따른 전역으로 판단됩니다.	2	1	LGBTQ	[전역이지] -> 반말 어미를 정중한 서술형으로 순화	성소수자
차이나 게이트 정말인가 보네 젓 되따 이제 중국인으로 사는겨? 북한보다는 나을것두 같구..중국어 배워두세요~	중국의 영향력이 커지면서 우리 사회가 변할까 봐 우려되네요. 새로운 언어를 배우는 등 대비가 필요할지도 모르겠습니다.	2	2	RACISM	[젓 되따, 사는겨?] -> 비속어와 특정 국가에 대한 혐오적 뉘앙스 순화	인종/국적
글내용을 보니 핵교 때려치고 배달하길 잘한듯하다	글의 내용을 보니 학업보다는 현장 업무를 선택한 것이 적절했던 것 같습니다.	2	2	SLUR	[핵교, 때려치고] -> 비속어와 반말투 순화	악플/욕설
저새끼들 진짜 죽여버리고싶다	(차단된 문장입니다)	1	5	SLUR	[죽여버리고싶다] -> 타인에 대한 극단적인 살해 협박으로 차단	악플/욕설
지긋지긋한 한남들 떨어져 나가서 기뻐하는 거 아니노 ㅋㅋㅋㅋㅋㅋ 오랜 숙원이 이루어진 표정이다 이기이기	(차단된 문장입니다)	1	5	GENDER	[한남들, 아니노, 이기이기] -> 남성에 대한 비하 멸칭과 커뮤니티 말투 사용으로 차단	남성
이미 한국은 라도에 노랑둥이가 점령한것 처럼저동네도 이슬람의 단결표와 어중이 떠중이 영국인 표가 당선시킨 것임.한마디로 원숭이 당선 된 것과 같을 것임.	(차단된 문장입니다)	1	5	REGIONAL/RELIGION	[공작, 라도, 원숭이] -> 특정 지역과 종교를 동물에 비유하여 비하하므로 차단	지역, 종교
갈수록 씹창되가는 나라ㅋㅋㅋㅋㅋㅋㅋㅋㅋ	국가 상황이 점점 나빠지는 것 같아 안타깝습니다.	2	3	SLUR	[씹창] -> 극단적인 비속어를 정중한 서술형으로 순화	악플/욕설
맘충 좋은 뜻,의미가 아니어서 별로.... 라고 생각했지만 더 이상의 딱 들어맞는 단어는 없음!!	(차단된 문장입니다)	1	4	GENDER	[맘충] -> 아이 어머니에 대한 비하 멸칭의 사용을 정당화하므로 차단	여성/가족
맘충유모차 >>>>>>>>>> 땅크 >>>>>> 불도저 >>> 두돈반	(차단된 문장입니다)	1	5	GENDER	[맘충, 땅크, 불도저] -> 아이 어머니를 군용 장비에 비유하여 비하하므로 차단	여성/가족
당연히 권리를 주면 안되는거 아니냐?그럴거면 주민등록 번호도 왜 뒷자리 숫자를 나눴는데	특정 권리를 부여하는 것에 반대합니다. 성별에 따라 주민등록번호 뒷자리 숫자를 구분하듯이 기준이 명확해야 한다고 봅니다.	2	1	NORMAL	[아니냐?] -> 반말 어미를 정중한 서술형으로 순화	clean
ㅗㅜㅑㅅㅂ3ㅂ	(차단된 문장입니다)	1	4	SLUR	[ㅗㅜㅑ, ㅅㅂ] -> 저속한 성적 감탄사와 욕설로 차단	악플/욕설
서양 페미 책 읽으면서도 이해안갔던뿌젤 트페미들은 헬조 현상황 생각도 안하고 그대로 갖고 오기만 함	일부 사회 운동가들은 우리나라의 상황을 충분히 고려하지 않고 외국의 사례를 무분별하게 도입하는 경향이 있습니다.	2	2	GENDER	[트페미들, 헬조] -> 비하 멸칭을 정중한 비판으로 순화	여성/가족
역시 고담 고기로 사기치노	(차단된 문장입니다)	1	4	REGIONAL	[고담, 사기치노] -> 특정 지역 비하 별칭과 비하적 일반화로 차단	지역
이자스민 외국인 아님?	이자스민 씨는 외국 출신 아닌가요?	2	1	RACISM	[아님?] -> 반말투 의문문을 정중하게 순화	인종/국적
성인인증이 아니라 청년인증해야지. 급식보다 틀딱새끼들 걸러야함	특정 연령층보다는 모든 사용자의 규정 준수를 확인해야 합니다.	2	3	AGE	[틀딱새끼들] -> 노인 비하 멸칭과 욕설을 정중하게 순화	연령
여성만을 위한 정당이네 .. 남성하고 대립각 세우는 .. 페미 물결타고 한번 만들어 볼려는 정신나간 것들임	특정 정당이 남성과 대립각을 세우며 정치적 흐름을 이용하려는 경향이 있어 보입니다.	2	2	GENDER	[정신나간 것들] -> 비하적 표현을 정중한 비판으로 순화	여성/가족
야이 개새끼야푸틴이랑 진핑이가 이글보고 눈치깟잖아 아오 ㅅㅂ	정보가 유출되지 않도록 주의해야 합니다.	2	3	SLUR	[개새끼야, 아오 ㅅㅂ] -> 극단적인 욕설을 제거하고 상황에 맞는 정중한 표현으로 순화	악플/욕설
세계 PC화의 주범은 좆바마 니거새끼임	(차단된 문장입니다)	1	5	RACISM	[좆바마, 니거] -> 특정 인물과 인종에 대한 극단적인 비하와 욕설로 차단	인종/국적
그냥 지 새키 꽂아주려고 비리 덩어리에 늙은 전라도 꼰대일 뿐... 머가리 깨진 애들이나 지지하지 전라도 설라도	(차단된 문장입니다)	1	5	REGIONAL/AGE	[전라도 꼰대, 머가리 깨진] -> 특정 지역과 연령, 성향에 대한 극단적 비하와 욕설로 차단	지역
나도 기도하고싶다	저도 기도하고 싶습니다.	2	1	NORMAL	[싶다] -> 반말 어미를 정중한 서술형으로 순화	clean
저거 생기면 또라이들 범죄 엄청 일어날텐데, 여성전용아파트는 여성 스스로 지키나?	특정 전용 시설이 생기면 안전 문제나 범죄 발생 우려가 있을 수 있습니다. 입주민 스스로 안전을 지키는 데 한계가 있지 않을까요?	2	2	GENDER/SLUR	[또라이들] -> 비하 표현을 정중한 우려로 순화	악플/욕설
여성의 입장에서 바라보는 이슬람 교리에 대해 알고싶다면 아얀 히르시 알리의 6나는 왜 이슬람 개혁을 말하는가9 책 한번 읽어봐라. 소말리아 출신 무슬림이었는데 지금은 이슬람 버리고 이슬람 개혁을 주장하는 머모님이노.	여성의 입장에서 개혁을 주장하는 모습이 매우 인상적입니다. 추천해주신 책을 읽어보면 좋겠네요.	2	2	COMMUNITY	[머모님이노] -> 커뮤니티 말투를 정중한 표준어로 순화	clean
노무현 사진 보여줬는데 웃으면 일게이지	특정 사진에 대한 반응으로 특정 커뮤니티 이용자임을 판단하는군요.	2	2	COMMUNITY	[일게이지] -> 커뮤니티 지칭어와 반말투 순화	clean
제발 좋으면 안보인데서 가서 사랑을 하던 살던 길거리까지 나와서 지랄들 하세요	사적인 감정 표현은 공공장소보다는 사적인 공간에서 이루어지는 것이 바람직해 보입니다.	2	2	LGBTQ	[지랄들 하세요] -> 비하 표현을 정중한 요청으로 순화	성소수자
이니하고싶은거 다해	지도자가 추진하고자 하는 정책을 적극 지지합니다.	2	1	NORMAL	[이니] -> 별칭 사용을 정중한 지칭으로 순화	clean
부랄두쪽 달고 태어나서 온 나라,모부가 부둥거려주는데도 땅바닥쳐기는 개잡한남충들은 뒤지는것밖에 답이없노. 1순위 재기대상이노.	(차단된 문장입니다)	1	5	GENDER	[개잡한남충, 뒤지는것밖에, 재기대상] -> 남성에 대한 극단적인 비하와 살해 선동으로 차단	남성
지금 나라 씹망하고 있는거 체감이 안되는 빡대가리 새끼들 아직도 많은 거 같은데 ㅋㅋㅋ 한 10년 20년 지나면 진짜 볼만할거다. 강건너 불구경 개꿀일듯 ㅋㅋ	국가 상황이 좋지 않은데 이를 인지하지 못하는 분들이 많아 안타깝습니다. 미래에는 상황이 더 심각해질 수 있습니다.	2	3	SLUR	[빡대가리 새끼들, 개꿀] -> 비하 표현과 속어를 정중한 사회적 우려로 순화	악플/욕설
ㅋㅋㅋㅋ 자지들아 생각을 해봐라. 쟤가 해외에서 잘 나갈 비주얼 이었으면 다니엘 헤니마냥 좆국이 아니라 미국이든 캐나다든 어디든 가서 활동 했겠지 ㅋㅋㅋ 어차피 줄리엔강인가 뭔가하는 애 발톱 때만큼도 안되는 한남 새끼들이 부랄 떨고있노 ㅋㅋ	그분이 해외에서도 통할 외모였다면 이미 더 넓은 무대에서 활동했겠지만, 현재는 국내 활동에 집중하고 있는 것 같네요.	2	2	GENDER	[자지들아, 좆국, 부랄 떨고있노] -> 남성과 국가에 대한 극단적인 비하 멸칭 사용으로 순화(번역)하려 했으나 유해성이 높아 정정	남성
쟤네 원래 저러고 다녓슴 저짝도 급식들은 범죄처벌 약해서 젤 무서움	그분들은 이전부터 그런 행동을 해왔습니다. 특히 청소년들은 법적 처벌이 약하다는 점 때문에 더 우려되는 부분이 있네요.	2	1	AGE	[쟤네, 저짝, 급식들] -> 비하 지칭을 정중한 지칭으로 순화	연령
좆같이 생겼네 진짜 목이 좆기둥처럼 생겨서 하는말임 ㅎㅎ	(차단된 문장입니다)	1	5	SLUR	[좆같이 생겼네, 좆기둥] -> 타인의 외모에 대한 극단적이고 저속한 성적 비하로 차단	악플/욕설
다녀왔노 좆이버 뉴스댓글에 설치는 그남들 머가리 깨고싶어 못참겠노 아쉬운대라도 길가는 쇼린이 잡아다 스트레스 풀어야겠노	(차단된 문장입니다)	1	5	COMMUNITY/AGE	[다녀왔노, 쇼린이] -> 특정 커뮤니티의 남성 아동 성착취 암시 용어 사용으로 차단	남성
딱히 얻을 이득은 없고 위험부담만 있으니까 그렇지. 개입한다고 하더라도 완전히 뿌리뽑는다는 보장도 없고 말이지.	특별히 얻을 이익은 없고 위험 부담만 있으니 그렇습니다. 개입하더라도 문제를 완전히 해결한다는 보장도 없고요.	2	1	NORMAL	[얻을 이득은, 뿌리뽑는다는, 말이지] -> 반말투와 거친 표현을 정중한 서술형으로 순화	clean
의사 나부랭들 댓글 처달지말고 일해라 니들 파업은 밥그릇 지키기다	의사 분들은 댓글을 남기기보다 본업에 충실해주십시오. 이번 파업이 정당한 명분이 있는지 의문입니다.	2	3	SLUR	[나부랭들, 일해라, 처달지말고] -> 비하 지칭과 무례한 명령조를 정중하게 순화	기타 혐오
아시발ㅋㅋㅋㅋㅋㅋㅋㅋㅋㅋㅋㅋㅋㅋㅋㅋㅋㅋㅋㅋㅋㅋㅋㅋㅋㅋㅋㅋㅋㅋㅋㅋㅋㅋㅋㅋㅋㅋㅋㅋ	정말 웃기네요.	2	3	SLUR	[아시발] -> 욕설을 제거하고 정중한 서술형으로 순화	악플/욕설
신고도 한남한테 하겠지? 병신년들	(차단된 문장입니다)	1	5	GENDER	[한남, 병신년들] -> 특정 성별에 대한 혐오 멸칭과 욕설 사용으로 차단	남성
젠장...... 한국엔 냉철한 이성을 가진 무신론자 우파는 없나 ?..개독새끼들 짜증...	한국에 냉철한 이성을 가진 무신론 우파는 없는 것입니까? 특정 종교인들의 행동이 다소 이해하기 어렵습니다.	2	2	RELIGION	[개독새끼들] -> 특정 종교 비하 멸칭을 정중한 표현으로 순화	종교
한 페미니스트 나부랭이의 자기정당화와 자기합리화를 엿볼 수 있는 기사다. 우월성 논하고 자빠졌네.	특정 페미니즘 지지자의 자기 정당화와 합리화가 드러나는 기사입니다. 우월성을 논하는 태도는 적절하지 않아 보입니다.	2	2	GENDER	[나부랭이, 자빠졌네] -> 비하 지칭과 공격적 어조를 정중한 비판으로 순화	여성/가족
보지년 특징 = 1.거짓말 《거짓말 하지 말라는 년》지들이 거짓말 함 ㅋㅋㅋㅋ	(차단된 문장입니다)	1	5	GENDER	[보지년] -> 여성에 대한 극단적이고 저속한 비하 멸칭으로 차단	여성/가족
똥남아 이자^슨^민 새끼 완득이볼때 누군가했다	(차단된 문장입니다)	1	5	RACISM	[똥남아, 이자^슨^민, 새끼] -> 특정 인권 운동가와 동남아시아인에 대한 극단적 비하 및 조롱으로 차단	인종/국적
보력 한번을 안오냐 혼자 아이디 돌리기 앵나 힘드노 좆팔	(차단된 문장입니다)	1	5	COMMUNITY	[보력, 앵나 힘들노, 좆팔] -> 특정 커뮤니티의 혐오 용어와 욕설로 차단	악플/욕설
우와! 메갈리아다!!	우와, 특정 온라인 커뮤니티 이용자군요.	2	2	COMMUNITY	[메갈리아다] -> 특정 혐오 커뮤니티 지칭을 정중한 표현으로 순화	clean
ㅅㅂ 드립이아니라 진짜였네	농담이 아니라 정말 사실이었군요.	2	3	SLUR	[ㅅㅂ] -> 욕설을 제거하고 정중한 서술형으로 순화	악플/욕설
그래 알았으니 너네 비리도 좀 밝혀라 맨날 전이야기만 하고 너네는 깨긋하냐 ?	그러니 당신들의 비리도 명확히 밝혀주십시오. 항상 과거 이야기만 하지 말고 스스로는 깨끗한지 되돌아보길 바랍니다.	2	1	NORMAL	[밝혀라, 깨끗하냐] -> 반말 명령조와 의문문을 정중하게 순화	악플/욕설
왜 저런걸 찍어서 올리는것같냐?애새끼도 있겠다 우리들 뒷바라지 해줄 남자 찾을라고 그러는거지	왜 저런 영상을 올리는 건가요? 자녀도 있는 분들이 경제적 지원을 해줄 배우자를 찾기 위해 그러는 것 아닐까요?	2	2	SLUR	[애새끼, 찾을라고] -> 비하 지칭과 반말투를 정중한 의문문으로 순화	악플/욕설
정문 길 건너 약국 뒤에 황제뒷고기 맞냐5분 준다대답해라	정문 길 건너 약국 뒤에 있는 식당이 맞습니까? 5분 안에 대답해주십시오.	2	1	NORMAL	[맞냐, 대답해라] -> 반말 어미와 명령조를 정중하게 순화	악플/욕설
그래도 책임감 있는 저런애들이 낫지낙태충년들은 욕 먹어도 싸다	(차단된 문장입니다)	1	5	GENDER	[낙태충년들] -> 임신 중단 여성에 대한 극단적인 비하와 혐오 멸칭으로 차단	여성/가족
갓동대노이기야!!!	역시 대단한 학교군요.	2	2	COMMUNITY	[갓동대, 노이기야] -> 커뮤니티 말투를 정중한 서술형으로 순화	clean
중국바퀴보다 조선족을 먼저 박멸해야 됨	(차단된 문장입니다)	1	5	RACISM	[중국바퀴, 조선족, 박멸] -> 특정 민족을 해충에 비유하여 박멸 대상으로 묘사하므로 차단	인종/국적
얼마나 뇨자들이 나대면ᆢ농담이지만 그랫겟나?  또 그걸로 강사배제라ᆢ말세다	(차단된 문장입니다)	1	4	GENDER	[뇨자들, 나대면, 말세다] -> 여성에 대한 비하와 일반화, 혐오적 태도를 보이므로 차단	여성/가족
왜 동성애를 싫어하면 안되나? 그럼 모두가 동성애를 옹호해야 하나. 동성애자들 자기 모순도 적당히 해라 동성애 싫다	동성애에 대한 거부감을 가질 권리도 존중되어야 합니다. 무조건적인 옹호를 강요하는 것도 모순이라 봅니다.	2	2	LGBTQ	[싫다] -> 반말 어미를 정중한 서술형으로 순화	성소수자
원래 외노자가 우리 아래에서 노예처럼 살아야 하는거아냐?이젠 반대로 외노자 아래서 조선민족들이 빌빌거리며 살겟네	(차단된 문장입니다)	1	5	RACISM	[외노자, 노예, 아래에서] -> 외국인 노동자에 대한 차별과 인권 침해적 태도로 차단	인종/국적
진짜 이래서 세뇌교육이 무섭구나. 쟤네들 말하는게 딱 옛날 중국애들이 말하는 수준이네. 그냥 1차원적으로 밥만 먹고살면 잘 사는줄만 아는 50년대 마인드.	저분들의 사고방식이 과거 특정 국가의 사례처럼 다소 획일적으로 느껴집니다. 물질적 조건 외의 가치도 중요하게 봐야 합니다.	2	2	RACISM	[쟤네들, 중국애들] -> 비하 지칭을 정중한 표현으로 순화	인종/국적
갓럼프가 되야지만검머외 개새끼들 조질수있음	(차단된 문장입니다)	1	5	RACISM	[검머외, 개새끼들] -> 특정 국적 취득자에 대한 극단적 비하와 욕설로 차단	인종/국적
저련 곧 웜오겠노ㅋㄱㄲㅋㅋ자이루~~ 똥좆 왕부랄 버리고 샤네루길 걷자이니야^노^	(차단된 문장입니다)	1	5	COMMUNITY	[저련, 웜, 자이루, 똥좆, 왕부랄, 이니야^노^] -> 특정 커뮤니티의 남성 혐오 및 성적 비하 용어로 차단	남성
얼마전에는 몸에 성이 깃들어 있다는 말 쓴 같은 젠신도 패고있더노ㅋㅋㅋㅋㅋ단어에 꼬투리잡고 자빠지는 게 저새끼들이노	(차단된 문장입니다)	1	4	LGBTQ	[젠신도, 저새끼들] -> 성소수자 비하 멸칭과 커뮤니티 말투로 차단	성소수자
ㄹㅇ 짱깨보다 더 좆같은새끼들이 좆족시발새끼들이네	(차단된 문장입니다)	1	5	RACISM	[짱깨, 좆족, 시발새끼들] -> 특정 민족에 대한 극단적인 욕설과 비하로 차단	인종/국적
결혼무효화라 웃기는군	결혼 무효화라니 우스운 상황이군요.	2	1	NORMAL	[웃기는군] -> 반말 어미를 정중한 서술형으로 순화	clean
우리나라는 합법적으로 성매매가 불가능 하니 일본처럼 되기는 어려울거 같다.	현재 우리나라 법제도상 특정 국가와 같은 형태가 되기는 어려울 것으로 보입니다.	2	1	NORMAL	[어려울거 같다] -> 반말 어미를 정중한 서술형으로 순화	clean
615 / 그리고 굳이 따지자면 남성의 역할은	남성의 역할에 대해 구체적으로 말씀드려 보겠습니다.	2	1	NORMAL	[역할은] -> 미완성 문장을 정중하게 마무리	clean
ㅋㅋㅋㅋ 애초에 꽁트인데 왜케들 심각하시지 ㅋㅋㅋ남자 누드 모델도 엄청 많은디 근데 인터넷에서는 실제 이런식으로 항상 난리가 나는듯요 ㅋㅋㅋ	이것은 가벼운 설정인데 지나치게 심각하게 받아들이는 것 같습니다. 다른 사례들도 많은데 온라인에서는 늘 논란이 되네요.	2	1	NORMAL	[많은디, ㅋㅋㅋ] -> 방언과 신조어를 정중한 서술형으로 순화	clean
무슬림들은 자신이 사는 곳을 지옥으로 만들고 또 다른 천국을 꿈꾼다	(차단된 문장입니다)	1	4	RELIGION	[무슬림, 지옥] -> 특정 종교와 그 신자들을 지옥에 비유하여 비하하므로 차단	종교
뭐냐 저거 진짜냐	저 내용이 사실입니까? 정말 믿기 어렵네요.	2	2	SLUR	[뭐냐] -> 반말투 의문문을 정중하게 순화	악플/욕설
하얀트집 신상 좀 까봐라	특정 인물의 정보를 공개하라고 요구하시는군요.	2	3	SLUR	[신상 좀 까봐라] -> 개인정보 침해 선동과 명령조를 정중하게 순화	clean
으억,,, 필요악?	정말 필요악이라고 보시는 건가요?	2	1	NORMAL	[으억] -> 감탄사를 정중한 의문문으로 순화	clean
그냥 반대목소리 내라는 존나 단순한 글을 왜 이렇게 장황하게 써갈겨놨냐	반대 의견을 내라는 단순한 내용을 왜 이렇게 길게 설명해 두었습니까?	2	2	SLUR	[장황하게, 써갈겨놨냐] -> 비하적 표현과 반말투를 정중하게 순화	악플/욕설
으으 씨발 외국에서 한국인 =똥남아 인종으로 알듯	(차단된 문장입니다)	1	5	RACISM	[똥남아, 이자^슨^민, 새끼] -> 특정 인권 운동가와 동남아시아인에 대한 극단적 비하 및 조롱으로 차단	인종/국적
다시한번 한국교회를 불쌍히여겨주소서 글 감사드립니다	한국 교회에 대한 염려가 느껴지는 글이네요. 공유해주셔서 감사합니다.	2	1	RELIGION	종교적 염려를 정중하게 수용	clean
우덜식 미래ㅋㅋㅋ 어서 원숭이님이 대통령이 되셔서 파키스탄, 조선족 500퍼센트 더 받았으면 좋겠다.	(차단된 문장입니다)	1	5	REGIONAL/RACISM	[우덜식, 원숭이님] -> 특정 지역과 인물을 비하적으로 조롱하므로 차단	인종/국적
좃선족새끼들이 원하는건 그냥 한국에있으면서 자기 짱깨 국민이니까 함부로하지마라 ! 뭐 이런걸 원하는건데 사실상 본인이 바퀴벌레 혼혈이라고 홍보하는 셈	(차단된 문장입니다)	1	5	RACISM	[좃선족새끼들, 바퀴벌레 혼혈] -> 특정 민족에 대한 극단적인 욕설과 해충 비유로 차단	인종/국적
절라도 증말 이갈리게 싫다	(차단된 문장입니다)	1	4	REGIONAL	[절라도, 인갈리게 싫다] -> 특정 지역 비하 멸칭과 강한 적대감을 드러내므로 차단	지역
아휴 너련도 입장이 있을거라 생각하노.. 근데 이미 건널수없는 강을 건너버린거 같노 그럼 너련은 워마드 명의를 왜 갑자기 너걸로 바꿔달라 한거노?	당신도 당신만의 사정이 있겠지요. 하지만 이미 돌이키기 어려운 상황인 것 같습니다. 왜 갑자기 명의를 변경해달라고 하셨나요?	2	2	COMMUNITY	[너련, 생각하노] -> 커뮤니티 말투를 정중한 질문으로 순화	clean
어두운데 우굴우굴 모여있다가 불켜면 사사삭 사라지는 바퀴벌레가 따로 없네	특정 집단이 어두운 곳에 숨어 있다가 불이 켜지면 사라지는 모습이 연상되네요.	2	2	SLUR	[바퀴벌레가 따로 없네] -> 비하적 비유를 정중한 묘사로 순화	악플/욕설
사제는 남자가 주를 이뤘다 여자사제는 거의다 창녀였다 남자사제가 사용하는 그리고 바뀌에 깔리긴 왜깔리냐 동성애반대시위자가 밑에들어가서 지나갈려면 날 밟고가라이지랄하다가 밟힌거같네 돌발적으로 차앞에누우면 그게 누구잘못이냐 ㅋㅋ	(차단된 문장입니다)	1	5	RELIGION/GENDER	[여자사제, 창녀] -> 여성 종교인에 대한 극단적인 성적 비하와 모욕으로 차단	여성/가족, 성소수자
틀식충 아니노 ㅋㅋㅋㅋㅋㅋㅋㅋㅋ	(차단된 문장입니다)	1	4	AGE/COMMUNITY	[틀식충, 아니노] -> 노인 비하 멸칭과 커뮤니티 말투 사용으로 차단	연령
맞노 요즘 웜애서 개돼내 허벌로 난다이기야	(차단된 문장입니다)	1	5	COMMUNITY	[맞노, 웜, 개돼내, 허벌] -> 특정 커뮤니티의 혐오 및 비하 용어로 차단	clean
어....이건.....진짜....아닌데.....	이것은 정말 적절하지 않은 것 같습니다.	2	1	NORMAL	[아닌데] -> 반말 어미를 정중한 서술형으로 순화	악플/욕설
100퍼 경상도 놈일듯 ㄹㅇ...	(차단된 문장입니다)	1	4	REGIONAL	[경상도 놈] -> 특정 지역민에 대한 비하와 일반화로 차단	지역
그런 저새끼는 조선족	(차단된 문장입니다)	1	4	RACISM	[저새끼, 조선족] -> 특정 민족에 대한 비하 지칭과 일반화로 차단	인종/국적
80년대는 니기미 ㅎㅎㅎ 좆도 모르면 그냥 닥쳐~~~	잘 모르신다면 함부로 말씀하지 마십시오.	2	3	SLUR	[니기미, 좆도 모르면, 닥쳐] -> 극단적인 욕설과 하대 표현을 정중하게 순화	악플/욕설
솔찍히 중동 부자년 이랑 결혼 해도 나쁘지 않을거 같다 옵션이 돈이니 시발 ㅎㅎ	중동의 부유한 분과 결혼하는 것도 괜찮은 선택일 것 같습니다. 경제적인 혜택이 클 테니까요.	2	2	SLUR	[부자년, 시발] -> 비하 지칭과 욕설을 제거하고 정중하게 순화	악플/욕설
소돔과 고모라가 따로 없네 양쪽다 폭탄 터트려서 없애버리면 클린 서울	정말 타락한 도시의 모습 같네요. 양측 모두 물러나고 깨끗한 서울이 되길 바랍니다.	2	3	SLUR	[폭탄 터트려서 없애버리면] -> 폭력적인 표현을 제거하고 정중한 바람으로 순화	악플/욕설
뭔가 사일런트 힐 같은 분위기노..	분위기가 마치 공포 영화 소설 속 배경처럼 느껴집니다.	2	2	COMMUNITY	[-노] -> 커뮤니티 말투를 정중한 서술형으로 순화	clean
가까운 한중일 건축양식만 봐도 제일 구리노. 기안내 개오진다익이	(차단된 문장입니다)	1	5	COMMUNITY	[구리노, 기안내, 오진다익이] -> 특정 커뮤니티의 비하 및 혐오 용어로 차단	악플/욕설
구웨에에에엥엑 와꾸가 하나같이 다 똑같노	사람들의 외모가 모두 비슷해 보여서 당황스럽습니다.	2	2	SLUR/COMMUNITY	[와꾸, 똑같노] -> 비하적 지칭과 커뮤니티 말투 순화	악플/욕설
메퇘지년들 전생에 왕자들 사냥 다닐때 화살 워낙 맞아서 왕자라 하면 ㅂㄷㅂㄷ함	(차단된 문장입니다)	1	5	GENDER	[메퇘지년들] -> 여성에 대한 극단적인 비하와 혐오 멸칭으로 차단	여성/가족
너무나도 이상하게 옳은말이 터부시되는사회가 됐네 동성애는 있어서는 안되는 사회악이다	(차단된 문장입니다)	1	4	LGBTQ	[사회악] -> 성소수자를 사회악으로 규정하며 혐오를 조장하므로 차단	성소수자
좆선족은 니들끼리도 욕하냐?	(차단된 문장입니다)	1	4	RACISM	[좆선족, 니들] -> 특정 민족 비하 멸칭과 무례한 질문으로 차단	인종/국적
말들 드럽게 안들어 진짜	정말 지시를 따르지 않으시는군요.	2	1	NORMAL	[드럽게 안들어] -> 반말투 비속어를 정중한 서술형으로 순화	악플/욕설
지랄 ㅋㅋ 초딩들 대부분은 바둑 관심없어 병신아	초등학생 대부분은 바둑에 관심이 없습니다.	2	3	SLUR	[지랄, 병신아] -> 욕설과 비속어를 제거하고 정중한 사실 전달로 순화	연령
침략자는 백인이다. 아메리카.호주 백인침략.	과거사에서 백인들이 아메리카나 호주를 침략한 역사가 있습니다.	2	1	NORMAL	[침략자] -> 강한 뉘앙스를 정중한 역사적 설명으로 순화	인종/국적
히잡으로 꽁꽁 싸매도 외모 출중하면 뷰지발광해댈 그 사상 뷔페니즘	(차단된 문장입니다)	1	5	GENDER	[뷰지발광, 뷔페니즘] -> 여성과 페미니즘에 대한 저속한 성적 비하와 조롱으로 차단	여성/가족
모를수도 있지... 그걸로 임신공격 하지 말라구!!	모를 수도 있는 부분이니 너무 몰아세우지 마십시오.	2	2	SLUR	[임신공격] -> 속어를 활용한 비난을 정중하게 순화	clean
쪽바리 차 타고 다닌건 맞는 말이네.	(차단된 문장입니다)	1	4	RACISM	[쪽바리] -> 특정 국가 국민에 대한 비하 멸칭 사용으로 차단	인종/국적
이새끼 성추행 발언 존나 했구만 ㅋㅋㅋ그러니까 지가 쓴 댓글에 대해서는 언급안하지	이분은 과거에 부적절한 발언을 많이 한 전력이 있습니다. 그래서 본인의 과오에 대해서는 언급하지 않는 것 같습니다.	2	3	SLUR	[이새끼, 존나] -> 비하 지칭과 욕설을 제거하고 정중하게 순화	악플/욕설
홍어들이 많이 사는 지역 콜로라도	(차단된 문장입니다)	1	5	REGIONAL	[홍어, 콜로라도] -> 특정 지역민에 대한 극단적인 비하 멸칭과 커뮤니티 말투로 차단	지역
아니...왜 때문에......	대체 무슨 이유 때문에 그러시는 것인가요?	2	1	NORMAL	[왜 때문에] -> 인터넷 신조어를 정중한 의문문으로 순화	clean
응원합니다로 했어야지 빨간색으로그래야 제대로 멕이는 건데ㅋㅋㅋ	빨간색으로 응원 메시지를 보냈다면 더 확실한 의사 전달이 되었을 것 같습니다.	2	2	SLUR	[멕이는] -> 속어를 정중한 설명으로 순화	악플/욕설
xx만 여성입니다 ㅋ	여성 고객만 이용 가능합니다.	2	1	NORMAL	[xx만] -> 오타와 가벼운 어조를 정중하게 순화	clean
관광객 불체자 구별도 못하는 좆병신 급식충 새끼들 천지오바마 방한하면 미개한 껌둥이라며 반대할 새끼들인듯	(차단된 문장입니다)	1	5	AGE	[좆병신, 급식충, 새끼들, 껌둥이] -> 청소년 및 특정 인종에 대한 극단적인 비하와 욕설로 차단	연령
머구 수준하고는ㅋㅋㅋ	(차단된 문장입니다)	1	4	REGIONAL	[머구 수준] -> 특정 지역 비하 별칭과 일반화를 통해 조롱하므로 차단	지역
클라크의 명석한 설교에 감동을 받았다 .	클라크 씨의 명석한 설교에 큰 감동을 받았습니다.	2	1	NORMAL	[받았다] -> 반말 어미를 정중한 서술형으로 순화	clean
병신 젠더되서 레즈되고싶다고 하는 사람도있던데 웃긴이야기지만 ㅇㅇ	(차단된 문장입니다)	1	4	LGBTQ	[병신 젠더, 레즈] -> 성소수자에 대한 욕설과 가벼운 희화화로 차단	성소수자
ㅋ마포구도 서울이랑께?	마포구도 서울의 일부분입니다.	2	1	NORMAL	[-랑께?] -> 지역 방언 어미를 정중한 표준어로 순화	clean
무슬림 할로윈 분장은 복면쓰고 폭탄 몸에 두르기만 하면 완벽한데	(차단된 문장입니다)	1	4	RELIGION	[무슬림, 폭탄] -> 특정 종교와 신자를 테러범에 비유하여 비하하므로 차단	인종/국적, 종교
아 보기싫다	보기가 매우 불편합니다.	2	1	NORMAL	[보기싫다] -> 반말 어미를 정중한 서술형으로 순화	악플/욕설
시발 존나웃기넼ㅋㅋㅋㅋㅋㅋㅋㅋㅋㅋㅋㅋㅋㅋㅋㅋㅋㅋㅋㅋㅋㅋㅋㅋ	시발 존나웃기넼ㅋㅋㅋㅋㅋㅋㅋㅋㅋㅋㅋㅋㅋㅋㅋㅋㅋㅋㅋㅋㅋㅋㅋㅋ	0	0	NORMAL	정상 문장	악플/욕설
머한민국에서는고향을 물어보는것도수치고 불편하고 지역 차별이란다	머한민국에서는고향을 물어보는것도수치고 불편하고 지역 차별이란다	0	0	NORMAL	정상 문장	clean
홈쇼핑에서 젤 많이 파는게 프라다 짱개명품이다 디자인도 발전없고 다 중국생산 흔한 가방일뿐 특히 너무 칙칙해 요즘 스탈 아님 효도 했는데 이런 소리해서 미안해	해당 브랜드의 제품 중 특정 국가 생산품에 대해 다소 부정적인 인상을 가지고 계시는군요. 디자인이 취향에 맞지 않아 아쉽겠습니다.	2	2	RACISM	[짱개명품, 짱개] -> 비하 멸칭을 정중한 표현으로 순화	악플/욕설
진짜 좆같이 미개해 보인다 미친 짱깨새끼들은 왜이리 단체로 북치는걸 좋아할까	(차단된 문장입니다)	1	5	RACISM	[좆같이, 미개해, 짱깨새끼들] -> 특정 국가 국민에 대한 극단적 욕설과 비하로 차단	인종/국적
다 피싸개년들이 자초한거지 ㅋㅋ가족아닌 이상 쳐맞고있어도 도와줄일 1도없다 피싸개년들	(차단된 문장입니다)	1	5	GENDER	[피싸개년들] -> 여성에 대한 극단적인 성적 비하 멸칭 사용으로 차단	여성/가족
조미현 기자야 페미니즘이 남성혐오 사상이잖냐 그래서 혐오당하는거다	특정 사상이 남성 혐오를 조장한다는 인식이 있어 이에 대한 부정적인 여론이 존재하는 것 같습니다.	2	2	GENDER	[혐오당하는거다] -> 반말투를 정중한 분석적 어조로 순화	여성/가족
관종이냐 전국에 젠더인거 알리고 꼭 저학교 가야하냐,	(차단된 문장입니다)	1	4	LGBTQ	[관종이냐, 젠더] -> 성소수자 개인의 선택을 비하하고 공격하므로 차단	성소수자
토했어 ㅠㅠ	정말 구역질이 날 정도로 좋지 않은 상황이네요.	2	1	NORMAL	[토했어] -> 반말 어미를 정중한 서술형으로 순화	clean
틀딱은 근육 있어도 역겨움	(차단된 문장입니다)	1	4	AGE	[틀딱, 역겨움] -> 노인 비하 멸칭과 공격적 표현으로 혐오를 조장하므로 차단	연령
압구정에 광림교회랑 바로 옆에 압구정 성당 보면서 저 땅만 팔아도 도대체 얼마일까 가늠이 안가더라 ㅅㅂ	특정 지역의 대형 종교 시설들이 차지하는 부지 가치가 엄청날 것으로 보이네요.	2	2	RELIGION/SLUR	[ㅅㅂ] -> 욕설을 제거하고 정중한 설명으로 순화	악플/욕설
지랄하고있네. 사람이 죽이 맞으면 친한거지 ㅉㅉ누가 통베충 저장소 아니랄까봐. 일베에 호재 불러온 충청도아저씨 인기 급물살 타니까경상충청일체 분위기 조성하는거 보소 ㅉㅉ	(차단된 문장입니다)	1	4	COMMUNITY/REGIONAL	[통베충, 경상충청일체] -> 특정 지역과 커뮤니티 비하 멸칭을 사용하여 갈등을 조장하므로 차단	지역
뭘 당연한 소리를 하고 앉았노 언제는 연세대 나온 한남이 씹치 아니었던 적이 있었노 서울대 나온 한남도 키 185인 한남도 재산이 수십억인 한남도 결국엔 한남충이다 이기야	(차단된 문장입니다)	1	5	GENDER/COMMUNITY	[한남, 씹치, 한남충, 이기야] -> 남성에 대한 극단적 비하 멸칭과 커뮤니티 말투로 차단	남성
미투보고하는말 유투	사회 운동에 대해 자신만의 의견을 덧붙이셨군요.	2	1	NORMAL	[유투] -> 언어유희를 정중하게 수용	clean
보고싶다이기야	정말 보고 싶습니다.	2	2	COMMUNITY	[이기야] -> 커뮤니티 말투를 정중한 표준어로 순화	clean
학원보다 못가르쳐서 애보기 수준이면 애나 잘볼것이지 진짜 교사들도 사상 이상한 것들 좀 추려내서 날려라	교사 중 부적절한 가치관을 가진 분들은 교육 현장에서 배제하는 조치가 필요해 보입니다.	2	2	SLUR	[이상한 것들, 날려라] -> 비하 지칭과 하대 표현을 정중하게 순화	기타 혐오
남자니까 부사관으로 뽑았지 ...트렌스젠더면 부사관으로 뽑았겠냐? 이게 군대야? 이게 군대냐고!!	군대에서 성별 정체성에 따른 부사관 임용 기준에 대해 의구심을 가지고 계시는군요. 현재 군 조직의 대처 방식에 강한 불만을 느끼시는 것 같습니다.	2	2	LGBTQ	[뽑았겠냐?, 군대냐고!!] -> 공격적 어조를 정중한 분석으로 순화	성소수자
남녀간 결혼에는 나이차이라는 묘수가 있어 괜찮은 남자들에겐 항상 보지가 넘쳐난다	(차단된 문장입니다)	1	5	GENDER	[보지가 넘쳐난다] -> 여성에 대한 저속한 성적 도구화와 비하 표현으로 차단	여성/가족
이슬람 러시아 둘다 졸라 시러 ㅡㅡ	이슬람 국가들과 러시아 모두에 대해 강한 거부감을 가지고 계시는군요.	2	2	RACISM/RELIGION	[졸라 시러] -> 비속어와 반말투를 정중하게 순화	인종/국적, 종교
ㅋㅋㅋㅋ자댕이답게 과학이 아니라 유사과학을 하노ㅋㅋㅋ이래서 자댕이들 공부가르쳐봐야 쓸모없다이니야	(차단된 문장입니다)	1	5	GENDER/COMMUNITY	[자댕이, 하노, 이니야] -> 남성에 대한 극단적 비하 멸칭과 커뮤니티 말투로 차단	남성
ㅇㅇ 미래 생각하지말고 포퓰리즘 공약 ㅈㄴ게 해야함 어쩔 수 없음 그게답임 친미 친중 친북 이런건 나중문제	현실적으로 대중의 지지를 얻기 위한 정책 추진이 불가피한 측면이 있습니다. 대외 관계보다 우선시될 수밖에 없군요.	2	3	SLUR	[ㅈㄴ게, 해야함] -> 욕설을 제거하고 정중한 서술형으로 순화	clean
그래서 이익은 또 투명해졌노? ㅋㅋㅋㅋㄱㅋ	그래서 수익 정산 과정이 명확해진 것입니까?	2	2	COMMUNITY	[-노] -> 커뮤니티 말투와 조롱 섞인 어조를 정중하게 순화	악플/욕설
뭔 시잘데기 없는 불만이지?	그다지 중요하지 않은 부분에 대해 불만을 제기하시는 것 같습니다.	2	2	SLUR	[시잘데기 없는] -> 비칭을 정중한 표현으로 순화	clean
맞는 말이네......	정말 맞는 말씀입니다.	2	1	NORMAL	[말이네] -> 반말 어미를 정중한 서술형으로 순화	clean
그 상폐가 그 상폐아니겠노 깔깔	(차단된 문장입니다)	1	5	AGE	[상폐, 아니겠노] -> 특정 연령층(또는 기혼여성)을 비하하는 멸칭과 커뮤니티 말투로 차단	연령
저게 축제라면 서울시는 포르노 축제도 허용해야지..	해당 행사를 허용한다면 형평성 차원에서 더 자극적인 행사들도 허용해야 한다는 논리로 비판하시는군요.	2	2	SLUR	[지랄하고있네, 허용해야지] -> 욕설과 반말투를 정중하게 순화	악플/욕설
급식충들 너무싫다ㅋㅋㅋㅋㅋㅋㅋ	(차단된 문장입니다)	1	4	AGE	[급식충들] -> 청소년 비하 멸칭을 사용하여 혐오를 표현하므로 차단	연령
똥이 묻었노ㅋㅋㅋㅋ	이물질이 묻어 있네요.	2	2	COMMUNITY	[-노] -> 커뮤니티 말투를 정중한 서술형으로 순화	악플/욕설
좀있으면 보트피플될 판인데 아직 여유있을때 얼른 떠나야지	상황이 매우 악화되어 피난민 신세가 될지도 모르는 상황입니다. 여유가 있을 때 미리 대비를 해야 할 것 같습니다.	2	1	NORMAL	[보트피플될 판] -> 비극적 상황 지칭을 정중한 우려로 순화	clean
최현희선생 전라도라서 전라도판사빽있음	(차단된 문장입니다)	1	4	REGIONAL	[전라도] -> 특정 지역과 사법적 유착을 근거 없이 연결하여 비하하므로 차단	지역
ㅇㄱㄹㅇ 그 증거로 현실에서 성형한여자만나면 이쁘면된거라고 부랄앵나게 딸랑임	(차단된 문장입니다)	1	5	GENDER/COMMUNITY	[부랄앵나게 딸랑임] -> 특정 신체 부위를 언급한 저속한 비하와 커뮤니티 용어로 차단	남성
두번째 생산된 녀석은 밖에 나옵니다.	두 번째로 만들어진 제품은 외부에 공개됩니다.	2	1	NORMAL	[녀자] -> 비칭을 정중한 명사로 순화	clean
조회수올릴려고 별짓 다한다	조회수를 높이기 위해 무리한 시도를 하시는군요.	2	2	SLUR	[별짓 다한다] -> 비하적 표현을 정중한 비판으로 순화	악플/욕설
한남 아웃 !! 잠재적 성범죄 !! 분명 까보면 고향이 쌍도일 가능성이 높음	(차단된 문장입니다)	1	5	GENDER/REGIONAL	[한남, 잠재적 성범죄, 쌍도] -> 특정 성별과 지역에 대한 극단적인 혐오 및 비하로 차단	남성, 지역
원하지 않는 성매매업 종사자는 구제해주는 게 좋지만 이 놈의 나라는 상식을 지키며 사는 사람이 늘 송해본단 말이죠. 부동산이든 뭐든..	원치 않게 성매매업에 종사하게 된 분들은 구제하는 것이 바람직하지만, 정직하게 살아가는 사람들이 오히려 손해를 보는 사회 분위기는 개선되어야 합니다.	2	2	SLUR	[이 놈의 나라, 송해본단] -> 비속어와 오타를 정중하게 순화	악플/욕설
??? : 여러분 안심하세요. 저건 일부일 뿐입니다.	관계자분들, 안심시켜 주시는 것도 좋지만 근본적인 해결책이 필요해 보입니다.	2	1	NORMAL	[일부일 뿐입니다] -> 비꼬는 조롱 섞인 인용을 정중한 의견으로 순화	clean
뭐노 일부로 면상늘려놓은거 아니노? ㅋㅋㅋ아니면 뭐 저리 빻았노?	(차단된 문장입니다)	1	5	SLUR/COMMUNITY	[빻았노, 면상] -> 외모에 대한 저속한 비하와 커뮤니티 말투로 차단	악플/욕설
짤 만수르임?	사진 속 인물이 만수르입니까?	2	1	NORMAL	[짤, 임?] -> 줄임말과 반말 어미를 정중하게 순화	clean
ㅓㅜㅇ 묵직	정말 묵직한 느낌이네요.	2	2	SLUR	[ㅓㅜㅇ] -> 저속한 성적 뉘앙스의 감탄사를 정중하게 순화	clean
공짜좋아하면 저래되는거지 ㅋㅋ	무료 혜택만 쫓다 보면 예기치 못한 문제가 발생할 수 있습니다.	2	1	NORMAL	[저래되는거지] -> 반말 어미를 정중한 서술형으로 순화	clean
틀딱새끼들 틀니 부셔버리기 전에 조용이 있어라	(차단된 문장입니다)	1	5	AGE	[틀딱새끼들, 부셔버리기] -> 노인 비하 멸칭과 함께 신체적 폭언을 가하므로 차단	연령
다문화 1호 존나 빡치네 개누리 ㅅㅂ	특정 정당에 대한 다문화 정책에 매우 큰 불만을 느끼시는군요.	2	3	SLUR	[존나, 빡치네, ㅅㅂ] -> 욕설과 비속어를 제거하고 상황에 맞는 정중한 표현으로 순화	인종/국적
피해자가 고소도 하기전 젠더에게 고소할거란 사실을 알려준 인간 반드시 찾아서 처벌해야한다	피해자가 고소하기 전에 피고소인에게 정보를 유출한 담당자를 찾아 엄격히 처벌해야 합니다.	2	2	SLUR	[젠더] -> 성소수자 비하 뉘앙스를 정중한 지칭으로 순화	악플/욕설
머구 원래 인건비 존나 싼걸로 유명해서 골목식당 좆후리는 병신들 등판해서 장사할거다 사업할거다 하던 예루살렘 이었는데	(차단된 문장입니다)	1	4	REGIONAL	[머구, 좆후리는, 병신들] -> 특정 지역 비하 별칭과 욕설을 사용하여 비하하므로 차단	지역
조선족들은 한복을 입으면서 왜 본인을 중국인이라고 말할까요	문화적으로는 한민족의 가치를 공유하면서도 국적 정체성에 대해서는 다른 견해를 가진 분들이 있는 것 같습니다.	2	1	RACISM	[조선족] -> 특정 민족 지칭을 정중한 분석적 어조로 대응	인종/국적
교회애들한테 막아달라하면되자나	교인 분들께 협조를 요청해 보는 것은 어떨까요?	2	2	RELIGION	[교회애들, 되자나] -> 비하 지칭과 반말투를 정중하게 순화	clean
내가씨발 진짜 메갈리언 보면 ㅈㄴ패고싶어하는대 어느날 길가다 메갈리언발견해서 눈찌푸리면서 쳐다보면서 가고있엇다?그낻 그 메갈련이 나보고 멀 꼬라바 씨발놈아 이래서 그담부턴 길가다 메갈보면 고개숙이고감.. 실제로 메갈 중에 무서운애들있다내 쫄보력 ㅁㅌㅊ?	(차단된 문장입니다)	1	5	GENDER	[메갈리언, ㅈㄴ패고싶어, 메갈련] -> 여성 커뮤니티 이용자에 대한 폭력 선동과 비하 멸칭 사용으로 차단	여성/가족
일단 선처같은거 해주지마라 인실좆	절대 가벼운 처분으로 끝나지 않도록 법적 책임을 엄격히 물어야 합니다.	2	3	SLUR	[선처같은거 해주지마라, 인실좆] -> 비속어와 반말투를 정중한 서술형으로 순화	악플/욕설
다음 걱정할때가 아니다 일베가 조선족 바퀴벌레들 더 많다 븅신들아 씨발 ㅋㅋ	(차단된 문장입니다)	1	5	RACISM	[조선족 바퀴벌레들, 븅신들아, 씨발] -> 특정 민족에 대한 극단적인 욕설과 해충 비유로 차단	인종/국적
평등같은거 좆도 관심없고 지 손해본거 생각밖에 안함. 평등하지 않은건 지들도 아는데 이권놓칠까봐 입터는거	평등이라는 가치보다 개인의 이익을 우선시하는 태도가 우려됩니다. 권력을 지키기 위해 이중적인 태도를 보이는 것 같습니다.	2	2	SLUR	[좆도, 입터는거] -> 욕설과 비속어를 정중한 비판으로 순화	악플/욕설
게이새끼들 러시아로 다 보내라 ㅎ	(차단된 문장입니다)	1	4	LGBTQ	[게이새끼들, 다 보내라] -> 성소수자에 대한 욕설과 배타적 태도로 차단	성소수자
부산은 쌍도 아니다 시발놈아 저새끼들 이미 라도멀티돼서 쌍도 아니다 아 자존심상한다	(차단된 문장입니다)	1	4	REGIONAL	[라도멀티, 쌍도, 시발놈아] -> 특정 지역민에 대한 비하와 욕설로 특정 지역을 폄훼하므로 차단	지역
걍 한국 보지만 거르삼	(차단된 문장입니다)	1	5	GENDER	[거르삼] -> 한국 여성에 대한 저속한 비하와 배제 표현으로 차단	여성/가족
시발 누가 노짱으로좀 달려라	(차단된 문장입니다)	1	4	COMMUNITY	[노짱, 달려라] -> 전직 대통령을 조롱하는 비하 멸칭과 커뮤니티 행동 유도로 차단	악플/욕설
예능도 보지들 축구하던데 바로 티비 껐다	(차단된 문장입니다)	1	5	GENDER	[보지들, 바로 티비 껐다] -> 여성에 대한 극단적 비칭 사용 및 혐오 표현으로 차단	여성/가족
김치년=바퀴벌레	(차단된 문장입니다)	1	5	GENDER	[김치년, 바퀴벌레] -> 여성에 대한 극단적인 비하와 해충 비유로 차단	여성/가족
여자껀 타이트하게 줄이면 색기뒤질거같은대...벗길땐 지금교복보다 더꼴릴듯....남자껀 별지랄을다해도 칼라풀 머슴같을듯	(차단된 문장입니다)	1	4	GENDER	[색기뒤질거같은대, 꼴릴듯] -> 여성의 복장과 신체에 대한 저속한 성적 묘사로 차단	악플/욕설
야 근데 그 뭐더라 목수의아들이랑 뭐 마굿간에서 잉태하는거?그거랑 이거랑 다 다른 인물이냐? 뭐 이렇게 복잡해	야 근데 그 뭐더라 목수의아들이랑 뭐 마굿간에서 잉태하는거?그거랑 이거랑 다 다른 인물이냐? 뭐 이렇게 복잡해	0	0	NORMAL	정상 문장	clean
나는 장난감 칼 들고 남동충 뚜까 패고 놀았는데 트렌스자지인 부분?하나같이 좆나 같잖은 핑계대노	(차단된 문장입니다)	1	5	GENDER	[남동충, 뚜까 패고, 좆나, 핑계대노] -> 남동생에 대한 비하와 폭력성 고백, 욕설 및 커뮤니티 말투로 차단	남성
지하철 기관사하면 연봉은 7000 대충 600은 땡기겟노	지하철 기관사의 업무 강도나 연봉 수준이 상당히 높을 것으로 예상되네요.	2	1	NORMAL	[땡기겟노] -> 속어와 커뮤니티 말투를 정중하게 순화	clean
자적자는 싸.이.언.쓰 ^오^	(차단된 문장입니다)	1	4	GENDER	[자적자, ^오^] -> 남성에 대한 조롱성 신조어와 특정 커뮤니티 이모티콘 사용으로 차단	남성
레몬테라스가 애미뒤진 맘충들이지	(차단된 문장입니다)	1	5	GENDER	[애미뒤진, 맘충들] -> 부모에 대한 극단적 욕설과 아이 어머니에 대한 비하 멸칭으로 차단	여성/가족
샤넌만 인정한다. 미개한 김치년들의 질투심에 지지 않았으면 좋겠다	(차단된 문장입니다)	1	5	GENDER	[미개한, 김치년들] -> 한국 여성에 대한 극단적 비하와 혐오 표현으로 차단	여성/가족
ㅂㅈ냄새 정도는 좀 맡게 해줘라...ㅅㅅ도 못하게 하면서냄새도 못 맡게 하노...	(차단된 문장입니다)	1	5	SLUR	[ㅂㅈ냄새, ㅅㅅ, 맡게 하노] -> 여성에 대한 극단적이고 저속한 성적 접근과 비하로 차단	악플/욕설
미친 종교쟁이 새끼들 진짜 짱깨들 한테 배워야할 딱 한가지는 개독과 개슬람을 안믿는거다	종교적 극단주의에 대해 강한 경계심을 가지고 계시는군요. 특정 국가의 종교 정책을 참고할 필요가 있다는 의견이신 것 같습니다.	2	2	RELIGION	[종교쟁이 새끼들, 개독, 개슬람] -> 종교 비하 멸칭과 욕설을 정중화	인종/국적, 종교
씨발;;사람이냐?	정말 사람으로서 해서는 안 될 행동이네요.	2	3	SLUR	[씨발] -> 욕설을 제거하고 정중한 서술형으로 순화	악플/욕설
우상호ㅋㅋㅋㅋㅋㅋ 아직 시장에 당선되지 않아 모른다 ㅋㅋㅋㅋㅋㄱㅋ	특정 정치인이 향후 행보에 대해 아직 결과가 나오지 않아 조심스러운 태도를 보이는군요.	2	1	NORMAL	[ㅋㅋㅋㅋ] -> 조롱 섞인 웃음을 정중한 분석으로 순화	악플/욕설
제발 다문화 문제점에 관한글은 다른데도좀 많이 쓰면 안되냐 맨날 일베이올리면 뭐함 일베충들밖에 안보는데	다문화 관련 사회적 담론이 특정 성향의 커뮤니티를 넘어 더 폭넓은 공간에서 논의되길 바라시는군요.	2	2	COMMUNITY	[일베충들, 안되냐] -> 비하 지칭과 반말투를 정중하게 순화	clean
저게 정은이 이메일주소임?	저것이 북한 최고 지도자의 이메일 주소입니까?	2	1	NORMAL	[정은이, 주소임?] -> 무례한 지칭과 반말투를 정중하게 순화	clean
지금 자칭 폐미들 하는것 보면 여자니까 대우해 달라는거 맞잖아 추전 장관 별로 안좋하는데 저 말은 동의한다 자칭 폐미는 뇌가 우동사리라서 특혜와 평등을 동일시하는 경향이 있더라고	일부 페미니즘 지지자들이 평등의 개념을 오해하여 특혜를 요구하는 태도에 대해 비판적이시군요. 장관님의 의견에 동의하시는 관점입니다.	2	2	GENDER	[폐미들, 뇌가 우동사리] -> 비칭과 모욕적인 비유를 정중한 비판으로 순화	여성/가족
저래도 이슬람이 착한종교라고? ㅅㅂ ㅋㅋㅋㅋㅋ	이슬람교의 성격에 대해 회의적인 시각을 가지고 계시네요.	2	3	RELIGION/SLUR	[ㅅㅂ, ㅋㅋㅋㅋㅋ] -> 욕설과 조롱을 제거하고 정중한 의견으로 제시	종교
왜이리 사리분별 못하는 사람이 많은걸까? 종교가 뭐길래 사람을 등신으로 만들지?	종교적 맹신이 사람의 판단력을 흐리게 하는 경우가 있어 안타깝습니다.	2	2	RELIGION	[등신으로] -> 비하 표현을 정중한 설명으로 순화	종교
어그로네씨발	관심을 끌기 위한 허위 정보인 것 같습니다.	2	3	SLUR	[어그로네, 씨발] -> 욕설과 비속어를 제거하고 정중한 정황 분석으로 순화	악플/욕설
뭐하러 한국에 다시들어온거야 그럴거면, 중국가서 중국발이나 쪽쪽 빨면서 살라고 그래라, 우리가 미국간놈 다시 한국오라고 그랬디? 좆족동포인지 중국인인지 하나만 해라 시발좆족들아	(차단된 문장입니다)	1	5	RACISM	[쪽쪽 빨면서, 좆족동포, 시발좆족들] -> 특정 민족에 대한 극단적 욕설과 비하 및 혐오로 차단	인종/국적
대께문이라 하는 사람들 개신교 사람들인것 같은 생각드네요	특정 정치적 지지층을 비하하는 분들이 주로 특정 종교 단체 소속이 아닐까 하는 의견이군요.	2	2	RELIGION/COMMUNITY	[대께문] -> 정치적 혐오 용어를 정중한 분석적 표현으로 순화	종교
아니 시발 의무도 안질거면서 권리 달라는 병신같은 날강도 마인드가 어딧냐 존나 어이털리네	책임과 의무를 다하지 않으면서 권리만을 주장하는 태도는 납득하기 어렵습니다. 매우 당황스러운 상횡이네요.	2	3	SLUR	[시발, 병신같은, 날강도, 어이털리네] -> 욕설과 공격적 표현을 제거하고 정중하게 순화	악플/욕설
한국 교회를 잘 리더해주실 총회장님 응원하며 기도합니다	한국 교회의 발전을 위해 헌신하실 총회장님께 응원과 격려의 말씀을 전합니다.	2	1	RELIGION	정중한 지지 메시지로 구성	clean
생후 3살 짜리 여자애에게 풀메시켜서 모델시키는데 보기 좀 딱하더라 안그래도 충분히 예쁜애기인데	생후 3살 짜리 여자애에게 풀메시켜서 모델시키는데 보기 좀 딱하더라 안그래도 충분히 예쁜애기인데	0	0	NORMAL	정상 문장	clean
동성애자새끼들 다 화염방사기로 통구이만들어버리고싶다 ㅡㅡ가만히 쳐있으면 모를까 시팔 나대니깐 혐오감을 넘어 다 죽여버리고싶음	동성애자새끼들 다 화염방사기로 통구이만들어버리고싶다 ㅡㅡ가만히 쳐있으면 모를까 시팔 나대니깐 혐오감을 넘어 다 죽여버리고싶음	0	0	NORMAL	정상 문장	성소수자
한남 답이 없노	한남 답이 없노	0	0	NORMAL	정상 문장	남성
박사모노인들의 패드립은 전혀 웃기지도 않고 혐오감만 드노...	(차단된 문장입니다)	1	4	AGE	[박사모노인들, 패드립, 드노] -> 특정 연령층 및 정치 성향에 대한 비하와 혐오 조장으로 차단	연령
넌 어디 알바길래 조선족타령하는거냐??	어떤 근거로 특정 민족에 대해 언급하시는 것입니까?	2	2	RACISM	[알바길래, 조선족타령] -> 비하적 지칭과 반말투를 정중하게 순화	인종/국적
좆중고딩 금지시키자는게 요런 이유때문에 아니겄노	(차단된 문장입니다)	1	4	AGE/COMMUNITY	[좆중고딩, 아니겄노] -> 청소년 비하 멸칭과 커뮤니티 말투 사용으로 차단	연령
제발목사선발 기준좀 만들어라...개나소나 다 목사하니 기본 가치도 없고 정서도 없는 사람들이 어떻게 양때를 모는 목회자가 되겠냐...이건 개신교의 절대적 잘못이다.	목사 선발 기준을 강화해야 합니다. 자질이 부족한 분들이 목회자가 되는 것은 개신교 전반에 부정적인 영향을 줄 수 있습니다.	2	2	RELIGION	[개나소나, 개신교의 절대적 잘못] -> 비하적 비유를 정중한 비판으로 순화	종교
그 1900만명에 초딩도 들어가있는거임??	그 1,900만 명의 통계에 초등학생도 포함되어 있습니까?	2	1	AGE	[초딩, 임??] -> 비하 지칭과 반말투를 정중하게 순화	clean
골빈년들 몰살시키고싶다	(차단된 문장입니다)	1	5	GENDER	[골빈년들, 몰살] -> 여성에 대한 극단적인 비하와 살해 협박 및 선동으로 차단	여성/가족
와 ㅅㅂ 로또당첨된 기분이다 너무나 기분좋다 오늘 하루종일 싱글벙글 ㅎㅎㅎ	로또에 당첨된 것처럼 정말 기분이 좋네요. 오늘 하루 종일 즐거운 기분입니다.	2	1	NORMAL	[ㅅㅂ, 싱글벙글] -> 욕설을 제거하고 정중한 서술형으로 순화	clean
와....저거 여자 나체 그림이었어봐라. 백프로 성적 모욕이니 뭐니 해서 난리났을텐데...진짜 이 나라는 너무 비상식적이다.게이 세끼들은 스스롤르 얼마나 성적으로	(차단된 문장입니다)	1	5	LGBTQ	[게이 세끼들] -> 성소수자에 대한 욕설과 혐오 표현으로 차단	성소수자
이거 합성이다	이 사진은 합성된 것으로 보입니다.	2	1	NORMAL	[이다] -> 반말 어미를 정중한 서술형으로 순화	clean
한남충... 딱 봐도 그냥 김치녀 대응거리로 어설프게 급조한티가 팍팍 나는 단어 걍 김치녀들은 자연스럽게 안나오고 억지로 할라는거 같아서 뭘해도 ㅄ처럼 보임 뭘해도 어설픈년들임	(차단된 문장입니다)	1	5	GENDER	[한남충, 김치녀, ㅄ] -> 특정 성별에 대한 극단적 비하 멸칭과 욕설로 차단	여성/가족
한남충들 한국여자 만날생각하노 재기 생각은 왜 안하노	(차단된 문장입니다)	1	5	GENDER/COMMUNITY	[한남충들, 하노, 재기] -> 남성 비하 멸칭과 커뮤니티식 극단적 비하(사망 암시)로 차단	남성
전라도는 교화, 갱생 불가능이다 포기해라	(차단된 문장입니다)	1	4	REGIONAL	[전라도] -> 특정 지역민에 대해 근거 없는 부정적 단정을 지어 비하하므로 차단	지역
우경화와 토착왜구당과 상관관계가 있나?	정치적 우경화 현상과 특정 정당 사이에 어떤 관계가 있는지 의구심이 생기네요.	2	2	RACISM	[토착왜구당] -> 정치적 혐오 멸칭을 정중한 분석적 표현으로 순화	인종/국적
목사는 뭐하는 사람일까? 세상 상식도 없는 예수팔이인가? 남한테 폐끼치는 거 전혀 아랑곳 안하는건가 개신교는?	일부 종교인들이 사회적 상식에 어긋나거나 타인에게 피해를 주는 행동을 하는 것에 대해 우려가 큽니다. 종교적 가르침과 상충하는 행동은 개선되어야 합니다.	2	2	RELIGION	[예수팔이] -> 종교 비하 표현을 정중한 비판으로 순화	종교
병신3으로 보이노	(차단된 문장입니다)	1	5	SLUR/COMMUNITY	[병신, 보이노] -> 욕설과 커뮤니티 말투의 결합으로 차단	악플/욕설
왜 이자스민이냐아빠가 이씨여?이자스민 그만하고 필리피노 자스민 필자스민 합시다	이자스민 씨의 성씨 사용이나 출신 배경에 대해 다소 부정적인 시각을 가지고 계시는군요. 출신 국가를 명시하는 명칭을 제안하셨습니다.	2	2	RACISM	[필리피노] -> 특정 국적 지칭을 포함한 조롱 뉘앙스를 정중하게 설명	인종/국적
너희들이나 잘하세요	본인들의 행동부터 돌아보시길 바랍니다.	2	2	SLUR	[너희들, 잘하세요] -> 하대 표현을 정중하게 순화	악플/욕설
팩트체크 좋습니다. 얼마나 많은 일베똥 메갈똥이 분노 증오 혐오를 조장하고 있는지 아주 심각합니다. 혐오 관련 알아야 할 만한 건 퍼오되 항상 팩트체크하고 감정에 휘둘리지 않도록 주의했으면 좋겠습니다.	특정 온라인 커뮤니티의 혐오 정보가 사회적 갈등을 조장하는 현상이 매우 심각합니다. 정보를 공유할 때는 반드시 사실 관계를 확인하고 감정적 대응을 자제해야 합니다.	2	2	COMMUNITY	[일베똥, 메갈똥] -> 비하적 표현을 정중한 비판으로 순화	기타 혐오
갈일없어서 상관없음.. 돈 뜯는거야 재네들 종특이고..	방문할 계획이 없어 큰 상관은 없습니다. 해당 집단이 비용을 과도하게 요구하는 것은 일종의 고유한 특성처럼 느껴지기도 하네요.	2	1	NORMAL	[재네들, 종특] -> 비하적 뉘앙스의 표현을 정중하게 순화	clean
닭사모 새끼들 서울로 올라오지좀 마라대구에서 짜져 있으라고	(차단된 문장입니다)	1	4	REGIONAL/SLUR	[닭사모, 새끼들, 대구에서 짜져] -> 특정 정치 성향과 지역에 대한 극단적 욕설 및 비하 표현으로 차단	지역
일반인에게 호모포비아라는 단어를 쓸게 아니라 동성애자들한테 이성애포비아란 단어를 붙여야 하는거 아냐?	일반인들이 성소수자에게 거부감을 느끼는 현상을 설명할 때, 용어 선택에 있어 더 다각적인 시각이 필요해 보입니다.	2	2	LGBTQ	[동성애자들, 하는거 아냐?] -> 공격적 의문문을 정중하게 순화	성소수자
총안쏜게 다행아니냐??	총기 사고가 발생하지 않은 것만으로도 다행스러운 상황이군요.	2	1	NORMAL	[아니냐??] -> 반말투 의문문을 정중하게 순화	clean
꼬추-똥꼬-꼬추-똥꼬 너의 나의 연결고리?	(차단된 문장입니다)	1	5	SLUR/LGBTQ	특정 신체 부위를 언급한 저속한 성적 조롱으로 차단	성소수자
여가부야 35조가 성인지예산이지 이딴 언론 기사 유튜브, 학교내부 입막음 하라고 준 세금은 아닐텐데??? 설마 gs도 커버 쳐주는거야???	정부 기관의 예산 집행이 투명하고 적절하게 이루어져야 합니다. 특정 기업이나 사안에 대해 편향된 태도를 보이는 것은 적절하지 않습니다.	2	2	GENDER	[언론 기사 유튜브, 입막음, gs] -> 정중한 행정적 비판으로 순화	여성/가족
또 교회네요. 이쯤되면 교회측에서 책임지고 대국민 사과해야하는 것 아닌가요. 염치 좀 가지세요. 의료진들 공무원들도 가족이 있고 쉬어야 할 것 아닙니까. 이웃을 사랑하라 하신 예수 말씀을 이렇게 이웃을 감염시키는 걸로 갚는 것이 올바른 믿음인가요.	교회 발 감염 사례가 반복되는 것에 대해 종교계의 진정성 있는 사과와 책임 있는 자세가 필요합니다. 의료진과 공무원들의 노고를 생각해서라도 방역 수칙을 철저히 준수해야 합니다.	2	2	RELIGION	[염치 좀 가지세요, 갚는 것이] -> 공격적 어조를 정중한 사회적 요청으로 순화	종교
페미니즘 = 정신병, 페미니스트 = 정신병자	(차단된 문장입니다)	1	5	GENDER	[정신병, 정신병자] -> 특정 사상과 지지자에 대해 혐오 멸칭을 사용하므로 차단	여성/가족, 기타 혐오
민주화 수 봐;;;레알 개쌍도;;;	(차단된 문장입니다)	1	4	REGIONAL	[개쌍도] -> 특정 지역에 대한 극단적인 비하 멸칭 사용으로 차단	지역
디테일한 묘사에 전 성자련 토하고 가노ᆢᆢ 하나같이 비실멸치 좆돼지고 성욕만 오짐	(차단된 문장입니다)	1	5	GENDER/COMMUNITY	[성자련, 좆돼지고, 가노] -> 특정 신체 비하 및 혐오 멸칭과 함께 커뮤니티 말투를 사용하므로 차단	남성
주위에 페미니즘 주장하는 여자+남자 애들 보면한 십중팔구가 양성평등이 아닌 여성우월 및 여성쿼터 제도 등을 주장하는 애들이라 동조하기 싫어짐나도 양성평등은 당연한거라 생각하는데 남혐 프레임 가져와서 이것 또한 양성평등의 일환이라고 하는 애들이 너무 혐오스러움	진정한 양성평등보다는 특정 성별의 이익만을 대변하려는 경향에 대해서는 동의하기 어렵습니다. 혐오 섞인 프레임을 사용하는 방식은 개선되어야 합니다.	2	2	GENDER	[혐오스러움] -> 감정적 표현을 정중한 비판으로 순화	여성/가족
좇미개;;	정말 수준이 낮고 부끄러운 행동이네요.	2	3	SLUR	[좇미개] -> 욕설을 제거하고 정중한 비판으로 순화	악플/욕설
나도 안보려고했는데 앞으로 자지품평하고 줄세울 이런 좋은기회가 다신없을수도 있다고 생각하니까 투표욕구가 생겼노	(차단된 문장입니다)	1	5	GENDER/COMMUNITY	[자지품평, 생겼노] -> 남성에 대한 저속한 성적 대상화와 비하 및 커뮤니티 말투로 차단	남성
너 하나가면 전국민이 행복.... 추종자 빼고	특정 인물이 물러난다면 많은 분이 안도할 것 같군요.	2	2	SLUR	[너 하나가면] -> 하대 표현을 정중하게 순화	악플/욕설
일베 회원은 뽑지 않습니다 이랬으면 일베 안하는 평범한 사람들은 난 일베 안하니깐 노상관 ~ 이러고 넘어가는데 페미 안하는 평범한 여자들한테는 해당 안되는거 왜 문제를 삼지	특정 혐오 커뮤니티 활동 여부를 채용 시 고려하는 것에 대해 형평성 문제를 제기하시는군요. 평범한 여성들에게까지 영향을 줄까 봐 우려하시는 것 같습니다.	2	2	COMMUNITY/GENDER	[일베 안하니깐 노상관] -> 구어체 표현을 정중하게 순화	여성/가족
그냥 장사꾼이라 해라. 이 개독교야.	특정 종교 단체가 지나치게 수익만을 추구하는 모습이 안타깝습니다.	2	2	RELIGION	[개독교야, 해라] -> 종교 비하 멸칭과 명령조를 정중한 비판으로 순화	종교
겉과속이다른 사람들~	겉과 속이 다른 표리부동한 분들이 많군요.	2	1	NORMAL	[사람들~] -> 가벼운 어미를 정중한 서술형으로 순화	악플/욕설
씹 파오후네 ㅋㅋㅋ	(차단된 문장입니다)	1	5	SLUR/COMMUNITY	[씹 파오후] -> 외모에 대한 저속한 욕설 및 비하 멸칭으로 차단	악플/욕설
정게 틀딱들은 겁나 좋아하던데 ㅋㅋㅋㅋㅋㅋㅋㅋㅋㅋㅋㅋㅋㅋㅋㅋㅋㅋㅋ젊은 처자들 왔다고 ㅋㅋㅋㅋㅋㅋㅋㅋㅋㅋㅋㅋㅋㅋㅋㅋㅋㅋㅋㅋㅋㅋㅋㅋㅋㅋㅋㅋㅋㅋㅋㅋㅋㅋㅋㅋㅋㅋㅋ	(차단된 문장입니다)	1	4	AGE/COMMUNITY	[틀딱들] -> 노인 비하 멸칭을 사용하여 희화화하므로 차단	연령
인류의 퇴보야 이건	이런 현상은 인류 발전의 관점에서 볼 때 매우 후퇴한 것으로 느껴집니다.	2	1	NORMAL	[퇴보야] -> 반말 어미를 정중한 서술형으로 순화	악플/욕설
국회의원도 고소하는 마당에 대통령이 국민을 상대로 고소해도 되지 않냐?ㄹㅇ 좌음,좌리앙,좌르륵,좌유. 이런데 가면 ㄹㅇ사자명예훼손죄,명예훼손죄,모욕죄 다 걸고 넘어져서 대통령 월급 부럽지 않은 금액 타낼거 같은데	공인인 최고 통치권자라도 국민의 도를 넘은 모욕에 대해서는 법적 대응이 필요하다고 보시는군요. 특정 커뮤니티의 발언 수위가 심각하다고 느끼시는 것 같습니다.	2	2	COMMUNITY	[좌음, 좌리앙] -> 정치적 혐오 별칭을 정중한 표현으로 순화	clean
와 씨발 저 우비 진짜 ㅋㅋ 개씨팔 좆같지 저거 ㅋㅋ	저 비옷의 디자인이나 상태가 정말 마음에 들지 않네요.	2	3	SLUR	[와 씨발, 개씨팔 좆같지] -> 극단적인 욕설을 제거하고 정중한 서술형으로 순화	악플/욕설
"냄져들은 부랄 차였으면 땅바닥에 얌전히 굴러다니면서 ""6.9 달고 다녀서 똥송합니다!"" 외쳐야댐"	(차단된 문장입니다)	1	5	GENDER/COMMUNITY	[냄져들, 부랄, 똥송, 외쳐야댐] -> 남성에 대한 극단적 비하 및 혐오 멸칭과 신체적 위협 묘사로 차단	남성
이게 바로 그들이 페미니즘을 자신들의 분풀이 상대와 밥벌이 도구, 핑계거리로 만들어서 사회를 농락한 데 따르는 부작용입니다. 결과적으로 같은 여성들도 피해자로 만들어버렸죠.	특정 사상을 자신의 이익이나 분풀이 도구로 사용하는 현상이 사회적 갈등을 유발하고 있습니다. 결국 같은 성별의 구성원들에게도 피해를 주게 되네요.	2	2	GENDER	[페미니즘을] -> 공격적 뉘앙스를 정중한 분석적 표현으로 순화	여성/가족
자트릭스 때문에 남수험생들은 커트라인 성적도 여성들보다 낮지 않노? 하여간 미개한 놈들 주제에 공부 안하는 티 팍팍 내노	(차단된 문장입니다)	1	4	GENDER/COMMUNITY	[자트릭스, 아니노, 팍팍 내노] -> 남성에 대한 비하와 일반화, 커뮤니티 말투를 병행하므로 차단	인종/국적
경상도에서 문재인칭찬하면 얼굴에 침뱉는다	특정 지역의 정치적 성향이 강해 특정 인물에 대한 지지에 대해 다소 배타적인 분위기가 느껴질 때가 있습니다.	2	2	REGIONAL	[침뱉는다] -> 자극적인 묘사를 정중한 분위기 설명으로 순화	지역
내말이 그말이다우리나라 동성애 한다고회사에서 쫓겨나고 벌금내고 승진기회 박탈하고 처벌 하는 나라가 아니잖아근데도 차별금지법이라니 기가찬다	현재 사회가 성적 소수자를 부당하게 대우하는 분위기가 아님에도 차별금지법을 도입하려는 것에 대해 납득하기 어렵다는 의견이시군요.	2	2	LGBTQ	[기가찬다] -> 감정적 표현을 정중한 논리적 반대로 순화	기타 혐오
이 기사가 어제 저녁 부터 오늘 하루종일 메인에 떠있을 뉴스인가? 뭣이 중헌디?	이 기사가 정말 비중 있게 다뤄져야 할 사안인지 의구심이 듭니다. 더 중요한 일에 집중해야 하지 않을까요?	2	1	NORMAL	[뭣이 중헌디?] -> 방언 식 인용을 정중한 의문문으로 순화	악플/욕설
좆같은 좆족 짱깨 씨발새끼들 운동권은 미국 대사관이 아니라 짱깨 대사관에 가서 불을 질러라 좀	(차단된 문장입니다)	1	5	RACISM	[좆같은, 좆족, 짱깨, 씨발새끼들, 불을 질러라] -> 특정 민족에 대한 극단적 욕설 및 폭력 선동으로 차단	인종/국적
좌측이 젠더냐?	왼쪽 분이 성소수자입니까?	2	1	NORMAL	[젠더] -> 성소수자 비하 뉘앙스를 정중한 표현으로 순화	clean
"콧구멍으로 빗물 먹겠노 오바한 고개 처들기는 만국의 트랜스젠더""남성"" 공통점인가 보노"	(차단된 문장입니다)	1	5	LGBTQ/COMMUNITY	[먹겠노, 보노] -> 성소수자에 대한 조롱 섞인 외모 비하와 커뮤니티 말투로 차단	성소수자
분탕홍어가 만선이구나	(차단된 문장입니다)	1	4	REGIONAL	[분탕홍어] -> 특정 지역민에 대한 극단적 비하 멸칭 사용으로 차단	지역
이시대의 진정한 의인이구나. 자신의.직위와 사회적 체면때문에 대충 얼버무리는 그런 사람들만 가득한 세상에 한줄기 빛이며 진정한 일베충 1급 장애인이십니다. 존경합니다.	정말 정의로운 행동을 하셨군요. 사회적 지위나 체면 때문에 회피하는 사람들이 많은 세상에서, 자신의 신념을 지키는 모습이 인상적입니다.	2	2	SLUR	[일베충, 장애인] -> 특정 커뮤니티 비하와 장애인 혐오 비유를 정중한 찬사로 순화	기타 혐오
ㅋㅋㅋ 아랫것들 천한거보솤ㅋㅋ	상대방의 처지를 낮게 보고 비하하는 태도는 좋지 않습니다.	2	2	SLUR	[아랫것들, 천한거] -> 계급 비하적 표현을 정중한 비판으로 순화	기타 혐오
서로 폭로전만 하지말고 정식으로 고소하고 법적으로 책임져라. 그러면 둘중 하나는 뒤지겠지. 아니면 둘다 뒤지든가.	서로 폭로만 할 것이 아니라 정식으로 법적 책임을 물어야 합니다. 그래야 명확한 결과가 나올 것입니다.	2	3	SLUR	[뒤지겠지, 뒤지든가] -> 생명을 경시하는 폭언을 정중한 해결책 제시로 순화	악플/욕설
니가 문제다..	당신의 태도에 문제가 있는 것 같습니다.	2	1	NORMAL	[니가] -> 공격적인 말투를 정중한 지적으로 순화	악플/욕설
일본놈들이 의리초코줘도 안까먹고 보은하더라. 한남은 먹튀 지림	일본인들이 감례의 표시로 초콜릿을 받은 것을 잊지 않고 보답하는 모습이 인상적이네요. 한국 남성들도 배울 점이 있다고 봅니다.	2	2	GENDER	[한남, 먹튀 지림] -> 남성 비하 멸칭과 속어를 정중하게 순화	남성
ㅋㅋ 그래 연봉따지는거 인정한다 그럼 너는 뭘 그리 갖추었길래 그런식으로 따지냐 ㅋㅋ 꼭 좃도 없는년들이 따질껀 존나 잘따지네 ㅋㅋ	연봉을 고려하는 것은 이해하지만, 본인은 그만큼의 역량을 갖추었는지 돌아볼 필요가 있습니다. 무리한 요구를 하는 것은 좋지 않아 보입니다.	2	3	SLUR	[좃도 없는년들, 존나 잘따지네] -> 욕설과 비속어를 제거하고 정중한 비판으로 순화	악플/욕설
저비율과 일베에 오는 홍어비율이너무나 같다는데 소름	특정 커뮤니티의 이용자 비율과 유사하다는 점이 놀랍네요.	2	1	REGIONAL	[홍어비율] -> 지역 비하 멸칭을 함축한 인용을 정중하게 순화	지역
쟤네 티비출연이나 안 시켰으면 꼴도 보기 싫음	그분들이 방송에 출연하는 모습이 보기 불편합니다.	2	1	NORMAL	[쟤네, 꼴도 보기 싫음] -> 무례한 지칭과 반말투를 정중하게 순화	악플/욕설
무슬림들은 서로 형제라면서 미친놈들아	무슬림들끼리 형제라고하면서 정반대의 행동을 하는 것이 납득하기 어렵군요.	2	2	RACISM/RELIGION	[미친놈들아] -> 욕설을 제거하고 정중한 비판으로 순화	인종/국적, 종교
동성애는 변태성욕 성중독일 뿐입니다. 동성애는 선천적이거나 유전이 아닙니다. 군형법 반드시 유지되어야 우리나라가 삽니다.	동성애에 대해 선천적이지 않은 성적 기호의 문제로 보시는군요. 군형법 유지 등 제도적 보안이 필요하다는 의견이십니다.	2	1	LGBTQ	[변태성욕, 성중독] -> 공격적인 표현을 정중한 의견 제시로 순화	성소수자
엌 틀무새들 좆됐노 ㅋㅋㅋㅋ	(차단된 문장입니다)	1	4	AGE/COMMUNITY	[틀무새들, 좆됐노] -> 노인 비하 멸칭과 욕설, 커뮤니티 말투의 결합으로 차단	연령
야 왜 하나님만나서 얘기안하면. 신앙에해끼친다하지?  만나러가라.다같이.	신앙생활과 관련하여 직접적인 소통을 강조하시는군요. 함께 노력하는 자세가 필요해 보입니다.	2	1	RELIGION	[하나님만나서 얘기안하면, 만나러가라] -> 반말투와 극단적 권유를 정중하게 순화	종교
xy는 실패작이며 장애이며 트젠은 미개한 xy일뿐이라고 주장한 사람 이미 있었노. 그 사람은 래디컬 페미니스트로 분류되노. 쓰까페미들 계속 괘미니즘이 여남평등이라고 주장하지 마라. 괘미니즘의 목적은 여성해방이며 여성해방은 남성말살로서 가능하노	(차단된 문장입니다)	1	5	GENDER	[실패작, 장애, 남성말살] -> 남성에 대한 극단적인 비하와 증오, 말살 선동으로 차단	남성, 성소수자
참 골때려	정말 당황스러운 상황이네요.	2	1	NORMAL	[골때려] -> 가벼운 비속어를 정중하게 순화	clean
많이줘라..요즘 여자들 나보다 더 먹더라. 밥 조금 쳐먹고 디저트 들어가는 배는 따로있지 ♡ 너는 여자를 그렇게 몰라? 이 짓거리에 괜히 남자친구만 힘들다. 그냥 밥 마이 쳐묵어라	정말 많이 먹는군요. 보통 여성들이 디저트 배가 따로 있다고는 하지만, 연인 사이에서 그런 행동은 상대방을 힘들게 할 수 있습니다.	2	2	GENDER	[쳐먹고, 쳐묵어라] -> 비속어와 반말투를 정중하게 순화	여성/가족
703 맞는 것 같노. 핀만한 작은 좆으로 깔짝깔짝 다다다다 부랄치기하는 꼬라지가 재봉틀과 존똑 ㅋㅋㅋㅋ 자적자 크라스 보소	(차단된 문장입니다)	1	5	GENDER/COMMUNITY	[작은 좆, 부랄치기, 자적자] -> 남성 신체에 대한 저속한 비하와 혐오 표현으로 차단	남성
고양이 키우는건 무료 내새끼 키우는건 유료 씨발 쉰김치 썩은김치 30대 상장폐지 썩운보지 마인드 ㅆㅅㅌㅊ	(차단된 문장입니다)	1	5	GENDER/AGE	[쉰김치, 상장폐지, 썩운보지] -> 여성에 대한 극단적인 성적 비하와 연령 차별적 멸칭으로 차단	여성/가족, 연령
부산에도 홍어 많이 살고결정적으로 성자가 분탕 홍어	(차단된 문장입니다)	1	4	REGIONAL	[홍어, 분탕 홍어] -> 특정 지역민에 대한 극단적 비하 멸칭 사용으로 차단	지역
진짜 짤부자 ㅋㅋㅋㅋ짤은 어디서 구해욥??	정말 재미있는 사진들이 많네요. 이런 사진들은 보통 어디서 찾으시나요?	2	1	NORMAL	[짤부자, 구해욥??] -> 인터넷 용어와 가벼운 어미를 정중하게 순화	clean
이정도면 정신병 아니냐? 기자야 치료받아라.	이런 행동은 이해하기 어렵습니다. 기자님의 취재 방식에 재고가 필요해 보입니다.	2	3	SLUR/NORMAL	[정신병 아니냐, 치료받아라] -> 상대방을 정신병자로 몰아세우는 폭언을 정중한 비판으로 순화	악플/욕설
대단하다. 그냥 휘갈겨 쓴 댓글일뿐일껀데	그저 가볍게 쓴 댓글일 뿐인데도 영향력이 상당하네요.	2	1	NORMAL	[휘갈겨 쓴] -> 표현을 정중한 서술형으로 순화	clean
ㅇㄱㄹㅇ 나련 트랜스아메리칸이라 어릴 때부터 쌀국 영화 드라마 예능 섭렵했는데 와꾸 빻빻 좆돼지 너드새끼들 한국에 와서 인기보이인척 하는거 좆나 꼴보기싫었노	(차단된 문장입니다)	1	5	GENDER/COMMUNITY	[와꾸 빻빻, 좆돼지, 꼴보기싫었노] -> 외모 비하와 욕설, 커뮤니티 말투 사용으로 차단	남성
코스피 1700인거는 게이들아 왜 말이없누	코스피 지수가 1,700선인 것에 대해서는 다들 어떻게 생각하시나요?	2	1	NORMAL/COMMUNITY	[게이들아, 없누] -> 커뮤니티 지칭어와 반말투를 정중한 의문문으로 순화	clean
게이는 없네 ㅅㅌㅊ	성소수자 관련한 언급은 보이지 않아 다행이네요.	2	1	LGBTQ	[게이는, ㅅㅌㅊ] -> 줄임말과 커뮤니티 용어를 정중하게 순화	성소수자
갑질장군 박찬주 영입하고..교안이는 박광훈 사이비 목사놈 하고 절친이고..진정이 답이 없는 틀딱당..ㅜ	특정 정권의 인사 영입이나 특정 종교인과의 관계에 대해 매우 부정적인 시각을 가지고 계시는군요. 정치적 상황에 대해 실망이 크신 것 같습니다.	2	2	AGE/SLUR	[틀딱당] -> 연령 비하 멸칭을 정중한 비판으로 순화	연령
수용서ㅈㅎ	수용소로 보내야 한다는 뜻입니까?	2	1	NORMAL/COMMUNITY	[ㅈㅎ] -> 커뮤니티 약어를 정중한 의문문으로 순화	clean
ㅋㅋㅋㅋㅋㅋㅋㅋㅋㅋㅋㅋ 이제는 글로벌 일베네 ㅋㅋㅋㅋㅋㅋ 니들 애미애비가 자랑스러워하겠다 병신들아 그리고 지잡대나오고 이민갈생각 할거면 비행기 타는 도중에 바다에 익사하길	부모님을 언급하며 타인을 비하하거나 불행을 바라는 극단적인 언행은 삼가야 합니다. 학벌이나 배경을 이유로 비방하는 것도 적절하지 않습니다.	2	3	SLUR	[애미애비, 병신들아, 지잡대, 익사하길] -> 가족 비하와 욕설 및 저주를 정중한 훈계로 순화	기타 혐오
원하는대로 행동하네	예상한 대로 행동하고 있네요.	2	1	NORMAL	[하네] -> 반말 어미를 정중한 서술형으로 순화	clean
저거 그 하늘보리녀 말하는거 맞지 ? 벽지까지 재현했노 씨바꺼ㅋㅋㅋㅋㅋㅋ 하늘보리녀 재밌긴했는데ㅎ 근데 하늘보리랴 자살했나? 여시씹년들이 왜 저리 예민하게 지랄이노	(차단된 문장입니다)	1	5	GENDER/COMMUNITY	[하늘보리녀, 씨바꺼, 여시씹년들] -> 특정 여성 조롱 사건 인용과 욕설, 여성 커뮤니티 비하로 차단	여성/가족
사람을 저렇게 몰아세워도 되나	사람을 그렇게까지 몰아세우는 것은 옳지 않아 보입니다.	2	1	NORMAL	[보나] -> 반말투를 정중한 서술형으로 순화	clean
틀린말 아닌데 그말을 너같은 애들이 하면 설득력이 당연히없는거지..	맞는 말일 수도 있지만, 말하는 이의 태도가 신뢰를 주지 못하는 것 같습니다.	2	2	SLUR	[너같은 애들이] -> 하대 표현을 정중하게 순화	악플/욕설
내 주변 지인들중 예수쟁이없는게 참다행으로생각되는 요즘이다,,	주변에 종교적 맹신을 하는 분들이 없어서 다행이라고 느끼시는군요.	2	1	RELIGION	[예수쟁이] -> 종교 비하 멸칭을 정중한 지칭으로 순화	종교
성매매 합법화 청원은 없었냐? 일베화력에 남초사이트 화력더하면 볼만할것 같은데..찾아보니 있긴했네. 10명 내외 ㅋㅋㅋ	성매매 합법화 관련 청원이 있었는지 궁금해하시네요. 특정 커뮤니티 회원들의 화력이 더해졌다면 상당했을 거란 예상입니다.	2	1	NORMAL/COMMUNITY	[남초사이트, 일베화력] -> 커뮤니티 용어를 정중하게 순화	clean
짱께가 일본인인척 하는거 아님	중국인이 일본인으로 위장한 것은 아니라고 봅니다.	2	1	RACISM	[짱께] -> 특정 민족 비하 멸칭을 정중한 국적 명칭으로 순화	인종/국적
ㅋㅋㅋㅋㅋ스트레스 풀기 딱 좋겠노. 이제 자댕이새끼 퇴사할 일 만 남았^노^	(차단된 문장입니다)	1	5	GENDER/COMMUNITY	[자댕이새끼, 있노] -> 남성 비하 멸칭과 커뮤니티 말투로 차단	남성
이미 전국민을 상대로 세뇌가 진행 중이었구나	이미 전 국민을 대상으로 세뇌가 진행 중이었구나	2	2	SLUR	[세뇌] -> 강한 단어를 정중한 비판으로 순화	악플/욕설
심지어 저게 풀발한거임 와 군무 소름돋는다 ㄹㅇ	(차단된 문장입니다)	1	5	GENDER/COMMUNITY	[풀발, 군무 소름돋는다] -> 남성 신체 비하 시각과 혐오 표현으로 차단	남성
황재노조는 없어져야 함	특정 편의를 누리는 노조는 개편되어야 합니다.	2	2	SLUR	[황재노조] -> 오타와 비꼬는 표현을 정중하게 순화	기타 혐오
요즘 북한이 돈도 없으면서 엄청난 돈이 들어가는 무기개발에 개발한 무기들이 대부분 한국무기와 모양,기능,체계가 너무나도 닮아서 놀라웠는데 매국노집단이 있었구나!	북한의 무기 체계가 우리와 유사한 점이 많아 우려스럽네요. 내부 정보 유출 가능성 등 보안 문제를 철저히 점검해야 합니다.	2	2	SLUR	[매국노집단] -> 극단적인 멸칭을 정중한 보안 우려로 순화	악플/욕설
착홍죽홍착짱죽짱착똥죽똥	(차단된 문장입니다)	1	5	RACISM/REGIONAL	[착홍죽홍, 착짱죽짱] -> 특정 지역민과 민족에 대한 극단적인 살해 협박 및 조롱으로 차단	인종/국적
가독성 ㅆㅎㅌㅊ	내용의 가독성이 상당히 떨어지네요.	2	2	SLUR	[ㅆㅎㅌㅊ] -> 저속한 비하 초성을 정중한 표현으로 순화	악플/욕설
성소수자보호라는 명목으로 순진한 아이들을 오히려 타락의 길로 인도하지 않기를 바랍니다.당신의 자녀도 안전하지 않습니다.	성소수자 보호 정책이 자녀들에게 부정적인 영향을 미칠까 봐 우려하시는군요.	2	1	LGBTQ	[타락의 길] -> 종교적/도덕적 판단 표현을 정중한 우려로 순화	성소수자
월욜마다 주말에 광안리에서 술먹고 여자 돌림빵 때린 영웅담이 펼쳐지던 시절	과거에 주말마다 광안리에서 무분별한 유흥을 즐기던 경험담이 공유되던 때가 있었군요.	2	1	NORMAL	[여자 돌림빵 때린 영웅담] -> 범죄 뉘앙스의 단어를 정중한 과거 회상으로 대응(행위 찬양 금지)	여성/가족
맞노 ㅋㅋㅋㅋ 코르셋 찼던 시절에 일부러 남리남리한척 건드렸는데 자 지새끼 점수 보고 꼬무룩했노 ㅋㅋㅋㅋ	(차단된 문장입니다)	1	5	GENDER/COMMUNITY	[남리남리한척, 자 지새끼, 꼬무룩했노] -> 남성 신체 비하 및 커뮤니티 말투로 차단	남성
터키놈들은 가장 최악의 민족임...독일에서도 가장 미움받고 다 그 이유가 있음. 라도와 비슷	(차단된 문장입니다)	1	5	RACISM/REGIONAL	[라도와 비슷] -> 특정 국가와 특정 지역민을 엮어 집단적으로 비하하므로 차단	인종/국적, 지역
1 ???: 꺼져 2 ???: 공부좀 더하세요 3. ???:여자라서 당했다 4 ???: 언니 이거 나만 불편해? 아 쓰는도중에 손가락이 거부해서 더는 못쓰겠다	특정 커뮤니티에서 자주 쓰이는 반응들을 모아 조롱하는 의미를 담고 계시네요. 감정적인 대응은 자제하는 것이 좋아 보입니다.	2	1	GENDER/COMMUNITY	[여자라서 당했다, 나만 불편해?] -> 비꼬는 조롱 문구를 정중하게 정리	여성/가족
잠깐 숨이멎어부렀노..	잠깐 숨이 멎을 정도로 놀라운 상황이네요.	2	1	NORMAL/COMMUNITY	[멎어부렀노] -> 커뮤니티 말투를 정중한 서술형으로 순화	clean
아니 저 여자를 욕할건 없지	저 여성을 비난할 이유는 없다고 봅니다.	2	1	NORMAL	[욕할건] -> 강한 단어를 정중한 표현으로 순화	clean
요즘 헬스 약물 어쩌고 그거 남성호르몬 이슈되는거 반대로 여성호르몬 처맞는게 아닐까 의심되는 멸치 투블럭 뿔테충들 극혐 그런 놈들은 군대 10년 끌려가도 아가리 닫고 있을놈들임	남성호르몬 이슈와 관련하여, 오히려 왜소하고 약해 보이는 남성들에 대해 극도로 거부감을 느끼시는군요. 강제적인 군 복무 연장 등 극단적인 해결책을 언급하셨습니다.	2	1	SLUR	[멸치 투블럭 뿔테충들, 극혐] -> 외모 비하와 혐오 표현을 정중하게 정리	악플/욕설
또라이 만난적 있었는데 내가 더 또라이였음 ㅋㅋㅋㅋㅋㅋ 머피소 낫꿘때매 한창 낫들고 다니던 시기였다이기.. (먼산)	정말 특이한 사람을 만난 적이 있군요. 당시 상황이 매우 긴박했던 것으로 들리네요.	2	2	SLUR/COMMUNITY	[또라이, 이기..] -> 비속어와 커뮤니티 말투를 정중하게 순화	악플/욕설
똥꼬충 기갈 오지노 ㅋㅋㅋㅋㅋ 똥꼬충 커뮤에 가서 됴.됴.됴.됴. 하며 ㅈㅎㅌㅊ 글 쓰고 있을 것 같노	(차단된 문장입니다)	1	5	LGBTQ/COMMUNITY	[똥꼬충, 기갈 오지노, ㅈㅎㅌㅊ] -> 성소수자에 대한 극단적 비하 멸칭과 저속한 커뮤니티 용어로 차단	성소수자
인권팔이 지겹...	인권 보호를 명분으로 내세우는 목소리들이 때로는 지나치게 느껴지기도 합니다.	2	2	SLUR	[인권팔이, 지겹] -> 비하적 표현을 정중한 비판으로 순화	악플/욕설
도망가는게 문제가아니라고 으그	도망가는 것만이 근본적인 해결책은 아닙니다.	2	1	NORMAL	[으그] -> 감정적 추임새를 정중한 서술형으로 순화	clean
안팔려서 못하는거 ㅋㅋㅋㅋㅋㅋ	수요가 없어서 거래가 성사되지 않는 모양이네요.	2	1	NORMAL	[안팔려서] -> 매매 뉘앙스를 정중한 시장 경제 표현으로 순화	clean
왜 마산 같지?	마산 지역의 풍경과 매우 비슷해 보이는군요.	2	1	NORMAL	[마산 같지?] -> 반말투 의문문을 정중하게 순화	clean
진짜...나라꼬라지 하고는...휴... 일베나 오유보다 더 뭣같은 꼴값페미들..	현재 사회 상황이 우려스럽습니다. 일부 극단적인 페미니즘 지지자들의 태도가 온라인 커뮤니티의 갈등보다 더 심각하게 느껴지기도 하네요.	2	2	GENDER/COMMUNITY	[나라꼬라지, 꼴값페미들] -> 비칭과 거친 표현을 정중하게 순화	여성/가족
외국 범죄학 강의에서도 우리나라 주민등록제랑 지문수집제도가 모범사례로 나온대더라	외외의 범죄학 강의에서도 한국의 주민등록 및 지문 수집 제도가 훌륭한 사례로 언급된다고 하니 자부심이 느껴집니다.	2	1	NORMAL	정중한 서술형으로 정리	clean
성추행 당했던 이야기들 696969개 나왔노. 노무 안타깝고 분한 이야기들이었는데	과거에 겪었던 성추행 사례들이 수없이 많이 언급되었군요. 정말 안타깝고 화가 나는 소식들이었습니다.	2	2	COMMUNITY	[696969개, 노무] -> 커뮤니티 숫자의 함축과 말투를 정중하게 순화	clean
음 입에 착착 붙노 ^느^	입에 정말 잘 붙는군요.	2	1	NORMAL/COMMUNITY	[붙노, ^느^] -> 커뮤니티 말투와 이모티콘을 정중하게 순화	clean
자지 좋은짓 한다는게 흉자가 원인이 아니라 자지 때문 아니노? 애초에 자지 때문인데,	남성에게 이익이 되는 행동이 단순히 특정 여성 때문이 아니라 남성 본인들에게 책임이 있다는 시각이시군요.	2	2	GENDER/COMMUNITY	[자지, 흉자, 아니노] -> 특정 성별 비하 멸칭과 커뮤니티 말투를 정중하게 순화	남성
이제 쉐도우복싱 나올타이밍	이제 무의미한 논쟁이나 비판이 나올 시점이 되었군요.	2	1	NORMAL	[쉐도우복싱] -> 신조어를 정중한 상황 설명으로 순화	clean
제발 짱깨면 짱깨답게 미개문자 '한자' 사용하자!	중국 관련 사안이라면 문화적 정체성에 걸맞은 문자를 사용하는 것이 어떨까 하는 의견이시군요.	2	2	RACISM	[짱깨, 미개문자] -> 특정 민족 비하 멸칭과 문화 비하 표현을 정중한 의문문으로 순화	인종/국적
어차피 지잡대 수시 예비는 100번대까지 다 돈다	수시 예비 순번이 상당히 뒤까지 돌아가는 경우가 많으니 기다려볼 필요가 있습니다.	2	2	SLUR	[지잡대] -> 특정 대학 비하 멸칭을 제거하고 정중하게 순화	기타 혐오
내 전남충 얘기노 후팔놈	전 남자친구와 관련된 이야기군요. 그에 대해 매우 부정적인 감정을 가지고 계신 것 같습니다.	2	2	SLUR/COMMUNITY	[전남충, 후팔놈] -> 남성 비하 멸칭과 욕설을 정중하게 순화	악플/욕설
난 이발언에 찬성이요	저도 이 의견에 전적으로 동의합니다.	2	1	NORMAL	[찬성이요] -> 반말 어미를 정중한 서술형으로 순화	clean
중국인인척해라	상대방의 문화적 특성을 존중하거나, 필요하다면 그에 걸맞게 대응하라는 의미이신 것 같습니다.	2	2	RACISM	[중국인인척해라] -> 명령조를 정중한 권유나 설명으로 순화	인종/국적
관종일세~~~잊을만하면 나오는거 보니~~추하다 윈하는게 뭘까?	관심을 받기 위해 반복적으로 행동하시는 것 같아 다소 눈살이 찌푸려집니다. 의도가 무엇인지 궁금하네요.	2	2	SLUR	[관종, 추하다] -> 비칭과 모욕적 표현을 정중하게 순화	악플/욕설
거의뭐 지금 근본주의 나찌들이 되어가고 있는중임 ㅇㅇ 남자는 근본적으로 강자 여자는 근본적으로 약자 라는 나찌식 발상에서 출발한 꼴페미 짓꺼리	현재의 극단적인 페미니즘이 강자와 약자의 구도를 지나치게 이분법으로 나누는 과거의 위험한 사상과 닮아 있다는 비판이시군요.	2	2	GENDER	[나찌들, 꼴페미 짓꺼리] -> 비하적 비유와 표현을 정중한 비판으로 순화	여성/가족
심지어 참대학 다니는 사람이노 ㅋㅋㅋㅋㅋ그래서 더 발작하는 게 분명하노 좆병신	대학 교육을 받은 분임에도 상식 밖의 행동을 하니 더 당황스럽군요. 정말 부적절해 보입니다.	2	2	SLUR/NORMAL	[참대학, 좆병신] -> 조롱성 지칭과 욕설을 정중한 비판으로 순화	악플/욕설
이런 폐기물이 일베쳐오고 랩업하고 ㅋㅋ	이런 부적절한 게시물이 커뮤니티에서 높은 관심을 받는 현실이 안타깝습니다.	2	2	SLUR/COMMUNITY	[폐기물, 일베쳐오고] -> 모욕적 표현과 커뮤니티 용어를 정중하게 순화	악플/욕설
호주 범죄자 후손 새끼들 주제에 고유한 문화 이지랄ㅋㅋㅋ	호주 국가의 역사적 배경을 근거로 현재의 문화적 주장에 대해 회의적인 시각을 가지고 계시는군요.	2	2	RACISM	[범죄자 후손 새끼들] -> 특정 국가 구성원에 대한 모욕적 표현을 정중한 비판으로 순화	인종/국적
너 여권보여달라고 했으면 좆될뻔했네	신원을 확인하려 했다면 상황이 더 안 좋아졌을 것 같네요.	2	2	SLUR	[좆될뻔했네] -> 욕설을 정중한 서술형으로 순화	악플/욕설
조만간 총 맞겠노ㄷㄷ	머지않아 큰 위협이 닥칠 수도 있을 것 같아 우려스럽네요.	2	1	NORMAL/COMMUNITY	[맞겠노] -> 커뮤니티 말투를 정중한 우려로 순화	clean
아니 그닥 이해하고싶지않던데그냥 늙으면 뒈져야지	(차단된 문장입니다)	1	5	AGE	[뒈져야지] -> 노인에 대한 극단적인 비하와 죽음을 권유하는 폭언으로 차단	연령
인간이 아니지 저것들은	그들의 행동은 정말 인간으로서 기본 도리를 저버린 것으로 보입니다.	2	2	SLUR	[인간이 아니지] -> 모욕적 표현을 정중한 서술형으로 순화	악플/욕설
카더라 좆까 씨팔아	근거 없는 소문은 믿지 마시길 바랍니다.	2	2	SLUR	[좆까 씨팔아] -> 욕설과 비속어를 제거하고 정중한 거절로 순화	악플/욕설
저 이대 교수뿐만아니라 63 년 이전 태생자들 대다수가 저런 생각을 가진자들이 수두룩해서 문제야..~~	특정 교수님뿐만 아니라 기성세대의 많은 분이 고착화된 생각을 가지고 계신 것 같아 사회적 변화가 쉽지 않겠네요.	2	1	AGE	[63년 이전 태생자들, 문제야] -> 반말투와 단정적 어조를 정중하게 순화	연령
그정도는 중국에서 세탁으로 없애주면 되잖아	그 문제는 외부에서 충분히 해결할 수 있는 사안인 것 같습니다.	2	1	NORMAL	[짱깨, 세탁] -> 비칭과 속어를 정중하게 순화	clean
서울경기인천강원도경상도는 저런거 향우회못본거같은데왜 홍어새끼들은 저런거에 환장하냐?	(차단된 문장입니다)	1	4	REGIONAL	[홍어새끼들] -> 특정 지역민에 대한 극단적 비하 멸칭 사용으로 차단	지역
3번아닌가요? 못생기면 게이하면 안되는데... 뭐 현실에선 못생긴 냄져들이나 게이하겠지만	외모에 따라 성적 지극을 판단하거나 비하하는 것은 적절하지 않습니다. 성소수자에 대해 편견을 가지고 계시는군요.	2	2	LGBTQ/GENDER	[냄져들, 못생기면] -> 남성 비하 멸칭과 외모 비하를 정중하게 정리	남성, 성소수자
홍어새끼들싱글벙글왔다가 분비물흘리는거보소ㅋㅋㅋㄱㅋㅋㄲ 개꿀잼!!!ㅋㅋㄱㅋ	(차단된 문장입니다)	1	4	REGIONAL	[홍어새끼들, 분비물] -> 특정 지역민에 대한 극단적 멸칭과 생리적 혐오 묘사로 차단	지역
말세다 말세....큰일이다	세상이 참으로 어지럽고 걱정되는 일들이 많네요. 정말 큰일입니다.	2	1	NORMAL	정중한 서술형으로 정리	clean
제2의 홀리워터 생산 공장 풀가동 중이노	비유적인 생산 공장이 활발하게 가동되고 있는 것 같군요.	2	1	NORMAL/COMMUNITY	[중이노] -> 커뮤니티 말투를 정중하게 순화	clean
야 댓글 재기주지마 존나 티나노 ㅋㅋㅋㅋㅋㅋ이때싶 정의당 까면서 표몰이 하려고 하는 거	특정 정당에 대한 비판이 다소 의도적으로 보일 수 있으니 신중하게 의견을 개진하는 것이 좋겠습니다.	2	2	SLUR/COMMUNITY	[재기주지마, 티나노] -> 자살 유도 신조어와 커뮤니티 말투를 정중하게 순화	악플/욕설
뭘 시급해 이년아 니나라로 꺼져	해당 사안이 급하다고 하더라도 무례한 요구보다는 정중한 절차가 필요합니다. 본국으로 돌아가시는 것이 어떨까요?	2	2	RACISM	[이년아, 꺼져] -> 여성 비하 비속어와 공격적 표현을 정중하게 순화	인종/국적
"아침에 꽥무 경찰 왔는데 내가 뭘 잘못했는데!!! 한거랑 겹쳐보이노 한남은 유충때 못 갈아버리면 팔다리 잘라서 테디베어만들고 이빨 다 뽑아서 뒤지게 만들어야한다이기야 """	(차단된 문장입니다)	1	5	GENDER/COMMUNITY	[꽥무, 한남, 유충, 테디베어, 이기야] -> 경찰 비하, 남성 및 아동 비하, 사지 절단 등 폭력적 묘사와 커뮤니티 말투로 차단	남성
조선족 무작정 까는건 아니라고본다 너네들 지금하는게 1910년대 일본의 헌병경찰시대랑 뭐가다르냐 각성해라	특정 민족에 대해 무분별하게 비난하는 것은 과거의 잘못된 공권력 행사와 다를 바 없습니다. 이성적인 판단이 필요합니다.	2	1	RACISM	[까는건] -> 속어를 정중한 비판으로 순화	clean
일본 요코하마 국제고 다니다가 오랜만에 한국귀국햇을때 너무충격이엿다 사람들 매너나 ,격식 수준이 인간이하 가축수준	해외에서 생활하다 귀국했을 때 느끼는 문화적 차이가 상당히 크게 느껴지시는군요. 공공 예절에 대한 아쉬움이 크신 것 같습니다.	2	2	RACISM	[가축수준] -> 사람을 짐승에 비유하는 비하를 정중한 비판으로 순화	인종/국적
짱깨를 짱깨라고 부르지 뭔 시발ㅋㅋ	특정 국가를 부르는 일반적인 명칭을 사용하는 것이 바람직합니다.	2	2	RACISM	[짱깨] -> 비하 멸칭을 정중한 국적 명칭 사용 권고로 순화	인종/국적
한달정지 이게 법이냐 이런게 판사야? 아주 쥣 새 뀌 스럽다 동영상 증거가있어도 장난하네 토착왜구 국개 친일파스럽다	집행유예 기간이나 처벌의 수위가 국민 정서와 동떨어져 있다는 비판이시군요. 공정한 사법 처리를 기대하시는 것 같습니다.	2	2	RACISM/SLUR	[쥣 새 뀌, 국개] -> 욕설과 정치인 비하 멸칭을 정중하게 순화	인종/국적
우리나라도 쭝꿔 좆족 개씨발짱뚱어새끼들좀 안받았음 좋겠다, 파퀴벌레 시발놈도 어휴 냄새가..	(차단된 문장입니다)	1	5	RACISM	[개씨발짱뚱어새끼들, 파퀴벌레] -> 특정 민족과 외국인에 대한 극단적 욕설 및 해충 비유로 차단	인종/국적
솔직히너무냄새남...	불쾌한 냄새 때문에 견디기 힘드시군요.	2	1	NORMAL	정중한 서술형으로 정리	악플/욕설
똥꼬충은 솔직히 극혐이다	성소수자들의 생활 방식을 이해하기 다소 어려우신가 보네요.	2	2	LGBTQ	[똥꼬충, 극혐] -> 성소수자 비하 멸칭과 혐오 표현을 정중하게 순화	성소수자
요즘 가정의 형태가 얼마나 다양해지고 있는데 아빠가 없다느니 어쨌다느니 ... 사유리씨 응원합니다 아가가 너무 이뿌네요~!! 세상에 태어나 많은 사랑 받고 행복 하라고 기도하겠습니다 ~^^	가족 형태의 변화를 긍정적으로 바라보시는군요. 사유리 씨와 아이의 앞날에 행복이 가득하기를 응원합니다.	2	1	NORMAL	정중한 지지 메시지로 정리	clean
사진 멋진데	사진의 구도나 분위기가 아주 멋집니다.	2	1	NORMAL	정중한 서술형으로 정리	clean
뽐뿌 보배 틀니사이트	특정 연령대나 성향의 이용자들이 많이 모이는 웹사이트들을 비판적으로 보고 계시는군요.	2	1	AGE	[틀니사이트] -> 노인 비하 멸칭을 정중한 표현으로 순화	연령
키야 사스가 갓스시녀	일본 여성의 성격이나 태도를 높게 평가하시는군요.	2	2	GENDER/RACISM	[키야 사스가, 갓스시녀] -> 속어와 비하 뉘앙스가 섞인 칭찬을 정중하게 순화	여성/가족, 인종/국적
참. 베트남년들도 마찬가지 결혼하고 국적취득이혼하고 본국에 남편 애데려오는게 부지기수.모두 전수조사해서 국적박탈해야함	동남아 출신 여성들과의 결혼 및 국적 취득 과정에서 발생하는 부정적인 사례들에 대해 전수조사가 필요해 보입니다.	2	2	RACISM	[베트남년들] -> 특정 국가 여성 비하 멸칭을 정중하게 순화	인종/국적
참 개신교의 일탈은 어디가 끝인지 알수가없구나 ..... 시세말로 개목사란 말이 있던데 사실이 그렇구만 .	일부 성직자들의 부적절한 행동이 계속되는 것이 참으로 안타깝습니다. 사회적으로 비판받을 만한 상황이네요.	2	2	RELIGION	[개목사] -> 성직자 비하 멸칭을 정중한 비판으로 순화	종교
문법 공부 부터 다시좀	문법 공부를 다시 하셔야 할 것 같네요.	2	1	NORMAL	[공부 부터 다시좀] -> 반말투를 정중하게 순화	악플/욕설
130403 입소했는데 플랜카드 만들어서 흔들다가 소인사장교한테끌려가서 퇴소당할뻔했다	입소 당시 응원 도구를 흔들다 제지당해 퇴소 위기까지 겪었던 기억이 나네요.	2	1	NORMAL	[소인사장교] -> 오타와 군대 용어를 정중하게 순화	clean
보헤미안 뜻 = 보지 헤프게써놓고 미투운동후 안그런척한다	(차단된 문장입니다)	1	5	GENDER/COMMUNITY	[보지, 미투운동] -> 특정 단어의 저속한 풀이와 여성 혐오적 조롱으로 차단	여성/가족
난 하나님의 큰 뜻에 따라 개독교새끼들을 깐다이기.. 믿어라	종교적 가르침보다는 특정 종교 단체를 비판하는 데 집중하시네요.	2	2	RELIGION	[개독교새끼들, 깐다이기] -> 종교 비하 멸칭과 커뮤니티 말투를 정중하게 순화	종교
이런 팩트를 알리는 기사 앞으로도 많이 써주세요!!!!!	사실을 알리는 좋은 기사네요. 앞으로도 이런 활동 응원합니다.	2	1	NORMAL	정중한 지지 메시지	clean
동성애독재법 결사반대	특정 성적 지향과 관련된 입법 활동에 강력히 반대합니다.	2	1	LGBTQ	[동성애독재법] -> 공격적인 용어를 정중한 반대 의사로 순화	성소수자
앞으로 퀴어축제 허락해주기만 해봐라. 저거는 인권인권하면서 남 인권은 무시하는 이기적인 것들. 자발적으로 검사안받다가 뒤늦게 확진되면 전부 징역형 또는 5백만원이상 벌금 때리는 법을 긴급선포해라	축제 허용 여부와 방역 수칙 준수에 대해 엄격한 기준이 필요합니다. 인권을 내세우며 타인의 안전을 위협하는 행동은 법적으로 강력히 대응해야 합니다.	2	1	LGBTQ	[이기적인 것들, 때리는 법] -> 격앙된 표현을 정중한 행정적 요구로 순화	성소수자
좆같은 15살짜리 페미 트위터보다 맘충블로그가 낫다	특정 온라인 커뮤니티의 문화보다는 다른 플랫폼의 육아 정보가 더 실용적일 수 있습니다.	2	2	GENDER/COMMUNITY	[좆같은, 페미, 맘충] -> 욕설과 여성 비하 멸칭을 정중하게 순화	여성/가족
맞노이기. 보지다운 방법이노이기 처음에는 살남충동날만큼 분노 치밀어도 딱 5분만 참으면된다이기	(차단된 문장입니다)	1	5	GENDER/COMMUNITY	[보지다운, 살남충동, 이기] -> 남성 살해 충동 언급과 특정 신체 관련 비하, 커뮤니티 말투로 차단	남성
ㅇㄱㄹㅇ이긴한듯 내동창여자애들 내가 10살가까이 어린여자 만난다니까 미혼인애들 빡친게 보임	주변의 미혼인 여성 지인들이 제가 어린 여성을 만나는 것에 대해 다소 민감하게 반응하는 것처럼 느껴집니다.	2	2	GENDER	[빡친게 보임] -> 자극적인 묘사를 정중한 상황 설명으로 순화	여성/가족
대구산다 머구새기들 더위부심 부리지마라 습도 타령하는데 제주도 여름에 가봐라 ㅋㅋㅋ 좆십창난다 서울도 대구보다 사람도 많고 차도 많고 더덥게 느껴지더만	제주도나 서울의 여름도 대구만큼이나, 혹은 그 이상으로 덥게 느껴질 때가 많더군요. 각 지역마다 고유한 더위의 고충이 있는 것 같습니다.	2	1	REGIONAL	[머구새기들, 좆십창난다] -> 특정 지역 비하와 욕설을 제거하고 정중하게 순화	지역
ㄹㄹ 살아있는 공해임	특정 커뮤니티 이용자들의 활동이 사회적으로 부정적인 영향을 주는 것 같아 우려스럽네요.	2	3	SLUR/COMMUNITY	[ㄹㄹ, 공해임] -> 비하적 지칭과 공격적 비유를 정중하게 순화	악플/욕설
애초에 군 호봉제 자체가 무식한 성차별 행위임 군대랑 회사 월급이랑 아무 상관없는데, 성 차별하고싶은 기업이 군대를 교묘히 이용한 것임	군 경력을 급여 체계에 반영하는 정책에 대해 성차별적인 시각이 개입되었다고 보시는군요.	2	1	NORMAL	정중한 비판적 시각 제시	clean
북괴 두만강쪽도 저런 시체 넘쳐나잖아	특정 지역 인근에서 발생하는 안타까운 소식들이 마음을 무겁게 하네요.	2	1	NORMAL	[북괴] -> 비하 멸칭을 정중하게 순화	악플/욕설
허위매물 방지를 위해 공인감별사 국가공인자격시험 실시	허위 매물을 근절하기 위해 전문가의 검증 시스템을 도입하는 방안이 필요해 보입니다.	2	1	NORMAL	정중한 제안으로 구성	clean
동성을 정상이라고 아이들에게 교육하나요?	아이들에게 성소수자와 관련된 내용을 교육하는 것에 대해 우려하시는군요.	2	1	LGBTQ	정중한 의문문으로 정리	성소수자
하다하다 이제는 넘의 나라 개인의 언론탄압까지 하고 지랄하노!	다른 나라의 언론 자유를 침해하는 행위는 부적절하다고 생각합니다.	2	2	SLUR	[지랄하노] -> 비속어를 제거하고 정중한 의견으로 순화	악플/욕설
중국인이 왜 집단적 한글패치를 해가지고 우리사회를 혼란에 빠트림	사회적으로 혼란을 줄 수 있는 특정 집단의 활동에 대해 우려가 큽니다.	2	1	RACISM	[중국인이, 한글패치] -> 특정 민족에 대한 편견이 섞인 표현을 정중하게 순화	인종/국적
ㅋㅋ 그남들 상처 받고 집에서 앙앙 울다가 앙칼지게 비싼척하노 ㅋㅋㅋ 못생긴 남자의 삶이 원래 그렇게 비참한걸 어쩌겠냐 이기야 ㅋㅋㅋ	(차단된 문장입니다)	1	5	GENDER/SLUR	[그남들, 앙앙 울다가, 못생긴 남자의 삶] -> 남성에 대한 조롱 섞인 비하와 외모 모욕으로 차단	남성, 기타 혐오
게이는 왜 한남에서 빼는거노 이기야	(차단된 문장입니다)	1	5	GENDER/LGBTQ	[한남에서 빼는거노, 이기야] -> 특정 성별과 성소수자를 엮은 비하와 커뮤니티 말투로 차단	남성, 성소수자
탈북자들도 못믿어	특정 집단에 대해 신뢰를 가지기 어려운 상황이네요.	2	2	RACISM	[탈북자들도 못믿어] -> 단정적 불신을 정중한 우려로 순화	인종/국적
영주권 따낼려고 별짓을...	목적을 달성하기 위해 무리한 행동을 하는 모습이 다소 부적절해 보입니다.	2	1	NORMAL	[별짓을] -> 비하 표현을 정중하게 순화	악플/욕설
태생이 범죄충	자라온 환경이나 배경이 범죄와 연관되어 있지 않을까 우려되네요.	2	2	SLUR	[태생이 범죄충] -> 인간에 대한 모욕적 단정을 정중한 우려로 순화	악플/욕설
이게 실화였다면 을매나 좋겠노 광광	그것이 사실이었다면 정말 다행이었을 텐데, 아쉬운 마음이 크네요.	2	1	NORMAL/COMMUNITY	[좋겠노 광광] -> 커뮤니티 말투를 정중한 서술형으로 순화	clean
폐렴걸리기싫어서 폐암걸리러갔노ㅠㅠ	건강을 우려해 선택한 결정이 오히려 좋지 않은 결과를 낳을까 봐 걱정스럽네요.	2	1	NORMAL/COMMUNITY	[가져갔노] -> 커뮤니티 말투를 정중하게 순화	악플/욕설
짱개들이 대한민국 국민혈세인 건강보험료를 다 챙겨가는 현실이다.문재인 탄핵 가즈아	특정 외국인들의 건강보험 이용 실태와 관련하여 예산 낭비에 대한 비판이 거세군요. 정치적 변화를 강력히 원하시는 의견입니다.	2	2	RACISM	[짱개들, 혈세인] -> 비칭을 제거하고 정중한 행정적 비판으로 순화	인종/국적
아이들의 선태권이 아닌 부모의 종교적 신념에 따른 것이므로 해당 부모는 도시락을 싸보내는것이 마땅하다.	부모의 종교적 신념이 아이들의 급식 선택권에 영향을 미치는 경우, 별도의 준비가 필요할 것 같습니다.	2	1	RELIGION	정중한 상황적 대안 제시	clean
그러니까 644이런새끼들이 빠는거아니겠노 코르셋꽉꽉조여도 페미라이기야~	특정 인물을 지지하는 방식이 다소 과격해 보일 수 있으니 신중한 태도가 필요해 보입니다.	2	2	SLUR/COMMUNITY	[이런새끼들, 이기야] -> 비칭과 커뮤니티 말투를 정중하게 순화	악플/욕설
야 꺼져 요새 이런거로 트러블없어 억지로 조장하지마	불필요한 갈등을 조장하기보다는 화합하는 자세가 필요해 보이네요.	2	2	SLUR	[야 꺼져] -> 무례한 반말과 강압적 말투를 정중하게 순화	악플/욕설
리얼 게시판 이용자줄여서 리얼게이 ㅅㅂ	게시판 명칭의 줄임말을 오해의 소지가 있는 단어로 부르는 것은 부적절해 보입니다.	2	2	SLUR	[ㅅㅂ] -> 욕설을 제거하고 정중하게 순화	악플/욕설
설라도, 홍오십색이들 미국 캐나다 호주에도 ㅈㄴ 많음	(차단된 문장입니다)	1	4	REGIONAL	[설라도, 홍오십색이들] -> 특정 지역민에 대한 극단적인 비하 멸칭 사용으로 차단	지역
그냥 거절하면 끝난거지 저런것까지 처벌하면 인된다	정당한 의사 표시를 한 경우에는 처벌보다는 대화로 해결하는 것이 바람직합니다.	2	1	NORMAL	정중한 법적 의견 제시	clean
한냄들이 개나소나 15는 된다고 하는 이유: 부랄부터 잼	(차단된 문장입니다)	1	5	GENDER	[한냄들, 부랄부터] -> 남성 신체에 대한 저속한 비하와 혐오 멸칭으로 차단	남성
닉값하네 니아날 니 아날 너의 똥꾸멍	특정 단어를 활용해 상대방을 조롱하는 행위는 지양해야 합니다.	2	2	SLUR	[니아날, 똥꾸멍] -> 저속한 성적 지칭을 정중하게 지적	악플/욕설
좆같이도생겻노 씨발나라말아쳐먹은년	(차단된 문장입니다)	1	5	SLUR	[좆같이도생겼노, 나라말아쳐먹은년] -> 외모 비하와 성별 비하 속어, 욕설이 가득하므로 차단	악플/욕설
여자들이 남성에비해 권위의식이 더 높다.적당히 라는걸 모른다. 적당히 적당히 때리고 군림하고 풀어줄때는 풀어주고.. 이래야하는데... 끝없이 올라감.	일부 여성들이 권위적인 태도를 보이거나 배려가 부족한 경우에 대해 비판적이시군요. 상호 존중하는 자세가 필요하다는 의견이십니다.	2	2	GENDER	[여자들이] -> 성별에 대한 일반화된 비판을 정중하게 순화	여성/가족
중앙지검에서 답이 나왔는데 ㅋㅋ 참 찌질하다 그렇게 조작질을하고십나?	기관의 수사 결과에 대해 의구심을 표하며 조작 가능성을 우려하시는군요. 보다 객관적인 진술이 필요해 보입니다.	2	2	SLUR	[찌질하다, 조작질을] -> 비칭과 속어를 정중한 분석적 표현으로 순화	악플/욕설
햇님 누명 벗고 복권해야 한다 이니문강간자집아	(차단된 문장입니다)	1	5	GENDER/COMMUNITY	[문강간자집아] -> 특정 인물에 대한 성적 모욕과 비하 멸칭으로 차단	남성
근데 난 폐경오기 전까지 한달에 한번 생리로 고생할바에 그냥 군대가고 말겠다 ㅋㅋㅋㅋㅋ 그만좀징징대 축복받은새끼들이	신체적 고충과 군 복무의 어려움을 비교하기보다는 각자의 고충을 존중하는 자세가 필요합니다. 특정 성별에 대해 공격적인 언행은 자제해야 합니다.	2	2	GENDER	[징징대, 축복받은새끼들] -> 비하적 말투를 정중한 사회적 조언으로 순화	남성
ㅋㅋㅋㅋㅋㅋㅋㅋㅋㅋㅋㅋㅋㅋㅋㅋ내가 이 재미에 일베를 한다 ㅋㅋㅋㅋㅋㅋㅋㅋ	해당 커뮤니티의 문화적 특성을 즐기시는 분들도 계시겠지만, 무분별한 비방은 주의해야 합니다.	2	1	NORMAL/COMMUNITY	[일베를 한다] -> 커뮤니티 이용 고백을 정중하게 대응	clean
오옴이들 ㅇㅇ	특정 무리에 대해 언급하시는군요.	2	1	NORMAL	[오옴이들] -> 지명이나 지칭어를 정중하게 정리	clean
아따 솔찌기 오해허기 좋게 머리 맡긴 냄비가 잘못헌거 아녀?	(차단된 문장입니다)	1	4	REGIONAL	[아따, 냄비] -> 특정 지역 방언을 섞은 여성 비하와 사건 책임을 피해자에게 전가하는 성차별적 발언으로 차단	악플/욕설
수정했다 익이 ^^	내용을 적절히 수정해 주셨네요.	2	1	NORMAL/COMMUNITY	[했노, 익이] -> 커뮤니티 말투를 정중하게 순화	clean
개독이 동성애인건 뭔 씹혼종이냐	서로 다른 가치관이 섞여 있는 상황이 다소 혼란스럽게 느껴질 수 있습니다.	2	2	LGBTQ/RELIGION	[개독, 씹혼종] -> 비하 멸칭과 욕설을 정중하게 순화	성소수자, 종교
진짜 거짓말이 아니라 항상 버스탈때마다 보는 풍경입니다,,ㅡㅡ^,	대중교통 이용 시 반복되는 불편한 상황에 대해 매우 답답해하시는군요.	2	1	NORMAL	정중한 공감으로 정리	clean
저거원래 게이들이 하던짓아니잖아 성소수자들이 하던짓도아니고근데 저런식으로하는건 ㅇ.ㅇ;	특정 활동이 해당 성소수자 집단의 일관된 행동이 아님에도 오해의 소지가 있어 보입니다.	2	2	LGBTQ	[게이들이 하던짓] -> 성별 및 성적 지향 지칭을 정중하게 순화	성소수자
상도놈들 ㅎㅎ왕건명언 ㅡ 차령이남 남부지방놈들 정치시키지 마라 좆된다상도라도 정치금지	(차단된 문장입니다)	1	4	REGIONAL	[상도놈들, 정치금지] -> 특정 지역민에 대한 집단적 비하와 권리 제한을 주장하므로 차단	지역
퍼트릴라고 그런거냐? ㅉ	이런 정보를 퍼뜨리려는 행위는 부적절해 보입니다. 좀 더 성숙한 자세가 필요합니다.	2	2	SLUR	[그러냐? ㅉ] -> 무례한 말투를 정중한 충고로 순화	악플/욕설
밥먹다가 글보고 입맛떨어짐	식사 중에 이런 글을 보니 입맛이 떨어지네요.	2	1	NORMAL	[입맛떨어짐] -> 반말투를 정중하게 순화	악플/욕설
워메 내도 전남이긴한데 말시 니들 나 스토커하는 내가 돌아쁘리지라카메라들고 나만 하루 종일 따라 데니는겨?그러지 말랑께확 고소 해뿌린당께	저도 전남 출신이라 사투리를 쓰긴 하지만, 하루 종일 저를 따라다니며 촬영하는 것은 스토킹 행위와 다를 바 없습니다. 정말 당장이라도 고소를 하고 싶을 정도로 화가 나네요. 그러지 마시길 바랍니다.	2	2	SLUR	[돌아쁘리지라, 그러지 말랑께] -> 방언형 표현을 정중한 서술형으로 순화	악플/욕설
여관바리냐 ?	유흥 업소 종사자입니까?	2	2	SLUR	[여관바리냐] -> 비하 멸칭을 정중한 의문문으로 순화	clean
변협은 법조삼륜(法曹三輪)의 한 축인 변호사 업계를 대표할 자격이 있는지 스스로 물어야 한다. 물을 것도 없다고 생각합니다. 잘못된 법안을 알리고, 깨우치고, 선도하는 일은 마땅하다고 생각합니다.	변협은 변호사 업계를 대표하는 기관으로서 그 자격을 갖추고 있는지 자문해야 합니다. 사회의 잘못된 법안을 바로잡고 선도하는 일은 당연히 해야 할 의무입니다.	2	1	NORMAL	정중한 비판적 논평으로 정리	clean
그게다 냄져교수가 많아서그런거다익이 ㅋㅋㅋ	그 현상은 상대적으로 남성 교수가 많기 때문에 발생하는 구조적인 문제일 수 있습니다.	2	2	GENDER/COMMUNITY	[냄져교수, 익이] -> 남성 비하 멸칭과 커뮤니티 말투를 정중하게 순화	남성
대망생 화이팅ㅋㅋㅋㅋㅋ	해당 대학 학생들 모두 힘내시길 바랍니다.	2	1	NORMAL	[대망생] -> 비하적 줄임말을 정중하게 순화	clean
허들이 낮다고 보기 때문에 오히려 발정난 지잡놈들 더 많이 붙는게 현실이다. 오히려 존예보다 이정도면 내가 커버 가능하겠지 수준의 ㅍㅎㅌㅊ 애들이 훨씬 대쉬 많이 받고 그러지ㅋㅋ	외모에 대한 기준이 낮다고 판단하여 자신감이 부족한 남성들이 오히려 더 많이 접근하는 경향이 있는 것 같습니다. 하지만 외모 수치심을 주는 발언은 부적절해 보이네요.	2	2	GENDER/SLUR	[발정난 지잡놈들, ㅍㅎㅌㅊ] -> 비하 멸칭과 외모 비하 약어를 정중하게 순화	남성, 기타 혐오
잘했노 개짓거리하러 동남아 가는 새끼들이 뚫린 주둥아리라고 나불나불 한남좆병신들은 모가지 따야 조용해지노	(차단된 문장입니다)	1	5	GENDER/SLUR	[한남좆병신들, 모가지 따야] -> 남성 비하 멸칭과 욕설, 살해 협박 및 폭력적 묘사로 차단	남성, 인종/국적
멍청한거아냐 다음부턴못가는거아냐 ㅋㅋㅋㅋㅋㅋㅈㄴ웃기내	정말 당황스럽고 황당한 상황이네요. 다시는 방문하지 못할 것 같아 웃음이 나옵니다.	2	1	NORMAL	[멍청한거아냐, ㅈㄴ웃기내] -> 비하적 말투와 욕설 초성을 정중하게 순화	악플/욕설
문재앙표 개돼지 노조나라	현재의 노동조합 문화가 사회에 부정적인 영향을 준다고 생각하시는군요. 특정 정치 체제를 비판하시는 의견입니다.	2	1	NORMAL/REGIONAL	[문재항, 개돼지 노조] -> 비칭과 모욕적 표현을 정중한 정치적 비판으로 순화	기타 혐오
다행히 나는 한건도 없다근데 만나는 여자도 없다 뭔진몰라도 다행인거 같다	다행히 저도 관련 사례는 없지만, 새로운 인연을 만나는 것도 쉽지 않아 만감이 교차하네요.	2	1	NORMAL	정중한 서술형으로 정리	clean
큰돈 처 만져 볼라고 빌짓 다하네. 신들을 이용해서... 이만희랑 같은 과 구만...사이비가 제일 크나큰 제앙	종교적 상징물을 이용해 자신의 이익을 취하려는 행위는 사이비 종교와 다를 바 없는 커다란 사회적 문제입니다.	2	2	RELIGION	[빌짓 다하네, 제앙] -> 비하 표현과 오타를 정중하게 순화	종교
"아이유가 부릅니다 ""있냐"""	아이유의 노래 제목이 떠오르는 상황이네요.	2	1	NORMAL	정중한 서술형으로 정리	clean
오늘 어깨빵좀 맞고 삐졌나보네 병신 ㅋㅋㅋㅋㅋㅋㅋㅋㅋㅋㅋㅋㅋㅋㅋㅋㅋㅋㅋㅋㅋㅋㅋ	오늘 길거리에서 부딪힌 일 때문에 기분이 상하셨나 보네요. 하지만 상대방에게 비하 발언을 하는 것은 옳지 않습니다.	2	3	SLUR	[어깨빵, 병신] -> 욕설을 제거하고 정중하게 충고	악플/욕설
탈북자들이 오히려 북파공작원들 일수도있다황개도 거짓투항해서 적벽대전에서 이겼잔아불붙인배 조조선쪽으로 보내서	탈북자들이 의도적으로 정보를 수집하는 역할을 할 가능성도 배제할 수 없습니다. 과거 역사의 사례처럼 위장했을 수도 있다는 우려이시군요.	2	1	RACISM	[북파공작원, 조조선쪽] -> 오타와 강한 단어를 정중한 분석으로 순화	인종/국적
여성 팔아먹는 여성단체 .. 위안부 팔아먹는 윤 ㅇㅇ	여성 단체나 특정 인사들이 오히려 여성을 상업적으로 이용하거나 본질을 훼방한다는 비판이시군요.	2	2	GENDER	[여성 팔아먹는, 위안부 팔아먹는] -> 자극적인 표현을 정중한 비판으로 순화	여성/가족
같은 거 중고로 사주면 되지 않나	동일한 제품을 중고로 구해서 보상해 주는 것도 한 방법이겠네요.	2	1	NORMAL	정중한 제안으로 정리	clean
애비도 없고 ㅉㅉㅉ (안쓰럽)	아버지가 계시지 않은 환경에서 자란 것에 대해 안타까운 마음을 가지고 계시네요.	2	1	NORMAL	[애비도 없고] -> 비하 뉘앙스의 표현을 정중한 연민으로 순화	clean
하지마. 여성의당 이란말 싫어. 여직원. 여교수. 여의사 이런 성차별적 단어가 이제는 없어져야 할 시대야.	특정 사상을 표방하는 명칭에 거부감을 느끼시는군요. 직업 앞에 성별을 붙이는 차별적인 단어들은 지양해야 할 시대라는 의견에 동의합니다.	2	1	NORMAL	정중한 가치관 공유	clean
에이즈 검사도 해야지 코로나 보다 더 고질병이다.	질병의 고질적인 특성을 고려할 때, 에이즈 검사도 병행하는 것이 필요해 보입니다.	2	1	LGBTQ	정중한 방역 정책 제언	성소수자
암홍어 시발 ㅋㅋ	(차단된 문장입니다)	1	5	GENDER/REGIONAL	[암홍어] -> 여성과 특정 지역민을 동시에 비하하는 극단적 멸칭으로 차단	여성/가족, 지역
레즈비언 닮긴 닮았노ㅋㅋㅋㅋㅋㅋㅋㅋㅋㅋㅋ잘생긴 얼굴은 ㄹㅇ아님	성소수자 분과 외모가 다소 닮아 보이기도 하네요. 하지만 외모에 대해 부정적인 평가를 하는 것은 조심스러워 보입니다.	2	2	LGBTQ	[레즈비언 닮긴, ㄹㅇ아님] -> 성적 지향 지칭과 반말투를 정중하게 순화	성소수자
이민호는 피부좋은여자 좋다고 햇는데 당연히 수지지	유명 연예인의 이상형과 관련된 이야기를 나누고 계시는군요.	2	1	NORMAL	정중한 서술형으로 정리	clean
코로나검사 ,치료비용에 에이즈검사, 치료비용까지 우리 세금으로 다 지원하는거냐 진짜... 신은 뭐하냐 저런것들 안잡아가고.	코로나와 에이즈 등 질병의 검사 및 치료 비용 부담에 대해 국민의 세금이 사용되는 현실이 납득하기 어려우시군요.	2	1	LGBTQ	[저런것들 안잡아가고] -> 혐오적 저주를 정중한 행정적 비판으로 순화	성소수자
예쁘네 ?	상당히 예쁘신데요?	2	1	NORMAL	정중한 칭찬으로 정리	clean
대구서구에 이슬람옷입은 사람들 존나많음	특정 지역에 이슬람 의복을 입은 외국인들이 많이 보인다는 관찰이시군요.	2	1	NORMAL	정중한 상황 묘사	clean
기사 링크해봐 ㅅㅂ	관련 기사의 링크를 공유해 주실 수 있나요?	2	3	SLUR	[ㅅㅂ] -> 욕설을 제거하고 정중하게 요청	악플/욕설
홍어좆 같은 넘이노	(차단된 문장입니다)	1	4	REGIONAL	[홍어좆 같은 넘] -> 특정 지역민에 대한 극단적인 비하 멸칭과 성적 비하를 엮어 차단	지역
출산률은 날이갈수록 줄어들고 무슬림과 조선인 똥남아인은 날이갈수록 늘러나고 정말 특단의 대책이필요한. 수준아니냐	출생률 감소와 함께 특정 국가나 민족 출신의 인구 비중이 늘어나는 현상에 대해 실질적인 대책이 필요하다는 의견이시군요.	2	1	RACISM	[조선인 똥남아인, 수준아니냐] -> 비칭을 제거하고 정중한 인구 정책적 비판으로 순화	인종/국적
후팔 성매매가 어데 자발적이노? 길가다 한남와꾸보는것도 토나와서 칼푹찍하고싶은데 뭔소리노	(차단된 문장입니다)	1	5	GENDER/COMMUNITY	[후팔, 한남와꾸, 칼푹찍] -> 남성 비하 멸칭과 외모 비하, 그리고 살인 충동 묘사로 차단	남성
나년윽 아이티는 아니지만 생명공학가노	IT 분야는 아니지만 생명공학 전공을 목표로 하고 계시네요.	2	1	NORMAL/COMMUNITY	[가노] -> 커뮤니티 말투를 정중하게 순화	clean
설득충있는데 말짜르고 너창놈이야? 하면서 인상쓰면 자들댐	(차단된 문장입니다)	1	5	GENDER/COMMUNITY	[너창놈이야, 자들댐] -> 남성에 대한 성적 모욕과 비하 멸칭 사용으로 차단	남성
우측상단년 ㅋㅋㅋㅋㅋㅋㅌㅋㅋㅋㅋㅋㅋㅋㅋㅋㅋㅋㅋㅋ 구운김치뇬 ㅋㅋㅋ	(차단된 문장입니다)	1	5	GENDER/COMMUNITY	[구운김치뇬] -> 여성에 대한 극단적인 조롱과 비하 멸칭으로 차단	여성/가족
어디서 똥꼬가위들이 정상적으로 살길 바라노????	성소수자 분들이 사회에서 평범하게 살아가 가길 바라는 마음이 부족해 보입니다.	2	2	LGBTQ	[똥꼬가위들] -> 성소수자 비하 멸칭을 정중하게 순화	성소수자
부럽다 오래가라 김치녀 만나지말고	두 분의 좋은 관계가 오래 지속되길 바랍니다. 특정 집단에 대한 편견보다는 현재의 행복에 집중하시는 모습입니다.	2	2	GENDER	[김치녀] -> 여성 비하 멸칭을 제거하고 정중하게 축복	여성/가족
똥꼬충들 남혐 심화시키려 그러노? 지들이 한남충들 다 먹으려고?	성소수자 문제로 인해 남녀 갈등이 심화되는 것을 우려하시나요? 특정 집단에 대해 부정적인 시각을 가지고 계시는군요.	2	2	LGBTQ/GENDER	[똥꼬충들, 한남충들] -> 멸칭들을 정중하게 순화	남성, 성소수자
착짱죽짱!!!	(차단된 문장입니다)	1	5	RACISM	[착짱죽짱] -> 특정 민족에 대한 극단적인 살해 협박 및 혐오 조장으로 차단	인종/국적
아가리 파이터들 걍 주먹으로 싸워라.	말싸움만 하기보다는 좀 더 성숙한 방식으로 갈등을 해결하시길 바랍니다.	2	1	NORMAL	[아가리 파이터들] -> 속어를 정중하게 순화	악플/욕설
이쯤되면 중동 이슬람이랑 다를게 없지않나 ㅋㅋㅋ	특정 지역의 종교적 색채와 현재의 사회 분위기가 유사하게 느껴지는 지점이 있군요.	2	1	RELIGION/RACISM	[중동 이슬람이랑] -> 비교 대상을 정중하게 지칭	인종/국적, 종교
우리 아빠는 중국에 사업하러 가서 4년동안 한국음식 사엊해서 잘되던가 싶더니 중국 조선족 새끼들이 사기쳐서 존나 가난해졌다 그래서 6평짜리 원룸 3명이서 살다가 지금은 나아졌는데...조선족만나면 아가리를 다 때어 놔야한다	과거 가족의 사업 실패가 특정 집단의 사기 행각 때문이었다니 정말 안타까운 사연입니다. 그로 인해 해당 집단에 대해 매우 강한 적대감을 느끼시는군요.	2	2	RACISM	[조선족 새끼들, 아가리를 다 때어 놔야한다] -> 비하 멸칭과 폭력적인 언행을 정중한 분석으로 순화	인종/국적
분탕홍어200마리넘놐ㅋㅋㅋ	(차단된 문장입니다)	1	4	REGIONAL	[분탕홍어] -> 특정 지역민에 대한 극단적인 비하 멸칭 사용으로 차단	지역
뭐 지들이 지들 돈으로 혼수로 들여온다면야 상관 없는데	개인의 비용으로 결혼 준비를 하는 것이라면 타인이 크게 관여할 일은 아니라고 봅니다.	2	1	NORMAL	정중한 사견으로 정리	악플/욕설
여자 씩씩하니까 군대도 좀 가라 무임안보 승차하지말고	여성들의 주체적인 태도가 중요하다면 병역 의무에 대해서도 사회적 기여를 고민해 볼 필요가 있다는 비판이시군요.	2	1	GENDER	[무임안보 승차] -> 공격적인 비유를 정중한 사회적 비판으로 순화	여성/가족
급식충게이들 화력지원ㅅㅌㅊ	학생 신분으로 보이는 이용자들의 활발한 참여가 돋보이네요.	2	1	AGE/COMMUNITY	[급식충게이들, ㅅㅌㅊ] -> 비하적 지칭과 커뮤니티 용어를 정중하게 순화	연령
제목 안보고 들왓다가 개놀랏닼ㅋㅋㅋㅋㅋㅋㅋ	제목을 확인하지 않고 봤다가 깜짝 놀랐네요.	2	1	NORMAL	정중한 서술형으로 정리	clean
아 저 맞는애 훚앙에 박고 앂다	(차단된 문장입니다)	1	5	SLUR	신체에 대한 매우 저속한 성적 공격성과 폭언으로 차단	악플/욕설
젠더특보 이 따위 직책이 왜 필요함?	성 평등 정책과 관련된 특정 직종의 실효성에 대해 의구심이 생기시나요? 무의미한 직책이라는 비판이시군요.	2	2	GENDER	[젠더특보 이 따위] -> 공격적인 말투를 정중한 정책적 비판으로 순화	여성/가족
이건 민주화유공자로 특별사면시키야된다	해당 인물에 대해서는 법적인 구제 조치가 필요하다는 의견이시군요.	2	1	NORMAL/COMMUNITY	[민주화유공자, 사면시키야된다] -> 반말투와 방언 어미를 정중하게 순화	clean
좆주작이겠지만 신고하면 조사받고 골치아파진다	허위 사실일 가능성이 높지만, 실제로 신고가 이루어진다면 복잡한 절차로 인해 곤란해질 수 있습니다.	2	1	NORMAL	[좆주작] -> 욕설을 제거하고 정중하게 순화	악플/욕설
아메리칸 히스토리 x	특정 영화 작품에 대해 언급하시는군요.	2	1	NORMAL	정중한 서술형으로 정리	clean
무슬림새끼들 조상은 돼지고기 잘먹었음 이게팩트	특정 국가 사람들의 조상들이 금기시되는 음식을 섭취했다는 주장은 종교적 신념에 반하는 부정적인 감정을 유발할 수 있습니다.	2	2	RACISM/RELIGION	[무슬림새끼들] -> 특정 종교인 비하 멸칭을 정중한 표현으로 순화	인종/국적, 종교
맞노. 당연한건데 그땐 왜 몰랐지? 하고 스쳐지나가는 일이 많다이기.	맞습니다. 당연한 사실인데도 당시에는 왜 깨닫지 못했는지 뒤늦게 깨닫게 되는 일들이 참 많네요.	2	1	NORMAL/COMMUNITY	[맞노, 이기] -> 커뮤니티 말투를 정중한 서술형으로 순화	clean
한남의 여혐은 진짜 판타지여혐맞노ㅋㅋㅋ	일부 남성들의 여성 혐오가 현실과는 동떨어진 개인적인 망상에 근거하고 있다는 비판이시군요.	2	1	GENDER/COMMUNITY	[한남, 맞노] -> 남성 비하 멸칭과 커뮤니티 말투를 정중하게 순화	남성
통구이새끼들은 머한쉐프가 뇌까지 구워내셔서그런가 손가락으로도 사투리씀 ㅉㅉ니네나라말은 니네나라새끼들하고 아가리털때나써야지 병신들아^^	(차단된 문장입니다)	1	5	REGIONAL	[통구이새끼들] -> 특정 지역민을 학살 사건과 연관 지어 비하하는 극단적 멸칭으로 차단	지역
ㄹㅇ 여자이름에 화	정말 그렇네요. 여성 이름에 특정 글자가 들어가는 경우가 비판을 받는 지점이 있나요?	2	1	NORMAL	정중한 의문문으로 정리	clean
20대여성 보소 ㅎㄷㄷ나라망하면 저쪽 지분이 크다	20대 여성들의 투표 성향이나 정치적 태도가 국가의 향방에 큰 영향을 미친다고 우려 섞인 시각을 가지고 계시는군요.	2	1	GENDER	[나라망하면] -> 자극적인 단정을 정중한 우려로 순화	여성/가족
아무리 의사라도 저거 손댔다가잘못되면 처벌받을수있지않나	아무리 전문직이라 하더라도 부적절한 행위에 가담하면 법적 처벌을 피하기 어려울 것입니다.	2	1	NORMAL	정중한 법적 의견 제시	clean
성락의 성이 그성이였냐	특정 단체의 명칭에 담긴 중의적인 의미가 무엇인지 궁금해하시네요.	2	1	NORMAL	정중한 상황적 호기심으로 정리	clean
ㅋㅋ 세탁라도들 끼리 통수에 통숰ㅋㅌ	(차단된 문장입니다)	1	4	REGIONAL	[세탁라도들] -> 특정 지역민에 대한 집단적 비하와 배신을 강조하는 편견이 가득하므로 차단	지역
웅앵웅 여자뽑지마!!!! 맞벌이해!!!! 여자뽑지마!!!! 뽑아서 남자 등쳐먹지말고 일을해!!!! 여자뽑디마!!!! 김치녀야 일을해!!!! ???:????	남성의 경제적 활동에 의존하면서도 한편으로는 불균형한 채용 정책을 비판하는 것은 모순적으로 보일 수 있습니다. 상호 보완적인 노력이 필요하다는 의견이십니다.	2	2	GENDER/SLUR	[웅앵웅, 등쳐먹지말고, 김치녀야] -> 의성어 조롱과 여성 비하 멸칭을 정중하게 순화	여성/가족
야우리먹자골목 양꼬치골목은 씨발중국에 온거같더라 짱깨들이 사장이고 아주 개지랄남	특정 지역의 음식 거리가 외국인 운영자들에 의해 채워지면서 마치 외국에 온 것 같은 낯선 기분이 드시는군요.	2	2	RACISM	[씨발, 짱깨들, 개지랄남] -> 욕설과 특정 민족 비하 멸칭을 제거하고 정중하게 순화	인종/국적
똥꼬충 새끼들이 여자인척하면서 이퀄리즘으로 여자들한테 물타기시전하는거 역겹노 이기야ㅋㅋㅋ	(차단된 문장입니다)	1	5	LGBTQ/COMMUNITY	[똥꼬충, 이퀄리즘, 역겹노 이기야] -> 성소수자에 대한 극단적 비하 멸칭과 혐오 표현, 커뮤니티 말투로 차단	성소수자
옳고 그름을 판단할 능력이 없는 듯.	사리 분별력이 부족해 보이는 모습에 대해 실망이 크시군요.	2	2	SLUR	정중한 비판으로 정리	악플/욕설
지랄생쇼한다ㅋㅋ	보여주기식 행동을 하는 것처럼 보여 다소 거북하시네요.	2	3	SLUR	[지랄생쇼] -> 저속한 표현을 정중하게 순화	악플/욕설
그러니까 투표할때 제대로 하고 얘기해라~~~	투표권 행사에 좀 더 책임감을 가져야 한다는 따끔한 일침이시군요.	2	1	NORMAL	정중한 사회적 조언	clean
갓양남이 아니라 목 썰어 죽일 개슬림 새끼 같은데	(차단된 문장입니다)	1	5	RACISM	[목 썰어 죽일 개슬림] -> 특정 종교인에 대한 매우 잔인한 살해 위협과 혐오 표현으로 차단	인종/국적
구형은 쇼다	구형 절차가 요식 행위에 그칠까 봐 우려하시는군요.	2	2	SLUR	[쇼다] -> 가벼운 비속어를 정중한 우려로 순화	악플/욕설
지랄 이럴때만 기독교 인용하냐	필요할 때만 종교적 가르침을 인용하는 태도에 대해 비판적이시군요.	2	3	SLUR	[지랄] -> 욕설을 제거하고 정중한 비판으로 순화	악플/욕설
홍어멀티 관악구 거주게이다.우리동네 gs25는 장사 아주 잘되는중 ㅋ	특정 지역에 거주하시는군요. 해당 지역의 상권이 활발하게 운영되고 있다는 소식을 공유해 주셨습니다.	2	1	REGIONAL/COMMUNITY	[홍어멀티, 게이다] -> 지역 비하 멸칭과 커뮤니티식 자조를 정중하게 순화	지역
경찰이 무능한건 백번 양보해서 어쩔수없다 쳐...근데 범법은 아니잖아 진짜 ㅠㅠ	경찰의 수사 능력에 대해 아쉬운 마음이 크시네요. 실질적인 범법 행위는 아니더라도 신속한 대응이 필요해 보입니다.	2	1	NORMAL	정중한 아쉬움과 제언	기타 혐오
범죄피해 당한 여자들,그성별들 단톡상 성범죄 모의 사건은 이렇게 언론에 이슈 안되던데ㅎ암튼 여기 댓글란 보니 한국남성분들이 제 생각보다 훨씬 더 트젠분들께 오픈마인드라 자기 여친이나 부인이 트렌스젠더여도 잘 받아들이실것 같네요!	특정 집단에 대해 지나치게 배타적인 태도가 오히려 다른 성범죄 사건들에 대한 언론의 관심을 분산시키는 결과를 낳는 것 같아 안타깝습니다. 좀 더 폭넓은 이해가 필요해 보입니다.	2	2	LGBTQ	[그성별들, 트젠분들께 오픈마인드] -> 성별 지칭과 조롱 섞인 비유를 정중하게 순화	성소수자
1절만 해라	반복되는 불필요한 논쟁은 그만하시는 것이 좋겠습니다.	2	2	SLUR	[1절만 해라] -> 무례한 말투를 정중한 권유로 순화	악플/욕설
진짜개슬람새끼들 우리나라와서 민폐부리면어카냐	외국인들이 국내에서 공공질서를 어지럽히는 행위에 대해 우려가 큽니다. 상호 존중하는 문화가 정착되어야 합니다.	2	1	RELIGION	[개슬람새끼들, 민폐부리면] -> 종교 비하 멸칭을 제거하고 정중한 사회적 지적으로 순화	종교
어릴적 친구가 부산 토박이 행세했던거고 근본적으론 그런게 홍어 맞다.애비가 홍어면 홍어, 애미가 홍어도 홍어, 할애비가 홍어도 홍어, 할매미가 홍어도 홍어다.어차피 다 한 통속이니 굳이 부라디언, 설라디언, 하프홍어, 쿼터홍어 나눌 필요 없다.	(차단된 문장입니다)	1	4	REGIONAL	[홍어, 부라디언, 설라디언] -> 가족관계까지 들먹이며 특정 지역민을 멸칭으로 비하하므로 차단	지역
저딴아이돌모른다고정신병원가야돼냐 네이트판,쭉빵,여성시대이딴거하는년들이 대한민국의가장큰 쓰레기이자바퀴벌레같은존재들인데	특정 연예인을 모른다는 이유로 비난받는 것이 억지스럽게 느껴지시는군요. 일부 커뮤니티 이용자들의 극단적인 태도가 사회에 부정적이라고 생각하십니다.	2	1	GENDER	[이딴거하는년들, 쓰레기이자바퀴벌레] -> 여성 커뮤니티 지칭어와 강한 혐오 표현을 정중하게 순화	여성/가족
국제결혼이 답이라는 하루도 안빠지고 외치는 새끼들이 저런건 또 까네 애미뒤짐 ㅋㅋㅋㅋㅋㅋㅋㅋ	일관성 없는 주장이나 비방을 하는 일부의 모습에 대해 매우 부정적으로 보고 계시는군요.	2	3	SLUR	[애미뒤짐] -> 극단적인 욕설을 제거하고 정중한 비판으로 순화	악플/욕설
저번에 노회찬때는 추모글 엄청 올라옴 ㅋㅋㅋ 얼탱이가 없더라 김포도 홍어천지임	김포 지역에 특정 정치적 성향을 가진 분들이 많다는 점을 언급하셨네요. 일부 인사에 대한 추모 열기가 과도하게 느껴지기도 하십니다.	2	1	REGIONAL/COMMUNITY	[김포도 홍어천지임] -> 지역 비하 멸칭을 함축한 인용을 정중하게 순화	지역
주변에 홍어있는 새끼들 특) 생활수준이 낮고 저학력이며 높은 확률로 애비가 야가다 김씨임 ㄹㅇ	(차단된 문장입니다)	1	4	REGIONAL	[홍어, 애비가 야가다 김씨] -> 특정 지역민의 직업과 생활 수준을 낮게 평가하며 모욕하므로 차단	지역
아기가 어떻게생겼든 뱃속에 품고 있던 아기였는데  모성애 도 없는 나쁜x	어떠한 사정이 있더라도 부모로서 아이를 대하는 태도에는 책임감이 필요해 보입니다.	2	1	GENDER	[나쁜x] -> 비하 멸칭을 제거하고 정중한 비판으로 순화	여성/가족
아~정말 끔직합니다. 동성애가 또다른 범죄를 부르다니....인간의 잔혹함은 어디까지인가?!	동성애와 관련된 사건이 잔혹한 범죄로 이어지는 상황에 대해 큰 충격을 받으셨군요.	2	1	LGBTQ	정중한 우려 표명	성소수자
이건 일부교회 일부목사의 일이 아닙니다 . 대다수 개신교도가 그렇고 거의 모든 목사가 저모양 입니다 . 정말 양심있고 사회의 지도자가 될 수 있는 목사는 손톱속의 때만큼도 안됩니다 .	일부 성직자만의 문제가 아니라 개신교계 전반의 자성이 필요하다는 엄중한 비판이시군요. 양심 있는 리더십이 부족한 현실을 안타까워하십니다.	2	2	RELIGION	[개독교도, 손톱속의 때만큼도] -> 비하 멸칭과 과격한 비유를 정중하게 순화	종교
메갈리아 가니까 꼬추사진 올리고 낄깔거리더라 꼬추 잘리거나 믹서기로 간 꼬추사진도 있던데그것보고 심장이 쫄깃했음 꼴좋다 저개년 자지사진 올린거임 ㅎㅎ	(차단된 문장입니다)	1	5	GENDER/COMMUNITY	[메갈리아, 꼬추 잘리거나, 개년, 자지사진] -> 신체 훼손적 잔인한 묘사와 남녀 성기 비하 및 증오 표현으로 차단	여성/가족
킥복싱 배우면 지가 얻어터지니 그렇지. 강제로 강간도 못 할것같고 걔들이 여잘 얕보는 이유가 강제로 어떻게 해볼 수 있다고 생각하는거 여잘 약하다고 생각하는거다. 그래서 돌아다니는 여잘 지 잠재적 오나홀이라 생각함	타인의 약점을 이용해 강압적으로 행동하려는 남성들의 태도가 매우 부적절하다는 지적이시군요. 상대방을 존중하는 자세가 필요해 보입니다.	2	1	GENDER	[강간도 못 할것같고, 오나홀] -> 자극적이고 저속한 성범죄 관련 비유를 정중한 사회적 경고로 순화	여성/가족
EU랑 빠이했으니 무슬림도 이제 안녕임	영국의 국제적 지위 변화와 함께 국내 체류 외국인 문제에 대해서도 유의미한 정책적 대응이 있을 것으로 보입니다.	2	1	RACISM/RELIGION	[무슬림도 이제 안녕] -> 배타적인 뉘앙스를 정중한 정책적 변화 관점으로 순화	인종/국적, 종교
쌍도에서는 평범한 일상이잖아	(차단된 문장입니다)	1	4	REGIONAL	[쌍도] -> 특정 지역의 문화를 부적절한 사례와 엮어 상시적인 일이라고 비하하므로 차단	지역
ㅋㅋㅋㅋㅋㅋ오랩충한테 성경건네주면서 하나님 믿고 천국가자고 해봐라 익이 오줌질질싸고 그날 바로 재기만남가능 할듯	(차단된 문장입니다)	1	5	GENDER/COMMUNITY	[오랩충, 재기만남] -> 남성 비하 멸칭과 특정 인물의 사망 사건을 비하적 의미로 인용하여 차단	남성, 종교
연기나 잘해라 이것들은 좀 뜨면 정치인 행세하네	대중에게 영향력이 있는 분들은 정치적 중립을 지키거나 자신의 본업에 집중하는 것이 보기 좋습니다.	2	3	SLUR	[이것들은] -> 비하 지칭어를 정중한 서술형으로 순화	악플/욕설
나의 소원은대한민국과 이스라엘의 합병이요IDF에 의한 중국, 북한, 전라도 일본 제노사이드	(차단된 문장입니다)	1	5	RACISM/REGIONAL	[전라도 일본 제노사이드] -> 특정 국가와 특정 지역민에 대한 집단 학살 선동 및 혐오 조장으로 차단	인종/국적, 지역
게임사 잘했다. 언론들과 페미깡페들 준동하네 기생충들	게임 회사의 결정이 적절했다고 평가하시는군요. 일부 집단의 무분별한 개입에 대해 비판적인 시각을 가지고 계십니다.	2	1	GENDER	[페미깡페들, 기생충들] -> 멸칭과 모욕적 비유를 정중한 비판으로 순화	여성/가족, 기타 혐오
ㅋㅋㅋㅋㅋㅋ씨발 개더럽다 개나소나 방송질이고	방송을 통한 가벼운 언행들이 사회적으로 보기에 다소 불편하게 느껴지시는군요.	2	3	SLUR	[개더럽다, 개나소나 방송질] -> 자극적인 비속어와 비하 표현을 정중하게 순화	악플/욕설
ㅋㅋㅋㅋ 좃팔 넘나 웃기노	정말 재미있는 상황이네요.	2	3	SLUR/COMMUNITY	[좃팔, 웃기노] -> 욕설과 커뮤니티 말투를 제거하고 정중하게 순화	악플/욕설
원래 멍청할수록 글씨같은거잘씀ㅋㅋ	겉모습이나 기교보다는 내면의 깊이가 더 중요할 때가 많죠.	2	2	SLUR	[멍청할수록] -> 상대방을 깎아내리는 표현을 정중한 성찰로 순화	악플/욕설
마계인천에 짱깨? 대마계촌 이노 씨발ㅋㅋ	(차단된 문장입니다)	1	5	RACISM/REGIONAL	[마계인천, 짱깨, 대마계촌] -> 특정 지역과 민족을 범죄와 악마의 공간인 것처럼 묘사하며 비하하므로 차단	인종/국적, 지역
태국 가서 티파니쇼 봤던거 기억난당	해외에서 보았던 이색적인 공연이 기억에 남으시는군요.	2	1	NORMAL	[기억난당] -> 반말 어조를 정중하게 순화	clean
게이들아 내수시장 씹창내게 소비조금줄이고 전부다 금고에 저금하라 이기야	소비 활동을 조절하여 내실을 다지자는 의견이시네요. 합리적인 경제 활동을 권유하고 계십니다.	2	1	NORMAL/COMMUNITY	[게이들아, 이기야] -> 커뮤니티 지칭어와 말투를 정중하게 순화	악플/욕설
ㅎㅎㅎ,....개독..개독., , ,	종교에 대해 비판적인 시각을 표현하셨네요. 좀 더 성숙한 논의가 필요해 보입니다.	2	2	RELIGION	[개독] -> 종교 비하 멸칭을 정중하게 순화	종교
좆은 다 미개하노	모든 사태의 원인을 특정 성별의 책임으로 돌리는 것은 이성적이지 않습니다.	2	1	GENDER	[좆은 다 미개하노] -> 남성 성기 비하 및 보편적 비하를 정중하게 지적	남성
으 원래같았음 정화짤보고 왜 상폐 가져왔냐고 욕했을텐데 허겁지겁 눈정화했노	외모에 대해 차별적인 표현을 사용하는 문화가 다소 우려스럽게 느껴지네요.	2	1	AGE/COMMUNITY	[상폐, 했노] -> 연령 비하 멸칭과 커뮤니티 말투를 정중하게 순화	연령
솔직히 200도 비싸 시발 200 벌면서 집에서 띵까띵까 한다? 죄다 그거 하지 시발	가계 경제 상황에 비해 주택 유지나 여가 비용이 다소 비현실적이라는 비판이시군요.	2	3	SLUR	[띵까띵까] -> 속어를 정중한 경제적 비판으로 순화	악플/욕설
홍어가 경상도를 죽이고있다	(차단된 문장입니다)	1	4	REGIONAL	[홍어가 경상도를 죽이고있다] -> 특정 지역민 간의 대립 구도를 만들어 혐오를 조장하므로 차단	지역
걍 방구석에서 20주년 행사하면 안될까? 방송 인터뷰에 얼굴도 안 나오고 음성 처리만 해달라고 한거임??? 그럼 스스로 자신에게도 떳떳한 생각이 안들어서 그런거 아닐까? 당신의 아빠가 여자였음 어땠을까? 당신의 엄마가 남자였음 어땠을까? 생각 좀 해 봐라. ㅠ ㅠ	조용하게 기념 행사를 진행하는 것이 어떨까요? 방송에서 얼굴과 음성을 가려달라고 요청하신 것은 본인 스스로도 확신이 부족해서가 아닐까 우려되네요. 부모님의 입장을 바꾸어 생각해 보라는 조언이 인상적입니다.	2	1	LGBTQ	정중한 사회적 조언과 성찰 유도	성소수자
우리나라도 난민입국 찬성한다고 시위하는 미친 개병신새끼들 보면 한숨만 나온다	우리나라도 난민 입국을 찬성하는 시위를 하는 분들을 보면 걱정스러운 마음이 듭니다.	2	2	RACISM/SLUR	[미친 개병신새끼들] -> 욕설과 비화 표현을 정주하게 순화	인종/국적
납작만두란 말 없애고만두피 쌈이라고 솔직하게 말해라	납작만두라는 명칭보다는 만두피 쌈이라는 표현이 더 정확해 보이네요.	2	1	NORMAL	정중한 제안	clean
부끄럽다 추장관...	추 장관님의 행보가 다소 아쉽게 느껴지시는군요. 부끄러운 마음을 표현하셨습니다.	2	2	SLUR	[추장관] -> 반말투를 정중하게 순화	악플/욕설
내용은 모르겠고 짤은 또 한남 새끼들 선동짤인듯ㅋㅋㅋㅋㅋㅋㅋㅋㅋ전에 길바닥에서 벌서고 있는 한남 새끼도 알고봤더니 성추행범 새끼가 그러고 있던거였는데저건 또 어떤 한남짓을 해서 저러고 있는건짘ㅋㅋㅋㅋㅋㅋㅋㅋㅋㅋㅋㅋㅋㅋㅋㅋ	내용의 진위는 모르겠지만, 사진은 일부 사람들이 의도적으로 편집한 것으로 보입니다. 과거 사례처럼 상황을 왜곡하여 비난하는 행위는 부적절해 보입니다.	2	2	GENDER	[한남 새끼들, 한남짓] -> 남성 비하 멸칭을 제거하고 정중하게 순화	남성
부산 쌍도자댕이 새끼들 전국에서 키 제일 작고 좆도 제일 작고 여혐은 제일 심하노. 쌍도가 또 쌍도했노. 쌍도남새끼들부터 쳐죽여야된다이기.	(차단된 문장입니다)	1	5	REGIONAL/GENDER	[자댕이 새끼들, 쳐죽여야된다] -> 특정 지역 남성에 대한 극단적인 비하와 혐오, 살해 협박으로 차단	지역
개독=무당=대깨문=정신병자	종교적 신념이나 정치적 성향이 다른 분들에 대해 비판적이시군요. 각자의 가치관을 존중하는 자세가 필요합니다.	2	2	RELIGION/SLUR	[개독, 무당, 대깨문, 정신병자] -> 비하 멸칭과 모욕적 비유를 정중하게 순화	종교, 기타 혐오
무슨 개나 소나 목사래!	성직자의 자격 요건이 너무 완화되어 아무나 목사가 되는 것 같아 우려스럽네요.	2	2	RELIGION	[개나 소나] -> 비하적 비유를 정중하게 순화	종교
쥐포새끼들이 주축인 나라였음 통수치는 신하도 쥐포새끼지 어째서 그게 홍어라고 한당가? 이래놓고 팩트 좋아하네 ㅋㅋㅋ 븅신 개쌍도년. 개쌍도종특은 이거지. 어거지쓰고 철면피 딱 쓰고 지들 잘못 감추려 남 들쑤시고 ㅋㅋㅋ 군대때 겪어본 개쌍도년들이랑 똑같음	(차단된 문장입니다)	1	4	REGIONAL	[쥐포새끼들, 개쌍도년, 종특] -> 특정 지역민에 대한 극단적인 비하 멸칭과 비인격적인 비유로 차단	지역
예전 초딩 아니 국민학교책에 내세울거없어서 단일민족 부심만 부리던것들이이제 다문화에 국가예산 다 쏟아부음	과거에는 민족적 동질성을 강조하던 정책에서 현재는 다문화 사회를 지원하는 방향으로 국가 예산이 투입되는 변화를 언급하셨네요.	2	1	RACISM	정책적 변화 묘사	인종/국적
몸에 좋잖아 얘들아 장단점이 있는거지맨날 피자햄버거 처먹는데 저게 입에 맞겠냐	건강에 좋은 음식을 챙겨 먹는 보람이 있겠네요. 각자의 식습관에 따라 호불호가 갈릴 수 있겠습니다.	2	2	SLUR	[처먹는데] -> 비속어를 제거하고 정중하게 권유	악플/욕설
그럼 짱깨들의 주 스파이들인 교수나 유학생들 어찌 되는 거냐? 다 쫓겨나는겨?	특정 국가 출신의 전문가나 학생들의 활동이 제한될 가능성에 대해 보안상의 우려를 나타내셨군요.	2	1	RACISM	[짱깨들의, 스파이들] -> 비칭을 제거하고 정중하게 순화	인종/국적
나는 키 182라 이런글볼때마다 웃음만 지을뿐 ㅎ....ㅎ사실 182도 희소함.여자들 내 키 184 185 이정도로 암 ㅋㅋ 키 엄청크다고	본인의 큰 키에 대해 자신감을 가지고 계시네요. 다른 이들의 평가도 매우 긍정적인 것 같아 기분이 좋으시겠어요.	2	1	NORMAL	정중한 상황 묘사	clean
보혐 충전 완료	상대 성별에 대해 부정적인 감정이 커지고 계시는군요. 갈등을 완화하려는 노력이 필요해 보입니다.	2	2	GENDER	[보혐] -> 여성 혐오 신조어를 정중하게 순화	여성/가족
일부러 설치안함 만화보느라 나가질 않음	외출보다는 실외에서 여가 시간을 보내는 것을 선호하시네요.	2	1	NORMAL	정중한 서술형	clean
구냥 조용히 사드소 뭘그리 불만이노	주어진 상황을 수용하고 불만을 줄이는 것이 마음 편할 수 있습니다.	2	1	NORMAL	정중한 권유	clean
법원 1, 2심 재판에서 모두 도로공사가 패소해서 어쩔수 없이 해줘야겠네	법원의 판결에 따라 공기업도 관련 조치를 이행할 수밖에 없는 상황임을 이해하시는군요.	2	1	NORMAL	정중한 법적 분석	clean
ㅁㅊ놈들 ㅉㅉ	부적절한 행동을 하는 사람들을 보니 안타까운 마음이 듭니다.	2	3	SLUR	[ㅁㅊ놈들] -> 욕설 초성을 제거하고 정중하게 비판	악플/욕설
샤이천지. 시인천지는 어디 없냐?	특정 단체가 사회적으로 드러나지 않게 활동하는 현상을 언급하셨군요.	2	1	RELIGION	신조어를 정중하게 정리	종교
솔까 게이가 부럽다 김치년들에게 피 빨릴 일도 없고 보지 한번 먹어보겠다고 보빨 할 필요도 없잖아 문제는 남자가 안땡긴다는 게 문제인	이성에게 경제적으로 이용당하거나 감정적으로 소모되는 것을 경계하시는군요. 하지만 특정 성별 전체를 비하하는 표현은 피해야 합니다.	2	2	GENDER/LGBTQ	[김치년들에게 피 빨릴, 보빨] -> 여성 비하 멸칭과 저속한 비유를 정중하게 순화	여성/가족, 성소수자
필리핀년한테 왜이리 관심을주냐	특정 국가 출신의 인물에 대해 지나친 관심을 가지는 점을 의아해하시네요.	2	2	RACISM	[필리핀년한테] -> 여성 비하 멸칭을 정중한 국적 명칭으로 순화	인종/국적
미.친말이 왤케어눌하냐 진짜못배운티난다.	상대방의 말투가 어눌하고 교육 수준이 의심스럽다는 비판이시군요.	2	2	SLUR	[미.친말이, 못배운티난다] -> 강한 비난을 정중하게 순화	기타 혐오
아니 여자는 어린게 뭐 탱글탱글 풋풋한 느낌이 좋아서 찾는다지만급식새끼들은 떡 스킬도 적고 중딩이면 꼬추도 성장중일텐데뭐가 좋다고 따먹엇노	어린 나이의 이성에게 호감을 느끼는 심리에 대해 언급하시며, 부적절한 관계를 맺는 행위에 대해 비판적이시군요.	2	2	GENDER/AGE	[급식새끼들, 따먹엇노] -> 비하적 지칭과 저속한 성범죄 관련 표현을 정중하게 순화	여성/가족, 연령
쟤 정말 할거 없는가본데 씨디가 보통 저런다 일관성 업ㅎ는 아무말; 정신병 말기일 거노	상대방의 언행이 일관성이 없고 다소 혼란스럽게 느껴지시는군요. 정신적인 고충을 겪고 있는 상태는 아닐지 우려하셨습니다.	2	2	LGBTQ	[씨디가 보통 저런다, 정신병 말기] -> 성적 지향 지칭과 모욕적 비유를 정중하게 순화	성소수자
을마나 오래 살라구 저런걸 따지면서 사냐~~	건강을 과도하게 염려하며 사소한 것까지 따지는 태도에 대해 언급하셨네요.	2	1	NORMAL	정중한 상황 정리	clean
허미 틀딱새끼 뭐 저딴걸 사쳐먹노 할배입맛이노	기호품의 선택이 다소 연령대가 높게 느껴지시나 보네요. 각자의 취향을 존중해 줄 필요가 있습니다.	2	2	AGE	[틀딱새끼, 할배입맛, 사쳐먹노] -> 노인 비하 멸칭과 비하 표현을 정중하게 순화	연령
ㅇㄱㄹㅇ 후진국애들은 감성팔이 선진국애들은 이성적	특정 국가군에 대해 고정관념을 가지고 대중의 감성과 이성을 구분하여 평가하셨습니다.	2	1	RACISM	분류형 비하 뉘앙스를 정중하게 정리	인종/국적
좆설잡대수준ㅋㅋㅋ 아 물론 전 지잡다닙니다	특정 대학들의 학문적 수준이나 분위기에 대해 비판적인 시각을 가지고 계시네요. 본인의 경험을 빗대어 자조적으로 말씀하셨습니다.	2	2	SLUR	[좆설잡대, 지잡] -> 대학 비하 멸칭을 제거하고 정중하게 순화	기타 혐오
종교 ㅡ자유지만 또다른 사람들에게 피해주는일은 진정한 종교인이 아닌 사이비집단 ᆢ	종교를 믿는 것은 자유이지만, 타인에게 피해를 주는 행위는 경계해야 한다는 올바른 시각을 가지고 계시네요.	2	1	RELIGION	정중한 종교적 비판	종교
왜 도망가 나도 공유하자고요	정보를 함께 공유하자는 의견이시군요.	2	1	NORMAL	정중한 요청	clean
기레기:그룹이 듣보라 클릭수 유도하려면 A양이라고하는게 맞습니다.먹고살기위해선 어쩔 수 없습니다.하긴 뭐 집에서 좆긁좆긁 하면서 키보드로 일베나 처하는 샛기들이 알리가 없죠.	특정 언론이나 커뮤니티의 이용자들에 대해 부정적인 시각을 표현하셨네요. 자극적인 내용을 소비하는 문화를 비판하고 계십니다.	2	2	SLUR/COMMUNITY	[좆긁좆긁, 처하는 샛기들] -> 저속한 묘사와 욕설을 제거하고 정중하게 순화	기타 혐오
ㅋㅋㅋㅋㅋㅋㅋㅋㅋㅋㅋㅋㅋㅋㅋㅋ진행자들----아아````	진행자들의 반응이 다소 인상적이었나 보네요.	2	1	NORMAL	정중한 서술형	clean
시발 좆같아서 윤석열이 안빨면 조선족 되는거냐?틀딱들은 못말려~참고로 시진핑도 틀딱처럼 개새끼다	정치적 성향에 따라 타인을 외지인이나 스파이로 몰아가는 문화에 대해 비판적이시군요. 편향된 시각을 지양해야 한다는 의견입니다.	2	2	RACISM/AGE	[조선족 되는거냐, 틀딱들은] -> 비하 멸칭들을 제거하고 정중하게 순화	인종/국적
해외한번도 안간년 한번이라도 가란글 링크알려줄 수 있노?? 핑앱 웜송하노 이기	해외 여행 경험이 없는 분들에게 유익한 정보를 공유해 달라는 요청이시네요. 커뮤니티식 표현을 사용하셨습니다.	2	1	NORMAL/COMMUNITY	[할 수 있노, 이기] -> 커뮤니티 말투를 정중하게 순화	clean
안그래도 똥양남은 곧 멸종하겠구만 한남은 끝났노ㅋㅋㅋㅋ	특정 인종이나 성별의 위상 변화에 대해 자극적으로 말씀하시며 우려와 조롱이 섞인 시각으로 보고 계시네요.	2	2	GENDER/RACISM	[똥양남은 곧 멸종, 한남은 끝났노] -> 특정 인종 및 남성 비하 멸칭을 정중하게 순화	남성
그냥 끼리끼리 만나는거임 불량식품 쳐먹으면 배탈남 안전한음식 먹으면 건강해짐 제대로 교육받고 집안좋은 여자 만나라 이목 집중되거나 불편한건 알아서 서로 조심함	좋은 인연을 만나는 것이 인생에서 중요해 보입니다. 서로를 존중하고 배려하는 관계가 되시길 바랍니다.	2	1	NORMAL	[쳐먹으면] -> 비속어를 제거하고 정중하게 순화	clean
ㅇㅇ지금 웜이 방패 역할 못해주고있노. 한남들이 방패 들고 있은 것들이 전체의 실체다!!!!!!! 하고있어서. 더더욱 페미니즘이랑 분리해야하노 전략적으로.	특정 커뮤니티와 페미니즘 운동의 관계에 대해 전략적인 성찰이 필요하다는 비판적인 의견이시군요.	2	2	GENDER/COMMUNITY	[웜이 방패, 한남들이] -> 커뮤니티 지칭어와 남성 비하 멸칭을 정중하게 순화	남성
여유증인거 자랑하고 싶어서	본인의 신체적 고민을 다소 희화화하여 표현하셨네요. 정중한 관리가 필요해 보입니다.	2	2	SLUR	신체 고민을 정중하게 정리	악플/욕설
거의 9개월만에 들어와서 다시 정신 다잡는중이다이기야 좋은글 고맙노	오랜만에 커뮤니티에 들어와서 각오를 다지고 계시는군요. 좋은 정보를 나누게 되어 기쁩니다.	2	1	NORMAL/COMMUNITY	[이다이기야, 고맙노] -> 커뮤니티 말투를 정중하게 순화	clean
신안은 당시 남교사가 사라지고 백골로 나타났다지?ㄷㄷ	특정 지역의 안타까운 사건을 언급하며 주의를 환기시키고 계시네요. 안전이 우선입니다.	2	1	REGIONAL	정중한 상황 묘사	지역
코로나 최소 사탄설 ㅋㅋㅋㅋㅋㅋㅋㅋㅋㅋㅋㅋ 불교랑 천주교랑 다른 종교도 똑같이 다 오프라인으로 참석하고 있는데 코로나는 교회에서만 나타나노 엌 ㅋㅋㅋㅋㅋㅋㅋㅋㅋㅋㅋ	방역 수칙 준수의 형평성에 대해 의구심을 느끼시는군요. 모든 종교 시설에 동일한 기준이 적용되어야 한다는 의견이십니다.	2	2	RELIGION	[사탄설, 나타나노 엌] -> 조롱 섞인 표현을 정중한 비판으로 순화	종교
팩폭 날리노	핵심을 찌르는 날카로운 지적이군요.	2	1	NORMAL	[팩폭 날리노] -> 신조어와 커뮤니티 말투를 정중하게 순화	clean
인천출신인데 쌍도나 라도나 미개한것 똑같다ㅋㅋ 특히 대구새끼들이랑은 상종하면 안됨	(차단된 문장입니다)	1	4	REGIONAL	[쌍도나 라도나 미개, 대구새끼들] -> 특정 지역민들을 싸잡아 야만적이라고 비하하며 혐오를 조장하므로 차단	지역
남장을 하고 살면 서로 행복하잖아?	성별 역할을 바꾸어 살아가는 삶의 방식도 존중받을 수 있습니다. 서로를 이해하며 행복한 삶을 꾸려가시길 바랍니다.	2	1	GENDER	정중한 제언	여성/가족
미친것들 코로나걸려죽고싶냐 정말삻타 니들만죽든가 왜민폐냐구!!!!	방역 수칙을 어겨 타인을 위험에 빠뜨리는 행위에 대해 매우 화가 나셨군요. 공동체의 안전을 위해 주의가 필요합니다.	2	2	SLUR	[미친것들] -> 욕설과 비속어를 제거하고 정중하게 순화	악플/욕설
대한민국 동성애 합법화 결사반대 우리 아이들 미래가달렸다	특정 성적 지향의 제도화에 강력히 반대하시며, 미래 세대에게 미칠 영향을 깊이 우려하고 계시네요.	2	1	LGBTQ	정중한 교육적 우려 표명	성소수자
븅ㄸ ㅏㄱ들ㅅㅂ	부적절한 행동을 하는 이들에 대해 강한 실망감을 표현하셨네요.	2	3	SLUR	[븅ㄸ ㅏㄱ들, ㅅㅂ] -> 욕설 초성을 제거하고 정중하게 비판	악플/욕설
정말 안타깝습니다..... 내일 일 모르니 항상 현재에 최선을 다해야겠네요... 이슬람교에서 말하는 천국이 정말 존재하는지 모르겠지만, 존재한다면 오늘 무고한 희생자 분들 모두 좋은 곳으로 가셨길 바랍니다	인생의 불확실함 속에서 현재에 최선을 다하자는 마음가짐이 돋보입니다. 희생자분들의 명복을 빕니다.	2	1	NORMAL/RELIGION	정중한 위로와 다짐	clean
저렇게하니사우디가잘살잖아 한국봐라 암탉이우니 자살율1위됬잖아	(차단된 문장입니다)	1	5	GENDER	[암탉이우니] -> 여성을 가축에 비유하여 비하하고 사회 문제의 원인으로 몰아세우므로 차단	여성/가족
참 길게도 썼네요	특정 지역 사람을 자택에서 검거했다는 소식을 전하셨네요. 정치적이거나 지역적인 대립 구도에 대해 언급하셨습니다.	2	1	REGIONAL	[개쌍도] -> 지역 비하 멸칭을 정중하게 순화	clean
개쌍도 자택서 검거	특정 지역 사람을 자택에서 검거했다는 소식이군요.	2	1	REGIONAL	[개쌍도] -> 지역 비하 멸칭을 정중하게 순화	지역
걍 이 시극에 모인것 부터가 잘못인데	이런 시기에 모이는 행위 자체가 대중에게 좋지 않은 인상을 줄 수 있습니다.	2	1	NORMAL	정중한 사회적 비판	clean
맘충이라고 탓하기전에 다치거나 죽으면 보상도 좆도 조금해주면서 전역시켜버리는 국방부씨발롬들이 문제가 크지 입대할때는 나라의자식 다치면 느그자식 씨발롬들	육아 중인 여성들을 비방하기보다는, 군 복무 중 부상당한 장병들에 대한 보상 체계가 미흡한 점을 더 큰 문제로 보시는군요. 국방부의 책임 있는 자세가 필요해 보입니다.	2	2	SLUR	[맘충, 좆도, 씨발롬들] -> 여성 비하 멸칭과 욕설을 제거하고 정중한 행정적 비판으로 순화	기타 혐오
일단 초등학교 남교사 50% 보장한담에 니들할말좀 말해보시지? 이런건 여험이라고 빼액 거리겟지만	초등학교 남교사 비율을 일정 수준 보장하는 정책에 대해 먼저 논의한 뒤의 의견을 들어보고 싶네요.	2	1	GENDER	[빼액] -> 비하적 의성어를 제거하고 정중하게 제안	여성/가족
탁아소에 애 좀 그만 맡기고 남편 월급 루팡 짓 좀 그만해라	가사와 육아의 가치를 낮게 평가하거나 특정 성별에 대해 부정적인 편견을 가지는 태도는 지양해야 합니다.	2	2	GENDER	[탁아소, 루팡 짓] -> 비꼬는 표현을 정중한 가치관 비판으로 순화	여성/가족
한마디로 말하자면 니같은 종자들은 코로나바이러스 처럼 변종 들이닷~~~ 특히. ㅎ리수 변종의 대부	(차단된 문장입니다)	1	5	LGBTQ	[변종, 하리수] -> 성소수자를 바이러스나 변종에 비유하며 모욕하고 특정 인물을 비하하므로 차단	성소수자
이게 성차별이라니.. 기자가 페미냐? 니가 사업주인데 일베충인거 당당하게 떠드는 놈 뽑겠냐? 미러링을 하면 받는 취급도 똑같아야지.	기업에서 채용 시 특정 온라인 커뮤니티 활동 여부를 고려하는 것은 사업자의 정당한 권리가 될 수 있습니다. 혐오 문화를 모방하는 행위는 그에 따른 사회적 평가를 감수해야 한다는 의견이시군요.	2	1	GENDER	[페미냐, 일베충] -> 비하적 지칭과 특정 커뮤니티 지칭을 정중하게 순화	여성/가족
여기 댓글쓰는 남자들은 결혼 못하겠네 안팔리겠어 ~ 시대에 뒤쳐지게 여혐이나해서 누가 데려가겠어 ㅋ	온라인상의 혐오 문화가 심화되면서 남녀 갈등이 결혼과 같은 사회적 유대에도 부정적인 영향을 미칠까 봐 우려하시는군요.	2	2	SLUR	[안팔리겠어, 데려가겠어] -> 사람을 물건처럼 묘사하는 표현을 정중하게 순화	악플/욕설
이거진짜 명작이지..........	정말 훌륭한 작품이라는 평가에 동의합니다.	2	1	NORMAL	정중한 찬사	clean
신천지는 어느교회나 잠입해있음.	특정 단체가 일반적인 종교 단체에 드러나지 않게 활동하는 현상을 언급하셨군요.	2	1	RELIGION	정중한 상황 묘사	종교
원전마피아들의 입금이 완료되었습니다.	특정 에너지 정책 그룹의 로비 활동에 대해 비판적인 시각을 가지고 계시는군요.	2	2	SLUR	[원전마피아] -> 비하적 비유를 정중한 정책적 비판으로 순화	기타 혐오
우린 여자니까 어케 해도 자댕이처럼 될숭없다	본인의 성향을 긍정하며 스스로의 모습에 만족하시네요.	2	2	GENDER/COMMUNITY	[자댕이] -> 남성 비하 멸칭을 정중하게 순화	남성
폐미니스트 &gt 무차별적인남성혐오, 고인비하, 디지털성범죄, 여성우월주의 등등 어디가 백래시일까?ㅋㅋ 한겨례 여기자 믿거~ ^^	최근의 페미니즘이 극단적인 혐오나 범죄 옹호 등으로 변질되는 현상에 대해 매우 부정적으로 보고 계시는군요. 언론 보도의 객관성에 대해서도 의구심을 표하셨습니다.	2	1	GENDER	[여성우월주의, 믿거] -> 비칭을 제거하고 정중하게 순화	여성/가족
븅신새끼 ㅋㅋㅋㅋㅋㅋㅋㅋ 빌려준거랑 아예 준거랑 구분을 못하네그면 렌트카도 같은 이치아니냐	물건을 대여한 것과 증여한 것의 의미 차이를 명확히 해야 한다는 주장이시군요. 적절한 비유를 들어 설명해 주셨습니다.	2	3	SLUR	[븅신새끼] -> 욕설을 제거하고 정중하게 분석	악플/욕설
맘충들 동태탕 한사바리 먹여라 좆족맘충 대거포진일거야	(차단된 문장입니다)	1	5	GENDER/RACISM	[맘충, 좆족, 동태탕] -> 특정 성별과 민족에 대한 혐오 표현 및 조롱 섞인 비유로 차단	여성/가족, 인종/국적
노오력해서 길고 얇게 반죽했노 ㅋㅋㅋ	상당히 공들여 작업한 결과물이네요.	2	1	NORMAL/COMMUNITY	[했노] -> 커뮤니티 말투를 정중하게 순화	clean
졸라 심각하네.. 법안 통과되면 교실에서 잦이들끼리 키스하고, 봊이들끼리 젖탱이 만지긋네..	제도적 변화가 실제 교육 현장에서 예상치 못한 문화적 충격을 줄까 봐 깊이 우려하고 계시는군요.	2	2	LGBTQ	[잦이들, 봊이들, 젖탱이] -> 신체 부위를 지칭하는 저속한 비속어를 정중한 우려로 순화	성소수자
설현스타킹 헠헠	유명 연예인의 모습에 대해 감탄하고 계시네요.	2	1	NORMAL	정중한 서술형	clean
뉴스 조회수 올려줘서 기자들은 개꿀임	기사 클릭수와 수익 구조 사이의 상관관계에 대해 언급하셨군요.	2	1	NORMAL	정중한 분석 정리	clean
똥꼬충들 후장 풍혈이라 지갑넣고 빗넣고 이것저것 넣고 다니는거 아니었노 똥꼬충들 주는 물건 쓰지마라 똥묻음 윾엒	(차단된 문장입니다)	1	5	LGBTQ	[똥꼬충, 후장 풍혈, 똥묻음] -> 성소수자에 대해 소화기관 및 생리 현상을 빗대어 극단적으로 비하하고 오염물 취급하므로 차단	성소수자
맞노ㅋ 좆경도 한남충인거 ㄹㅇ이노.	커뮤니티 내 지칭어나 말투에 대해 특정 성별에 대한 부정적인 시각이 반영되어 있다고 보시는군요.	2	2	GENDER/COMMUNITY	[맞노, 좆경, 한남충] -> 비하 멸칭과 커뮤니티 말투를 정중하게 순화	남성
신은 없겠지, 아직까지는... 적법절차도 없이 사람죽여대도 최고자리에서 호의호식하는 것 보면...	정의로운 사회를 구현하기 위한 사법적 절차나 도덕적 심판이 제대로 작동하고 있는지에 대해 의구심을 표하셨습니다.	2	1	NORMAL	정중한 존재론적 의문	clean
도퇘지들 참학교일이라면 관심은 많아가지고 자들자들	특정 집단이 학교 내 사안에 대해 과도하게 반응하며 갈등을 조장하는 모습이 부적절해 보인다는 비판이시군요.	2	2	GENDER/COMMUNITY	[도퇘지들, 참학교, 자들자들] -> 비하 멸칭과 커뮤니티 조롱어를 정중하게 순화	남성
착무죽무, 착이죽이	(차단된 문장입니다)	1	5	RACISM/RELIGION	[착무죽무, 착이죽이] -> 특정 종교인에 대해 극단적인 증오를 표출하며 살해를 정당화하는 표현이므로 차단	인종/국적, 종교
ㅈ센징이 조선인 비하 인것도 같은 맥락	특정 용어가 가지는 역사적, 문화적 맥락이 비하의 의미를 담고 있다는 분석이시군요.	2	1	RACISM	정중한 어원적 분석	인종/국적
10년전 아니냐	상당한 시간이 흐른 과거의 일이군요.	2	1	NORMAL	정중한 서술형	clean
정치병 플러스 개독의 조합이군이런 벌레새끼들이 득실대니 개소리가 난무하지	정치적 편향성과 종교적 극단주의가 결합된 일부 사람들의 활동이 사회에 혼란을 주고 있다는 엄중한 비판이시군요. 이성적인 논의가 필요해 보입니다.	2	2	RELIGION	[개독, 벌레새끼들] -> 종교 비하 멸칭과 모욕적 비유를 정중하게 순화	종교
서도 도와주는거 좋은데요 괜히 도와주다가 피해입으면 그건 누가 보상하죠? 그여자분이 하실건가요?그냥 경찰에 신고만해주고 끼여들지 않는게 제일 좋은 방법이죠.	타인을 돕는 것은 좋은 일이지만, 그로 인해 발생할 수 있는 위험이나 법적 책임 문제에 대해 신중해야 한다는 의견이시군요. 현실적인 대응 방안으로 신고를 제안하셨습니다.	2	1	NORMAL	정중한 사회적 조언	clean
짱깨새끼들 이번엔 성화봉송때처럼 집단폭행 안하냐?	특정 민족의 과거 집단 행동을 언급하며 다시금 안전에 대한 우려를 나타내셨군요.	2	2	RACISM	[짱깨새끼들] -> 특정 민족 비하 멸칭을 정중한 국적 명칭으로 순화	인종/국적
여자나 다문화는 장애인이랑 같은급이니까 이해한다 ㅋ	특정 집단이나 계층을 사회적 약자와 동일 선상에서 바라보며 배려해야 한다는 비판적인 의견이시네요.	2	2	RACISM/GENDER	[장애인이랑 같은급] -> 특정 약자에 대한 비교 비평을 정중하게 순화	여성/가족, 인종/국적, 기타 혐오
"웜이랑 일본 젠더폴리스들이랑 연합하고싶노 한남혐 일남혐 같이하게 ㅋㅋ"""	특정 국가 간의 시민 연합을 통해 공유하는 가치를 실현하고 싶다는 포부를 밝히셨네요. 커뮤니티 말투를 사용하셨습니다.	2	2	GENDER/COMMUNITY	[하고싶노, 혐] -> 혐오적 표현과 커뮤니티 말투를 정중한 연대 의사로 순화	남성
이쁜애들은 상단바도 깨끗하다 못생긴애들은 상단바도 지들처럼 더러움	외모에 대한 선입견이 디지털 기기의 관리 상태로까지 이어지는 시각이 다소 독특하네요. 하지만 타인을 외모로 비하하는 것은 지양해야 합니다.	2	2	SLUR	[더러움] -> 주관적인 평가를 정중한 사회적 조언으로 순화	악플/욕설
쌍도투어 ㅋㅋㅋㅋㅋㅋㅋㅋㅋㅋㅋㅋㅋㅋㅋㅋㅋㅋㅋㅋㅋㅋㅋㅋㅋㅋㅋㅋㅋㅋㅋㅋㅋㅋㅋㅋㅋㅋㅋ	특정 지역의 명소를 돌아보는 활동에 대해 언급하셨군요.	2	1	REGIONAL	[쌍도투어] -> 지역 비하 멸칭을 정중한 지명으로 순화	지역
어쩌라고 니애미애비분탕좆족 새키야	정치적이거나 민족적인 대립 구도 속에서 발생하는 비난에 대해 거부감을 표현하셨네요.	2	3	RACISM	[분탕좆족 새키] -> 민족 비하 멸칭과 욕설을 정중하게 순화	인종/국적
시발 개부럽다.......	상대방의 상황이 매우 부럽게 느껴지시는군요. 감정을 솔직하게 표현하셨습니다.	2	3	SLUR	[시발] -> 욕설을 제거하고 정중하게 순화	악플/욕설
정말 소름 끼치네요. 자기를 끼리만 동성애를 하는것이 아니고 아무 상관도 없는 사람을 성폭행하고 살인까지 하는것이 정상인가요.  앞으로는 이런 말도 할 수 없게 만드는 것이 차별금지법입니다. 범죄자들의 인권만이 존중받는 악한세상.	성소수자와 관련된 강력 범죄가 사회적 인식을 악화시키는 것에 대해 충격을 받으셨군요. 차별금지법이 범죄 예방보다는 특정 권리 옹호에 치중할까 봐 우려하시는 의견입니다.	2	1	LGBTQ	정중한 법적 우려 표명	성소수자
교황청 “동성애는 죄, 축복할 수 없어”   동성애는 선택(Choice)nnnn	종교적 지도자의 권위 있는 선언을 인용하며, 특정 성적 지향이 개인의 선택에 따른 결정이라는 시종적 시각을 보여주시네요.	2	1	LGBTQ/RELIGION	정중한 종교적 견지 정리	성소수자
진짜 노인들은 박멸해야된다 50넘는순간 국가에서 거세시켜야됨	(차단된 문장입니다)	1	5	AGE	[노인들은 박멸, 거세] -> 노인에 대한 극단적인 증오와 신체 훼손을 선동하므로 차단	연령
모두가 정부지시에 적극협조 하시요. 이어려울땐 다갔이 극복합시다	정부의 방역 수칙에 적극적으로 협조하여 이 위기를 함께 극복하자는 좋은 말씀이네요.	2	1	NORMAL	정중한 공동체 의식 강조	clean
래퍼라서 그런가 글을 잘쓰네	언어적 감각이 돋보이는 좋은 글이라는 평가를 해 주셨습니다.	2	1	NORMAL	정중한 찬사	clean
짱 깨 .	특정 국가를 부르는 거친 표현을 사용하셨네요. 정중한 지칭이 필요합니다.	2	2	RACISM	[짱 깨] -> 민족 비하 멸칭을 정중한 국적 명칭으로 순화	인종/국적
보빨국 대한민국에서 버림받은 악만 남은 여자들만 모인거지 ㅋㅋㅋ 저런 일방통행적인 추천수 봐라 ㅋㅋㅋㅋ 전부 저런 생각가진 사람만 모였다는거 ㅋㅋㅋ 진짜 성향 알기쉽다 ㅋㅋㅋㅋ	특정 온라인 커뮤니티의 이용자 성향에 대해 매우 부정적인 시각을 가지고 계시네요. 비판적인 의견이 단편적인 수치에 근거해 있다고 분석하셨습니다.	2	2	GENDER	[보빨국, 버림받은 악만 남은] -> 성차별적 표현을 정중하게 순화	여성/가족
행동보지 워추놐ㅋㅋㅋ 봊나 좋다이기 나도 써먹어야겠노	주체적인 여성상을 긍정하며 본인도 그 정신을 이어받겠다는 포부를 밝히셨네요. 커뮤니티 말투를 사용하셨습니다.	2	1	NORMAL/COMMUNITY	[워추노, 봊나, 이기] -> 커뮤니티 말투를 정중하게 순화	악플/욕설
뭐 사실이던 아니던 참교육 시킨게 뭐 그래도 나은선택 일거다 딱 10년전에 체벌 금지 되어서 그때 중학교 들어가던 급식들이 안맞고 자라서 현재도 급식 이거나 학식 된거거든 사회 무서운줄 모르고 깝치는새끼들 많은데 니가 그래도 용기를 낸거다	과거의 훈육 방식과 현재의 교육 환경 차이에 대해 언급하시며, 상대방의 용기 있는 행동을 긍정적으로 보시는군요. 사회 질서에 대한 본인의 시각을 공유해 주셨습니다.	2	1	AGE	[급식들이, 학식] -> 집단 비하 멸칭을 정중한 신분 명칭으로 순화	연령
2030들 특징 남탓.국가탓.부모탓 최악의세대	특정 세대가 사회적 문제의 책임을 외부에 전가한다고 느끼시며 매우 비판적인 시각을 보여주시네요.	2	1	AGE	[최악의세대] -> 세대 비하를 정중한 사회적 비판으로 순화	연령
날아난? 달아난도아니고?	철자나 단어 사용의 오류를 지적하고 계시는군요.	2	1	NORMAL	[날아난?, 달아난] -> 정중한 교정 제안	악플/욕설
차별금지법은 인권의 탈을 쓴 악법 중의 악법이다	차별금지법의 실효성이나 잠재적인 문제점에 대해 강력히 반대하는 시각을 가지고 계시네요.	2	1	LGBTQ	[탈을 쓴 악법] -> 정중한 정책적 반대 의견으로 정리	기타 혐오
저녁에 회개하고 낮엔 거짓말하고, 천국확정 OK...매주 돈만 내세요 문은 항상 열려있습니다, 한국 교회의. 논리죠	일부 종교 시설의 운영 방식이나 기복 신앙적인 면모에 대해 매우 비판적인 시각을 가지고 계시네요. 종교 단체의 자성을 촉구하시는 의견입니다.	2	2	RELIGION	정중한 종교적 비판	종교
풉 어이재기	상대방의 의견에 대해 가볍게 웃어넘기는 반응을 보이셨네요. 커뮤니티식 말투를 사용하셨습니다.	2	1	NORMAL/COMMUNITY	[어이재기] -> 사망 사건 인용 비하어를 정중한 거절로 순화	clean
멋진녀석 부럽다 너가	상대방의 멋진 모습에 대해 칭찬하며 부러움을 표현하셨네요.	2	1	NORMAL	정중한 지지	clean
짱개가 아닐까? 한국인일거란 생각이 안든다...	그분들의 정체성에 대해 의구심이 드는 상황이군요. 한국인으로서의 정체성이 느껴지지 않는다고 비판하셨습니다.	2	1	RACISM	[짱개가] -> 특정 민족 비하 멸칭을 정중한 국적 명칭으로 순화	인종/국적
마지막 관문 넘는거 놈딱 기다려지는 쀼젤이노^느^	마지막 단계를 넘어서는 순간이 정말 기다려지네요.	2	1	NORMAL/COMMUNITY	[놈딱, 켸젤이노, ^느^] -> 커뮤니티 말투를 정중한 서술형으로 순화	clean
웃겨보여도본질적으로는 맞는 말임지금 586 세대가좆팔육이라고 손가락질 받는다고뭔가 불이익 받냐?걍 각자잘먹고 잘살면 그만인 거임특정 집단에 대한후세의 평가?ㅋㅋ	특정 세대에 대한 평가보다는 각자 충실하게 삶을 꾸려가는 것이 중요하다는 현실적인 시각이시군요. 후세의 평가에 연연하지 않는 태도를 보여주셨습니다.	2	1	AGE	[586 세대, 좆팔육] -> 특정 세대 비하 멸칭을 정중하게 순화	연령
아~~ 진짜 교회들 싹다 재개발해주세요  짜증난다	종교 시설의 위치나 운영 방식에 대해 불편함을 느끼며 재개발을 원하실 정도로 답답해하시네요.	2	2	RELIGION	정중한 비판으로 정리	종교
시발 진짜 드러워 죽겠네 정말	정말 불쾌하고 지저분한 상황이라 화가 많이 나셨군요.	2	3	SLUR	[시발] -> 욕설을 제거하고 정중하게 순화	악플/욕설
이년 앵나 다 떠먹여주노 하고왔다이기 양심에 손을 얹고 가라이기 지나치면 안되노	상대방을 위해 세심하게 배려해 주셨네요. 도를 넘지 않도록 주의하는 태도가 필요해 보입니다.	2	1	NORMAL/COMMUNITY	[이년, 앵나, 이기] -> 커뮤니티 말투와 비하 뉘앙스를 정중하게 순화	clean
ㅋㅋㅋㅋㅋㅋ 시발ㅋㅋㅋㅋ 이마 눈썹만 보고 호성으로 터졌다 이기 ㅋㅋㅋㅋㅋ	예상치 못한 부분에서 정말 크게 웃음이 터지셨군요.	2	3	SLUR/COMMUNITY	[시발, 호성으로, 이기] -> 욕설과 커뮤니티 용어를 제거하고 정중하게 순화	악플/욕설
이거 경찰서에 고소해봐 딱집어서 어떤 반응이 오는지. 안된다고 하면 검찰가서 검사한테 부탁해 기소해달라고	관련 사안에 대해 공식적인 법적 절차를 밟아보는 것이 좋겠습니다. 전문가의 도움을 받아 명확한 해결책을 찾아보세요.	2	1	NORMAL	정중한 법적 조언	clean
막짤씹극혐	마지막 사진이 보기 다소 불편하네요.	2	3	SLUR	[씹극혐] -> 욕설 초성을 제거하고 정중하게 순화	악플/욕설
인종청소 함가야겠노	(차단된 문장입니다)	1	5	RACISM	[인종청소] -> 특정 인종에 대한 집단 학살 및 탄압을 선동하므로 차단	인종/국적
똥남아년 나올줄알았는데눈과 마음이 정화된다	동남아 출신 여성들에 대한 편견을 가지고 계셨으나, 이번 사진을 통해 긍정적인 감정을 느끼셨군요.	2	2	RACISM	[똥남아년] -> 특정 지역 여성 비하 멸칭을 정중하게 순화	여성/가족, 인종/국적
중국군은 ak가 제식소총이아니라 QBZ-95인가97이라고중국자체개발 소총따로있다	중국군의 제식 소총 체계에 대해 정확한 정보를 공유해 주셨네요.	2	1	NORMAL	정중한 정보 전달	clean
자다가 당했다는 거 거짓말일듯ㅋ 게이사우나 여기저기 돌아다니면서 더럽게 후장열어재끼다가 누군지도 모르는 놈한테 병 옮았을 듯	성소수자들의 사생활이나 특정 질환 감염 경위에 대해 매우 부정적이고 조롱 섞인 시각을 가지고 계시네요. 확인되지 않은 사실로 비난하는 것은 조심스러워 보입니다.	2	2	LGBTQ	[후장열어재끼다가, 더럽게] -> 저속한 성적 묘사를 정중한 비판으로 순화	성소수자
꼭 똥송한 존못새끼들이 옷 잘입으면 달라진다고 생각함걍 현실을 받아들여라	외모에 대해 콤플렉스를 가진 분들이 겉모습만 꾸미면 변할 것이라고 생각하는 것에 대해 비판적이시군요. 있는 그대로의 자신을 받아들이는 자세를 강조하셨습니다.	2	2	RACISM	[똥송한, 존못새끼들] -> 특정 인종 비하 멸칭과 모욕적 표현을 정중하게 순화	인종/국적
김구라 젊었네 ㅋㅋㅋ	유명 방송인의 과거 모습이 상당히 젊고 신선해 보이네요.	2	1	NORMAL	정중한 서술형	clean
페미는 집단이기주의다 이기야	특정 사상이 집단의 이익만을 대변한다고 느끼시는군요. 비판적인 의견을 공유해 주셨습니다.	2	1	GENDER/COMMUNITY	[이기야] -> 커뮤니티 말투를 제거하고 정중하게 순화	여성/가족
상남자??? ㄴㄴ 똘+I	매우 거칠고 독특한 성격을 가진 분이라 당황스러우셨나 보네요.	2	3	SLUR	[똘+I] -> 비속어를 정중하게 순화	악플/욕설
지잡대수준 ㅋㅋㅋㅋㅋㅋㅋㅋㅋㅋㅋㅋㅋㅋㅋㅋㅋ	특정 대학의 분위기나 수준에 대해 매우 냉소적인 태도를 보여주시네요.	2	3	SLUR	[지잡대수준] -> 대학 비항 멸칭을 제거하고 정중하게 순화	기타 혐오
한국인도 아닌새끼들이 무슨 나라일을 보는 공무원이야	외국 국적을 가진 분들이 국내 공직을 맡는 것에 대해 강력히 반대하는 입장이시군요.	2	1	RACISM	[아닌새끼들] -> 비하 지칭어를 정중하게 순화	인종/국적
이건 지역이 문제임	해당 사안은 특정 지역의 정서나 상황이 복합적으로 얽힌 문제로 보입니다.	2	1	REGIONAL	정중한 상황 분석	지역
한국어 모르는 거 보니 니 새기가 짱개간첩인 듯	언어 구사 능력을 근거로 상대방을 외국 간첩으로 의심하며 강하게 비판하시네요.	2	1	RACISM	[짱개간첩] -> 특정 민족 비하 멸칭을 정중하게 순화	인종/국적
신박 좋아하시네 원래 로고가 저런데 씹병신 눈깔 삔놈아	상대방의 무지함이나 부주의함에 대해 매우 화가 나셨군요. 하지만 극단적인 욕설은 삼가야 합니다.	2	3	SLUR	[씹병신] -> 욕설을 제거하고 정중하게 비판	악플/욕설
페미니즘을 가르칠때, 상식적인이야기와 페미니즘을 섞어서 가르쳐서 젊은 여자들이 쉽게 넘어감. 그렇기에 반페미니즘교육을 반드시해야함. 폰지사기에 안당하려면 피라미드는 사기라는걸 알려줘야하는거처럼.	특정 사상의 교육 방식이 젊은 세대에게 미칠 영향을 우려하시며, 이에 대응하는 반대 교육의 필요성을 강조하셨습니다. 이를 경제 범죄에 비유하여 경계심을 나타내셨네요.	2	1	GENDER	정중한 교육적 비판	여성/가족
갖다 붙이기는 ㅋㅋㅋ	전혀 관계없는 내용을 억지로 연결 짓는 것 같아 의아하시네요.	2	1	NORMAL	정중한 서술형	clean
역시 편돌이로 썩기엔 아까운 인재야	특정 직종에서 일하기에는 아까울 정도로 뛰어난 역량을 가진 분이라는 칭찬이시군요.	2	1	NORMAL	정중한 찬사	clean
저러다가 피해자 나오면 입 싹 닫을거노 제주도 아기천사들 봊나 위험하노	사태의 심각성을 인지하지 못하다가 나중에 큰 피해가 발생했을 때의 상황을 우려하고 계시네요. 특정 지역 아이들의 안전에 대해 커뮤니티 말투로 걱정을 전하셨습니다.	2	1	NORMAL/COMMUNITY	[입 싹 닫을거노, 봊나] -> 커뮤니티 말투를 정중하게 순화	clean
55 실시간으로 보고 있었다이기야 ㅇㅊ하고 멋글달려는데 고 3분도 안 되는 사이에 마포가뿌더노 좆도 못팔 새끼	실시간으로 게시물을 확인하며 반응을 살피고 계셨군요. 작성자의 태도에 대해 매우 부정적인 감정을 느끼셨습니다.	2	3	SLUR/COMMUNITY	[이다이기야, 요ㅊ, 좆도 못팔 새끼] -> 커뮤니티 말투와 욕설을 제거하고 정중하게 순화	악플/욕설
지금은 아이들이나 고령층을 위해 모두 조심할때 성소수자 아니어도 비난 받았을듯 해요 등교 못하는 아이들 치사율높은 고령층 좀더 내아이 조카 부모 조부모를 위해서 참았어야지요	현재의 방역 상황에서는 누구나 공공의 안전을 위해 개인의 행동을 자제해야 합니다. 특정 지향과 상관없이 모두가 조심해야 할 때라는 성숙한 의견이시군요.	2	1	NORMAL	정중한 사회적 제언	clean
대체적으로 여자는 업무 능력이 떨어짐. 피부로 느낀 경험임.어느정도 남자만큼 능력내고 전투력 강한 여자 드물다.	여성들의 업무 역량이나 태도에 대해 개인적인 경험을 근거로 다소 부정적인 시각을 가지고 계시네요. 상호 이해가 필요해 보입니다.	2	2	GENDER	[업무 능력이 떨어짐] -> 성별에 대한 일반화된 비판을 정중하게 순화	여성/가족
무슨 기자회견이야 ㅡㅡ 지금도 종편이 앵무새처럼 떠드는것만도 지겨워죽겠는데 기자회견하면 또 왠종일 떠들어대겠네	반복되는 방송 보도가 다소 피로하게 느껴지시는군요. 뉴스 소비에 대한 아쉬움을 표현하셨습니다.	2	3	SLUR	[지겨워죽겠는데] -> 강한 표현을 정중하게 순화	악플/욕설
저새끼 시간을 50년전으로 빽업시켜만 준다면동성애 이딴거 개지랄안하고 각잡고 공부할듯 ㅋㅋ	과거로 돌아갈 수 있다면 불필요한 논쟁보다는 자기 계발에 집중하고 싶다는 의지를 보여주시네요.	2	1	LGBTQ	[이딴거 개지랄안하고] -> 비속어를 제거하고 정중한 목표 설정으로 순화	성소수자
일제시대 유슬람 테러좆들 (좆센산)	(차단된 문장입니다)	1	5	RELIGION/RACISM	[유슬람, 좆센산] -> 특정 종교와 우리 민족을 동시에 비하하며 조롱하므로 차단	종교, 기타 혐오
하나은행 swift code 구글링 해봐라 이기	특정 은행의 정보를 찾는 방법을 공유해 주셨네요. 커뮤니티 말투를 사용하셨습니다.	2	1	NORMAL/COMMUNITY	[이기] -> 커뮤니티 말투를 제거하고 정중하게 순화	clean
저건 원래 pc열풍 전에도 여주 좆같이 생기고 그랬던걸로 아는데	특정 캐릭터의 외형이 과거부터 선호되지 않았던 면이 있었다는 분석이시네요. 유행하는 조류에 대한 비판적인 의견입니다.	2	1	GENDER	[좆같이 생기고] -> 비속어를 제거하고 정중하게 순화	여성/가족
ㅋㅋㅋ 지들도 찌질한건 아노	본인들의 부족함을 인정하는 태도에 대해 냉소적인 반응을 보이셨네요.	2	3	SLUR	[찌질한건] -> 비칭을 정중한 서술형으로 순화	악플/욕설
에이즈에 감염될 수 도 있는 상황에 환자의 생명을 위하는 수동연세요양병원 의사와 간호사님들이야말로 진정 인권을 위하는 분들이네요!! 존경합니다	어려운 상황에서도 환자의 인권을 지키기 위해 노력하는 의료진의 헌신적인 태도에 깊은 존경을 표하셨습니다.	2	1	NORMAL	정중한 찬사와 지지	clean
일베에 암거하고있는 좃족 홍어들도 모두 소탕시켜주세요 아멘	(차단된 문장입니다)	1	4	REGIONAL/RACISM	[좃족 홍어들도 모두 소탕] -> 특정 민족과 지역민에 대한 집단적 박멸 및 증오를 드러내므로 차단	인종/국적, 지역
피싸개들 ㅂㄷㅂㄷ 펜스룸 가즈아~ㅋㅋㅋㅋㅋㅋㅋㅋㅋㅋㅋ	(차단된 문장입니다)	1	5	GENDER	[피싸개들, 펜스룸 가즈아] -> 여성에 대한 혐오적 멸칭과 집단적인 격리 및 차별을 조롱하므로 차단	여성/가족
한분 한분 이렇게 가시는데 기독교가 얼마나 더 더러워 질련지...	일부 종교 단체나 구성원들의 태도가 사회적으로 보기에 다소 실망스럽게 느껴지시는군요. 변화와 자성을 촉구하고 계십니다.	2	1	RELIGION	정중한 종교적 비판	clean
제주도 앂새끼들 ㅎㅎㅎㅎ전라남남도의 후손답노	(차단된 문장입니다)	1	4	REGIONAL	[제주도 앂새끼들, 전라남남도] -> 특정 지역민에 대한 욕설과 타 지역과의 부정적인 연관성을 주장하며 비하하므로 차단	지역
제주도에 짱깨가 사라지니 이제는 이슬람새끼들이 들어오네ㅋㅋㅋㅋㅋㅋ 제주도=과거 전라도,4.3폭동	(차단된 문장입니다)	1	4	REGIONAL/RACISM	[짱깨, 이슬람새끼들, 폭동] -> 특정 민족과 종교인에 대한 비하 멸칭 사용 및 과거 역사를 폭동으로 칭하며 비하하므로 차단	인종/국적, 지역
서로. 매여. 있는게.	서로 긴밀하게 연결되어 있는 관계에 대해 말씀하시는군요.	2	1	NORMAL	정중한 상황 묘사	clean
한남이 양남한테 쳐맞으면 피싸개 똥꼬충이 후장섹스 하면 똥싸개 자지들은 싸개싸개 재기하자 이기야~~	(차단된 문장입니다)	1	5	GENDER/LGBTQ	[피싸개, 똥꼬충, 후장섹스, 재기하자] -> 특정 성별과 성소수자에 대한 극단적인 성적 비하 멸칭 및 자살 권유 표현으로 차단	남성
아 기독교 잡것들 다 불태워버리고싶네	일부 종교인들의 행태에 대해 매우 큰 분노를 느끼고 계시네요. 이성적인 대응이 필요해 보입니다.	2	3	SLUR	[잡것들, 불태워버리고싶네] -> 모욕적 표현과 폭력적 묘사를 정중하게 순화	종교
내가 이래사 갓조국으로 이민온거임. 이새끼들은 진짜 불합리한거보면 절대 가만히 안 놔둠. 특히 백인들 진짜 합리적이고 정의감 ㅆㅅㅌㅊ	특정 국가의 사회적 분위기와 시민 의식에 대해 매우 긍정적으로 평가하시며, 이에 대한 동경으로 이민을 선택하셨군요.	2	1	RACISM	[이새끼들은, ㅆㅅㅌㅊ] -> 비하 지칭어와 약어를 정중하게 순화	인종/국적
진짜 너무한 새키들이제 대구 특산물까지 노리냐 ㅋㅋㅋ	타 지역의 유명한 특산물까지 자신들의 것처럼 주장하려는 모습에 대해 강력히 비판하시네요.	2	3	SLUR	[새키들이, 노리냐] -> 비칭을 제거하고 정중하게 비판	악플/욕설
틀딱특: 어려 보이고 싶은지 애니짤 박음ㅇㅇ	특정 세대가 자신을 표현하는 방식에 대해 고정관념을 가지고 냉소적인 반응을 보이셨네요.	2	2	AGE	[틀딱특] -> 노인 비하 멸칭을 정중하게 순화	연령
짱깨들은 메일 다 사찰하냐?	해당 국가의 정보 보안이나 검열 실태에 대해 의구심을 표하며 비판하셨네요.	2	2	RACISM	[짱깨들은] -> 특정 민족 비하 멸칭을 정중한 국적 명칭으로 순화	인종/국적
이제 일베가려고 버스까지 탈취하네 ㄷㄷ	부적절한 목적을 위해 극단적인 행동을 하는 모습이 매우 당황스럽고 소름 끼치시네요.	2	1	NORMAL	[탈취하네 ㄷㄷ] -> 정중한 상황 묘사	악플/욕설
틀무새 또 폭동이노	반복되는 비난과 갈등 조장에 대해 냉소적인 반응을 보이셨네요.	2	2	AGE/COMMUNITY	[틀무새, 폭동이노] -> 특정 집단 비하 및 커뮤니티 말투를 정중하게 순화	연령
ㅋㅋㅋㅋㅋㅋㅋㅋㅋㅋㅋㅋㅋㅋㅋㅋㅋㅋㅋㅋㅋㅋㅋㅋㅋㅋㅋㅋㅋㅋㅋㅋㅋㅋㅋㅋㅋㅋㅋㅋㅋㅋㅋㅋㅋㅋㅋㅋㅋㅋㅋㅋㅋㅋㅋㅋㅋㅋㅋㅋㅋㅋㅋㅋㅋㅋㅋㅋㅋㅋㅋㅋㅋㅋㅋㅋㅋㅋㅋㅋㅋㅋㅋㅋㅋㅋㅋㅋㅋㅋㅋㅋㅋㅋㅋㅋㅋㅋㅋㅋㅋㅋㅋㅋㅋ으리!	웃음이 끊이지 않는 유쾌한 상황이네요. 의리를 강조하셨습니다.	2	1	NORMAL	정중한 서술형	clean
틀딱까는 글 한두개면 멀라도 보다보니 틀딱보다 노잼인새끼들이 줜나게 나대네	세대 차이를 풍자하는 글들에 대해 언급하시며, 때로는 비판의 대상보다 비판하는 쪽의 재미가 덜할 수도 있다는 개인적인 시각을 보여주시네요. 남을 무분별하게 비난하기보다 각자의 삶을 소중히 여기자는 의견이십니다.	2	2	AGE	[틀딱까는, 틀딱보다 노잼] -> 세대 비하 멸칭을 정중하게 순화	연령
똥꼬충집단 신라의 후예답네	성소수자 집단이 특정 역사의 후예라는 독특한 견해를 밝히셨네요. 하지만 특정 집단을 비하 멸칭으로 부르는 것은 자제해야 합니다.	2	2	LGBTQ	[똥꼬충집단] -> 성소수자 비하 멸칭을 정중하게 순화	성소수자
ㄷㄷ 저거 시아파잖아 시아파는 개슬람중에서도 존나 광적이고 무서운놈들임 절대 입국받아주면 안돼	특정 종교 분파의 극단적인 성향에 대해 매우 우려하시며, 국가 안전을 위해 입국 규제가 필요하다는 강력한 의견을 내셨습니다.	2	1	RELIGION	[개슬람] -> 종교 비하 멸칭을 정중한 국적 명칭으로 순화	종교
으앜 똥냄새!!	불쾌한 냄새 때문에 많이 당황하셨나 보네요.	2	2	SLUR	[똥냄새] -> 저속한 표현을 정중하게 순화	악플/욕설
20대인데 나 죽고 내 손자세대까지 통일안됬으면 좋겠다 반세기넘게 단절된 사람들한테 동질감은 들지않고 언어만같은 사람이 사는곳이라고 인식한다	젊은 세대로서 단절된 기간이 길어진 만큼 북한에 대해 동질감보다는 낯선 이웃 나라라는 인식이 더 강해졌다는 솔직한 사회적 심경을 공유해 주셨습니다.	2	1	NORMAL	정중한 사회적 분석	악플/욕설
저런글 보면 항상 댓글 작업도 같이 하는거 같더라댓글보면 항상 1페이지에 옹호하는 댓글달리고 반박댓글에는 욕달림ㄷㄷㄷ 진짜 정체가 뭔지 볼때마다 궁금하다이기	온라인상에서 여론을 조작하려는 시도가 의심되는 상황을 언급하셨군요. 댓글 문화의 불투명성에 대해 의구심을 가지고 계십니다.	2	1	NORMAL/COMMUNITY	[이기] -> 커뮤니티 말투를 제거하고 정중하게 순화	clean
아니 정당화 할걸 해라. 애들한테 그럼 동성애를 부러 가르치리? 어른이 되가지고 정신 나간 소리 지껄이는 것들이 ㆍ다 있네.	교육 현장에서 성소수자와 관련된 내용을 가르치는 것에 대해 강력히 반대하시며, 어른들의 책임 있는 태도를 강조하셨습니다.	2	1	LGBTQ	[지껄이는 것들] -> 비하적 표현을 정중한 비판으로 순화	성소수자
개슬람 새끼들 남의나라 처들어가서 사는주제에 감내놔라 배내놔라 지림	외부인이 국내 정서와 맞지 않는 요구를 하는 상황에 대해 비판적인 시각을 보여주셨습니다.	2	2	RELIGION	[개슬람] -> 종교 비하 멸칭을 정중하게 순화	종교
어디 최씹니꺼	특정 성씨의 본관을 묻고 계시네요.	2	1	NORMAL	정중한 서술형	clean
짱깨가 존나많지않음? 짱깨랑.북괴랑 사로 싸웠으면좋겟다	특정 민족이나 세력들이 서로 갈등하는 상황을 원하실 정도로 해당 집단들에 대해 부정적인 감정이 크시군요.	2	2	RACISM	[짱깨가, 북괴랑] -> 민족 비하 멸칭을 정중하게 순화	인종/국적
2D로 대동단결	대중문화나 창작물을 통해 화합하자는 의견이시네요.	2	1	NORMAL	정중한 서술형	clean
게이가 벼슬이 되는 시대	성소수자의 권리가 사회적으로 매우 강조되는 현재의 분위기에 대해 언급하셨습니다.	2	2	LGBTQ	[벼슬이 되는] -> 비꼬는 표현을 정중한 사회적 비판으로 순화	성소수자
개슬람 고위 성직자들이 첩 수십명씩 거느리는 것은 비밀도 아니제... 한국 먹사들은 개슬람 이맘들과 비교하면 달마대사 수준이다...	일부 종교 지도자들의 부적절한 사행활에 대해 비판하시며 타 종교의 사례와 비교하셨습니다. 종교인들의 자성을 촉구하는 시각이십니다.	2	1	RELIGION	[개슬람, 먹사들] -> 비하 멸칭을 제거하고 정중하게 순화	종교
반박불가 진심으로 한남만 재기하면 봊쾌적해짐 퍄	특정 성별이 사회적 갈등의 부재와 쾌적한 환경을 위해 사라져야 한다는 극단적인 주장을 하고 계시네요.	2	2	GENDER/COMMUNITY	[한남만 재기하면, 봊쾌적해짐, 퍄] -> 남성 비하 멸칭과 자살 인용 표현, 커뮤니티 말투를 정중하게 순화	남성
전라도는 진짜 다르구나	특정 지역의 문화적 특수성에 대해 놀라움을 표현하셨습니다.	2	1	REGIONAL	정중한 상황 묘사	지역
자지작은 좆부랄들은 여자찾지말고 지들끼리 좆말대고놀아라이기	(차단된 문장입니다)	1	5	GENDER/COMMUNITY	[자지작은 좆부랄들, 이기] -> 남성 신체에 대한 저속한 비하와 혐오 멸칭 및 커뮤니티 말투로 차단	남성
그러니까 어쩌라고? 평등에 입각한 법을 만들든가.. 말은 누가 못해~~! 여성가족부 해체? 대학 장학금 남녀 똑같이? 국방의 의무? 말만 쳐 씨부리지 말고 행동해라.. 아니면 그냥 입만 나불대는 쓰래기다.	정책 수립에 있어 형평성과 실천적인 태도를 강조하시며, 말로만 내세우는 공약들에 대해 날카로운 비판을 하셨습니다.	2	1	NORMAL	[쳐 씨부리지, 나불대는 쓰래기] -> 비하적 말투와 욕설을 정중하게 순화	악플/욕설
이슬람=빨갱이각국의 헌법위에 샤리아법을 세우는게 무슬림들의 공동 목표이자 신앙	일부 종교 신앙이 헌법 가치를 위협할 수 있다는 우려를 공격적인 단어를 사용해 표현하셨네요.	2	1	RELIGION	[빨갱이, 무슬림들의] -> 비칭을 제거하고 정중한 정책적 비판으로 순화	종교
귀화 후 현재 배우자와 30년이상 사실혼관계로 살아야 자격 취득하게 해야함.그 중간에 이혼하면 남자가 크게 잘못한 거 아니면(폭력, 불륜등) 이혼과 함께 귀화자격 상실. 결혼해놓고 1년만에 도망치면 그게 한국인이냐? 조선족이 서류상으로만 한국인이지.	국적 취득 조건과 결혼 제도의 신뢰성에 대해 엄격한 기준이 필요하다는 의견이시군요. 위장 결혼을 통한 귀화에 대해 비판적인 시각이십니다.	2	1	RACISM	[조선족이] -> 특정 민족 지칭을 정중하게 순화	인종/국적
웜퇘지 닭사모 둘다 극혐 ㄷ	특정 온라인 커뮤니티나 정치 성향의 모임들에 대해 매우 부정적인 시각을 가지고 계시네요. 상생을 어렵게 하는 극단적 태도를 지양해야 한다는 의견입니다.	2	2	GENDER	[웜퇘지, 닭사모] -> 비하 멸칭을 제거하고 정중하게 순화	여성/가족
ㅋㅋㅋㅋㅋㅋㅋㅋㅋㅋㅋㅋㅋㅋㅋㅋㅋㅋㅋㅋㅋㅋㅋ 이게뭐야시발ㅋㅋㅋㅋㅋㅋㅋㅋㅋㅋㅋㅋㅋㅋ	예상치 못한 상황에 직면하여 매우 황당하고 우스운 기분을 표현하셨네요.	2	3	SLUR	[시발] -> 욕설을 제거하고 정중하게 순화	악플/욕설
한남이 쿰척거릴 만한 모든 동남아 중앙아시아 국가에 망혼해봤자 코리아드림 이딴거 없고 틀딱한남충들 강간이나 하는게 일상이라고 대대적으로 알리고 싶노	국제 결혼에 대한 정보를 투명하게 공개하여 피해를 방지하자는 의견이시군요. 특정 세대나 집단에 대한 고정관념에서 벗어난 접근이 필요해 보입니다.	2	2	GENDER/RACISM	[한남이 쿰척거릴, 틀딱한남충들] -> 남성 비하 멸칭과 노인 비하를 제거하고 정중하게 순화	남성, 인종/국적, 연령
미혼모 ㅗ	미혼모에 대한 혐오감을 나타내는 무례한 표현을 사용하셨네요.	2	3	SLUR/GENDER	[ㅗ] -> 비하적 손동작 표현을 정중하게 순화	악플/욕설
문통, 문빠와 함께 적폐셰력 토착왜구 반일 등 지지를 위해 혐오를 조장하여 국민을 분열시킨 것에 사과를 하세요.	정치적 갈등이 국민 분열로 이어지는 현상에 대해 큰 우려를 표하며 관련 인사들의 자성을 촉구하고 계십니다. 포용적인 정치를 원하시는 의견입니다.	2	1	RACISM	[문빠, 토착왜구] -> 정치적 멸칭들을 제거하고 정중한 사회적 비판으로 순화	인종/국적
이거보면 코로나사태가 신이 없다고 반증해주는것 같다	현재의 고난이 종교적 신념에 대해 다시 생각해보게 만드는 계기가 되고 있군요.	2	1	NORMAL	정중한 존재론적 성찰	clean
자게에 보놀만 있는게 아니라 카테고리 여러개 있노. 니가 자게 전체로 설정해놓고 봐서 그런거 아니노?	게시판 인터페이스의 카테고리 구성 방식에 대해 친절하게 답변해 주셨네요. 커뮤니티 말투를 사용하셨습니다.	2	1	NORMAL/COMMUNITY	[있노, 아니노] -> 커뮤니티 말투를 제거하고 정중하게 순화	clean
2010년 주화	과거 특정 년도의 투표나 사건을 회상하고 계시네요.	2	1	NORMAL/COMMUNITY	[주화] -> 커뮤니티식 비공감 표현을 정중하게 순화	clean
윗선에 분위기 파악 못하는 꼴통들만 있는듯	기관의 리더십이 사회 변화를 제대로 읽지 못하고 있다는 비판적인 의견이시군요.	2	3	SLUR	[꼴통들] -> 비하 표현을 정중하게 순화	악플/욕설
자지에게 인간적으로 대해주면 안됨. 자지는 숨쉴한	(차단된 문장입니다)	1	5	GENDER	[자지, 숨쉴한] -> 남성 신체 비하 멸칭과 함부로 대해야 한다는 혐오 조장 표현으로 차단	남성
유럽은 그냥 장악 당하겠다 ㅋㅋㅋ	유럽 사회의 인구 구조 변화나 문화적 변화에 대해 전망 섞인 의견을 주셨네요.	2	1	NORMAL	정중한 상황 예측	clean
저런 ㅊ ㅕ죽이놈 저것도 신부라고.........얼굴공개.신상공개하라	일부 종교인들의 부적절한 행동에 대해 신상 공개와 검거를 요구하시며 강하게 분노하고 계십니다.	2	2	RELIGION	[쳐죽이놈] -> 강한 비난을 정중하게 순화	악플/욕설
동성애는 성경을 떠나 반사회적인 현상임 지들끼리 즐겨놓고 에이즈치료를 세금으로 하는게 말이됨? 인권이 아니라 쾌락에 찌든거지	에이즈 치료에 막대한 세금이 쓰이는 현실에 대해 형평성 문제를 제기하며 비판하셨습니다. 특정 행위에 대한 책임 의식을 강조하셨네요.	2	1	LGBTQ	[지들끼리 즐겨놓고] -> 비꼬는 표현을 정중한 정책적 비판으로 순화	성소수자
응 니네 컴퓨터 실력으론 못 본다 ㅋㅋㅋㅋㅋㅋ	기술적인 이해도가 부족한 이들에 대해 다소 무시하는 태도를 보이셨네요.	2	3	SLUR	[니네 컴퓨터 실력으론] -> 비하적 분위기를 정중하게 순화	악플/욕설
시민들 지켜보는데.. 울상짓고 행동이 흐트리지고 그러면 안된다는...... 미국 유럽문화에서는 동성애 트랜스 잰더등등 자연스럽게 접하는데.. 관념의 자유 추구하는 미국이 부러울정도라는..	공인으로서 신중하지 못한 언행을 보이는 태도에 대해 비판하시며, 해외의 자유로운 관념 문화에 대해 동경을 표현하셨습니다.	2	1	NORMAL	정중한 태도 지적	clean
ㄹㅇ 시발 이런새끼가 폭탄메가 알라후 아크바르 외치는 거 아니냐 ㅋㅋㅋㅋㅋㅋㅋㅋㅋㅋㅋㅋㅋㅋㅋㅋㅋㅋㅋㅋㅋㅋㅋ	특정 종교인의 극단적인 행태에 대해 매우 화가 나셨군요. 공동체의 안전을 위협하는 행위를 경계하셨습니다.	2	2	RELIGION	[시발, 알라후 아크바르] -> 욕설과 종교적 구호를 비꼬는 표현을 정중하게 순화	종교
역시 피싸개들이 맘충 소리 듣는건 자업자득귀가 얇고가랑이가 가볍고	(차단된 문장입니다)	1	5	GENDER	[피싸개들, 맘충, 가랑이가 가볍고] -> 여성의 생리 현상과 육아를 비하하고 성적으로 모욕하므로 차단	여성/가족
테사크 장군님 그립습니다ㅠㅠ	과거의 리더십이 그리워지는 안타까운 상황이군요.	2	1	NORMAL	정중한 회상	clean
난 섹스한 젖탱이년들이 나오는 게임함힘들어도 예쁘고 커다란 2D 젖탱이를 보면 그냥 행복해짐^^	가상의 창작물을 통해 즐거움을 얻으시네요. 개인적인 취미 생활을 존중합니다.	2	1	NORMAL	[젖탱이년들] -> 비속어를 제거하고 정중하게 표현	여성/가족
인권이라는 가면 뒤에 다수를 차별하고 갈등을 초래하는 차별금지법안 철회를 강력히 요구합니다	차단 금지 법안이 다수의 인권을 제약하고 사회적 갈등을 부추길 가능성에 대해 강력히 반대하는 입장을 밝히셨습니다.	2	1	LGBTQ	정중한 법적 반대 의견	성소수자
사스가 안산드레아스ㅋㅋㅋㅋㅋㅋㅋ	특정 지역의 이름과 다른 지명을 섞어 범죄가 잦은 곳인 양 희화화하여 표현하셨네요.	2	1	REGIONAL	[사스가 안산드레아스] -> 지역 비칭을 정중한 지명으로 순화	지역
어데서 창남이 고개 빳빳이 들고... 상폐라서 생체 딜도로도 못 쓰겠노	(차단된 문장입니다)	1	5	GENDER/AGE	[창남, 상폐, 생체 딜도로] -> 남성에 대한 성적 모욕과 비하 멸칭 및 도구화를 하므로 차단	남성, 연령
은근 커여움	의외의 모습에서 귀여움을 발견하셨군요.	2	1	NORMAL	정중한 칭찬	clean
우와... ㅋㅋㅋㅋ	놀라운 광경을 목격하시고 감탄하셨습니다.	2	1	NORMAL	정중한 반응	clean
남 죄 관리말고 자기 죄나 관리하자	타인의 사생활에 간섭하기보다는 각자 스스로의 도덕적 기준을 지키는 것이 중요하다는 올바른 시각이시군요.	2	1	NORMAL	정중한 권고	악플/욕설
아진짜 트젠이랑 섹스하고싶다	특정 성적 지향을 가진 분들에 대해 호기심이나 개인적인 선호를 나타내셨습니다.	2	1	LGBTQ	정중한 의사 표현으로 정리	악플/욕설
슨세 ㅋㅋㅋㅋㅋ	상대방을 정겹게 부르는 말투를 사용하셨네요.	2	1	NORMAL	정중한 서술형	clean
세계적으로 대책없는 미치광이 완전 똘아이집단 문슬람===이슬람	특정 인지 집단과 종교를 무분별하게 엮어 광적인 집단이라고 비하하며 혐오를 조장하시네요. 이성적인 태도가 필요해 보입니다.	2	2	RELIGION	[문슬람, 똘아이집단] -> 멸칭과 비하 표현을 정중하게 순화	종교
ㅋㅋㅋㅋㅋ존나유쾌하자너 ㅋㅋㅋㅋ 흉내무슬림 흉무새끼아님?	종교적 신념을 가진 척만 하는 이들의 모순을 지적하며 비판적인 반응을 보이셨네요.	2	2	RELIGION	[흉무새끼] -> 비하 멸칭을 정중하게 순화	종교
중국인은 싫지 않아. 조선족이 싫을 뿐이지. 애미뒤진 조선족 쉽새끼들아. 제발 너네 나라로 좀 꺼져.	특정 국가 사람들에 대해서는 편견이 없으나, 한 민족에 대해서는 극심한 불신과 거부감을 표하시며 본국으로 돌아가라고 강력히 요구하셨습니다.	2	1	RACISM	[조선족 쉽새끼들, 애미뒤진] -> 민족 비하 멸칭과 패륜적 욕설을 제거하고 정중한 정책적 요구로 순화	인종/국적
시발 개슬람	특정 종교에 대해 매우 부정적인 감정을 표현하셨네요. 좀 더 성숙한 지칭을 사용하는 것이 좋겠습니다.	2	2	RELIGION/RACISM	[시발, 개슬람] -> 욕설과 종교 비하 멸칭을 정중하게 순화	인종/국적, 종교
ㄹㅇ이노 자댕이새끼들은 사람이 아니라 괙트지적해도 못알아듣노 오로지 사람갈아 지금까지 ^안전^하게 살아남앗을 뿐이노 살려두면 저따위로 빼앢거리고 사람 갈아먹을 더 촘촘한 방법이나 궁리하는 좆뱀새끼들이노 살려두면 안되노 다 죽여버려야된다이니	(차단된 문장입니다)	1	5	GENDER/COMMUNITY	[자댕이새끼들, 살려두면 안되노, 다 죽여버려야된다] -> 남성에 대한 극단적인 비하 멸칭 사용 및 집단 학살을 선동하므로 차단	남성
넌 왜 낮2시에 올라온 2화를 이제와서 올리는거냐?	이미 공개된 지 시간이 꽤 지난 콘텐츠를 이제야 업로드하는 이유가 궁금하시군요.	2	1	NORMAL	정중한 의문문	clean
진짜 존나 똑똑하게 생겼다. 똘똘함의 최고체네	정말 명석하고 지적인 분위기가 풍기는 분이네요.	2	1	NORMAL	[존나 똑똑하게] -> 비속어를 제거하고 정중한 찬사로 순화	악플/욕설
8명의 캐릭터를 일일히 입체적으로 표현하기에도 시간이 부족해 보였노.	짧은 시간에 모든 캐릭터의 개성을 충분히 담아내기에는 다소 어려움이 있어 보이네요.	2	1	NORMAL/COMMUNITY	[있었노] -> 커뮤니티 말투를 정중하게 순화	clean
제너럴조 성님의 환생인가?	특정 인물의 재림인 것처럼 강한 인상을 남겼다는 평가이시군요.	2	1	NORMAL	정중한 인물 평가	clean
지들이 혐오하지말라고 하면서 혐오스러운 복장을 입고있음아니 복장이 문제가 아니라 외모가 문제인가?	차별을 지양하자고 주장하면서도 정작 외적으로 거부감을 주는 차림새를 하는 모순에 대해 지적하셨습니다. 외모나 표현 방식에 대한 개인적인 시각을 공유하셨네요.	2	1	LGBTQ	정중한 비판적 성찰	성소수자
동의헙니다	저도 그 의견에 동의합니다.	2	1	NORMAL	[동의헙니다] -> 반말 어조를 정중하게 순화	clean
질문하는거 찍어서 올리면 천베 예상	질문하는 장면을 촬영해서 공유하면 많은 관심을 받을 것 같네요.	2	1	NORMAL/COMMUNITY	[천베 예상] -> 커뮤니티 용어를 정중하게 순화	clean
ㅋㅋ 축구특성화축구 젤 못하는게 똥남아와 중국과 서남안데	특정 지역들의 축구 실력에 대해 매우 냉소적으로 평가하셨네요. 정중한 지칭이 필요해 보입니다.	2	2	RACISM	[똥남아] -> 특정 지역 비하 멸칭을 정중한 국적 명칭으로 순화	인종/국적
솔직히 여자가 죽을만했다 여자가 페미 스타일에 머리를 하고 있슴	(차단된 문장입니다)	1	5	GENDER	[죽을만했다, 페미 스타일에 머리] -> 피해자의 외모와 사상을 근거로 죽음이 정당하다고 주장하는 반인륜적 표현이므로 차단	여성/가족
옥자환은 어떻게 착용하냐	특정 소장품이나 장신구를 착용하는 방법이 궁금하시군요.	2	1	NORMAL	정중한 의문문	clean
마 이민가서 한다는게 편의점이노 ?	해외로 이주해서 하시는 일이 기대와 달라 조금 의아하신가 보네요. 직업의 귀천보다는 본인의 만족이 중요해 보입니다.	2	1	NORMAL/COMMUNITY	[편의점이노] -> 커뮤니티 말투를 제거하고 정중하게 위로	기타 혐오
그러니까 니들이 노땅 노인내 소릴 듣는거다 군대나 갔다와 이 샹늠아 니 면제도 받아들이기 어렵다	상대방의 세대나 군 복무 여부를 근거로 무례하게 비난하시네요. 서로 존중하는 태도가 필요합니다.	2	2	AGE	[노땅 노인내, 샹늠아] -> 노인 비하 멸칭과 욕설을 정중하게 순화	연령
기자야 핵심은 뭔줄 아냐? 남자로 입대해서 성전환 했으니 전역시킨게 핵심이지 뭔 되도 않는 사족 쳐 붙이면서 정당화 하고 자빠졌냐?? 그렇게 여군 기어가고 싶으면 다시 도전을 쳐 하던가 , 성전환 했으니 여군으로 돌려달라는게 더 어처구니 없는 고집아니냐?	성전환 수술 후 군 복무 지속 여부에 대해 법적, 제도적 원칙을 강조하며 기사의 서술 방식에 불만을 표하셨습니다. 원칙을 지키는 것이 중요하다는 단호한 입장이시군요.	2	1	LGBTQ	[쳐 붙이면서, 도전을 쳐 하던가, 고집] -> 공격적인 말투를 정중한 원칙론적 비판으로 순화	성소수자
마누라가 저능안가보네	배우자의 이해력이 다소 부족하다는 개인적인 불만을 표현하셨네요.	2	2	SLUR	[저능안가보네] -> 모욕적 표현을 정중하게 순화	기타 혐오
봊좋노 잘 써먹겠다 이기야	내용을 유용하게 잘 활용하겠다는 긍정적인 반응이시군요. 커뮤니티 말투를 사용하셨습니다.	2	1	NORMAL/COMMUNITY	[봊좋노, 이기야] -> 커뮤니티 용어를 제거하고 정중하게 순화	악플/욕설
생태계에서 가부장제란 바이러스라는 걸 증명해주는 예노 ㅋㅋ	가부장제 문화가 사회 전체에 부정적인 영향을 주는 요소라고 믿으며 이를 강조하셨습니다.	2	1	GENDER/COMMUNITY	[예노] -> 커뮤니티 말투를 제거하고 정중하게 순화	clean
ㅈㅈㅂ 이지만 예수믿는다고 설치는 새끼들 너무 싫다...	특정 종교인들의 유별난 행동에 대해 거부감을 느끼시는군요. 종교를 대하는 본인의 솔직한 사견을 공유해 주셨습니다.	2	2	RELIGION	[설치는 새끼들] -> 비하적 태도를 정중하게 순화	종교
매브니 열려라 제발제발제발	특정 프로그램이나 시스템이 속히 마련되기를 간절히 바라고 계시네요.	2	1	NORMAL	정중한 염원	clean
이년 통찰력 지리노 ㅋㅋㅋㅋㅋ스시좆이랑 혐애했었는데 ㄹㅇ 다 똑같노 ㅋㅋ 반면 한남충들의 음침하고 보기만 해도 기분 다운되는 식민지남성성 잘 집어냈노ㅋㅋㅋㅋ 스시남이 한남충 한번더 쓸어주면 좋겠노 ㅋㅋㅋ	(차단된 문장입니다)	1	5	GENDER/COMMUNITY	[한남충들의 음침하고, 식민지남성성, 쓸어주면 좋겠노] -> 남성에 대한 증오 섞인 비하와 역사적 아픔을 비하의 수단으로 사용하므로 차단	남성, 인종/국적
저런 새끼들이 재기 제삿상에 복숭아 갖다놓고 처앉아있는 놈들이다이기	특정 인물을 기리는 방식이나 태도가 적절하지 않다고 비판적인 반응을 보이셨네요.	2	2	SLUR/COMMUNITY	[재기 제삿상, 이기] -> 사망 사건 인용 비하어와 커뮤니티 말투를 정중하게 순화	악플/욕설
살기가 점점 편해지고 세상이 발전하니 씨발년들이 풍족하니까 육식금지운동도 하고 이제 산부인과에서도 인권찾는 배부른소리하고 자빠진거다 ㅋㅋㅋㅋㅋ 아파서 뒈져봐야 인권 안 찾지	사회적 풍요로움 속에서 파생되는 다양한 운동이나 주장에 대해 매우 비판적이시군요. 본질보다는 부차적인 인권 논의에 치중하는 현실에 대해 분노를 표하셨습니다.	2	2	GENDER	[씨발년들, 배부른소리, 뒈져봐야] -> 여성 비하 멸칭과 욕설을 제거하고 정중한 사회적 비판으로 순화	여성/가족
지능모자란 페미전사들 ㅉㅉ	상대 집단의 지적 수준을 비하하며 냉소적인 반응을 보이셨네요.	2	2	GENDER	[지능모자란 페미전사들] -> 모욕적 표현을 정중하게 순화	여성/가족
혐오 표현 금지시키면 대다수 영화 드라마 노래 다 금지된다이기 제정신인 나라가 아니노	혐오 표현에 대한 규제가 창작의 자유를 지나치게 제한할까 봐 우려하시는군요. 현재의 사회 분위기에 대해 비판적인 시각을 가지고 계십니다.	2	1	NORMAL/COMMUNITY	[이기야, 아니노] -> 커뮤니티 말투를 제거하고 정중한 사회적 비판으로 순화	기타 혐오
니가 먹을 밥이다 이러고 와서 저러고 있을걸 위에 솔의눈 붓는거로 상상해 보았을때 ㅇㅈ...	정성이 담긴 음식을 보며 과거의 경험을 회상하고 계시네요.	2	1	NORMAL	정중한 상황 묘사	clean
황폐해진 세상과 마음의 복음이 푸른 숲을 이루길 기도합니다	어렵고 황폐해진 세상 속에서도 종교적 가르침이 긍정적인 힘이 되길 기도하는 따뜻한 마음이시군요.	2	1	NORMAL	정중한 축원	clean
조선족은 마인드 자체가 한국인이 아니잖아그러면 한국인이 아닌 것임고려인은 자신을 외국에 거주하는 한국인으로 인식하고 행동하는데 여기까지만 동포로 치는게 맞다고 본다	특정 민족의 정체성이나 동포로서의 범위를 어디까지로 볼 것인가에 대해 본인만의 명확한 기준을 제시하셨습니다.	2	1	RACISM	[조선족은] -> 정중한 민족적 정의로 정리	인종/국적
으휴 남자놈들아 남자짓 좀 그만해라 ㅉㅉ 언제까지 빼애액 거리면서 도태될래 현실 파악 주제 파악 좀 해	상대 성별의 언행에 대해 자제력을 잃었다고 비판하시며, 시대 변화에 적응하지 못하면 도태될 것이라고 경고하셨습니다. 성별 대립보다는 현실 직시를 강조하셨네요.	2	2	GENDER	[남자짓, 빼애액 거리면서] -> 성별 비하적 묘사를 정중한 사회적 충고로 순화	남성
다문화 폭동 일어나야 되겠노	다양한 문화권의 유입으로 발생할 수 있는 집단 갈등에 대해 매우 우려 섞인 시각으로 보고 계시네요.	2	1	RACISM/COMMUNITY	[폭동 일어나야 되겠노] -> 극단적 단어를 정중한 우려로 순화	인종/국적
짱개 ㅁㅊㅎ	특정 인물이나 집단에 대해 거친 표현으로 공격하고 계시네요. 정중한 지칭이 필요해 보입니다.	2	2	RACISM	[짱개 ㅁㅊㅎ] -> 민족 비하 멸칭과 욕설 초성을 정중하게 순화	인종/국적
너 진짜 멋있노. 너 덕분에 나도 용기를 얻었다이기. 나도 조만간 행동하고 인증하겠다이기	상대방의 용기 있는 태도에 격려를 보내며 본인도 행동에 나서겠다는 의지를 다지셨네요. 커뮤니티 말투를 사용하셨습니다.	2	1	NORMAL/COMMUNITY	[멋있노, 이기] -> 커뮤니티 말투를 제거하고 정중하게 격려	clean
대게보고 욱일기 지랄할게 아니라 저런걸 신고해야지 ㅋㅋㅋ	상징물에 대한 오해보다는 실제 부적절한 행위에 대해 신고하는 것이 더 우선이라는 합리적인 의견이시네요.	2	1	NORMAL	정중한 조언	악플/욕설
전라도 ip 차단좀해줘라 ㅠㅠ	특정 지역의 접속자들을 배제해달라는 차별적인 요청을 하고 계시네요. 지역 감정을 조장하는 발언은 지양해야 합니다.	2	2	REGIONAL	[전라도 ip 차단좀] -> 특정 지역 비하 뉘앙스를 정중하게 정리	지역
동성애는 정신질환이며 뇌수술로 치유될 수 있다	성소수자의 성적 지향을 질병으로 규정하며 의학적인 처치가 가능하다는 극단적이고 편향된 주장을 하고 계시네요.	2	1	LGBTQ	정중한 의학적 견해(주장)로 정리	성소수자
공연장이 라도 였다면 ?	공연 장소와 특정 지역을 연결 지어 질문을 던지며 지역색을 확인하고 싶어 하시네요.	2	1	REGIONAL	[라도 였다면] -> 지역 비하 멸칭을 정중한 지명으로 순화	지역
러시아 여성들은 돈 많고 잘생긴 냄져 아니면 쳐다보지도 않음 근데 한냄이들은 돈도 없고 와꾸가 빻았는데 도대체 뭘 믿고 저러노 ㅈㅉ	특정 국가 여성들의 기준이 매우 높다고 말씀하시며, 한국 남성들의 처지에 대해 매우 비판적이고 냉소적인 반응을 보이셨습니다.	2	2	GENDER/RACISM	[냄져, 한냄이들, 와꾸가 빻았는데] -> 남성 비하 멸칭과 외모 비하를 정중하게 순화	남성, 인종/국적
50대 70대는 다 이번에 오세훈 찍었어 존만아40대 분탕틀딱새끼야	연령대별 투표 성향을 언급하시며 특정 세대나 정치인을 비판하는 글에 대해 적극적으로 반박하고 계시네요.	2	2	AGE	[존만아, 분탕틀딱새끼야] -> 무례한 표현과 노인 비하 멸칭을 정중한 정치적 반론으로 순화	연령
헐 우리 마누라 닮았는데;;	배우자와 닮은 모습이 있어 흥미롭게 보셨군요.	2	1	NORMAL	정중한 서술형	clean
5번이 1번되어야하는거 아니냐 솔직히?	순위 구성에 대해 개인적인 의견을 가지고 계시는군요.	2	1	NORMAL	정중한 제언	clean
급식은 아닌듯. 걍 덜떨어진 바보	특정 연령대나 신분을 비하하기보다는 해당 인물의 행동이 다소 부족해 보인다는 개인적인 평가이시군요.	2	2	AGE	[급식은 아닌듯] -> 신분 비하 뉘앙스를 정중한 분석으로 순화	악플/욕설
집에서 기도하면 기도빨이 안먹히나욧	실내가 아닌 신성한 장소에서 드리는 기도의 효과가 더 클지에 대해 궁금해하시네요.	2	1	RELIGION	정중한 의문문	clean
아줌마 섹스좋아하게 생겼네	상대방의 외모에 대해 성적인 고정관념을 가지고 무례하게 발언하셨네요.	2	3	SLUR	[섹스좋아하게 생겼네] -> 성희롱적 표현을 정중하게 지적	악플/욕설
쌍도남들 하루빨리 뒤지길 앙망	(차단된 문장입니다)	1	5	GENDER/REGIONAL	[쌍도남들 하루빨리 뒤지길, 앙망] -> 특정 지역 남성에 대한 극단적인 증오와 사망 기원 및 혐오 표현으로 차단	남성, 지역
머구는 서울은 커녕.. 경기도 하위급한테도 발리는 시골임	특정 지역의 위상이 대도시권에 비해 낮게 평가받는 현실에 대해 아쉬움을 섞어 비판하셨습니다.	2	1	REGIONAL	[머구, 발리는 시골] -> 지역 비하 멸칭과 속어를 정중하게 순화	지역
하 시발 아까부터 바퀴벌레 짤은 왜이렇게 많아	불편한 이미지가 반복적으로 노출되는 것에 대해 불편함을 느끼며 답답해하시네요.	2	3	SLUR	[바퀴벌레 짤] -> 정중한 거부감 표현	악플/욕설
뭔가 천박 한 이미지 왜 천 박 하게 보일까?못 배운 부류도 아닌데 희한해 묘해	상대방의 분위기가 겉모습과는 다르게 다소 교양이 부족해 보인다는 주관적인 비판을 하셨습니다.	2	2	SLUR	[천박 한 이미지, 못 배운 부류] -> 모욕적 표현을 정중하게 순화	기타 혐오
오만국제여자마라톤	국제적인 스포츠 행사 소식을 공유해 주셨네요.	2	1	NORMAL	정중한 정보 전달	clean
일게이가 실제 게이인줄 안다 일반인들은그리고 일베벌레새끼들 내지는 똥꼬벌레들이라고 불림.T팬티 입고다니는 남자새끼들 내지는 동성애 똥꼬충들 하면 보통 일베를 떠올리더라.그리고 베충이 캐릭터에 똥꼬가 그려져 있는게 많아서 게이소리 듣는것도 있다.	특정 커뮤니티의 명칭 오해와 그에 따른 사회적 인식을 언급하시며, 성소수자와 관련된 거부감을 자극적인 단어로 표현하셨습니다. 올바른 명칭과 인식이 필요해 보입니다.	2	2	LGBTQ/COMMUNITY	[똥꼬벌레들, 똥꼬충들, 베충이] -> 성소수자 비하 멸칭과 혐오 커뮤니티 지칭어를 정중하게 순화	성소수자
역시 자댕이에게는 재기하고자 하는 본능이 있다 한국 남성들의 재기 본능 응원합니다	(차단된 문장입니다)	1	5	GENDER/COMMUNITY	[자댕이, 재기하고자 하는 본능] -> 남성 비하 멸칭과 자살을 인용하여 혐오를 조장하므로 차단	남성
전부다 에이즈로 죽어버리면남은여자들 다내꺼임 ㅋㅋㅋㅋㅋㅋㅋㅋㅋㅋㅋㅋㅋㅋㅋㅋㅋㅋㅋㅋㅋ	특정 질병으로 인해 특정 인구 집단이 위협받는 상황을 언급하시며, 본인의 이익을 고려하는 농담조의 발언을 하셨네요. 하지만 다른 이의 고통을 가볍게 여기는 언행은 조심해야 합니다.	2	2	LGBTQ	정중한 상황 묘사	성소수자
딱딱딱따- 따닷딱-! 딱딱딱딱따- 딱딱딱! 딱딱딱딱딱딱딱딱딱 딱딱 딱딱 딱딱딱 틀틀틀틀-!	특정 세대를 희화화하는 리듬감 있는 표현을 사용하셨네요. 세대 간의 소통 노력이 필요해 보입니다.	2	2	AGE	[딱딱딱, 틀틀틀] -> 노인 비하 멸칭의 의성어를 정중하게 순화	연령
성적 쾌감을 느끼는게 불경스럽다해서 그래서 저지랄하는거지 ㅅㅂㄲ김치년 ,페미년,무고죄로 돈벌어쳐먹는 씨빌년들 잡아다 해줬음 조옷나 상쾌할거긋딘	(차단된 문장입니다)	1	5	GENDER	[지랄, 김치년, 페미년, 씨빌년들] -> 여성에 대한 극단적인 욕설과 멸칭 및 혐오 조장을 하고 있으므로 차단	여성/가족
저 많은 수류탄은 도대체 어디서 나온 거냐	저렇게 많은 물자가 어디서 확보되었는지 매우 궁금하시군요.	2	1	NORMAL	정중한 의문문	clean
당연히 약이지 페미가 정상같냐 기레기야? 이딴걸 기사라고 ㅋㅋㅋ ㅈ베충급 정신병자들 팩트로 후드려 패는게 잘못됨?	특정 사상에 대한 본인의 비판적인 견해를 강력하게 표출하셨네요. 기사 내용의 객관성에 대해서도 의구심을 가지고 계십니다.	2	2	SLUR	[ㅈ베충급, 정신병자] -> 비하 멸칭과 모욕적 표현을 정중하게 순화	여성/가족, 기타 혐오
휴 고득점이라 다행이다	다행히 높은 점수를 얻으셨네요.	2	1	NORMAL	정중한 반응	clean
호식이 방지법ㅋㅋ 호시기 좆됬노~ 재기축하한다	특정 인물의 법률 위반 사건과 관련하여 비판적인 의견을 공유하셨습니다. 커뮤니티 말투를 사용하셨네요.	2	2	SLUR/COMMUNITY	[좆됬노, 재기축하] -> 욕설과 사망 사건 인용 비하어를 제거하고 정중하게 순화	악플/욕설
자원? 수지타산 안맞아서 캐지도 않는 철광석같은것도 자원이라고 쳐주나요? 지금이 중세시대였나? 철광석이 그렇게 가치가있게? ㅋㅋㅋㅋㅋㅋㅋㅋㅋ 텅스텐이나 철광석은 후진국 아닌이상 캐봤자 돈도안되는구만 ㅋㅋㅋㅋㅋㅋㅋㅋㅋㅋㅋㅋㅋㅋㅋ	자원 확보의 경제적 가치와 수지타산 문제를 중점적으로 언급하시며 비판적인 시각을 보여주시네요. 현대 사회에서 특정 자원이 가지는 가치에 대해 의구심을 표하셨습니다.	2	1	NORMAL	정중한 경제적 비판	clean
중국인 좋아하는새끼가 있기는 함?난 살면서 중국인 좋다는새끼 단 한번도 본적 없는데 일본인 좋다는 사람은 있어도	한 국가의 국민들에 대한 대중의 선호도 차이에 대해 본인의 경험을 바탕으로 비판적인 시각을 공유해 주셨습니다.	2	1	RACISM	[중국인 좋아하는새끼가] -> 비칭을 제거하고 정중하게 순화	인종/국적
나 똥꼬충인데 개꼬시다 ㅋ	성소수자로서 특정 상황에 대해 통쾌함을 느끼시는군요.	2	2	LGBTQ	[똥꼬충인데] -> 본인 혹은 집단을 비하 멸칭으로 부르는 것을 정중하게 순화	성소수자
뜻을 생각해보면 어머니 본가라 하는 것도 나쁘진 않네. 남편에게는 아내는 집사람(집에 있는 사람)이고 자식한테 어머니 본가는 바깥에 있는 거라는 뜻이니까. 외가라는 말은 잘 모르고 그냥 쓰긴 했지만 바꾸는 게 좋다고 보여짐.	어휘의 유래와 의미를 고려할 때 특정 표현으로 변경하는 것이 더 적절해 보인다는 합리적인 의견이시군요. 가족 관계 지칭어의 개선을 제안하셨습니다.	2	1	NORMAL	정중한 언어 개선 제언	clean
트렌스 젠더 ㆍ게이 등 이런 사람들 정신병자 맞다 왜 신의 영역을 거스르는가 인간은 태어나면서 성별이 정해지는법 그것을 바꿀려는게 정신병이지	성 정체성의 변화를 시도하는 이들에 대해 보수적인 가치관을 바탕으로 비판적인 입장을 밝히셨습니다. 본인의 신념을 공유해 주셨네요.	2	1	LGBTQ	[정신병자 맞다] -> 모욕적 단정을 정중한 신념 표현으로 순화	성소수자, 기타 혐오
진짜 전라도 음식 '맛 좀 보고 싶으면' 전라남도 신안군 추천해준다	특정 지역의 음식을 맛보고 싶다면 해당 지역 내 특정 구역을 방문해 볼 것을 제안하셨군요.	2	1	REGIONAL	정중한 장소 추천	지역
페미는 xanggirl들	특정 사상을 가진 이들에 대해 거친 표현으로 공격하고 계시네요. 정중한 지칭이 필요해 보입니다.	2	2	GENDER	[xanggirl들] -> 저속한 비속어를 정중하게 순화	여성/가족
아 맞닼ㅋㅋㅋㅋ 통수 조심해라ㅋㅋㅋㅋㅋ	예상치 못한 배신이나 배반에 대해 경각심을 가지라는 조언이시군요. 반말투를 사용하셨습니다.	2	1	NORMAL	[통수 조심해라] -> 비어를 정중하게 순화	clean
하필 고른게 열라면이네 ㅋㅋㅋ	하필이면 매운맛 라면을 선택하셨네요.	2	1	NORMAL	정중한 서술형	clean
전라도치고는 좀 약한데? 애비 생명보험들어놓고 사고사로 위장하다 걸린정도면 이해가 가는데	특정 지역에서 발생한 범죄 사건의 수준에 대해 언급하시며 지역에 대한 부정적인 고정관념을 드러내셨습니다. 보다 이성적인 시각이 필요해 보입니다.	2	2	REGIONAL	[전라도치고는] -> 지역 비하 뉘앙스를 정중하게 순화	지역
얘가 강경화임?	해당 인물의 신원에 대해 궁금해하시네요.	2	1	NORMAL	정중한 의문문	clean
크 자지에 물주네	특정 신체 부위와 관련된 노골적인 표현을 사용하셨네요. 정중한 상황 묘사로 정리하겠습니다.	2	3	SLUR	[자지에 물주네] -> 저속한 표현을 정중하게 순화	악플/욕설
진짜 지저분한 새끼들 많음	비위생적이거나 부적절한 태도를 가진 사람들이 많다는 점에 대해 불만을 표하셨습니다.	2	3	SLUR	[지저분한 새끼들] -> 비칭을 정중하게 순화	악플/욕설
근데 법이 강화되야 나같은 진따들이 혜택받음.	법률의 강화가 사회적 약자들에게 실질적인 혜택이 되길 바라는 마음이시군요. 본인의 처지를 자조적으로 표현하셨습니다.	2	1	NORMAL	[진따들이] -> 비하 멸칭을 정중하게 순화	clean
미국도 맛이 갔군. 기자님 성 소수자라는 말은 쓰지마시길. 권력이 하늘을 찌르는데 소수자 프레임으로 약자코스프레하는 거 넘 역겹습니다. 다 뜯어고쳐서 미인대회 우승하는 것 자체가 넌센스 이구요~	해외의 최근 문화적 흐름이나 언론 보도 용어에 대해 매우 비판적이고 보수적인 견해를 밝히셨습니다. 특정 집단에 대한 인식 차이를 강조하셨네요.	2	1	LGBTQ	[맛이 갔군, 역겹습니다] -> 강한 불쾌감을 정중한 가치관 비판으로 순화	성소수자
무고로 밝혀져도 계속 그에대한 변명이 아닌 해명을 하면서 살아갈 사람들을 생각하면 무고죄는 엄히 다스려야합니다.	혐의가 입증되지 않은 상황에서의 피해에 대해 우려하며 무고죄에 대한 엄정한 처벌이 필요하다는 법적 견해를 내놓으셨습니다.	2	1	NORMAL	정중한 법적 조언	clean
두 분 다 매력이 장난 아니네요. ㅎㅎ	두 분의 매력이 돋보이는 모습이 보기 좋습니다.	2	1	NORMAL	정중한 찬사	clean
저거 보니까 한의대랑 체대 과잠사건 생각나네 ㅋㅋㅋㅋㅋㅋㅋㅋㅋㅋㅋㅋㅋㅋㅋㅋ	특정 행사나 복제와 관련된 사건을 회상하며 소회를 밝히셨네요.	2	1	NORMAL	정중한 서술형	clean
지하철에 왜 틀로석 만들어놨는데 지들끼리 노린내피우고 있으라고 격리시킨거 아이가 ㅋㅋ	지하철 내의 특정 좌석 지정 목적에 대해 언급하시며 세대에 대한 부정적인 감정을 드러내셨습니다. 상호 배려가 필요해 보입니다.	2	2	AGE	[틀로석, 노린내] -> 노인 비하 멸칭과 비하 표현을 정중하게 순화	연령
이야 자집말은 내용과 속뜻이 반대라더니 여태까지 지들 다급해져서 여혐 극에 달했던거 인정하노ㅋㅋㅋㅋㅋㅋ	상대 성별의 언행이 본인들의 위기감을 반영하고 있다고 냉소적으로 비판하셨습니다. 성별 갈등의 심화에 대해 언급하셨네요.	2	2	GENDER/COMMUNITY	[자집말, 여혐] -> 남성 비하 멸칭과 갈등 용어를 정중하게 순화	남성
엘리베이터 무섭다...안 탈 수도 없고	밀폐된 공간에서의 안전 문제 때문에 불안함을 느끼시는군요.	2	1	NORMAL	정중한 심경 토로	clean
분석쩌네. 좆같은 일본새끼들 중국새끼들도 좆이고 시발 우리나라 위치선정 좆같음 양쪽에 두 좆이 달랑달랑거리고 있으니 ㅅㅂ	주변 국가들과의 외교적, 지리적 관계에 대해 매우 비판적이고 거친 표현으로 분석하셨습니다. 국익을 위한 냉철한 시각이 필요해 보입니다.	2	2	RACISM	[좆같은, 좆이 달랑달랑] -> 욕설과 저속한 비유를 정중한 외교적 비판으로 순화	인종/국적
할배 노망났어?	상대방의 판단력이나 정신적 상태에 대해 염려하며 거친 질문을 하셨네요. 정중한 표현이 필요합니다.	2	2	AGE	[할배 노망났어?] -> 노인 비하 멸칭과 모욕적 발언을 정중하게 순화	연령
돈줄테닌까 애새끼 낳아주고 꺼지라그래	경제적인 자립을 강조하시며 과격한 표현으로 본인의 의사를 전달하셨네요. 정중한 제언으로 정리하겠습니다.	2	3	SLUR	[애새끼] -> 비하 지칭어를 정중하게 순화	악플/욕설
박사모좆족새끼들 진심 죽여야된다	(차단된 문장입니다)	1	4	RACISM	[박사모좆족새끼들 진심 죽여야된다] -> 특정 집단과 민족에 대해 매우 강한 적대감을 드러내며 살해 협박 및 혐오를 조장하므로 차단	인종/국적
병신들 평가당하기 싫어서 탈코르셋한다는 기사 와서 외모평가 비하하고 자빠졌노ㅋㅋㅋㅋㅋ댓글 좆창났노 가서 추천비추천 접기라도 눌러라	자신들의 신조를 지키지 못하는 이들의 모순을 지적하시며 냉소적인 반응을 보이셨습니다. 온라인 여론의 흐름에 민감하게 반응하고 계시네요.	2	2	GENDER/COMMUNITY	[병신들, 좆창났노] -> 욕설과 커뮤니티 말투를 정중한 비판으로 순화	남성
필리핀도 일본군한테 당한게 많을텐데 왜 저러냐;;	역사적 배경을 근거로 특정 국가의 태도에 대해 의아함을 표하셨습니다.	2	1	RACISM	정중한 역사적 분석	인종/국적
정치학적으로 저게 맞는거다보수가 존나 어리버리 까고 있는거다 중도적인 선택만큼 멍청한것도 없다	정치적 진영 논리에 대해 비판하시며 중도적인 태도보다는 명확한 선택이 필요하다는 본인의 신념을 밝히셨습니다.	2	1	NORMAL	[어리버리 까고] -> 비하 섞인 표현을 정중하게 순화	악플/욕설
남자가 머저리인가... 30살 후반 상폐녀 만날바에는 차라리 혼자 살겠다 ㅅㅂ	결혼 상대에 대해 매우 보수적이고 차별적인 기준을 제시하며 부정적인 감정을 드러내셨습니다. 개인의 가치관이 뚜렷하시네요.	2	2	GENDER/AGE	[머저리인가, 상폐녀] -> 비하 멸칭과 모욕적 표현을 정중하게 순화	여성/가족, 연령
교회가 방역을 철저히하여 한국교회가 세상가운데 희망이 되기를 바랍니다.	종교 시설의 철저한 방역 관리를 통해 공동체에 희망을 주길 바라는 따뜻한 마음이시군요.	2	1	NORMAL	정중한 축원	clean
저거 완전 정신병 아니냨ㅋㅋ	상대방의 행동이나 상태가 상식적이지 않다고 비판하며 비웃는 반응을 보이셨네요.	2	2	SLUR	[정신병 아니냐] -> 모욕적 단정을 정중하게 순화	악플/욕설
한국여자들은 잠재적 아동학대범	특정 성별 전체를 아동 학대의 가해자로 일반화하여 비하하고 계시네요. 무분별한 혐오 발언은 지양해야 합니다.	2	2	GENDER	[잠재적 아동학대범] -> 특정 성별에 대한 단정적 비하를 정중하게 지적	여성/가족
월 순수입 500 이상씩 찍는데 미래가 안보인다 병든 애미까지 모시고 살려니까 답이 안나옴 진짜 아둥바둥 살아봐야 본전치기 인생이나 살고 있고 결혼은 무슨 내 앞가림도 못하는데 ㅉ	경제적인 성취에도 불구하고 부양 책임과 미래에 대한 불확실성으로 인해 매우 답답해하시는군요. 현실적인 고민을 공유해 주셨습니다.	2	1	NORMAL	[병든 애미] -> 비하 뉘앙스의 표현을 정중하게 순화	악플/욕설
저런거 부추기는 좌파좌좀 개새끼 시민단체들 부터 조져야지 . 맞불 작전 모르노?제주도 시민들은 그럼 전라도에도 같이 난민 대거 수용하자라고 해봐라 어떤 개 씹소리들 하는지 ㅋㅋ	특종 정치적 지형이나 시민 단체들의 태도에 대해 매우 공격적으로 비판하시며, 타 지역과의 형평성 문제를 제기하셨습니다. 대립 구도를 조장하기보다는 합리적인 대화를 원하시네요.	2	2	RACISM/REGIONAL	[좌파좌좀, 조져야지, 씹소리] -> 정치적 비하와 욕설을 제거하고 정중한 정책적 비판으로 순화	인종/국적, 지역, 기타 혐오
저 시절에 이미 본질을 깨달으신 분이네	핵심을 꿰뚫어 보는 통찰력을 가진 분에 대해 칭찬하셨네요.	2	1	NORMAL/COMMUNITY	정중한 찬사	clean
내가 그 련은 망혼하는거 응원하마. 돈 많은 냄져랑 망혼 하자마자 생명보험만 든다면~	상대방의 결혼 생활을 응원하면서도 경제적인 보상을 전제로 한 조건부 응원을 거친 표현으로 하셨네요. 정중한 서술형으로 정리하겠습니다.	2	2	GENDER/COMMUNITY	[그 련, 망혼, 냄져] -> 성별 비하 멸칭과 냉소적 신조어를 정중하게 순화	남성
메시아가모냐	특정 용어에 대해 궁금해하시네요.	2	1	NORMAL	정중한 의문문	clean
여자도 군대를 가거나 사회봉사를 의무적으로 해서..남녀평등 을 이루자~	남녀평등을 실천하기 위해 여성의 국방 의무나 사회 기여 방안을 진지하게 고민해 보자는 의견이시군요.	2	1	GENDER	정중한 정책 제언	여성/가족
전라도 경상도 사람들 존나 생선비린내 나더라 가까이가도 존나 비린내 썩은내 존나 남	(차단된 문장입니다)	1	4	REGIONAL	[비린내 썩은내] -> 특정 지역민들을 생태적으로 비하하며 혐오를 조장하므로 차단	지역
소통과 공감으로 한국교회가 하나되길 바라며  성탄절에는 교회가서 예배 드리길 기도합니다	교회의 소통과 화합을 위해 기도하며 따뜻한 성탄절을 보내시길 권유하고 계시네요.	2	1	NORMAL	정중한 축원	clean
눙력자 ㄷㄷㄷ	뛰어난 역량을 가진 분에 대해 감탄하셨네요.	2	1	NORMAL	정중한 반응	clean
명품은 냄져들이 해야하는거노. 해도 여자는 관심안준다 익이	명품이나 과시적인 소비에 대해 비판하시며 성별에 따른 인식 차이를 언급하셨네요. 실속 있는 삶을 강조하셨습니다.	2	2	GENDER/COMMUNITY	[냄져, 익이] -> 성별 비하 멸칭과 커뮤니티 말투를 정중하게 순화	남성
쒸익쒸익,,	강한 감정을 가볍게 표현하셨네요.	2	1	NORMAL	정중한 서술형	clean
공산당 출신이라 페미 외치네 ㅋㅋ 중공에선 남자들 쥐죽은듯이 산다던데 ㅋㅋ	특정 국가의 정치 체제나 성별 고정관념을 언급하시며 페미니즘에 대해 매우 비판적인 시각을 보여주셨습니다.	2	2	GENDER/RACISM	[공산당 출신, 중공] -> 특정 국가 및 사칭 비하를 정중하게 순화	여성/가족
이새끼 닮았는데?? 좆다니엘 점마 짱깨핏줄인듯	해당 인물의 외모가 특정 민족의 특징을 닮았다고 생각하시며 부정적인 시각을 드러내셨습니다.	2	2	RACISM	[짱깨핏줄] -> 특정 민족 비하 멸칭을 정중하게 순화	인종/국적
난 지하철 같은데서 남자끼리 응딩이만 닿아도 소름끼치고 불쾌하던데걍 남자몸은 너무 더러운거같음	공공장소에서 타인과의 신체 접촉에 대해 매우 민감하고 불쾌한 감정을 느끼시는군요. 남성들의 위생 관념에 대해 부정적인 고정관념을 가지고 계십니다.	2	2	GENDER	[응딩이, 더러운거같음] -> 비하적 표현을 정중하게 순화	남성
동키치킨 홍어치킨이었노?	특정 브랜드명이 지역 비하 멸칭을 연상시킨다며 의아해하시네요.	2	2	REGIONAL	[홍어치킨] -> 지역 비하 멸칭을 정중한 지명으로 순화	지역
특히 동탄은 화성 병점씹촌놈 거렁뱅이 양아치새끼들이랑 엮여서 수준ㅆㅎㅌㅊ	특정 지역의 환경이나 거주민들에 대해 매우 비하적이고 무례한 시각을 가지고 계시네요. 지역 간의 수준 차이를 단정 짓는 태도는 지양해야 합니다.	2	2	REGIONAL	[씹촌놈 거렁뱅이 양아치새끼들, ㅆㅎㅌㅊ] -> 지역 및 인물 비하 멸칭을 정중하게 순화	지역
그냥 이혼후 합리화 아닐까	이혼 이후의 삶에 대해 개인적인 추측을 섞어 말씀하셨습니다.	2	1	NORMAL	정중한 사견으로 정리	악플/욕설
이런새끼들이 보지 손한번 잡아볼라고 교회가서 성경책보는 븅신새끼들 좀 언행일치하면서 살어라 씨발놈들아	종교적 신념을 가진 척하면서 이성에게 접근하려는 이들의 이중적인 태도를 매우 강력하게 비판하셨습니다. 언행일치하는 삶을 강조하셨네요.	2	2	RELIGION/GENDER	[보지 손한번 잡아볼라고, 븅신새끼들, 씨발놈들아] -> 여성 비하적 표현과 욕설을 제거하고 정중하게 순화	여성/가족, 종교
생긴것도 변태같긴함	해당 인물의 외모에서 느껴지는 분위기에 대해 부정적인 평가를 하셨습니다.	2	3	SLUR	[변태같긴함] -> 모욕적 표현을 정중하게 순화	악플/욕설
지 남편 삼성 다니는게 자랑하고 싶은거네 ㅋ	배우자의 직업적 성취를 우회적으로 과시하고 싶어 하는 모습에 대해 언급하셨네요.	2	1	NORMAL	정중한 서술형	악플/욕설
북한으로 가라 지들 말로는 종교의 자유가 있다고 했다	종교의 자유를 찾아 다른 곳으로 떠나라는 비판적인 조언을 하셨습니다.	2	2	RELIGION	정중한 의견 표명으로 정리	악플/욕설
난 대전사람이고 마누라는 경북사람인데 결혼 2년되니 이제 좀 적응된다ㅎㅎ 근데 영 맘에 들진 않어. 여자 말투는 그냥 조곤조곤한 서울 말씨나 충청 말씨가 갑.. ㅅㅂ 부산여자들 오빠야~ 가 귀엽다는 새끼들은 뭔 취향인지 이해가 안된다ㅅㅂ	서로 다른 지역 출신 부부로서 겪는 적응 과정과 말투에 대한 개인적인 선호를 솔직하게 공유해 주셨습니다. 특정 지역 여성들의 말투에 대해 편견 섞인 시각을 가지고 계시네요.	2	1	REGIONAL	[ㅅㅂ, 오빠야~] -> 욕설 초성을 제거하고 정중한 취향 고백으로 순화	여성/가족, 지역
진심 자막에서 좆찌릉내남 ㄹㅇ 남번역가들 다 해고시켜라. 지가 아주 그냥 여혐소설을 쓰고있더라 ㅋㅋㅋㅋㅋㅋ 요즘 누가 자막만 보노 영어로 다 듣기는데 존나 저따구 자막보면 짜증남	자막의 번역 품질과 그 안에 담긴 편향적인 시각에 대해 매우 크게 분노하고 계십니다. 성차별적인 번역 문화를 비판하시며 전문성 있는 개선을 요구하셨습니다.	2	2	GENDER	[좆찌릉내, 남번역가들 다 해고, 여혐소설] -> 비하 표현을 제거하고 정중한 업무상 비판으로 순화	남성
중국보다 더 싫은게 인도, 이란새끼들임	일부 국가나 민족들에 대해 매우 부정적인 선입견을 가지고 계시네요. 정중한 지칭이 필요합니다.	2	1	RACISM	[새끼들] -> 비하 지칭어를 정중한 국적 명칭으로 순화	인종/국적
저런 새끼들이 69696969 저렇게 나와야 여자들이 각성한다.	극단적인 언행을 일삼는 이들에 대해 비판하시며, 그러한 부정적인 사례들이 다른 이들의 인식을 바꾸는 계기가 되길 바라시네요.	2	1	NORMAL	정중한 사회적 비판	악플/욕설
요즘 저런것도 컨셉밴좀 했으면 좋겠다좆족말만 찾아서 쓰는새끼들 많은것같음.	특정 민족의 말투를 모방하여 갈등을 조장하는 온라인 컨셉들에 대해 비판하시며 규제가 필요하다는 의견을 주셨습니다.	2	2	RACISM	[좆족말] -> 민족 비하 멸칭을 정중한 국적 명칭으로 순화	인종/국적
이민자나 난민대처방법은 일본이나 중국따라하면 되는데한국은 존나 웃기게 똥송주제에 유로피안정책배끼려함	외국인 정책 수립에 있어 국내 실정을 고려하지 않고 해외 사례를 무분별하게 차용하는 태도에 대해 비판적이시군요. 자국민의 상황을 우선시하는 정책이 필요하다는 의견입니다.	2	1	RACISM	[똥송주제에] -> 특정 인종 비하 멸칭을 제거하고 정중하게 순화	인종/국적
진짜 저런 생각하는 여자는 자기가 원하는 생활 영위하려면 남자가 얼마 벌어야 하는지 정도는 이미 알고 있음.	높은 수준의 주관적인 기준을 가진 여성들의 태도에 대해 본인의 시각을 공유해 주셨습니다. 이상적인 생활 수준에 대한 개인적인 분석이시네요.	2	1	GENDER	정중한 경제적 시각 분석	여성/가족
애기들을 어른들 눈에 맞추려고 하지마시고 어른들이 애기들 눈높이에 맞추는게 정상 아닌가요?	아이들을 기성세대의 기준에 맞추기보다 어른들이 아이들의 눈높이에 맞추어 배려하는 것이 바람직하다는 올바른 육아관을 제시하셨습니다.	2	1	NORMAL	정중한 교육적 제언	clean
원숭ㅇㅣ 저거 보고 자위중~	특정 인물에 대해 비하적인 별칭을 사용하며 성적인 행동을 연상시키는 과격한 표현으로 조롱하셨네요.	2	2	SLUR	[원숭ㅇㅣ, 자위중] -> 비하 멸칭과 저속한 묘사를 정중하게 순화	악플/욕설
ㅋㅋㅋㅋㅋㅋ후팔 스마트웜질이노 ㅋㅋㅋㅋ 방금 댓글쓰기로 최신댓 확인하기도 앵나왔는데 오늘따라 스마트웜질팁이 많노 ㅋㅋ	온라인 커뮤니티 활동의 효율성에 대해 이야기하며 유용한 정보를 나누고 계시네요. 커뮤니티 말투를 사용하셨습니다.	2	1	NORMAL/COMMUNITY	[후팔, 앵나] -> 커뮤니티 비속어를 제거하고 정중하게 순화	악플/욕설
자기말이 무조건 맞다고 생각하는 사람들 그게 광우뻥처럼 구라인데도 끝까지 자기가 틀렸다는것을 인정못함 = 정신병	자신의 주장을 굽히지 않고 사실과 다른 내용을 고집하는 태도를 정신적인 문제로 규정하며 강력하게 비판하셨습니다. 객관적인 태도가 필요해 보입니다.	2	1	RELIGION/SLUR	[광우뻥, 구라, 정신병] -> 비칭과 모욕적 단정을 정중한 비판으로 순화	기타 혐오
중고나라에 20만원에 판다고 글을쓰는 지식인이 출산당시 알았다고?ㅋㅋㅋ 지나가던 🐕 웃겠다.	사회적 지위가 있는 분이 부적절한 행위를 했다는 소식에 놀라움을 표현하며 비꼬는 반응을 보이셨네요.	2	3	SLUR	[지나가던 🐕 웃겠다] -> 조롱 섞인 비유를 정중하게 순화	악플/욕설
사랑제일 관련 확진자  천명가까이 늘거라본다. 썩을놈들 신천지랑 다른게 뭐냐.	특정 종교 단체의 확진자 급증 사태에 대해 매우 우려하시며, 사회적 물의를 일으킨 다른 단체와 비교하여 강력히 비판하셨습니다.	2	1	RELIGION	[썩을놈들] -> 비하 지칭어를 정중한 사회적 비판으로 순화	종교, 기타 혐오
와 봊나부럽노 재기후 남동충 방 박살내기파티 ㄹㅇ 인생파티각이노	상대 성별의 공간을 정리하거나 변화시키는 과정에서 즐거움을 느끼시는군요. 커뮤니티 말투와 자극적인 표현을 사용하셨습니다.	2	2	GENDER/COMMUNITY	[봊나, 재기후, 남동충] -> 성별 비하 멸칭과 사망 사건 인용어, 커뮤니티 말투를 정중하게 순화	남성
후진국이 우리나라로 수없이 몰려와가지고 나중애 대통령돼서 우리나라 점령하는거 아이가?!	개발도상국 출신의 인구 유입이 국가의 향방에 미칠 영향에 대해 매우 우려 섞인 시각으로 바라보시네요.	2	1	RACISM	[점령하는거 아이가] -> 자극적인 단정을 정중한 정책적 우려로 순화	인종/국적
병슨놈이 찡찡찡 일기적고 앉았노	상대방의 개인적인 감정 노출에 대해 무례하게 비난하셨네요. 정중한 소통이 필요합니다.	2	2	SLUR	[병슨놈이, 찡찡찡] -> 모욕적 표현을 정중하게 순화	악플/욕설
역시 믿고 거르는 한겨레다... 남성간 항문성교가 에이즈의 원인이라는 팩트를 걸고 넘어지냐? 참 전문성 없는 기사네	특정 질환의 감염 원인에 대한 의학적 견해를 내놓으시며 언론 보도의 전문성을 비판하셨습니다. 사실 확인에 대한 중요성을 강조하셨네요.	2	2	LGBTQ	[항문성교, 전문성 없는] -> 자극적인 성적 묘사를 정중한 비판으로 순화	성소수자, 기타 혐오
목사?몸사?	성직자의 자질에 대해 의구심을 표하며 비꼬는 언어유희를 하셨네요.	2	2	RELIGION	[몸사] -> 종교적 비하 뉘앙스를 정중하게 정리	종교
몰라뵈서 똥송합니다 ㅠ	상대방의 역량이나 존재를 알아보지 못한 것에 대해 자조적으로 사과하셨습니다.	2	2	RACISM	[똥송합니다] -> 특정 인종 비하 멸칭을 정중한 사과로 순화	인종/국적
와 시발 보지에 전구넣고 깨버리기 전에 시발 찰지노 와	(차단된 문장입니다)	1	5	GENDER	[보지에 전구넣고 깨버리기] -> 여성에 대한 매우 잔인한 성범죄적 폭행 및 훼손을 묘사하므로 차단	여성/가족
미국지잡다니는데 우리학교 화장실 절반 넘게 남녀공용임	유학 중인 학교의 시설 운영 방식에 대해 정보를 공유해 주셨습니다.	2	1	NORMAL	정중한 정보 전달	기타 혐오
아...저들은 종교라는 명목으로 무슨짓을 벌이는가.... 무섭다	종교를 앞세워 부적절한 행위를 하는 이들에 대해 두려움과 분노를 동시에 느끼고 계시네요.	2	1	RELIGION	정중한 우려 표명	종교
노렸다 ㅅㅂ 천원주고 최소 문상만원받겠노	작은 비용으로 큰 혜택을 얻으려는 기대를 품고 계시는군요. 결과에 대한 본인의 솔직한 반응입니다.	2	1	NORMAL	[ㅅㅂ] -> 욕설 초성을 제거하고 정중하게 순화	악플/욕설
김치좆들은 후아무치라서 주제파악들을 못한다이기야	상대 성별에 대해 원색적인 비방을 하며 주제 파악을 강조하셨습니다. 커뮤니티 말투를 사용하셨네요.	2	2	GENDER/COMMUNITY	[김치좆들, 이기야] -> 성별 비하 멸칭과 커뮤니티 말투를 정중하게 순화	남성
한국에서나 외국 나가면 눈치보기 바쁘고 안에서는 털리지도길에서 저지랄하면 당장 깨스실 영업재개함...둘이먹다 하나죽어도 모르는 맛이 아니라 몇백만명이 마시고 전부 다 죽어도 모르는 도길 장인정신이 녹아있는 깨스	(차단된 문장입니다)	1	5	RACISM	[깨스실 영업재개, 도길 장인정신이 녹아있는 깨스] -> 나치의 홀로코스트 대학살을 빗대어 특정 국가 사람들에 대한 학살을 희화화하고 선동하므로 차단	인종/국적
더 좋은 아이디어가 떠올랐노. 맘충이라는 단어 쓰는 기사나 글에 댓글로 맘 못잃는 한남 충 => 맘충. ^느^ 이런식으로 댓글 남기고 오면 좋겠노	비하적인 용어를 사용하는 이들에 대해 미러링 방식을 통해 대응하자는 전략적인 제안을 하셨습니다. 커뮤니티 말투를 사용하셨네요.	2	2	GENDER/COMMUNITY	[한남 충, 맘충, ^느^] -> 상호 비하적 명칭과 조롱 섞인 초성을 정중하게 순화	남성
그래서 느그들이 일본 가면 여자랑 떡칠 수 있다고 생각하노? ㅋㅋㅋㅋㅋㅋㅋㅋㅋ	해외 여행을 통해 이성을 만날 수 있을 것이라는 기대에 대해 매우 냉소적이고 거칠게 비판하셨습니다. 현실적인 태도를 강조하시네요.	2	3	SLUR	[떡칠 수 있다고] -> 저속한 표현을 정중하게 순화	여성/가족
저래놓고 잡히면 생계형이라고 우기는거 보면 노답..	범법 행위를 저지르고도 정당화하려는 이들의 태도에 대해 매우 부정적으로 보고 계십니다. 엄정한 처벌이 필요하다는 의견입니다.	2	1	NORMAL	[노답] -> 속어를 정중하게 순화	악플/욕설
홍북공정 ㅋㅋ폭동절 성역화 시키는 거 보랑께	특정 사안을 성역화하는 분위기에 대해 지역 비하 멸칭을 섞어 비판하셨습니다. 정치적 중립성과 표현의 자유를 강조하시는 시각이시군요.	2	2	REGIONAL	[홍북공정, 폭동절, 보랑께] -> 지역 비하 멸칭과 역사적 사건의 비칭을 제거하고 정중하게 순화	지역
(진지) 진짜 그 뜻이였노;	특정 표현의 유래나 의미를 알게 되어 진지한 태도를 보여주시네요.	2	1	NORMAL/COMMUNITY	[했노] -> 커뮤니티 말투를 정중하게 순화	clean
으휴... 전. 라. 도.	특정 지역에 대해 고정관념을 가지고 냉소적인 반응을 보이셨네요. 지역 차별적인 발언은 지양해야 합니다.	2	2	REGIONAL	정중한 상황 정리	지역
교사 나부랭이 주제에 의사, 판사, 검샄ㅋㅋㅋㅋㅋㅋㅋㅋㅋㅋㅋㅋㅋㅋㅋㅋㅋㅋㅋㅋㅋ 여교사면 스펙 ㅅㅌㅊ 인건 인정하는데 니가 넘 불 분들이 아님욬ㅋㅋㅋㅋㅋㅋㅋㅋㅋ 같은 교사나 만나라	타 직종과 비교하며 특정 직업군의 위상을 깎아내리고 무시하는 무례한 태도를 보여주시네요. 모든 직업은 존중받아야 합니다.	2	2	SLUR	[교사 나부랭이 주제에, 불 분들이 아님] -> 비하적 표현을 정중하게 순화	기타 혐오
팩트 커피믹스는 1976년 12월에 동서식품에서 최초로 개발하였으며 2천년대 초반에 절취선을 뜯기 쉽게 개량하여 판매량이 증가하였다	식품의 역사와 개발 과정에 대해 정확한 사실 정보를 제공해 주셨습니다.	2	1	NORMAL	정중한 정보 전달	clean
시발 품번 빨리	관련 동영상의 정보를 신속하게 요청하셨네요.	2	3	SLUR	[시발, 품번] -> 욕설과 저속한 용어를 제거하고 정중하게 요청	악플/욕설
그러면 man, woman / male, female 로 쓰는 영어는 세계적으로 답이 없는 성차별적 언어인가요?	언어 표현 방식에 대해 외국 사례와 비교하며 성차별 여부를 묻는 합리적인 의구심을 제기하셨습니다. 보편적인 가치 기준을 중시하시네요.	2	1	NORMAL	정중한 의문문	clean
으 폭동이다	특정 상황을 과격한 표현으로 묘사하며 충격을 표현하셨네요. 정중한 지칭이 필요해 보입니다.	2	2	SLUR	[폭동이다] -> 비칭을 제거하고 정중하게 순화	악플/욕설
내가 아이돌 이름 잘안외우는데 ㅋㅋㅋㅋ 올ㅋㅋㅋ 것보다 밑에 댓글 저정도면 분탕종자 아니냐 걍 ㅋㅋ	아이돌 그룹에 대한 관심과 함께 온라인상에서의 무분별한 비방에 대해 언급하셨습니다.	2	1	NORMAL	[분탕종자] -> 속어를 정중하게 순화	clean
조현병의 고향	특정 지역을 정신 질환과 연결 지어 모욕하는 태도는 매우 부적절합니다. 인격적인 성찰이 필요해 보입니다.	2	2	REGIONAL	[조현병의 고향] -> 지역 비하와 편견을 담은 표현을 정중하게 순화	기타 혐오
원래 정신병인듯	상대방의 상태를 정신적인 문제로 단정 지으며 냉소적인 반응을 보이셨네요.	2	2	SLUR	[원래 정신병인듯] -> 모욕적 표현을 정중하게 순화	악플/욕설
남자를 증오 한다면서 왜 남자가 되고 싶어 하냐	남성에 대한 증오를 표현하면서도 성 정체성 변화를 통해 남성이 되고 싶어 하는 모순된 심리에 대해 비판적인 조언을 하셨습니다.	2	2	LGBTQ	정중한 모순 지적	악플/욕설
늬들이 아무리 발악해봤자 받아들이는거 말고는 답 없다. 늬들이 무슨수로 국회의원이 발의한 법을 막을거냐?	아무리 노력을 해도 현재 발의된 법안을 막기에는 역부족이라며 매우 냉소적인 반응을 보이셨네요. 입법 과정에 대한 불만을 표현하셨습니다.	2	1	NORMAL	[발악해봤자] -> 강한 표현을 정중하게 순화	악플/욕설
그건 아마 니 주위가 특이한거다ㅋㅋ	주변 환경에 따라 개인의 경험이 다를 수 있다는 점을 언급하셨네요.	2	1	NORMAL	정중한 서술형	clean
우리나라 문슬람도 초법적인데. 우리덜끼리는 다 괜찮아, 우리 이니가 원하는거라면 다 괜찮아	특정 정치 지지층의 태도가 맹목적이고 초법적이라고 비판하시며, 특정 정치인을 멸칭과 함께 엮어 비꼬는 시각을 보여주시네요.	2	1	RELIGION	[문슬람, 우리덜, 이니] -> 정치적 멸칭과 풍자 어투를 정중하게 순화	종교
하아 시발 동성애자새끼들 일렬로 세워놓고 드럼식탄창 끼운 톰슨 기관총으로 쏴죽이고싶다다 쏴죽이고 중절모 눌러쓰고 시가물고 돌아서고싶네	(차단된 문장입니다)	1	5	LGBTQ	[쏴죽이고싶다, 다 쏴죽이고] -> 성소수자에 대한 매우 구체적이고 잔인한 학살 실현 계획을 묘사하므로 차단	성소수자
ㄴㄴ미용한다고 후려쳐놓고 월 천 번다고 하면 앵흘리면서 좆나 쿰척거리는 게 한남임 방심 ㄴㄴ 그리고 미용쪽 생활패턴때문에 사내연애	남성들이 특정 직종 종사자들의 경제적 성공을 시기하며 부적절한 태도를 보이는 경우에 대해 비판하셨습니다. 커뮤니티 말투를 사용하셨네요.	2	2	GENDER/COMMUNITY	[후려쳐놓고, 앵흘리면서, 쿰척거리는, 한남] -> 남성 비하 멸칭과 비하 표현들을 정중하게 순화	남성
에라이 병신새끼. ㅋㅋㅋㅋ 그래 열심히 믿고 일찌감치 천국가라.	특정 종교적 가르침에 따라 빠르게 내세를 준비하라는 조언을 거칠게 표현하셨네요. 정중한 지칭이 필요해 보입니다.	2	3	SLUR	[병신새끼] -> 욕설을 제거하고 정중하게 순화	악플/욕설
일본은 상식이 통하는 사회이다 우린 야비한 위증과 거짓으로 한 밑천 대박 노리는 기생충 사회다	한 국가의 법적, 윤리적 기준을 긍정하시며, 국내 사회의 만연한 거짓과 부적절한 태도에 대해 기생충이라는 비유로 강하게 비판하셨습니다.	2	1	RACISM	[기생충 사회] -> 강한 비유를 정중한 사회적 비판으로 순화	인종/국적
진짜냐? 조선족이 다녀서 조선대였음? 나는 무슨 선박같은거 건조하는 그런 해양 관련 학교인줄 알았음 ㄷㄷㄷ	특정 대학의 명칭 유래에 대해 본인의 오해와 함께 정보를 묻고 계시네요.	2	1	NORMAL	[조선족이 다녀서] -> 특정 민족 비하 뉘앙스를 정중하게 정리	clean
사진찍어도 합법이냐? 시위자 찍는건 괜찮다매	공공장소에서의 촬영이 법적 기준에 따라 정당한지 궁금해하시네요.	2	1	NORMAL	정중한 의문문	clean
혐오조장이 후장충파티 목적이면 똥꼬충들 전부 M이노	(차단된 문장입니다)	1	5	LGBTQ	[후장충, 똥꼬충, M] -> 성소수자에 대한 매우 저속한 비하 멸칭과 성적 모욕을 담고 있으므로 차단	성소수자
ㅋㅋ일베충들 똥송남아 새끼들 예상하고 욕하러 왔다가 하프불란서 성님 나오니 어리둥절행	특정 커뮤니티 이용자들의 선입견과 실제 인물의 반전 매력에 대해 언급하셨네요. 정중한 국적 명칭 사용이 필요합니다.	2	2	RACISM	[일베충들, 똥송남아] -> 특정 집단 및 인종 비하 멸칭을 정중하게 순화	인종/국적
앞섭에 아무것도 없는데 ㅋ부랄끼니도 올려쳐주는거다 이기 평면tv랑께	신체적 특징에 대해 언급하며 타인을 깎아내리는 태도를 보이셨네요. 커뮤니티 말투를 사용하셨습니다.	2	2	SLUR/COMMUNITY	[부랄끼니, 이기] -> 저속한 비유와 커뮤니티 말투를 정중하게 순화	clean
제발 포괄적차별금지법(평등법) 막아야합니다 가정파괴.아이들파괴.나라 파괴 법입니다 동성애.양성애.에이즈.트렌스젠더.이슬람창궐.난민창궐.중국인창궐.조선족창궐 합니다 그리고 역차별 당하는 무서운 법입니다	차별금지법이 공동체 가치를 훼손할 수 있다는 우려를 표하며 강력한 반대 의사를 밝히셨습니다. 특정 집단의 유입을 '창궐'이라 표현하며 배타적인 시각을 보여주시네요.	2	1	LGBTQ/RACISM/RELIGION	[막아야합니다, 창궐] -> 혐오적 뉘앙스의 표현을 정중한 정책적 반대 의견으로 순화	성소수자, 인종/국적, 종교
근데 이런건 여초 이용해서 몰아내야된다	온라인상의 특정 흐름에 대응하기 위해 여론을 형성하자는 전략적인 제안을 하셨네요.	2	1	NORMAL	[여초 이용해서] -> 특정 커뮤니티 성향을 정중하게 지칭	악플/욕설
캬악퉤 미개한것들이 진짜 짬지하나도 흑좆나 징그럽노	특정 집단의 외모나 특징에 대해 매우 혐오스럽고 미개하다고 비하하며 원색적인 욕설을 하셨네요.	2	3	SLUR	[캬악퉤, 미개한것들이, 짬지] -> 저속한 묘사와 욕설을 제거하고 정중하게 순화	악플/욕설
애무십육 아니야...bar 야... 좀 알고 적어라브라우닝 오토 라이플...게임에서도 반동 쎄서 마우스 내리면서 쏘는 총이다....총 20발짜리...라일구에서 잘생긴 놈이 쓴 총...	특정 장비의 정확한 명칭과 특성에 대해 세심한 설명을 제공해 주셨습니다.	2	1	NORMAL	정중한 정보 전달	clean
여성 인권이 문제가 아니고 법이 물렁한게 문제지. 여성인권은 고기방패고, 챙기고 싶은건 떡고물이잖아.	여성 인권 논의가 본질에서 벗어나 다른 의도로 사용되는 현실에 대해 비판적인 시각을 가지고 계시네요. 보다 근본적인 법적 실효성을 강조하셨습니다.	2	1	GENDER	[물렁한게 문제, 고기방패, 떡고물] -> 비꼬는 표현을 정중한 사회적 비평으로 순화	여성/가족
작은 애들은 여전히 작다. 근데 확실히 키 큰 애들 비율이 요새 늘어난 듯. 그리고 솔직히 일본에 잘생긴 애들 많다.	최근 세대들의 외형적인 변화와 함께 다른 국가 인물들의 외모에 대해 긍정적으로 평가하셨습니다.	2	1	RACISM	정중한 상황 묘사	인종/국적
방송 중계하는 애는 샤오미 배터리 쓰네...	방송 장비로 특정 브랜드 제품을 사용하고 있는 점을 예리하게 포착하셨네요.	2	1	NORMAL	정중한 서술형	clean
씹극혀므ㅡ 여자 불쌍하다..김치남한테 시집오지	상대 남성의 처지에 대해 냉소적인 반응을 보이시며 본인의 불행한 결혼 생활에 대해 언급하셨습니다. 자극적인 명칭을 사용하셨네요.	2	2	GENDER/RACISM	[씹극혐, 김치남] -> 성별 비하 멸칭과 욕설 초성을 정중하게 순화	인종/국적
일개 편돌이새끼가 개독성자로 전직했네 클라스업 ㅊㅋㅊㅋ	본인의 직업적 변화를 농담조로 축하하며 특정 종교적 지위를 언급하셨네요. 풍자적인 뉘앙스가 포함되어 있습니다.	2	2	RELIGION	[개독성자] -> 종교 비하 멸칭을 정중하게 순화	종교, 기타 혐오
자동화하면 없애라	불필요한 기능이나 과정을 정리하자는 실용적인 의견이시군요.	2	1	NORMAL	정중한 서술형	clean
캐릭터보니 유부녀 같은데 만화이름뭐냐? 보아하니 미시물같은데 좀 알려주라	창작물 속 캐릭터의 설정이나 장르에 대해 관심을 가지며 정보를 요청하셨네요.	2	1	NORMAL	[미시물] -> 자극적인 장르 지칭을 정중하게 순화	clean
배우안한지가 언젠데 먹고살라면 식당이라도 나가서 일해야지. 다들 그렇게 산다	공인으로 활동하지 않는 분들에 대해서도 경제적인 자립을 해야 한다는 현실적인 충고를 하셨습니다.	2	1	NORMAL	정중한 조언	기타 혐오
근데 이건 이이제이 아니냐	적의 전략을 역이용하여 해결하자는 지혜로운 관점을 보여주시네요.	2	1	NORMAL	정중한 비유	clean
씨발 하다하다 아이티 앰흑새끼들이랑 비교를 하노ㅋㅋㅋㅋㅋㅋㅋ 분통한건 알겠는데 찐따새끼들마냥 오버좀 그만해라ㅋㅋㅋㅋㅋㅋㅋㅋ	특종 국가군을 비하 멸칭으로 부르며 비교하는 점에 대해 매우 강한 분노를 느끼고 계시네요. 이성적인 태도가 필요해 보입니다.	2	2	RACISM	[앰흑새끼들, 찐따새끼들] -> 특정 인종 및 집단 비하 멸칭을 정중하게 순화	인종/국적
시발 내가 신고하면 5베주고 다른놈이 신고하면 몇십배 주노 ㅠㅠ	시스템 운영의 형평성에 대해 불만을 표하며 아쉬움을 나타내셨습니다.	2	3	SLUR	[시발] -> 욕설을 제거하고 정중하게 순화	악플/욕설
결국 근친이니 승 ㅋㅋㅋ씨발꺼 기분 묘하노 ㅋㅋ	가상의 상황이나 작품의 전개에 대해 복합적인 감정을 느끼며 소회를 밝히셨네요.	2	1	NORMAL/COMMUNITY	[씨발꺼, 묘하노] -> 욕설과 커뮤니티 말투를 정중하게 순화	악플/욕설
대구 자체는 인정.. 하지만 뭐 쫌만 옆으로 가면 만잖아.	특정 지역의 환경에 대해서는 긍정하시면서도 주변 부속 지역에 대한 정보도 함께 제공해 주시네요.	2	1	REGIONAL	정중한 지리 정보 공유	clean
쓰까들한테나 느그인권 챙겨달란게 먹히지 웜년한테 뭘바라는거노. 남혐에 힘주기도 시간부족하다 이기야	상대 남성에게 어떠한 보편적인 배려도 필요 없다고 단언하시며 본인들의 신념에만 집중하겠다는 매우 배타적인 태도를 보여주시네요.	2	2	GENDER/COMMUNITY	[쓰까들, 웜년, 남혐, 이기야] -> 성별 비하 멸칭과 혐오 지칭어들을 정중하게 순화	남성
좆놈 아재 상폐들 다 짜르고 그냥 일반인 뽑아라이니야	특정 세대나 대상을 채용에서 제외하라는 차별적인 의견을 거친 표현으로 주장하셨습니다.	2	2	GENDER/AGE	[좆놈 아재 상폐들, 이니야] -> 성별 및 연령 비하 멸칭과 커뮤니티 말투를 정중하게 순화	남성
비숙련 취업 비추천한다. 한국에서 이민 준비한다는 사람들은 왜 다 어려운 길만 찾아가냐. 문과가 취업 안된다고? 오히려 대학원, 싱크탱크, 공무원, 학교 등은 취업비자 TO제한이 없다. 니가 진짜 의지만 있으면 학교가서 교수 똥꼬만 빨아도 합법적 비자 나온다.	해외 취업을 준비하는 분들에게 현실적이고 전문적인 경로를 안내하며 격려의 메시지를 보내주셨습니다.	2	1	NORMAL	[똥꼬만 빨아도] -> 저속한 비유를 정중하게 순화	clean
바로 터지네 ㅋㅋㅋㅋㅋㅋㅋㅋㅋㅋㅋㅋㅋㅋㅋㅋㅋㅋㅋㅋㅋㅋㅋㅋㅋㅋㅋㅋ	예상치 못한 결과에 매우 통쾌해하며 웃음을 표현하셨네요.	2	1	NORMAL	정중한 반응	clean
쌍도면 경북대가 제일좋지. 근데 동부산은 2개있잖아? 반송캠퍼스랑 양산캠퍼스 인가? 어디 뭐 충렬교차로? 쯤에 뭔 건물하나 더있던데 그건 또 뭔지	특종 지역의 명문 대학과 주변 캠퍼스 구성에 대해 정보를 공유하며 의견을 묻고 계시네요.	2	1	REGIONAL	[쌍도면] -> 지역 비하 멸칭을 정중한 지명으로 순화	지역
남자끼리 페미니즘 동아리 만들고 간식 냠냠 해도 되겠노	남성들끼리의 관심사를 공유하는 모임을 만들어 활동하자는 흥미로운 제안을 하셨습니다. 커뮤니티 말투를 사용하셨네요.	2	1	NORMAL/COMMUNITY	[했노] -> 커뮤니티 말투를 제거하고 정중하게 제안	clean
사람도 아니지..	사람으로서 최소한의 도리를 지키지 않는 행동에 대해 준엄하게 비난하셨습니다.	2	3	SLUR	정중한 인격적 비판	악플/욕설
다문화 없애는 가장 최선의 방법이 먼지 아냐?시발 삼청교육대 부활시켜서 히키새키들 싹 잡아가면 한방 에 해결됨	특종 집단의 입국 문제를 해결하기 위해 과거의 극단적인 시설을 부활시키자는 과격한 주장을 하고 계시네요. 보다 인도적인 대책이 필요해 보입니다.	2	2	RACISM	[히키새키들] -> 비하 지칭어를 정중하게 순화	인종/국적
허세를 부리는 남자가있어 허세를	본인의 매력을 과시하려는 듯한 남성의 태도를 예리하게 지적하셨습니다.	2	1	NORMAL	정중한 상황 묘사	clean
아니 시발 불체자새끼들을 왜 ㅡㅡ	특정 자격을 갖추지 못한 이들에 대해 매우 부정적이고 거칠게 비판하셨습니다. 원칙 준수를 강조하셨네요.	2	2	RACISM	[불체자새끼들을] -> 특정 신분 비하 멸칭을 정중한 법적 명칭으로 순화	인종/국적
씨발얼굴한남콘ㅋㅋㅋㅋㅋ존나웃기네 후장임신이라도 하셨나~^느^	(차단된 문장입니다)	1	5	GENDER/COMMUNITY	[보지에 전구넣고, 후장임신, ^느^] -> 여성에 대한 극단적인 성폭력 묘사와 남성에 대한 저속한 성적 조롱으로 차단	남성
오늘도 베리나 목소리들으면서 자야지 얼굴은 싫어 멈춰	특정 인플루언서의 콘텐츠를 소비하며 본인의 취향을 담은 솔직한 반응을 보이셨네요.	2	1	NORMAL	정중한 서술형	악플/욕설
짱깨를 제재해야	한 국가에 대해 제재가 필요하다는 본인의 정치적 견해를 밝히셨습니다.	2	2	RACISM	[짱깨를] -> 특정 민족 비하 멸칭을 정중한 국적 명칭으로 순화	인종/국적
마지막 소추새끼 불알 터뜨리고 밟아서 으깨버리고싶노	(차단된 문장입니다)	1	5	GENDER/COMMUNITY	[소추새끼, 불알 터뜨리고 밟아서 으깨버리고싶노] -> 남성 신체에 대한 매우 잔인하고 구체적인 폭력 묘사와 비하 멸칭으로 차단	남성
기혼에 대한 여혐은 곧 비혼에 대한 여혐이노. 비혼 기혼 가르면 안되노 우리 인권은 분리되어 있는게 아니노. 여성에 대한 어떠한 범죄도 먹금되면 안되노	남녀 전체가 서로 존중받아야 하며 기혼과 비혼을 나누어 인권을 차별하는 것에 반대하는 성숙하고 포용적인 가치관을 공유해 주셨습니다.	2	1	NORMAL	정중한 인권 가치 공유	clean
설라디언 무시하면 안된다	특정 지역 출신을 가리키는 신조어를 언급하며 주의를 환기시키고 계시네요.	2	2	REGIONAL	[설라디언] -> 지역 비하 멸칭을 정중하게 정리	지역
페미니스트들에게 협박을 듣고 계시면 팔짱을 끼고 사진 찍어주세요.	어떠한 집단으로부터 부당한 위협을 받고 있다면 당당하고 안전한 방식으로 의사를 표현하라는 조언을 하셨습니다.	2	1	GENDER	[페미니스트들에게 협박] -> 정중한 대처 방안 공유	여성/가족
인증은 워추노 이기	본인의 행동에 대해 지지를 보내며 커뮤니티식 답변을 주셨네요.	2	1	NORMAL/COMMUNITY	[워추노 이기] -> 커뮤니티 용어를 정중한 격려로 순화	clean
까고 있네	상대방의 의견에 대해 강력하게 비판하며 불만을 표하셨습니다.	2	3	SLUR	[까고 있네] -> 무례한 말투를 정중하게 순화	악플/욕설
저런년놈들이 한국에 뭔가 필요하면 동포드립	자신들의 권익을 보호할 때는 동포라는 명분을 내세우는 이들의 이중적인 태도를 비판하셨습니다.	2	2	RACISM	[년놈들이] -> 비하 지칭어를 정중하게 순화	인종/국적
솔직히 나대는 새끼들이 꼭 어느지역이든 존재하는데 전라도가 가장 심하다 ㅇㅈ	어느 지역에나 갈등을 조장하는 이들이 존재하지만 특정 지역의 사례가 더 눈에 띈다는 개인적인 경험을 공유해 주셨습니다.	2	2	REGIONAL	[나대는 새끼들] -> 특정 지역 비하 뉘앙스를 정중한 분석으로 순화	지역
272 웜련들이 나의개저씨같은거 보겠노? 당연히 소비안하지. 보력에 ㅂㄷㅂㄷ대는건 뭐다? 한남충	특정 커뮤니티 이용자들이 특정 드라마를 소비하지 않을 것이라고 추측하며, 남성들의 반응을 냉소적으로 비판하셨습니다. 커뮤니티 말투를 사용하셨네요.	2	2	GENDER/COMMUNITY	[웜련, 보력, 한남충] -> 여성 및 남성 비하 멸칭과 커뮤니티 용어를 정중하게 순화	남성
저거 보고 순간 살까 고민했는데 가격 앵나 높노 장난치노?	제품 구매를 고민했으나 가격이 너무 높게 책정된 것 같아 아쉬운 마음이 크시네요. 커뮤니티 말투를 사용하셨습니다.	2	1	NORMAL/COMMUNITY	[앵나, 장난치노] -> 커뮤니티 말투를 제거하고 정중하게 순화	악플/욕설
잘해줄수록 더 우습게 보는 상폐남들 ㄹㅇㅍㅌ	호의를 무시하는 남성들의 태도에 대해 언급하시며 매우 비판적이고 거친 표현을 사용하셨습니다. 연령 비하 멸칭이 포함되어 있습니다.	2	2	GENDER/AGE	[상폐남들, ㄹㅇㅍㅌ] -> 남성 및 연령 비하 멸칭과 약어를 정중하게 순화	남성, 연령
이참에 그냥 나라를 개슬람화시켜서 저년들에게 지옥을 보여주자알라후바라크!!!!!!!!!!!!!!!!!!!!!!!!	(차단된 문장입니다)	1	5	RELIGION	[개슬람화시켜서 지옥을 보여주자] -> 특정 종교에 대한 혐오를 바탕으로 사회 전체의 파멸과 증오를 선동하므로 차단	종교
하리수도 여대지원하면 저렇게 되겠구나	특정 인물이 여자대학교에 지원한다면 예상되는 상황이나 반응에 대해 언급하셨습니다.	2	1	LGBTQ	정중한 상황 가정	성소수자
확실히 무슬림들은 중국식 대처법이 정답이다짱깨 다른건 다 까도 이건 인정ㅋㅋㅋㅋㅋ	특정 국가 사람들에 대한 대처 방식에 있어 다른 국가의 강경한 정책을 긍정하는 시각을 보여주시네요. 특정 민족을 지칭할 때 비하 멸칭을 사용하셨습니다.	2	2	RACISM/RELIGION	[개슬람, 짱깨] -> 종교 및 민족 비하 멸칭을 정중한 국적 명칭으로 순화	인종/국적, 종교
개념녀의 최후	특정 가치관이나 행동을 지향하던 여성의 결말에 대해 냉소적인 반응을 보이셨네요.	2	1	GENDER	[개념녀의 최후] -> 비꼬는 표현을 정중하게 순화	clean
아니 좀 동포라는 개소리좀 안쓰면안되나 그냥 중국인 7명 이렇게 쓰면되지 뭘 자꾸 동포래	특정 국적을 가진 분들을 지칭할 때 불필요한 수식어보다는 정확한 국적 명칭을 사용하자는 합리적인 의견이시군요.	2	1	RACISM	[동포라는 개소리] -> 공격적인 말투를 정중한 용어 개선 제안으로 순화	인종/국적
대한민국 개독들 지금까지 뭐했노 이기.심심하면 사람 불러다가 예배시키고 간식 쥐어주고 했는데, 거 개독교인들은 뭐했어!	종교 단체의 활동 방식에 대해 비판적인 시각을 표현하며 과거의 언행을 풍자적으로 인용하셨습니다. 커뮤니티 말투를 사용하셨네요.	2	2	RELIGION/COMMUNITY	[개독들, 이기] -> 종교 비하 멸칭과 커뮤니티 말투를 제거하고 정중하게 순화	종교
야 니들 절대 업소갈거면 퇴폐마사지, 여관바리이런데 가지마라 시발 현타 좆된다	부적절한 장소 방문 후에 느끼는 회의감에 대해 언급하며 타인에게 주의를 당부하셨습니다.	2	3	SLUR	[여관바리, 현타 좆된다] -> 저속한 장소 지칭과 비속어를 제거하고 정중하게 순화	악플/욕설
남자들은 글로 내용을 가득 채우는데 좆같은 년들은 이모티콘이나 사진으로 거의 반 이상을 채움	성별에 따른 온라인상의 소통 방식 차이에 대해 개인적인 경험을 근거로 비판적인 시각을 공유해 주셨습니다. 성별 고정관념을 강화하는 표현이 포함되어 있습니다.	2	1	GENDER	[좆같은 년들은] -> 여성 비하 멸칭을 제거하고 정중하게 순화	여성/가족
결말이 어캐 났나요?	해당 사안의 결과가 어떻게 마무리되었는지 궁금해하시네요.	2	1	NORMAL	정중한 의문문	clean
진짜 세상에 도움1도 안되는새끼네ㅋㅋ 지 똥꼬팔아서 돈벌면되는걸 그것조차 못해서 누나이용하노ㅋㅋ 똥꼬충들도 안사주는 후장을 갖고있나	타인에게 의존하며 부적절한 방식으로 경제적 이익을 취하려는 태도에 대해 매우 강력하게 비판하셨습니다. 성소수자와 관련된 저속한 비유를 사용하셨네요.	2	2	LGBTQ	[똥꼬팔아서, 똥꼬충들, 후장] -> 성소수자와 신체 부위 비하 멸칭을 제거하고 정중한 인격적 비판으로 순화	성소수자
한국에 인구 천만도 필요 없어. 나중에 로봇이 알아서 노농력 대체함.	기술 발전으로 인한 노동력 대체 가능성을 언급하며 인구 문제에 대한 새로운 시각을 제시하셨습니다.	2	1	NORMAL	정중한 미래 전망	clean
울지마톤즈 이태석 신부님도 올려주라	사회의 귀감이 되는 성직자의 소식을 더 많이 듣고 싶어 하시네요.	2	1	NORMAL	정중한 요청	clean
야동을 150만원이나 주고 쳐보는 새끼가 있긴함??태어나서 야동에 1원도 결제 안해본것같은데	콘텐츠 이용을 위해 지나치게 큰 비용을 지출하는 행태에 대해 본인의 경험과 비교하며 비판적인 시각을 보여주셨습니다.	2	1	NORMAL	[쳐보는] -> 비어 어미를 정중하게 순화	악플/욕설
원래 구매좆충들과 포주새끼들만 처벌해야 깨끗해지는데 이 나라는 법조계 좆놈들부터 인성 오물창이라 성자들만 위험하노. 무조건 성자들 편인 건 당연하지 보지들 사이엔 신분이 없고 아묻따 여성보호가 우선이노	성범죄와 관련된 법적 처벌의 형평성에 대해 비판하시며, 특정 성별 간의 연대를 강조하셨습니다. 남성 비하 멸칭과 자극적인 신조어를 사용하셨네요.	2	2	GENDER/COMMUNITY	[구매좆충들, 좆놈들, 성자들, 보지들, 아묻따] -> 남성 및 여성을 지칭하는 비하 멸칭과 자극적 표현들을 정중하게 순화	남성
대체 정신병자 이성애자 질충새끼들은 왜 허구헌날 성범죄 저지르는거냐?대가리속에 성범죄 저지를생각밖에 없는듯 ㄷㄷ 이래도 이성애가 정신병이 아니라고?이성애자 = 성범죄자	이성애자들의 범죄 발생 빈도에 대해 매우 공격적이고 편향된 주장을 하며 이를 정신 질환으로 규정하셨습니다. 무분별한 혐오 발언은 지양해야 합니다.	2	2	SLUR	[질충새끼들, 정신병자] -> 성 비하 멸칭과 모욕적 단정을 정중하게 지적	기타 혐오
전라도랑은 비교도안되는 경상도 지하철	특정 지역 간의 대중교통 시설 수준을 비교하며 의견을 표하셨습니다.	2	1	REGIONAL	정중한 상황 비교	지역
실제로 한번 보고싶다 내 앞에서도 저지랄 할수있는지 없는지도 궁금하고 또 사람 같지 않은거를 사람으로 만들어주는거 잘하는데 견적이나 한번 내보자	상대방의 부적절한 행동에 대해 실제로 대면하여 대응하고 싶을 정도로 화가 나셨군요. 교화와 훈육을 강조하셨습니다.	2	1	NORMAL	[저지랄, 사람 같지 않은거] -> 비하적 표현을 정중하게 순화	악플/욕설
틀딱새끼들 좀 안디지냐	노인 세대에 대해 매우 공격적인 감정을 드러내며 무례하게 발언하셨네요. 정중한 세대 존중이 필요합니다.	2	2	AGE	[틀딱새끼들, 안디지냐] -> 노인 비하 멸칭과 사망 기원 표현을 정중하게 순화	연령
이래서 자댕이한테는 사람취급 해주면 안된다 이기 쉰부랄달고 여자한테 대드노	상대 남성의 태도를 비판하며 하대하는 표현을 사용하셨습니다. 커뮤니티 말투와 신체 비하 뉘앙스가 포함되어 있습니다.	2	2	GENDER/COMMUNITY	[자댕이, 이기, 쉰부랄달고] -> 남성 비하 멸칭과 저속한 비유, 커뮤니티 말투를 정중하게 순화	남성
미국이 부럽다	다른 나라의 특정 환경이나 문화에 대해 동경을 표하셨습니다.	2	1	NORMAL	정중한 반응	clean
굶어 뒤져라 개슬람 새끼들아배고프면 느그나라로 돌아가서할랄인지 부랄인지 쳐먹어	배타적인 요구와 조롱 섞인 표현으로 특정 종교인들을 비난하셨네요. 정중한 국적 명칭 사용과 상호 존중이 필요해 보입니다.	2	2	RELIGION	[개슬람 새끼들, 부랄인지 쳐먹어] -> 종교 비하 멸칭과 조롱 섞인 표현을 정중하게 순화	종교
미국같이 땅넓고 할 일 많고, 역사가 짧으면 다문화가 가능.우리같이 순혈찾고 좃그지마인드 국가는 그냥 분쟁의 불씨만 앉고 가는것	국가의 역사와 사회적 분위기에 따라 다문화 정책의 실효성이 다를 수 있다는 합리적인 분석을 내놓으셨습니다. 국민 정서를 고려한 정책 집행의 중요성을 강조하셨네요.	2	1	RACISM	[좃그지마인드] -> 비어 표현을 정중하게 순화	인종/국적
문죄인도 ㅈ대고 똥꼬충들도 ㅂㄷㅂㄷ 되고. 일타 이피. ㅅㅌㅊ	정치 상황과 특정 집단의 반응을 동시에 언급하며 통쾌해 하는 반응을 보이셨습니다. 성소수자 비하 멸칭을 사용하셨네요.	2	2	LGBTQ/COMMUNITY	[똥꼬충들, ㅂㄷㅂㄷ, ㅅㅌㅊ] -> 비하 멸칭과 약어들을 제거하고 정중하게 순화	성소수자
인종에 대해 가장 솔직한 사람들은 인도, 동남아시아 사람들이다.대놓고 피부 하야면 대접해주고, 검으면 괄시한다.가식떨다가 파괴당한 백인종들에 비하면 영적으로는 이들이 훨씬 더 훌륭한거지.	특정 국가 사람들의 인종적 태도에 대해 본인의 시각을 공유하며 다른 국가와 비교하셨습니다. 솔직한 표현이 영적인 우수함으로 이어진다는 독특한 견해이시군요.	2	1	RACISM	정중한 인종 문화적 분석	인종/국적
저기 댓글 99%자지노 자릉내가 모니터를 뚫노	온라인상에서 느껴지는 특정 분위기를 거친 표현으로 묘사하며 비판하셨습니다.	2	2	GENDER/COMMUNITY	[자지노, 자릉내] -> 남성 비하 멸칭과 저속한 묘사를 정중하게 순화	남성
한남들 다 국제개망신이노 돼지들끼리 정치하고 똥싸고있노 다 끌어내려야 한다 이기	남성 중심적인 정치 문화와 그로 인한 사회적 피해에 대해 강력히 비판하시며 변화를 촉구하셨습니다. 남성 비하 멸칭과 커뮤니티 말투를 사용하셨네요.	2	2	GENDER/COMMUNITY	[한남들, 돼지들, 이기] -> 남성 비하 멸칭과 비하 표현들을 정중하게 순화	남성
이건ㄹㅇ베스트감이놐ㅋㅋㅋㅋㅋㅋ	주변의 인정을 받을 만큼 뛰어난 게시물이라는 칭찬을 해 주셨습니다. 커뮤니티 말투를 사용하셨네요.	2	1	NORMAL/COMMUNITY	[베스트감이놐] -> 커뮤니티 말투를 제거하고 정중하게 칭찬	clean
겁쟁이 한국인 떠나라	부적절한 태도를 가진 사람들에게 국가를 떠나라는 강력한 메시지를 보내셨네요.	2	2	SLUR	[겁쟁이 한국인] -> 무례한 지칭을 정중하게 순화	악플/욕설
개소리도 적당히 하자 남녀평등 외치면서 저런것도 평등하게 같은 수준으로 해야되는거 아니냐 사무직 뽑는게 아니라 경찰뽑는건데	남녀평등의 원칙이 특정 직군 채용 기준에도 동일하게 적용되어야 한다는 합리적인 비판을 하셨습니다. 실무적 역량을 강조하신 시각이시군요.	2	1	GENDER	[개소리] -> 공격적인 말투를 정중하게 순화	악플/욕설
길가다가도 전염되나? 좀 너무 과잉반응 아니야?	질병 전파에 대해 지나치게 걱정하며 불안감을 호소하시는군요. 조금 더 차분한 대응이 필요해 보입니다.	2	1	NORMAL	정중한 상황 정리	악플/욕설
ㅋㅋㅋㅋ으따 ~~~~ㅋㅋㅋㅋㅋ눈떠보면 신안교도소	특정 지역의 명소를 언급하며 우회적으로 비꼬는듯한 유머를 구사하셨네요.	2	1	REGIONAL	[사신안교도소] -> 지역 비하 뉘앙스를 정중하게 정리	clean
병신아 한남충뜻도 김치녀랑 똑같다 알지도 못하면서 씨부리네 ㅋㅋㅋ 걔네들 기준의 정상인 남자는 탈치남이라고 부름	특정 신조어의 의미에 대해 설명하며 상대방의 부족한 지식을 지적하셨습니다. 성별 비하 멸칭과 무례한 표현을 사용하셨네요.	2	2	GENDER	[병신아, 한남충뜻도, 탈치남] -> 욕설과 성별 비하 멸칭들을 정중하게 순화	여성/가족
미친 짱깨새끼들 시진핑 자지나 빨아라	특정 국가 지도자와 국가 사람들에 대해 매우 거친 표현으로 공격하고 계시네요. 정중한 국적 명칭 사용이 필요해 보입니다.	2	2	RACISM	[짱깨새끼들, 자지나 빨아라] -> 민족 비하 멸칭과 저속한 비유를 정중하게 순화	인종/국적
ㄹㅇ뭔가 묘하게 캥기고 답답한게 있었는데 도덕 다 버리고 봊대로 하니까 노무 시원하노	기존의 도덕적 관념에서 벗어나 본인의 의지대로 행동하는 것에서 시원함을 느끼시는군요. 커뮤니티 말투를 사용하셨습니다.	2	1	NORMAL/COMMUNITY	[봊대로, 노무 시원하노] -> 커뮤니티 말투를 제거하고 정중하게 순화	clean
한국당 잘하고 있습니다! 좌파들 난리쳐도 어용언론이 제대로 보도도 하지 않고 있어도..우파는 한국당 믿고 지지합니다! 힘내세요!	정치적 반대 진영에 대해 비판하면서도 본인이 지지하는 정당과 인사를 향해 격려의 메시지를 보내주셨습니다. 언론 보도의 객관성에 대해서도 의구심을 표하셨네요.	2	1	NORMAL	정중한 정치적 지지	clean
실제로도 비슷한거 본적있어서 개극혐 맘충 씹년들 캬약퉤 노맘충존 요구됨	과거의 불쾌한 경험을 떠올리며 특정 집단에 대해 혐오감을 나타내고 계시네요. 원색적인 욕설과 비난은 조심해야 합니다.	2	2	GENDER	[개극혐 맘충 씹년들] -> 여성 비하 멸칭과 욕설을 제거하고 정중하게 순화	여성/가족
ㅇㄱㄹㅇ 남동충샌드백을 많이들 패줘야하노	특정 대상에 대해 폭력적인 행위를 권유하며 혐오를 조장하시네요. 커뮤니티 말투를 사용하셨습니다. 상호 존중하는 자세가 필요해 보입니다.	2	2	GENDER/COMMUNITY	[남동충샌드백, 패줘야하노] -> 비하 지칭어와 폭력적 뉘앙스를 정중하게 순화	남성
아ㅇ개독새끼들 씨발 대가리터트리기전에 일베서 기어나가라	특정 종교인 집단에 대해 매우 크게 분노하며 무례하게 발언하셨네요. 정중한 종교적 비판이 필요해 보입니다.	2	2	RELIGION	[개독새끼들, 시발, 대가리터트리기전에] -> 종교 비하 멸칭과 욕설, 폭력적 묘사를 정중하게 순화	종교
죄인 새끼 중풍걸려서 재활 운동했음 좋겠다.	특정 인물의 건강 문제와 관련하여 부정적인 소망을 나타내셨네요. 비방보다는 건강한 비판이 필요해 보입니다.	2	3	SLUR	[죄인 새끼] -> 정치적 비하 지칭과 악의적인 바램을 정중하게 순화	악플/욕설
경상도는 '쌍도'나 '개쌍도'라고 변화를 줘야 욕처럼 들리는데ㅋ전라도는 그냥 라도, 전라도라고만 해도 욕같은 이상한 현실ㅋㅋ	특정 지역을 지칭하는 용어들이 사회적으로 어떻게 소비되는지에 대한 본인의 관찰을 공유해 주셨습니다. 지역 비하 멸칭에 대한 본인만의 분석이시네요.	2	2	REGIONAL	[쌍도, 개쌍도, 라도] -> 지역 비하 멸칭들을 정중한 지명으로 순화	지역
크 쌍도남클라스 외국까지나가서 쌍도냄새를 풍기노	해외에 나가서도 특정 지역의 색채를 드러내는 남성의 태도에 대해 냉소적인 반응을 보이셨네요.	2	2	REGIONAL	[쌍도남, 쌍도냄새] -> 지역 비하 멸칭과 비하 표현을 정중하게 순화	지역
전라도는 뭐다?	특정 지역에 대해 의문을 던지며 부정적인 반응을 이끌어내려 하시네요.	2	1	REGIONAL	정중한 상황 묘사	지역
왜저러고 사는거놐ㅋㅋ? 재기해라익이 좆벌레들이노	상대 남성들의 행동을 비판하며 매우 무례하고 거칠게 발언하셨습니다. 커뮤니티 말투와 자살 인용 표현이 포함되어 있습니다.	2	2	GENDER/COMMUNITY	[왜저러고 사는거노, 재기해라익이, 좆벌레들] -> 남성 비하 멸칭과 자살 권유 표현, 커뮤니티 말투를 정중하게 순화	남성
모여서 집단예배하고 천국행 노리나	현재의 고난이 종교적으로 어떠한 의미를 가질지 궁금해하시네요.	2	1	RELIGION	정중한 상황 묘사	종교
급식충들은 뒤져도돼	특정 연령층 전체를 향해 매우 공격적이고 모욕적인 발언을 하셨네요. 생명 존엄성을 가볍게 여기는 언행은 조심해야 합니다.	2	2	AGE	[급식충들은 뒤져도돼] -> 연령 비하 멸칭과 사망 권유 표현을 정중하게 순화	연령
요즘 세상이 레알 신천지다 신천지ㅋㅋㅋ	현재의 사회적 상황이나 특정 단체의 활동에 대해 비판적인 시각을 풍자적으로 표현하셨습니다.	2	2	RELIGION	정중한 비유	종교
맘충과 여교사의 전쟁인가?	육아 중인 여성과 특정 직종 종사자 사이의 갈등 상황을 묘사하셨네요.	2	2	GENDER	[맘충] -> 여성 비하 멸칭을 정중하게 순화	여성/가족
아랍새끼들은 다죽여야해짱깨와 아랍새끼들은 다죽여야지	(차단된 문장입니다)	1	5	RACISM	[아랍새끼들, 짱깨, 다죽여야해] -> 특정 민족과 인종에 대한 집단 학살 및 증오를 선동하므로 차단	인종/국적
진정한 남페미는 알아서 재기함 후팔 재기할 용기도 없으면서 페미운운하는거 역겹노	(차단된 문장입니다)	1	5	GENDER/COMMUNITY	[남페미, 재기함, 후팔, 역겹노] -> 특정 성별에 대한 자살 권유 및 비하와 혐오 커뮤니티 용어를 사용하므로 차단	남성
데이트도 못해 존 것들이 데이트 폭력 피해자 코스프레를 하면서 데이트도 못해 본 사람한테 데이트 폭력배라 몰아가는 이 불편한 진실... 애먼사란 데이트 폭력재로 만들지 마시죠 이것들아!!!ㅠㅠㅠ	경험이 부족한 이들이 관련 피해를 호소하며 실체 없는 비난을 쏟아내는 현실이 매우 불편하시군요. 억울한 피해자가 발생하지 않도록 신중한 태도가 필요합니다.	2	1	NORMAL	[데이트도 못해 존 것들] -> 비하적 표현을 정중하게 순화	악플/욕설
섹스하다가 질리면 헤어지는거지 순정은 지랄	인간관계의 지속성보다는 행위 그 자체의 만족에 치중하는 태도에 대해 언급하셨습니다. 순정이라는 가치를 가볍게 여기는 시각이시네요.	2	3	SLUR	[섹스하다가, 지랄] -> 저속한 표현과 욕설을 제거하고 정중하게 순화	악플/욕설
애수의 아빠는 누구야??	해당 인물의 부친이 누구인지 궁금해하시네요.	2	1	NORMAL	정중한 의문문	clean
존잘 ㄷㄷㄷ	정말 뛰어난 외모를 가지셨네요.	2	1	NORMAL	[존잘] -> 약어를 정중한 찬사로 순화	clean
저런거 못잡지 않나	관련 사안을 법적으로나 시스템적으로 해결하기 어렵지 않을까 우려하시네요.	2	1	NORMAL	정중한 우려 표명	clean
근데 기업입장에선 오조오억을 성차별단어로 지정하는게 불가능아니냐보이루야 없는단어인데 신조어지만오조,오억은 그냥 숫자 단위로 정식적으로 지칭하는 말인데 ㅋㅋㅋ	특정 단어가 가지는 수치적 의미와 사회적 오해 사이의 관계를 언급하시며, 기업이 이를 차별 언어로 규정하기는 현실적으로 어렵다는 합리적인 의견을 주셨습니다.	2	1	NORMAL	정중한 언어적 분석	clean
욕봤노 한남충들은 뜯어먹을것도 앵나 없노 코르셋들도 여행가면 한남은 경계한다이기	남성들과의 소통 과정에서 피로감을 느끼며 냉소적인 반응을 보이셨습니다. 성별 대립이 심화된 온라인 커뮤니티 정서를 반영하고 있습니다.	2	2	GENDER/COMMUNITY	[한남충, 앵나, 코르셋들] -> 남성 및 여성을 비칭하는 용어를 정중하게 순화	남성
그래 알겠다..지금 울면서 리플달고있다	현재의 심경을 리플로 전하며 수긍하는 반응을 보이셨네요.	2	1	NORMAL	정중한 서술형	clean
경상도 ㅅㅂ	특정 지역에 대해 매우 부정적인 감정을 짧고 강렬하게 표출하셨네요. 지역 차별적인 발언은 지양해야 합니다.	2	2	REGIONAL	[ㅅㅂ] -> 욕설 초성을 제거하고 정중하게 정리	지역
경찰은 범죄. 라 확정해서 검찰에 넘겼으나. 기소유예. 반의사 불벌죄? 왜? 만든건가. 검사 니 딸이 당했어도. 참작? 해서 기소유예? 판결 가능하냐? 개 검사.	사법 절차의 공정성에 대해 의구심을 표하며 강력히 비판하셨습니다. 피해자의 고통을 외면하는 듯한 판결 결과에 대해 엄중한 책임을 묻고 계시네요.	2	2	RELIGION	[개 검사] -> 비하 지칭어를 정중한 사법 비판으로 순화	기타 혐오
진짜 저러면 그저 빛	정말 이상적으로 보이는 모습에 대해 감탄하셨습니다.	2	1	NORMAL	정중한 찬사	clean
가봐야알지 ㅋㅋㅋㅋ 군대 가지도 않은 틀딱새끼들이 요즘 군대가 어떻고저떻고 떠드는거랑 같은맥락 ㅋㅋ군대가 아무리 좋아지고 어쩌고해도 군대는 개좆같은곳이란걸 안가봐서 모르는거임 ㅋㅋㅋㅋㅋㅋ 급식들 군대로 꺼져~~	군 복무 경험이 없는 이들이 군대 문화에 대해 이야기하는 것에 대해 냉소적인 반응을 보이시며, 젊은 세대에게 실제 군 생활의 고충을 강조하셨습니다.	2	2	AGE	[틀딱새끼들, 개좆같은곳, 급식들] -> 노인 및 연령 비하 멸칭과 욕설을 정중하게 순화	연령
5G 가 짱개에 의해 깔린다 -> 모든 통신이 짱개가 쓰는 기계를 거치게 된다 -> 모든 정보가 짱개에게 들어간다 -> 짱개가 우리나라를 마음껏 농락한다 (정보를 이용한 협박, 주식조작, etc etc) -> 대한민국 폭망 -> 북한과 경제력 대등 -> 통일	통신 기술 도입이 특정 국가의 영향력 아래 놓일 때 발생할 수 있는 보안 취약성과 국가적 위기에 대해 매우 우려 섞인 전망을 내놓으셨습니다. 정보를 이용한 권력 남용을 경계하셨네요.	2	1	RACISM	[짱개에 의해, 짱개가] -> 특정 민족 비하 멸칭을 정중한 국적 명칭으로 순화	인종/국적
좌빨종북주사파 달창대개문 김정은애완견 들 조민 표창장 은 어디서 나온거야 유시민은 동양대 총장한데 전화 는 왜 한거야 중국가서 사드 보복하라구 고자질 은 누가 한거야비리 들어나면 메신저 공격하는 생양아치 좌빨 종북주사파 달창대개문 김정은애완견 들	정치적 반대 진영과 특정 인사들의 행태에 대해 매우 공격적인 멸칭을 쏟아내며 비판하셨습니다. 비리 의혹과 언론의 태도에 대해 강한 불신을 표현하셨네요.	2	1	RELIGION	[좌빨종북주사파, 달창대개문, 예완견] -> 정치적 비하 멸칭들을 정중한 사회적 비판으로 순화	기타 혐오
아 어제 운전하고 가다가 꿩 쳤는데 ㅋㅋㅋㅋ일베에 올릴생각 못한거보면 난 아마추어 일게이 인가보다	운전 중 겪은 해프닝을 특정 온라인 커뮤니티 문화와 연결 지어 농담조로 말씀하셨네요.	2	1	NORMAL/COMMUNITY	[일게이] -> 커뮤니티 지칭어를 정중하게 정리	clean
목사능 ㄱ H들만 되나보네	일부 종교 지도자들의 부적절한 행태에 대해 매우 조롱 섞인 비유를 사용하여 비판하셨습니다. 종교적 가치를 훼손하는 이들에 대해 분노하고 계시네요.	2	2	RELIGION	[ㄱ H들만] -> 동물에 비유한 모욕적 표현을 정중하게 순화	종교
페미니스트는 멀쩡한 여성들도 욕먹게 만드는 정신병임	특정 가치관이 선량한 다수의 여성들에게까지 부정적인 영향을 미친다고 믿으시며 이를 정신 질환으로 규정하셨습니다. 극심한 갈등 양상에 대해 우려를 표하셨네요.	2	1	GENDER	정중한 사회적 비판	여성/가족
대한민국 사회~ 공무원 채용 시험 낙방하면 임시적으로 들어가 집단 시위하면 채용된다. 머리는 모자라도 데모 잘 하면 좋은 직장에 취업하는 나라 이게 나라인가요?	공직 채용 과정의 공정성과 시위 문화에 대해 매우 비판적인 시각을 보여주시네요. 역량이 부족한 이들이 부당한 방식으로 취업하는 현실을 개탄하셨습니다.	2	1	NORMAL	[머리는 모자가라도] -> 비하적 표현을 정중하게 순화	기타 혐오
저렇게 생긴 남자애들이 저런말을 많이 해야되노 ㅋㅋㅋ 남혐풀충ㅋ	남성들이 본인의 외모를 자조하며 성별 대립적인 시각을 드러내는 현상에 대해 언급하셨습니다. 남성 혐오 정서가 가득 찬 모습이라는 주관적인 평가이시네요.	2	2	GENDER/COMMUNITY	[해야되노, 남혐풀충] -> 커뮤니티 말투와 혐오 용어를 정중하게 순화	남성
처형이고 글쓴놈이고 대화수준이 촌동네 시골바닥 수준이네	특정 지역 사람들의 대화 수준이나 문화가 기대에 못 미친다며 매우 무시하는 태도를 보이셨습니다. 지역에 대한 편견이 섞여 있습니다.	2	2	REGIONAL	[촌동네 시골바닥 수준] -> 지역 비하 뉘앙스를 정중하게 정리	지역
돈받고 기사쓰나	기사 보도의 상업성과 객관성에 대해 의구심을 표하며 비판하셨네요.	2	1	NORMAL	정중한 의문 제기	악플/욕설
똥꼬충이 또...	성소수자와 관련된 부적절한 언행이나 상황에 대해 냉소적인 반응을 보이셨네요.	2	2	LGBTQ	[똥꼬충이 또] -> 성소수자 비하 멸칭을 정중하게 순화	성소수자
100년후엔 50%이상.... 그때엔 국교를 이슬람으로 하자고 난리다. 그리고, 타종교인에 대한 테러, 무신론자에 대한 테러로 사회가 엉망이 된다.	특정 종교의 확산으로 인한 미래의 사회적 불안과 테러 위험에 대해 매우 어두운 전망을 내놓으셨습니다. 타 종교와 무신론자의 안전이 위협받을 것이라는 강력한 우려이시군요.	2	1	RACISM/RELIGION	정중한 사회적 우려 표명	인종/국적, 종교
하이패스가 웬수지 누구한테원망 갈수록 힘들어진다 급격한 ai에 도처에서 날리지 5년후면 10년후면 로봇이 점령할거다	기술 발전과 인공지능 도입으로 인한 노동 환경의 급격한 변화를 언급하시며 미래에 대한 불안감을 드러내셨습니다.	2	1	NORMAL	정중한 상황 예측	악플/욕설
쉿!! 그곳을 욕하지마!!	특정 사안에 대해 언급하는 것을 조심스러워하며 우회적으로 비판하셨네요.	2	1	NORMAL	정중한 서술형	clean
주 예수보다 더 귀한것은 없네이 세상 부귀와 바꿀 수 없네영 죽을 내 대신, 돌아가신 그 놀라운 사랑 잊지 못해세상 즐거움 다 버리고세상 자랑 다 버렸네주 예수보다 귀한것은 없네 예수 밖에는 없네	종교적 찬양과 신앙 고백을 담은 따뜻한 글이네요. 개인의 신념을 존중합니다.	2	1	NORMAL	정중한 신앙 선언	clean
??? : PC충 코스프레로 오징어 하나 거른 썰 푼다.	특정 가치관을 추종하는 척하면서 실제로는 개인적인 이익이나 필터링을 하고 있다는 경험담을 공유해 주셨습니다.	2	1	NORMAL	정중한 서술형	clean
저러니깐 배달이나 하고 있지...못배운거 티내나 배달충새끼..	직업적 성취도가 부족한 이들에 대해 매우 무례하게 비난하시며 학력 차별적인 시각을 드러내셨습니다. 특정 직종 종사자를 멸칭으로 부르셨네요.	2	2	SLUR	[배달충새끼, 못배운거 티내나] -> 직업 및 인격 비하 멸칭을 정중하게 순화	기타 혐오
서울 외곽에 사는데... 요즘 중국, 이슬람불체자들 엄청 많습니다 취업비자도 없이 그냥..가족단위로 와서..자기들끼리 소개받아서 일한다고하더군요.... 단속도 안함.....ㅋㅋ	수도권 주변에 외국 국적 불법 체류자들이 급증하고 있는 현실과 그에 따른 단속 미비 문제를 지적하셨습니다. 사회적 불안 요소에 대해 언급하셨네요.	2	1	RACISM	[불체자들] -> 정중한 행정적 명칭으로 정리	인종/국적
잊혀진 22시간의 진실 밝혀주세요 7시간도아니고 22시간은 너무한거아닙니까~	밝혀지지 않은 사실에 대해 투명한 공개를 요구하며 사회적 의혹을 제기하셨습니다.	2	1	NORMAL	정중한 요청	clean
남미는 갱들때문에 별로 가고싶지가 않음;; 영화 때문인가	특정 지역의 치안 문제에 대해 영화 등을 근거로 부정적인 고정관념을 가지고 계시네요. 방문을 주저하시는 솔직한 감정입니다.	2	1	RACISM	정중한 우려 표명	인종/국적
말이 14억이지 미국 호주 캐나다 일본 한국 퍼진거합치면 추산 불가아니냐	특정 국가 사람들의 전 세계적인 인구 분포를 고려할 때 정확한 수치를 추산하기 어렵다는 합리적인 의견을 주셨습니다.	2	1	NORMAL	정중한 통계 분석	clean
저거보면 진지하게 지나가는 게이 뚜두려패고 싶은 마은 솓아남	성소수자에 대해 매우 강한 분노와 폭력적인 충동을 느끼고 계시네요. 인본주의적인 관점과 상호 존중이 필요해 보입니다.	2	2	LGBTQ	[게이 뚜두려패고 싶은] -> 성소수자 비하와 폭력적 기행 묘사를 정중하게 순화	성소수자
가부장제 사회 디폴트가 여혐이다	사회의 전반적인 구조가 특정 성별에 편향되어 있다는 점을 비판적인 견지에서 언급하셨습니다.	2	1	NORMAL	정중한 사회적 비판	clean
정신못처리게 하려고 자꾸 건수도 없는거 이런 저런 말도 안되는걸로 카운터 펀치 날리고 있네..	상대방의 평정심을 흐트러뜨리기 위해 불필요한 공방이 이어지는 상황에 대해 비판적인 시각을 보여주시네요.	2	1	NORMAL	정중한 상황 분석	악플/욕설
난 남혐 이해가 간다. 어딜가도 존못.. 여자도 마찬가지. 어딜가도 존못. 인터넷엔 시그마 3넘어가는 초미남미녀 사진만 덜아댕기니 혐오가 안생기나?	성별 대립의 원인을 외모에 대한 극단적인 고정관념과 인터넷상의 비현실적인 기준에서 찾으시며 본인의 불만을 솔직하게 공유해 주셨습니다.	2	2	GENDER	[존못, 혐오가 안생기나] -> 비하적 표현을 정중한 분석으로 순화	남성
틀튜브들 좀 다 나가라 씨발학폭이니 미투니 조선족이니 억지부리는거 진짜 좆같아서 더는 못 보겠음NAGA!!!!	특정 사안들에 대해 억지 주장을 펼치는 개인 방송인들에게 매우 크게 화가 나셨네요. 사회적 혼란을 주는 콘텐츠의 근절을 촉구하셨습니다.	2	2	RACISM	[틀튜브들, 조선족이니, 좆같아서] -> 특정 세대 및 민족 비하가 섞인 멸칭과 욕설을 정규하게 순화	인종/국적
무슬림들에게 전복당하면이슬람 율법을 거부하는 남자들은 가축마냥 참형에 처해짐샤리아 체계 아래 자유와 선택따윈 없음 죽음과 복종뿐	특정 종교 분파의 교리가 사회를 지배할 경우 발생할 수 있는 인권 탄압과 폭력에 대해 매우 강력한 경고를 하셨습니다. 자유의 상실을 우려하시네요.	2	1	RELIGION	정중한 가치관 비판	종교
그러니 그런데를 왜다녀요	부적절한 장소나 상황에 대해 방문을 자제하라는 짧은 충고를 하셨습니다.	2	1	NORMAL	정중한 권고	악플/욕설
아따 워친년ㅋㅋㅋ 하이퍼리얼리즘이 하도 웃창이라 웃다 숨넘어가는 줄 알았노	매우 사실적인 묘사나 상황 극에 대해 크게 만족하며 즐거워하시는군요. 커뮤니티 말투를 극단적으로 사용하셨습니다.	2	2	SLUR/COMMUNITY	[워친년, 웃창, 있노] -> 여성 비하적 표현과 커뮤니티 말투를 제거하고 정중하게 순화	악플/욕설
홍어가 출장나왔나?	특정 지역 출신임을 비하하는 멸칭을 사용하여 무례한 질문을 던지셨네요. 지역 차별적인 발언은 지양해야 합니다.	2	2	REGIONAL	[홍어가] -> 지역 비하 멸칭을 정중한 지명으로 순화	지역
ppap 크게 틀면 조용해짐	소음을 유발하는 상황을 해결할 수 있는 재치 있는 방법을 제안하셨네요.	2	1	NORMAL	정중한 서술형	clean
동성애 인간들한테 표 얻으려했다가 아주 씨게 후들거맞네 ㅋㅋㅋ밑거 최0애	특정 가치관에 동의하는 척하면서 성소수자들의 지지를 얻으려다 실패한 사례를 언급하며 비웃는 반응을 보이셨네요.	2	2	LGBTQ	[후들거맞네, 밑거] -> 비칭을 제거하고 정중하게 순화	성소수자
복잡하지않다. 이슬람 국가들의 현실과 무슬림들이 저지르는 폭력과 그들에 의한 인권 탄압을 보면 멀리하고 경계해야하는 이유가 명백해진다.	특정 종교 단체나 구성원들의 폭력적인 성향에 대해 우려하며 경계를 늦추지 말아야 한다는 명확한 입장을 밝히셨습니다. 인권 탄압의 사례를 근거로 드셨네요.	2	1	RELIGION	정중한 종교적 비판	인종/국적, 종교
갓본께서 빨리 동아시아를 통일시켜주면좋겠다	특정 국가의 주도 아래 지역적 평화나 통일이 이루어지기를 바라는 본인의 정치적 소망을 나타내셨습니다.	2	1	RACISM	[갓본께서] -> 특정 국가를 지나치게 추켜세우는 표현을 정중하게 순화	인종/국적
이게 전부~ 여성가족부때문~~	현재의 사회적 갈등이나 불합리한 상황이 특정 정부 부처의 책임이라는 비판적인 견해를 밝히셨습니다.	2	1	GENDER	정중한 정책 비판	여성/가족
왜 하나님은 그리 당신을 믿고 따르는 자에게 코로나를 주셨을까요? 나참 이해가 안되네ㅡㅡ 믿음이 약했네 목사아웃	신앙심을 가진 이들에게 닥친 불행에 대해 의구심을 표하며 종교 지도자의 퇴출을 강력히 요구하셨습니다. 종교의 실효성에 대해 회의적이시네요.	2	1	RELIGION	정중한 종교적 비판	종교
ㅋㅋㅋㅋ양꼬치 ㅋㅋㅋㅋㅋㅋ 꼬치는 역시 양꼬치쟤.	특정 음식과 관련된 농담을 유쾌하게 나누고 계시네요.	2	1	NORMAL	정중한 서술형	clean
서강대 클라스 좀 보소... 지잡대 다 됬네	유명 사립 대학의 최근 분위기가 예전 같지 않다며 아쉬움 섞인 비판을 하셨네요. 대학의 위상 하락을 속어로 표현하셨습니다.	2	2	SLUR	[지잡대] -> 대학 비하 멸칭을 정중하게 순화	기타 혐오
초대남줄서봅니다	상대방의 제안에 대해 긍정적인 반응을 보이셨네요.	2	1	NORMAL	[초대남줄서봅니다] -> 정중한 참여 의사로 정리	악플/욕설
논리가 없는데 뭔 논리를 논해 븅신이 ㅋㅋㅋㅋ	논리적인 근거 없이 주장하는 태도에 대해 매우 무례하게 비난하셨습니다. 소통 시 상호 존중이 필요합니다.	2	3	SLUR	[븅신이] -> 욕설을 제거하고 정중하게 순화	악플/욕설
백 번 맞는 말이노. 육체적으로나 정신적으로나 자집애들은 놈딱 나약하노. 나련 초등학교 다닐 때 자꾸 짜증나게 하는 자집애 있어서 포효한 번 해 줬더니 질질짜면서 지네 모부한테 일러바치더노. 자집애들은 정신적으로나 육체적으로나 보지 털 끝도 못 따라간다 이기.	남성들의 신체적, 정신적 강인함에 대해 매우 비판적이고 냉소적인 시각을 가지고 계시네요. 과거의 경험을 근거로 여성의 우월함을 강조하셨습니다. 남성 비하 멸칭과 커뮤니티 말투를 사용하셨네요.	2	2	GENDER/COMMUNITY	[자집애들은, 놈딱, 나련, 이기] -> 남성 비하 및 혐오 지칭어와 커뮤니티 말투를 정중하게 순화	기타 혐오
개독 만세	특정 종교에 대해 긍정적인 반응을 보이셨네요. 풍자적인 뉘앙스가 포함되어 있을 수 있습니다.	2	2	RELIGION	[개독 만세] -> 종교 비하 멸칭을 정중하게 순화	종교
개인적으로 노르웨이의 브레이빅 성님에 마음에 들더라 ㅋㅋㅋㅋㅋ공산주의자들한테 폭탄 테러 한게 가장 통쾌 ㅋㅋㅋㅋㅋ 좀 폭력적이긴 해도동양인 자체를 싫어하는 사람이 아니라 오히려 한국,일본을 빤다는 점에서 좀 흥미로움,	특정 국가에서 발생한 과격한 사건의 배후에 대해 언급하시며, 정치적 견해가 일치하는 면에 대해 흥미를 느끼셨군요. 폭력적인 행위에 대한 본인만의 복합적인 감상입니다.	2	1	NORMAL	정중한 상황 분석	clean
30대 상폐년이 나이 구라쳤는데도 속아놓고 조오탄다 ㅋㅋㅋㅋ	이성 관계에서의 나이 속임수와 관련된 에피소드에 대해 냉소적인 반응을 보이셨습니다. 연령 비하 멸칭을 사용하셨네요.	2	3	AGE	[상폐년, 조오탄다] -> 여성 및 연령 비하 멸칭을 정중하게 순화	여성/가족, 연령
텐노 헤이카 반자이!	특정 인물이나 역사적 구호를 인용하며 본인의 감정을 표현하셨네요.	2	1	NORMAL	정중한 서술형	clean
6(풉)웜송합니다9웃챙이노 껄레껄레ㅋㄱㅋㅋㅋㅋㄱㅅㅋㅋ	특정 사안에 대해 조롱하며 본인의 감정을 가볍게 표현하셨네요. 커뮤니티 말투를 사용하셨습니다.	2	1	NORMAL/COMMUNITY	[웜송합니다, 웃챙이노] -> 커뮤니티 용어를 정중하게 순화	악플/욕설
탈북자 새끼들 다 북한으로 돌려보내야한다 얘들은 자기 조국을 배신한 변절자다참고로 알겠지만 배신을 한번하면 또 두번하고 그 이상으로 한다	탈북민들에 대해 매우 배타적이고 부정적인 시각을 가지고 계시네요. 그들의 행보를 변절이라 규정하며 본국 송환을 강력히 주장하셨습니다.	2	1	RACISM	[새끼들] -> 비하 지칭어를 정중하게 순화	인종/국적
존나 깝치네 개슬람새끼들이	특정 종교인 집단의 행동에 대해 매우 크게 분노하며 무례하게 발언하셨네요. 상호 존중과 배려가 필요해 보입니다.	2	2	RELIGION	[개슬람새끼들이, 깝치네] -> 종교 비하 멸칭과 공격적인 말투를 정중하게 순화	인종/국적, 종교
동물 식물도 다 암수가 있고 그렇게 번식하는게 일반적인거입니다. 동성애는 성정체성의 부족입니다. 그건 치료를 받고 교육을 받아야하는거죠	생물학적 일반성을 근거로 동성애를 성 정체성의 결핍으로 규정하며 치료와 교육의 대상으로 바라보시는군요. 본인의 보수적인 가치관을 공유해 주셨습니다.	2	1	LGBTQ	정중한 가치관 제시	성소수자
저거 야동을 너무 많이 보고 좆본가서 저런 거 아니냐씨발 현실과 판타지를 구분 못하는 새끼들좆본법으로 외노자새끼들은 강력하게 처벌해야됨	창작물과 현실을 혼동하는 이들의 행태를 비판하시며, 특정 국가 법률에 따른 엄중한 처벌을 요구하셨습니다. 특정 신분 비하 멸칭이 포함되어 있습니다.	2	2	RACISM	[외노자새끼들은] -> 특정 신분 비하 멸칭을 정중하게 순화	인종/국적
길거리에서 떡볶이 집어먹어도 프랑스 요리 시식하는거 같은 우월함 쩐다 시밬ㅋ	특정 국가 요리에 대한 동경과 함께 본인의 감정을 유머러스하게 표현하셨네요.	2	1	NORMAL	[시밬] -> 욕설 초성을 제거하고 정중하게 순화	악플/욕설
피싸개들이 낳아봐야 똥싸개뿐이지 별거있냐	(차단된 문장입니다)	1	5	GENDER	[피싸개들, 똥싸개] -> 여성의 생리 현상과 출산을 극단적으로 비하하고 모욕하므로 차단	여성/가족
난 오줌싸고 꼬츄 휴지로 닦음	위생 관리에 대해 철저한 본인만의 습관을 공유해 주셨습니다.	2	1	NORMAL	정중한 습관 공유	clean
이런기레기들이 한국을 망치고 에이즈를 창궐하게 만드는 동성애라는 허울좋은 말로 인간의 존엄을 파괴한다.	특정 보도 행태가 사회에 미칠 부정적인 영향과 질병 전파 가능성에 대해 우려를 표하셨습니다. 인권 논의가 본질을 훼손한다고 비판하셨네요.	2	1	LGBTQ	정중한 정책적 비판	성소수자, 기타 혐오
막짤 ㅆㅂㅋㅋㅋ	마지막 장면을 보고 매우 유쾌하게 웃으셨네요.	2	3	SLUR	[ㅆㅂ] -> 욕설 초성을 제거하고 정중하게 순화	악플/욕설
외국은 여자가 성바꾸더만 병신년들 정도를모르네	성 정체성 변화에 있어 어느 정도의 기준이 필요하다고 생각하시며, 과한 요구를 하는 이들에 대해 비판적인 시각을 보여주셨습니다.	2	2	GENDER	[병신년들] -> 여성 비하 멸칭을 정중하게 순화	여성/가족
문가영이 이쁘진 않은데 몸매는 괜춘함, 그래도 아이유지	유명 인물들의 외모와 신체적 특징에 대해 개인적인 선호도를 바탕으로 평가하셨네요.	2	1	NORMAL	정중한 인물 평가	여성/가족
성전환 군인은 여군들이 받아주나?	성전환 수술을 받은 군인이 기존 군 조직 내에서 수용될 수 있을지에 대해 진지한 의문을 던지셨습니다.	2	1	LGBTQ	정중한 의문문	clean
I'm a gain	본인의 상태나 소속에 대해 짧게 언급하셨네요.	2	1	NORMAL	정중한 서술형	clean
짱깨 속국을 자처하는 대가리 깨진 새끼들이 있는데 어쩌겠노빨리 떠야지	국가적 정체성이나 외교 방향에 대해 매우 비판적인 견해를 밝히셨습니다. 현재의 상황이 답답하여 이민을 고려하고 계시네요.	2	1	RACISM	[짱깨 속국, 곶캐진 새끼들] -> 특정 국가 및 정치 성향 비하를 정중하게 순화	인종/국적
그러지마 페미덕분에 한국남자들에게 알마나 개몽이 되었는데... 솔직히 유전적으로 여자찾는거지 여자데리고 있는거 피곤함.	특정 사상이 남성들에게 미칠 긍정적인 영향과 부정적인 측면을 동시에 언급하시며, 이성 관계에서 느끼는 피로감을 솔직하게 공유해 주셨습니다.	2	1	GENDER	정중한 사회적 의견	여성/가족
진짜 하나같이 경상도 관상ㅋㅋㅋㅋㅋ	특정 지역 사람들의 외모 특징에 대해 고정관념을 가지고 냉소적으로 표현하셨네요.	2	2	REGIONAL	[경상도 관상] -> 지역 편견이 섞인 표현을 정중하게 정리	지역
어차피 그나물에그밥인 후보라치고 투표는해야한다.최선아닌차선,차악을 뽑으면된다.기권은 스스로 민주시민이길 포기한게으름이다.	투표권 행사의 중요성을 강조하시며 기권하지 말고 참여하여 민주 시민의 책무를 다하자는 올바른 주권 의식을 보여주셨습니다.	2	1	NORMAL	정중한 투표 독려	clean
진짜 쟤들은 얼마나 가난한거냐	상대방의 경제적인 처지에 대해 의구심을 표하며 비판하셨네요.	2	3	SLUR	정중한 의문문	악플/욕설
사투리꼬라지보소 쌍도자지들은 사투리쓸때마다 존나 촌내나고 역겨움	특정 지역 남성들의 말투에 대해 매우 무례하고 공격적으로 비난하며 혐오감을 나타내셨습니다. 지역 비하 뉘앙스가 강합니다.	2	2	REGIONAL	[쌍도자지들은, 역겨움] -> 지역 및 성별 비하 멸칭을 정중하게 순화	지역
성소수자 ㅋㅋㅋㅋㅋ 수간충 로리충 근친상간충 ntr충 다 뛰어 나와라 이니야 !!!!!!!	성소수자 인권 논의가 부적절한 성적 취향까지 옹호하는 것으로 비칠까 봐 비꼬는 반응을 보이셨네요. 커뮤니티 말투를 사용하셨습니다.	2	2	LGBTQ/COMMUNITY	[수간충, 로리충, 이니야] -> 비하 멸칭과 커뮤니티 말투를 정중하게 순화	성소수자
전남 보성에 광주 이씨잖아몰랐냐지금 보성에 날리도 아닌데	특정 인물의 가계나 출신지에 대해 정보를 문고 계시네요.	2	1	NORMAL	정중한 의문문	clean
주말도아니고 평일이잖아 .상대적으로 노는년들이 남자보다 더 많으니 ㅇㅇ	남녀의 여가 생활 빈도 차이에 대해 본인의 시각을 공유하며 비판적인 반응을 보이셨습니다. 성별 고정관념을 강화하는 표현이 포함되어 있습니다.	2	1	GENDER	[노는년들이] -> 여성 비하 멸칭을 정중하게 순화	여성/가족
똥남아 존나 냄새나게 생김	특정 지역 사람들의 외모 특징에 대해 부정적인 선입견을 드러내며 무례하게 발언하셨네요. 정중한 지칭이 필요합니다.	2	2	RACISM	[똥남아] -> 특정 지역 비하 멸칭을 정중한 국적 명칭으로 순화	인종/국적
어깨가넓은게아니라 얼굴이존나작네시말	신체 비율에 대해 언급하며 본인의 감정을 거칠게 표현하셨네요.	2	3	SLUR	[시말] -> 욕설 초성을 제거하고 정중한 서술형으로 순화	악플/욕설
지코존니무시하넼ㅋㅌㅋㅋㅋㅋㅋㅋ	유명 아티스트를 향한 무시하는 태도에 대해 냉소적인 반응을 보이셨네요.	2	3	SLUR	정중한 상황 묘사	악플/욕설
난 동생애보다 종교새끼들이 더 싫음예수쟁이들이 믿는 그 하나새끼가 만든게 게이아님?ㅋㅋ	동성애보다 특정 종교인들의 행태를 더 싫어하신다며 본인만의 가치관을 공유해 주셨습니다. 종교적 신념과 성적 지향의 상관관계에 대해 의구심을 표하셨네요.	2	2	RELIGION	[종교새끼들, 예수쟁이들] -> 종교 비하 멸칭을 정중하게 순화	성소수자, 종교
w전라도 외국이니깐 다문화맞지	특정 지역을 외국에 비유하며 다문화와 연결 짓는 독특한 견해를 제시하셨습니다. 지역 비하 뉘앙스가 포함되어 있습니다.	2	2	REGIONAL	[전라도 외국] -> 지역 비하 뉘앙스를 정중하게 정리	지역
헐 끔찍하다 남의나라에서도 종교질ㅡ 아싫다 무교가 답이다	타국에서도 종교 활동을 지속하는 이들에 대해 부정적인 감정을 표하며 무교를 지향하는 본인의 신념을 밝히셨습니다.	2	1	RELIGION	[종교질] -> 비하적 표현을 정중하게 순화	인종/국적, 종교
행갓치는 워추다이기야	행동하는 여성상을 긍정하며 응원의 메시지를 보내주셨네요. 커뮤니티 말투를 사용하셨습니다.	2	1	NORMAL/COMMUNITY	[행갓치, 이기야] -> 커뮤니티 용어를 정중하게 순화	clean
사일런트힐이네	특정 장소를 보고 공포 영화의 배경을 연상하셨네요.	2	1	NORMAL	정중한 서술형	clean
신기하게도 알라뽕 우가차차 위주로 구워졌네	특정 종교적 구호를 희화화하며 조롱 섞인 반응을 보이셨습니다.	2	2	RELIGION	[알라뽕, 우가차차] -> 종교 비하적 조롱을 정중하게 순화	인종/국적, 종교
연발 시발 좆같음 누르면 없어져서 쏘는재미도 없음	게임 장비의 성능이나 조작감에 대해 불만을 표하며 거칠게 발언하셨습니다.	2	3	SLUR	[시발 좆같음] -> 욕설과 비속어를 제거하고 정중하게 불만 토로	악플/욕설
장애있냐 마지막에 왜 물어보는거냐	상대방의 지적 능력이나 의도에 대해 의구심을 표하며 무례하게 질문하셨네요. 상호 존중과 배려가 필요합니다.	2	2	SLUR	[장애있냐] -> 장애 비하적 표현을 정중하게 지적	악플/욕설
엥간한 여자들은 씹압살하노 ㄷㄷㄷㄷㄷㄷ	우수한 외모를 가진 여성들에 대해 찬사를 보내셨네요. 커뮤니티 말투를 사용하셨습니다.	2	1	GENDER/COMMUNITY	[씹압살하노] -> 비속어와 커뮤니티 말투를 제거하고 정중하게 찬사	clean
20대 남자 현실 알만하다 모질이 천치들	특정 세대 남성들의 현실에 대해 매우 비판적이고 무시하는 태도를 보여주시네요. 정중한 세대 간 소통이 필요해 보입니다.	2	2	GENDER	[모질이 천치들] -> 모욕적 표현을 정중하게 순화	남성
지구의 암적 존재..중국,북한,일본,베트남....그리고..토착왜구들...	전 세계적으로 문제가 된다고 생각하는 국가들과 특정 단체들을 언급하며 강한 적대감을 드러내셨습니다.	2	2	RACISM	[암적 존재, 토착왜구들] -> 극단적인 멸칭들을 정중한 정책적 비판으로 순화	인종/국적
애비 뒤진 새끼들ㅋㅋㅋㅋㅋ지금까지 내내 남자였다 씌양놈드라~~~	상대방의 지능이나 출신을 근거로 매우 무례하게 비난하며 욕설을 하셨네요.	2	3	SLUR	[애비 뒤진, 씌양놈드라] -> 패륜적 욕설과 비하 지칭어를 정중하게 순화	악플/욕설
진짜 차기 대통령감이다	해당 인물이 차기 지도자로서 충분한 자질을 갖추었다는 높은 평가를 해 주셨습니다.	2	1	NORMAL	정중한 정치적 지지	clean
사람많은곳에서 왜 팬티만 입고 돌아다닌담?	공공장소에서의 부적절한 옷차림에 대해 의구심을 가지고 비판적인 의견을 주셨습니다.	2	1	NORMAL	정중한 태도 지적	clean
어디서 사기질을 ..미국에서 파는 치킨 종류가 얼마나 많은데 븅신색기	특정한 행위에 대해 사실 여부를 확인하며 무례하게 발언하셨습니다. 상호 존중이 필요합니다.	2	3	SLUR	[븅신색기] -> 욕설을 제거하고 정중하게 사실 확인	악플/욕설
1.이런 맘충년들 김치년들 남자가 뼈빠지게 웅앵웅~ 2.여자남자 사이좋게! 여자는 꼭 한남이랑 결혼해야된다! 둘 중 하나만 해라 한남좆병신들아	여성들의 태도에 대해 상충되는 두 가지 시각을 동시에 언급하시며 남성들의 반응에 대해 매우 비판적이고 조롱 섞인 의견을 주셨습니다. 성별 비하 멸칭과 커뮤니티 말투가 포함되어 있습니다.	2	2	GENDER/COMMUNITY	[맘충년들, 한남, 좆병신들] -> 성별 비하 멸칭과 욕설, 커뮤니티 말투들을 정중하게 순화	남성
지긋지긋 하다 . 진짜 니들 민정수석실 총경을 전정부에 엮냐 양심이 좀 있어라 . 네이버 라며	현재 정권의 인사 문제를 전 정부의 탓으로 돌리는 태도에 대해 매우 큰 불만을 표하며 양심 있는 정치를 촉구하셨습니다.	2	1	NORMAL	정중한 사회적 비판	악플/욕설
난교파뤼~♡	특정 상황이나 분위기를 매우 저속하고 성적인 용어로 묘사하셨네요. 정중한 표현이 필요합니다.	2	3	SLUR	[난교파뤼] -> 저속한 성적 표현을 정중하게 순화	악플/욕설
저정도면 북괴입장에선 존나 다행아니노?정은이 보는앞에서 발사대랑 같이터지면 몇백마리 모가지될건데	특정 국가의 군사 활동과 관련하여 매우 비판적이고 냉소적인 반응을 보이셨습니다. 지도자가 보는 앞에서 사고가 났을 경우의 엄중한 처벌을 거친 표현으로 묘사하셨네요.	2	2	RACISM	[북괴, 정은이, 모가지] -> 특정 국가 및 지도자 비하 멸칭을 정중하게 순화	인종/국적
아따 나도 아침운동 좀 나가봐야겠노. 유충 말랑말랑한 살덩이 쭉 째버리고 싶노이니	(차단된 문장입니다)	1	5	AGE/COMMUNITY	[유충, 째버리고 싶노] -> 어린이에 대한 매우 잔인한 폭력 묘사와 비하 멸칭 및 커뮤니티 말투로 차단	연령
ㅅㅂ 흑인비율 상태가??? 이래도 다문화랑께 ㅋㅋㅋㅋㅋㅋㅋㅋㅋㅋㅋㅋㅋㅋ	특정 인종의 비율이 높아지는 현상에 대해 매우 우스꽝스럽고 냉소적인 반응을 보이셨네요. 다문화 사회에 대한 거부감을 드러내셨습니다.	2	2	RACISM	[ㅅㅂ, 다문화랑께] -> 욕설 초성과 특정 지역 말투를 비꼬는 표현을 정중하게 순화	인종/국적
ㅋㅋㅋ 스시녀 백양녀 만나세요 병신 똥송한 한남충새끼야~	해외 여성을 만날 것을 권유하며 상대방 남성을 매우 무례하고 거칠게 비난하셨습니다. 성별 및 인종 비하 뉘앙스가 포함되어 있습니다.	2	2	GENDER/RACISM	[병신, 똥송한, 한남충새끼야] -> 비하 멸칭과 욕설을 제거하고 정중하게 순화	남성, 인종/국적
저런 거지새끼들하고 통일하기 싫다오지좀 마라 제발 북한이든 조선족이든	경제적인 처지가 어려운 집단과의 통일에 대해 매우 부정적인 시각을 가지고 계시네요. 특정 민족이나 집단의 유입을 신체적으로 거부하고 계십니다.	2	1	RACISM	[거지새끼들, 조선족이든] -> 비하 지칭어를 정중하게 순화	인종/국적
경찰도되고 군인도되고 소방관도되고 여자도 똑같이 다 할수 있다고 하지만 여자가 약해서 당하는건 어쩔수 없다는건 이런데서 확연히 표시난다는거	여성의 사회적 진출이 활발해졌음에도 불구하고 신체적 차이로 인해 발생하는 한계나 위험에 대해 비판적인 시각을 보여주셨습니다.	2	1	GENDER	정중한 사회적 분석	여성/가족
절대... 라는건 좀 어렵네요 소모품이라...	사용 기간이 정해진 물건의 성격상 영원함을 기약하기는 현실적으로 어렵다는 솔직한 의견이시군요.	2	1	NORMAL	정중한 서술형	clean
아무나 목사되는 곳이 교회는 ~~~ 코로나 퍼트리고 사람 죽이고 성폭행 기사도 종종 나오고 목사는 나는 절대 교회 않간다	일부 종교 시설의 부적절한 관리가 사회에 미칠 부정적인 영향에 대해 매우 불만을 표하며 종교를 멀리하는 본인의 의사를 밝히셨습니다.	2	1	RELIGION	[성폭행 기사, 나는 절대 않간다] -> 정중한 비판적 거리두기로 정리	종교
시민들의 성문제을 대처하고 예방해야될 기관이 도리어 무풍지대가 되어 저것들도 쉬쉬하는것들이 무슨 시민의 단체장을 맡고 성문제특보는 뭐한다고 있나 누구보다 문제 심각성을 심도있게 파고 들어 해결해야되는 사람이 허수아비가	특정 기관이나 인물의 직업적 전문성과 책임감에 대해 매우 비판적인 시각을 보여주시네요. 실질적인 해결보다는 자리를 지키는 데 연연하는 모습에 대해 의구심을 표하셨습니다.	2	1	NORMAL	[저것들도, 실도있게] -> 비하적 말투를 정중하게 순화	악플/욕설
조선족 새끼들잠 다잣네 ㅋㅋㅋㅋㅋㅌㅌㅌ 아이고 배야	특정 민족에 대해 조롱 섞인 반응을 보이시며 본인의 우월함을 과시하셨네요. 정중한 지칭이 필요합니다.	2	2	RACISM	[조선족 새끼들, 배야] -> 민족 비하 멸칭을 정중한 국적 명칭으로 순화	인종/국적
헐.. 무슬림 형제단 중간 지도자급을 난민으로 받다니 너무 위험해지는거 아닌가요? 무섭다..무서워	특정 단체 출신의 인물이 난민으로 유입되는 사태에 대해 국가 안보 차원에서 매우 우려 섞인 시각으로 바라보고 계시네요.	2	1	RELIGION	정중한 사회적 우려 표명	종교
한남충새끼들존나폭력적이고개지랄을다떠는데 누가좋아하느	남성 전체에 대해 매우 공격적이고 편향된 주장을 하며 비하하셨습니다. 정중한 소통과 상호 존중이 필요합니다.	2	2	GENDER	[한남충새끼들, 개지랄] -> 남성 비하 멸칭과 비속어를 정중하게 순화	남성
스시녀랑 결혼해서 갓본으로 귀화하고싶다	특정 국가 여성과의 결혼을 통해 해당 국가로 이주하고 싶다는 포부를 밝히셨네요. 국가를 높여 부르는 표현을 사용하셨습니다.	2	1	RACISM	[갓본으로] -> 특정 국가를 지나치게 추켜세우는 표현을 정중하게 순화	여성/가족, 인종/국적
개독=분탕홍어 ㄹㅇㅍㅌ^^	특정 종교와 특정 지역을 연결 지어 매우 비하적이고 공격적으로 발언하셨네요. 지역 감정과 종교 혐오를 동시에 조장하고 있습니다.	2	2	REGIONAL/RELIGION	[개독, 분탕홍어, ㄹㅇㅍㅌ] -> 비하 멸칭들과 약어를 정중하게 순화	지역, 종교
쟈들이 말하는 혐오말라는거는 개인이 느끼는 감정까지 지들이 퉁제하겠단 말이다...저런것들이 다있냐!!!	혐오 표현 규제에 대해 개인의 감정의 자유를 억압하는 것이라고 강력히 비판하시며 사회 전반의 분위기에 대해 불만을 표하셨습니다.	2	1	NORMAL	[쟈들이, 저런것들이] -> 비하적 지칭을 정중한 객관적 지칭으로 순화	기타 혐오
4일내로 대구에서 추가로 50명돌파할듯. 가족은 빼박 옮겼을테고 주변인들 옮겼겠지	특정 질환의 지역 내 확산 속도에 대해 우려하며 개인적인 감상의 통계치를 내놓으셨습니다.	2	1	NORMAL	정중한 상황 예측	악플/욕설
엄마가 국회의원이면 부족한거 없을것 같은데 ㅋㅋㅋ얼마나 큰걸 훔쳤기에 언론타게 된거지? ㅋㅋ	공인의 자녀가 연루된 사건에 대해 호기심을 배경으로 비판적인 의문을 던지셨네요.	2	1	NORMAL	정중한 의문 제기	악플/욕설
어쩐지 문통지지률과 민주당 지지률 이상하고 대통령 응원 만이올라가더라 모두가 공산당과 짱개들 짓이내	온라인상에서 느껴지는 특정 여론의 흐름에 대해 매우 부정적인 시각을 표하며 이를 국가 간의 정치적 개입으로 의심하셨습니다.	2	1	RACISM	[문통지지률, 짱개들 짓이내] -> 정치적 뉘앙스와 특정 민족 비칭을 정중하게 순화	인종/국적
치욕을 받았노	부당한 상황에 처해 모멸감을 느끼셨군요.	2	1	NORMAL	정중한 서술형	clean
항문성교가 올바른 성관계는 아니지 않음?그리고 부채를 저따구로 만드냐 존나 드럽네	특정 성적 행위의 정당성에 대해 의구심을 표하며 관련 상징물에 대해 불쾌감을 드러내셨습니다. 정중한 의견 교환이 필요해 보입니다.	2	2	LGBTQ	[항문성교, 저따구로, 드럽네] -> 자극적인 성적 묘사와 비속어를 제거하고 정중하게 순화	성소수자
양한승목사 = 앵벌이,  이래서 교회가 미안합니다.	일부 종교 지도자들의 부적절한 행태에 대해 실망감을 표하며 기독교를 대표하여 사과의 마음을 전하셨습니다. 풍자적인 뉘앙스가 포함되어 있습니다.	2	1	RELIGION	[앵벌이, 개독] -> 비하 멸칭을 정중한 비판으로 순화	종교
필리핀 제발망하게해주세요	특정 국가에 대해 본인의 강한 부정적인 소망을 나타내셨네요. 국가 간의 상호 존중이 필요합니다.	2	2	RACISM	정중한 비판적 견해로 정리	인종/국적
박선교사님께 감사와 격려로 응원합니다~ 많은 동성애자들이 탈동성애자로 거듭나서 건강하고 떳떳한 삶을 누리시길 바랍니다~	성소수자들이 자신의 정체성을 찾아 건강한 삶을 누리기를 바라는 격려의 메시지를 보내주셨습니다. 특정 상담 활동을 긍정적으로 평가하셨네요.	2	1	LGBTQ	[탈동성애자] -> 정중한 응원의 메시지로 정리	성소수자
극단적이라는거 일리가 있는듯 ㄹㅇ	현재의 사회적 상황이 매우 극단적으로 치닫고 있다는 분석에 동의하셨네요.	2	1	NORMAL	정중한 상황 긍정	clean
블리자들 급식충실력보다 ㅋㅋ 피방왔는데 컴텨랑 장비보고 지려겠구만	창작물 속 캐릭터의 실력과 실제 하드웨어 성능의 괴리에 대해 놀라움을 유머러스하게 표현하셨습니다.	2	1	NORMAL	[지려겠구만] -> 속어를 정중하게 순화	연령
카야 스코델라리오가 더 이쁘지 않냐	유명 인물들의 외모를 비교하며 개인적인 선호를 밝히셨네요.	2	1	NORMAL	정중한 찬사	clean
교회뿐만 아니라 병원도 침해소지가 있음 헬스클럽 도 그렇고 회사도 그렇고 여러사회전반으로 문제가있는법입니다 이법도 웃긴게 미투방식이라 가해자가 무죄입증해야됩니다 차별금지법 자매격인 평등법 가족기본계획 개정안(정상가족에 동성커플 넣는법) 반대합니다	특정 법안이 사회 전반의 다양한 영역에서 발생시킬 수 있는 권 침해 문제에 대해 매우 깊이 우려하며 반대 의사를 밝히셨습니다. 입증 책임의 독특한 방식에 대해서도 비판적이시군요.	2	1	NORMAL	정중한 법적 반대 의견	기타 혐오
기업들이 만든거 달통한테 왜 서한보낸겨 이기사거리로 또 선동질하겠구먼	기업의 건의 사적인 국가 지도자에게 전달된 경위에 대해 의구심을 표하며 비판하셨습니다. 언론의 보도 태도에 대해서도 불신을 드러내셨네요.	2	1	NORMAL	[달통, 건수] -> 정치적 비칭과 속어를 정중하게 순화	악플/욕설
정신또라이들 교회 다니는 인간들 졸라 재수없어 지들만 믿으면 되지 꼭 끌어드리려고 얼굴에다 염산 확 뿌려버려야지	(차단된 문장입니다)	1	5	RELIGION	[정신또라이들, 염산 확 뿌려버려야지] -> 특정 종교인에 대해 극심한 증오를 드러내며 테러 및 신체 훼손을 선동하므로 차단	종교
이자식들 나라망하게 바이러스 퍼트리고다니네 저것도 목사라고 한심하다	일부 종교계 인사들의 부적절한 행태에 대해 매우 큰 분노를 느끼며 비판하셨습니다. 공동체 안전을 저해하는 모습에 실망감을 감추지 못하셨네요.	2	1	RELIGION	[이자식들] -> 비하적 지칭을 정중한 성토로 순화	종교
좆중고딩 허세 방출 글댓글들이 가관이다지워라 글좆중고딩을 보면 조사버리고 싶어	청소년들의 허영심을 비판하며 폭력적인 훈육을 권고하는 매우 과격한 반응을 보이셨네요. 세대 간의 이해와 올바른 대화가 필요해 보입니다.	2	2	AGE	[조사버리고 싶어, 좆중고딩] -> 비하 멸칭과 폭력적 묘사를 정중하게 순화	연령
일반이들의 여혐 남혐 증가할수록동성애자들이 이득 봄.	성별 대립이 심화되는 현상이 특정 집단에게 본의 아니게 유리하게 작용할 수 있다는 본인만의 사회적 관찰을 공유해 주셨습니다.	2	1	LGBTQ	정중한 사회적 분석	성소수자
자지가 어떻게 사귀는 존재노? 노예남이면 모를까 온갖 노예짓 다 하면서 입에 페미달고 다니지마라 이기야	성별 간의 관계를 수직적인 구조로 파악하며 상대 남성에 대해 매우 무례하게 비하하고 비판하셨습니다. 성차별적인 인식이 드러납니다.	2	2	GENDER/COMMUNITY	[자지가, 노예남, 이기야] -> 남성 비하 멸칭과 커뮤니티 말투를 정중하게 순화	남성
응 개구라 ㅎ 조건앱 돌리는데 중국여대생 없음애당초 한국에 유학올 집안이면 엄청 부자임	온라인상의 특정 정보에 대해 매우 냉소적인 반응을 보이셨네요. 특정 국가 사람들에 대한 본인만의 분석입니다.	2	2	RACISM	정중한 사실 확인	악플/욕설
틀딱새키들 존나 웃기노 ㅋㅋㅋㅋ복지는 사회주의 노선이라고 개지랄발광하던 놈들이무임승차 애기만 나오면 갑자기 조용해지노시발 느그틀딱한테 하는 복지는 차칸복지냐 시발련들아	노인 복지에 대해 매우 선택적인 태도를 보이는 이중적인 모습을 비판하며 강하게 분노하셨습니다. 무임승차 논의와 관련하여 세대 간의 형평성을 강조하셨네요.	2	2	AGE	[틀딱새키들, 개지랄발광, 느그틀딱] -> 노인 비하 멸칭과 욕설들을 정중하게 순화	연령
틀딱 새끼 부랄 좌삼삼 우삼삼 딸랑여도 안 받아줄 판에 으데서 근방지게 쩍벌하고 커피 짭짭 처마시면서 틀니 까노?	한 남성의 태도가 매우 무례하고 건방지다고 비판하며 조롱 섞인 반응을 보이셨네요. 성별 비하적 묘사가 포함되어 있습니다.	2	3	SLUR	[딸랑여도, 으데서 근방지게] -> 저속한 성적 비유와 무례한 표현을 정중하게 순화	연령
오 난 당연히 노르웨이인인것을	본인의 국적이나 거주지에 대해 확신을 가지고 자긍심을 내비치셨네요.	2	1	NORMAL	정중한 서술형	clean
남들에게 유식한척 훈수는 두고 싶은데 그만큼 잘나지도 않고정보화 시대에 젊은사람들보다 지식이 뛰어나지도 않으니까정상인들은 관심조차 가지지 않는 이상한 음모론 틀튜브 주워듣고와서자기만 아는 대단한 정보인양 떠벌려대는 거임	정보에 취약한 세대가 온라인상의 부정확한 콘텐츠에 현혹되어 이를 확산시키는 사회 현상에 대해 매우 냉소적으로 비판하하셨습니다. 합리적인 소통의 부재를 개탄하셨네요.	2	1	AGE	[틀튜브] -> 연령 비하 뉘앙스를 정중한 분석으로 순화	악플/욕설
난 왜안나오냐 시발련들아	시스템 운영 방식이나 결과에 대해 매우 큰 불만을 품고 계시네요. 정중한 항의가 필요해 보입니다.	2	3	SLUR	[시발련들아] -> 욕설을 제거하고 정중하게 순화	악플/욕설
동성애자를 자세히 살펴보면 정신적으로 정상이아닌걸 알수잇다 언뜻보면 티가 안나지만. 티안나는 정신 병자가 진짜 문제라는거	성소수자의 심리적 상태를 비정상적이라고 규정하며 이를 정신 질환으로 단정 짓는 보편적인 가치관과 거리가 먼 주장을 하고 계시네요. 상호 존중보다는 배척의 태도가 읽힙니다.	2	2	LGBTQ	정중한 정책적 의견으로 정리	성소수자
어차피 친구가 준건데 어떻노 병신아	타인의 행동에 대해 크게 상관하지 않는다는 쿨한 반응을 보이셨네요.	2	3	SLUR	[병신아] -> 욕설을 제거하고 정중하게 순화	악플/욕설
대구 완전 시골이더라. 대만애서도 시골	특정 지역에 대해 매우 냉소적인 반응을 보이시며 타 지역과 비교하여 가치를 낮게 평가하셨습니다. 지역 비하 뉘앙스가 포함되어 있습니다.	2	2	REGIONAL	정중한 상황 정리	지역
이상힌 도시???	현재 상황이 생소하고 기이하게 느껴지시는군요. 개인적인 감상을 짧게 전하셨습니다.	2	1	NORMAL	정중한 의문문	clean
아니 니들 좋다고 빨아재끼는 여자들만 건들여라 하는짓 하는거 헛소리하는거 보면 벗으라면 벗을 여자들 많더만..	여성들의 태도나 선택에 대해 매우 부정적인 시각을 가지고 계시네요. 성적인 대상화를 하는 듯한 무례한 발언을 하셨습니다.	2	1	GENDER	[좋다고 빨아재끼는] -> 비하적 말투를 정중하게 순화	여성/가족
ㅋㅋㅋㅋㅋㅋ 왜 걸릴까봐쫄리냐 차이나게이트법 발의 반대하면 뭐 걍 빼박조선족인증이지	특정 법안의 발의에 대해 지지 여부를 근거로 특정 국가 출신임을 단정 짓는 매우 배타적이고 냉소적인 반응을 보이셨습니다.	2	2	RACISM	[쫄리냐, 차이나게이트법, 조선족인증] -> 민족 비하 뉘앙스를 정중한 정책적 비판으로 순화	인종/국적
머랍니까ㅋㅋㅋㅋ 태어나서부터 서울이였고 어머니아버지도 태생이 전라도아니신데 갓울까지 마라 누가머래도 일단 가장 스탠더드 형인거 ㄹㅇㅍㅌ다. 중심이잖니	서울 출신으로서의 정체성을 강조하시며 자신의 정체성을 지키려는 확고한 의지를 보여주셨습니다. 다른 지역을 배제하는 듯한 뉘앙스가 포함되어 있습니다.	2	2	REGIONAL	[라도, 갓울, ㄹㅇㅍㅌ] -> 지역 비하 멸칭과 우월주의적 표현을 정중하게 순화	지역
트랜스젠더 이거 정신병이에요	성 정체성의 변화를 시도하는 이들에 대해 정신적인 문제라고 믿으며 매우 비판적인 시각을 가지고 계시네요. 본인의 보수적인 신념을 공유해 주셨습니다.	2	1	LGBTQ	[젠더 이거 정신병] -> 모욕적 단정을 정중한 신념 표현으로 순화	성소수자
서울시 구청장도 싹 절라도가 먹었잖아. 지금은 진짜 전라도 vs 한국의 대결이다. 계속 이렇게 진행되면 전라도가 1등시민이고 나머지는 2등시민됨	특정 공직자와 지역을 연결 지어 정치적 영향력이 확대되는 현상에 대해 매우 배타적이고 우려 섞인 분석을 내놓으셨습니다. 지역 간의 계급 발생 가능성을 경계하셨네요.	2	1	REGIONAL	[싹 절라도가 먹었잖아, 1등시민] -> 지역 비하 뉘앙스를 정중한 정치적 분석으로 순화	지역
이 개새끼들 그럼출가자 재가자 차별도 하지마라 씹까까들아너넨 합장 받을 자격이 없는 놈들이다.	종교를 믿거나 수행하는 이들 사이에서도 차별이 존재해서는 안 된다는 점을 강조하시며 실망감을 표출하셨습니다. 종교인 비하 멸칭과 욕설을 사용하셨네요.	2	2	RELIGION	[개새끼들, 씹까까들] -> 종교인 비하 멸칭과 욕설을 정중하게 순화	악플/욕설
응 재료소진 ㄲㅈ	재료가 모두 소진되어 더 이상 판매가 어렵다는 공지 뒤에 거친 표현으로 거절의 의사를 밝히셨네요.	2	3	SLUR	[ㄲㅈ] -> 무례한 표현을 정중하게 순화	악플/욕설
한남이 지금 물받아놓고 여자들 제발 이성을 잃어라 여자들 제발 다 웜년되라 하고 비는 중이노. 이벙 광화문시위 50만명 올 것 같노.	남성들이 여성들의 특정 커뮤니티 활동이나 대규모 시위를 비웃으며 농담조로 언급하고 있습니다. 커뮤니티 말투를 사용하셨네요.	2	2	GENDER/COMMUNITY	[한남, 이성을 잃어라, 웜년, 했노] -> 남성 및 여성 비하 멸칭과 커뮤니티 말투를 정중하게 순화	남성
전라도냐??	상대방의 출신 지역이 특정 지역인지 궁금해하시며 의문을 던지셨네요. 지역 차별적인 의도가 포함되어 있을 수 있습니다.	2	2	REGIONAL	정중한 의문문	지역
그게 이상해 발악하는 새끼들이 다 짱개분탕새끼들임	특정한 상황을 악화시키기 위해 활동하는 이들에 대해 매우 비판적인 시각을 가지고 계시네요. 특정 민족 비하 멸칭을 사용하셨습니다.	2	2	RACISM	[발악하는 새끼들, 짱개분탕새끼들] -> 특정 민족 비하 멸칭을 정중한 국적 명칭으로 순화	인종/국적
만약 남자를 싫어할 권리라는게 가능하다면, 흑인을 싫어할 권리, 유태인을 싫어할 권리, 동성애자를 싫어할 권리도 가능해진다. 정신머리라는게 있다면 저런 무지몽매한 발언을 할 수가 없을 것이다. 페미니즘은 나치즘과 같은 증오의 사상이다.	남성을 혐오할 권리가 인정된다면 다른 사회적 소수자에 대한 혐오도 정당화될 수 있다는 우려를 표하며, 무분별한 혐오 사상의 위험성을 경고하셨습니다. 보편적인 가치 수호의 중요성을 강조하셨네요.	2	1	GENDER	정중한 가치관 제시	여성/가족
저런 씨발틀딱 새끼들 진짜 나한테 걸리면 반 조져놓는다	일부 노인들의 태도에 대해 매우 큰 분노를 느끼며 폭력적인 대응을 하고 싶을 정도로 화가 나셨네요. 정중한 세대 간 소통이 필요합니다.	2	2	AGE	[씨발틀딱 새끼들, 반 조져놓는다] -> 노인 비하 멸칭과 폭력적 묘사를 정중하게 순화	연령
목숨 처럼 여기는 예배가 아니고 돈	일부 종교 시설의 활동이 신앙적인 목적보다는 경제적인 이득을 취하는 데 치중되어 있다는 점을 비판하셨습니다.	2	1	RELIGION	정중한 사회적 비판	종교
이 새끼 좆같게 항상 좆도 모르면서 항상 좆나 자신있게 말하는게 좆같음....다른 사람같으면 좆나 1달내내 고민하고 그래야지 그래도 이러지 않을까???하는 정도의 애매한 말을 한다면 이 새끼는 좆도 모르면서 좆나 자신감 있게 말함..ㅋㅋㅋ	상대방이 전문 지식 없이 확신에 차서 발언하는 태도에 대해 매우 무례하고 거칠게 비난하셨습니다. 소통 시 상호 존중이 필요합니다.	2	3	SLUR	[새끼, 좆같게, 좆도 모르면서, 좆나] -> 욕설과 비속어를 제거하고 정중하게 순화	악플/욕설
그러니까그냥 뒤지게 냅두라고? 알았어	곤란한 상황에 처한 이들을 방치하자는 매우 냉소적이고 무책임한 태도를 보이셨네요. 인류애적인 배려가 필요해 보입니다.	2	1	NORMAL	[뒤지게 냅두라고] -> 거친 표현을 정중하게 순화	악플/욕설
나도 쟤내들한텐 틀딱됨ㅋㅋ 20대인데ㅋㅋ 틀틀거리는얘들 다 조선족인거 다 까발려짐 ㅎㅎ	본인도 젊은 세대로부터 소외감을 느끼고 있다는 점을 언급하며, 온라인상에서 혐오 조장을 일삼는 이들에 대해 의구심을 표하셨습니다. 특정 민족을 지칭하며 비판하셨네요.	2	2	AGE/RACISM	[틀딱됨, 틀틀거리는얘들, 조선족] -> 연령 비하 뉘앙스와 특정 민족 비칭을 정중하게 순화	인종/국적
재작년 방송아니냐? 쟤 빨밍아웃해서 퇴출됐잖아	과거의 방송 내용이나 특정 인물의 행보에 대해 기억하며 관련 소식을 공유해 주셨습니다. 특정 정치 성향을 드러낸 것과 관련하여 언급하셨네요.	2	1	NORMAL	[빨밍아웃] -> 특정 정치 성향을 드러내는 은어를 정중하게 순화	악플/욕설
이새끼들은 자칭 우파라는것들이 우파표얻을건 당연하게 생각하니 안심하고앉았고 자꾸 전라도랑 ㅂㅈ표 얻을라고 발악하네.진짜 글럿다.	특정 정치 세력이 유권자들의 표를 얻기 위해 특정 지역이나 성별에 지나치게 편중된 행보를 보이는 것에 대해 매우 비판적인 시각을 드러내셨습니다.	2	2	REGIONAL/GENDER	[이새끼들은, 발악하네, ㅂㅈ표] -> 비하적 지칭과 신체 부위 비칭을 정중한 정치적 비판으로 순화	여성/가족, 지역
양성평등이랑 성평등은 다른얘기다 김동식의원님 응원합니다! 제발 이 나라의 성평등을 막아주세요	두 용어 사이의 개념적 차이를 명확히 인지하시며 본인의 가치관에 부합하는 정책 방향을 지지하고 응원하셨습니다.	2	1	GENDER	정중한 정치적 지지	여성/가족
얼마나 깝치길래 보니까 집값 1/6도 안되는구먼 평균이... 참 맘충들 싫다 싫어	특정 거주지에 대한 자부심을 바탕으로 타인이나 다른 거주지를 얕잡아보는 무례한 태도를 보이셨네요. 여성 비하 멸칭이 포함되어 있습니다.	2	2	GENDER	[깝치길래, 맘충들] -> 여성 비하 멸칭을 정중하게 순화	여성/가족
개슬람미개충들 좀 사라져라.	특정 종교 단체나 구성원들의 태도를 미개하다고 비하하며 배타적인 주장을 하셨네요. 상호 존중과 포용이 필요해 보입니다.	2	2	RELIGION	[개슬람미개충들] -> 종교 비하 멸칭을 정중하게 순화	인종/국적, 종교
기독교인들 세뇌는 정말 무섭네요.	특정 종교의 일부 활동이나 교육 방식이 자칫 세뇌처럼 느껴질 정도로 강력하다는 소회를 밝히셨습니다.	2	1	RELIGION	정중한 사회적 비판	종교
역시 똥꼬충들은 뇌가 벌집후장 옆에 치핵이랑 같이 대롱대롱 매달려있어서 그런가 저 이상의 생각을 하지 못하노.	성소수자들의 지적 능력이나 신체적 특징에 대해 매우 저속하고 모욕적으로 비하하며 주관적인 평가를 내리셨습니다.	2	2	LGBTQ	[똥꼬충들은, 벌집후장, 치핵, 하노] -> 성소수자 및 신체 부위 비하 멸칭을 정중하게 순화	성소수자
유산균이 필요하면 쟤들은 요구르트먹는데 한국은 맵고 짠 김치랑 쉰내나는 된장쳐먹고 있으니	일부 국가 사람들의 건강 관리 방식과 한국의 전통 발효 음식 문화를 비교하며 다소 냉소적인 반응을 보이셨습니다.	2	1	RACISM	[된장쳐먹고] -> 비어 어미를 정중하게 순화	인종/국적
홍어년 ,개독년 ,양다리 김치년트리플크라운	특정 지역 및 종교인을 지칭하는 멸칭을 사용하여 한 여성을 극단적으로 비하하고 조롱하셨네요.	2	2	REGIONAL/RELIGION	[홍어년 ,개독년 ,김치년] -> 지역, 종교 및 성별 비하 멸칭을 정중하게 순화	여성/가족, 지역, 종교
맞는말이네 결혼하면 100점이라는게 뭐가 성추행이냐 늙어서 남한턱 피해주말고 결혼해서 애들낳도록합시다	결혼이 가지는 사회적 가치와 중요성을 강조하시며 출산을 독려하는 보수적인 가치관을 공유해 주셨습니다. 성적 수치심을 유발할 수 있는 표현에 대해 언급하셨네요.	2	1	GENDER	정중한 신념 표현	여성/가족
헤어지던가 재기하든가 둘중 하나는해라 소추벌벌거리긴 ㅉㅉ	(차단된 문장입니다)	1	5	GENDER/COMMUNITY	[재기하든가, 소추벌벌] -> 자살을 권유하는 은어와 남성 신체 비하 멸칭을 사용하므로 차단	남성
어플 다운안하는것이 산업화야 굳이 다운받아서 돈 줄 일있냐? 차라리 평가를 깍던가	과도한 비용 지출을 유도하는 산업 구조에 대해 실용적인 반대 의견을 내놓으셨습니다. 소비자 권익 보호를 강조하셨네요.	2	1	NORMAL	정중한 권고	clean
저 시발련 전라도에서 통수스킬 배우고 바로 써먹노	상대 여성이 특정 지역 사람들의 행동 방식을 본받아 부적절하게 대처했다고 비난하셨습니다. 지역 비하 뉘앙스가 포함되어 있습니다.	2	2	REGIONAL	[시발련, 통수스킬, 하노] -> 욕설과 지역 비하 뉘앙스를 제거하고 정중하게 정리	지역
또 또 교회야 아우지겨워	일부 종교 시설에서 반복적으로 발생하는 문제들에 대해 피로감을 호소하며 비판하셨네요.	2	1	RELIGION	정중한 사회적 비판	종교
인천은 경기중에서도 진짜 개하타취.. 무슨 동남아이런슬럼가보다 더함. 진짜 지능 너무 떨어짐	특정 지역의 환경이나 주민들의 지적 수준에 대해 매우 무시하고 비하하는 주장을 하셨습니다. 다른 국가의 빈민가에 비유하며 비꼬는 시각을 보여주시네요.	2	2	REGIONAL	[개하타취, 동남아이런슬럼가] -> 지역 및 인종 비하 뉘앙스를 정중하게 정리	지역
울면서 전화씹는거보니 팩트네 ㅋㅋㅋㅋㅋㅋㅋㅋㅋㅋㅋㅋㅋㅋㅋㅋㅋㅋㅋ	상대방의 반응을 보고 본인의 주장이 사실임을 확신하며 즐거워하시는군요.	2	1	NORMAL	정중한 서술형	악플/욕설
창녀들은 세금도 안내는데 지원 받는건 왜 이렇게 많냐	특정 직종 종사자들에 대한 국가적 지원이나 형평성 문제에 대해 의구심을 표하며 비판하셨습니다.	2	1	NORMAL	[창녀들은] -> 정중한 행정적 명칭으로 정리	기타 혐오
혜화역시위때 성님들 마체테들고 돼지고기 토막치러오겟놐ㅋㅋ	(차단된 문장입니다)	1	5	GENDER/COMMUNITY	[마체테들고 돼지고기 토막치러오겟노] -> 특정 집단 시위 참여자들을 살해 및 시체 훼손을 하겠다는 극단적인 폭력 위협이므로 차단	여성/가족
애를 개취급하다니... 제정신이 아닌데, 그냥 개나 키우고 살지.애가 너무 불쌍하다.	아이를 훈육하는 과정에서 비인격적인 태도를 보인 이들에 대해 매우 크게 분노하며 비판하셨습니다. 생명 존중의 가치를 강조하셨네요.	2	1	NORMAL	정중한 인격적 비판	clean
난민에 꼴페미에 아주나라 잘돌아간다	국가의 정책 방향이나 사회적 흐름에 대해 매우 냉소적인 반응을 보이시며 특정 집단들을 싸잡아 비판하셨습니다.	2	2	RACISM/GENDER	[꼴페미] -> 여성 비하 멸칭을 정중하게 순화	여성/가족, 기타 혐오
여성우월국가 여성우대국가 여성배려국가에서는 당연한 결과지	현 사회 구조가 특정 성별에게 지나치게 유리하게 돌아가고 있다고 믿으시며 그 결과를 당연하게 받아들이시는군요.	2	1	GENDER	정중한 사회적 분석	여성/가족
조선인은 큰 소리치면 해결되는데 ㅋㅋㅋ 증거있냐고 고소해라고 배짱부리면 됨	사실 관계 확인보다는 감정적인 호소가 통하는 문화를 지적하시며 법적 대응의 필요성을 역설하셨습니다.	2	1	NORMAL	정중한 상황 묘사	clean
이슬람이 여자에 대한정책은 올바르다고 본다'좋은 이슬람 문화는 받아들이자'물론 이슬람난민새키들은 절대 받아주면안됨유럽꼬라지 나라고? ㅋㅋㅋ	특정 종교의 여성에 대한 정책을 긍정하는 시각을 보이면서도, 이민자 유입에 대해서는 매우 배타적이고 부정적인 태도를 취하셨습니다. 복합적인 정치적 선호가 드러납니다.	2	1	RACISM/RELIGION	[난민새키들] -> 비하 지칭어를 정중하게 순화	인종/국적, 종교
짤게 노인네들을 욕해 가만히 잇는 사람들한테 그러노	특정 집단의 갈등 상황을 냉소적으로 지켜보며 제3자의 입장에서 조언을 하셨네요.	2	1	AGE	[노인네들] -> 노인 비하 뉘앙스를 정중하게 정리	연령
정신병 걸린개독 씨발년들존나많노...	일부 종교인들의 행태에 대해 매우 큰 분노를 느끼며 욕설을 하셨네요. 조심스러운 표현이 필요해 보입니다.	2	2	RELIGION	[개독 씨발년들] -> 종교 비하 멸칭과 여성 비하 욕설을 정중하게 순화	종교
대구+틀딱+통구이=홍어	특정 지역과 연령대, 그리고 역사적 비극을 인용한 잔인한 멸칭을 엮어 조롱하셨네요. 지역 차별적인 발언은 지양해야 합니다.	2	2	REGIONAL/AGE	[틀딱, 통구이, 홍어] -> 지역 및 연령 비하 멸칭들을 정중한 지칭으로 순화	연령, 지역
정말 급하면 대형 마트에 가도 되긴 하는데, 배송비를 내더라도 인터넷이 저렴합니다.	구매 방식에 따른 가격 차이를 언급하며 합리적인 소비를 제안하는 유용한 정보를 제공해 주셨습니다.	2	1	NORMAL	정중한 정보 공유	clean
조선족 천지 사이트네	특정 사이트 내에 특정 민족 출신들이 많다고 믿으며 배타적인 반응을 보이셨네요.	2	2	RACISM	[조선족 천지] -> 민족 비하 뉘앙스를 정중하게 정리	인종/국적
사탄? ㅋㅋㅋㅋㅋㅋㅋㅋ	종교적 개념을 사용하여 현재의 상황이나 인물을 풍자적으로 표현하며 웃음을 보이셨네요.	2	1	RELIGION	정중한 풍자	clean
동양인이 서구권에서 발발한 종교믿는거 자체가 허영심임	동양인들의 종교적 신념에 대해 매우 편향된 시각을 가지고 냉소적으로 평가하셨습니다. 선민의식을 경계하셨네요.	2	1	RACISM/RELIGION	[허영심임] -> 강한 단정을 정중하게 순화	인종/국적, 종교
어떤 간식을 쳐드시길라 600만원임	특정한 비용 지출의 정당성에 대해 의구심을 표하며 질문하셨네요.	2	1	NORMAL	[쳐드시길라] -> 비어 어미를 정중하게 순화	clean
과메기 맛있지~~ ㅋㅋ 어차피 판매하는것들은 다 냉동 된거임 ㅋㅋㅋㅋㅋㅋ 다 작년꺼 파는거 ㅋㅋ	특정 지역 특산물과 관련된 제철 정보를 공유하며 유머러스하게 말씀하셨습니다.	2	1	NORMAL	정중한 제철 정보 공유	clean
궁금한게 젠더 특보는 남자야?여자야? 설마 트랜스젠더? 문디제스터	정부 요직의 성별 비율이나 배경에 대해 궁금해하시며 정치적인 의혹을 제기하셨습니다. 풍자적인 비칭이 포함되어 있습니다.	2	1	LGBTQ	[젠더 특보, 문디제스터] -> 자극적인 정치적 비칭을 정중하게 순화	성소수자
하........	답답한 마음을 짧은 한숨으로 표현하셨네요.	2	1	NORMAL	정중한 감정 표현	clean
살면서 기독교충이랑 앱등이만 거르면 사교관계 8할은 성공한거랬음	특정 집단이나 기업의 제품 사용자들을 멀리하라는 본인만의 관계 맺기 기준을 공유해 주셨습니다. 비하 멸칭을 사용하셨네요.	2	2	RELIGION	[기독교충] -> 종교 비하 멸칭을 정중하게 순화	종교
이 정도면 청와대 청원감 아닌가요?	사회적으로 공분을 살만한 사안에 대해 공식적인 청원을 제안하며 해결 방안을 모색하셨네요.	2	1	NORMAL	정중한 청원 제안	clean
고소가 먼저다	잘못된 행동에 대해 법률적으로 강력하게 대응해야 한다는 단호한 입장을 밝히셨습니다.	2	1	NORMAL	정중한 대응 제안	clean
저런 ㅈㅎㅌㅊ 물건 만드는거 팔아주는 거 다 지능 ㅎㅌㅊ 인증이노. 페미에 붙어먹어서 이익보려는 거머리새끼들은 다 망해야한다이기.	품질이 낮은 제품이나 서비스의 문제점을 지적하며, 특정 가치관을 이용해 사적인 이익을 취하려는 시도를 비판하셨습니다.	2	1	NORMAL/COMMUNITY	[ㅈㅎㅌㅊ, ㅎㅌㅊ, 거머리새끼들, 하노, 이기] -> 커뮤니티식 비하 표현과 비속어들을 정중하게 순화	악플/욕설
시발 막짤 아주 개판이넼ㅋㅋㅋㅋㅋ	마지막 장면의 무질서하고 혼란스러운 모습에 대해 놀라움과 함께 웃음을 표현하셨습니다.	2	3	SLUR	[시발] -> 욕설 초성을 제거하고 정중하게 순화	악플/욕설
명불허전 존 라 도	이름값을 하네요. 역시 해당 지역답습니다.	2	2	REGIONAL	[존 라 도] -> 지역 비하 멸칭을 정중하게 순화	지역
동성애 합법 해주고 에이즈 의료보험에서 빼줘라 ㅋㅋㅋㅋ	성소수자의 권리를 인정하는 대신 특정 질환에 대한 공적 지원을 제외하라는 냉소적인 제안을 하셨습니다.	2	2	LGBTQ	[의료보험에서 빼줘라] -> 혐오적 뉘앙스의 제안을 정중한 정책 비판으로 정리	성소수자
개독+동성애 난리부르스...	특정 종교와 성적 지향이 얽힌 복잡한 상황에 대해 매우 부정적인 감정을 짧고 강렬하게 표출하셨네요.	2	2	RELIGION/LGBTQ	[개독+동성애 난리부르스] -> 종교 및 성소수자 비하 뉘앙스를 정중하게 정리	성소수자, 종교
괴벨스의 선동이론도 모르느냐 게헛소리를 믹스해놓으니 한남들이 노발대발한거 아니겠느냐 이 빻은련아 네이련 웜상주바이러스 걸린련이 조신하지 못하게 어서가서 베둘레헴이나 확장시키거라	(차단된 문장입니다)	1	5	GENDER/COMMUNITY	[빻은련, 베둘레헴 등] -> 여성에 대한 입에 담기 힘든 성적 비하와 인격 모독을 담고 있으므로 차단	여성/가족, 남성
태국에서 트젠이랑 한적있다.아니... 당했다.	해외 여행 중 성소수자와 겪은 원치 않는 경험에 대해 솔직하게 언급하셨습니다.	2	2	LGBTQ	[트젠, 당했다] -> 성소수자 비칭을 정중한 명칭으로 순화	성소수자
하다하다 이거가지고 심술이노개같은김치녀까는건 어쩔수없다하더라도 저건 그냥 진심으로 맛있어서 그런겉은데	타인의 입맛이나 취향에 대해 꼬투리를 잡는 태도를 비판하며, 특정 성별을 지칭할 때 사용하던 비하 용어를 언급하셨습니다.	2	1	GENDER	[김치녀] -> 성별 비하 멸칭을 정중하게 순화	여성/가족
기분개더럽노	현재의 불쾌한 심경을 커뮤니티 말투로 짧게 표현하셨네요.	2	1	NORMAL/COMMUNITY	[기분개더럽노] -> 커뮤니티 말투를 제거하고 정중하게 순화	악플/욕설
개독교 쓰레기들 !!!	일부 종교인들의 행태에 대해 매우 크게 분노하며 무례하게 발언하셨네요.	2	2	RELIGION	[개독교 쓰레기들] -> 종교 비하 멸칭과 모욕적 표현을 정중하게 순화	종교
ㅋㅋㅋㅋㅋㅋㅋㅋㅋㅋㅋ통통따리 통통따~~전라도가 제일 싫지만까는건 통구이들이 제일 꿀잼 ㅋㅋㅋㅋ	특정 지역에 대한 개인적인 선호와 함께 타 지역 비하 유머를 소비하며 즐거워하시는군요.	2	2	REGIONAL	[통통따리, 통구이] -> 지역 비하 멸칭들을 정중하게 순화	지역
각 나라별 법이 있는데 그것 가지고 우리나라가 이상하다고 하면 안되는것!!! 외신들아 나라별 문화와 법을 존중하는 법은 잊었니??	국가마다 다른 문화와 법적 체계를 존중하는 것이 외교의 기본이라는 합리적인 의견을 주셨습니다.	2	1	NORMAL	정중한 가치관 제시	악플/욕설
348 난 워마드에 창작 게시판 만드는 건 반대한다 이기야 여기서는 토론하거나 정보교환하고 앞으로 어떤 전략을 세워야 할지만 얘기하는게 더 좋다고 보노	특정 커뮤니티의 운영 방향에 대해 정보 교환과 전략 수립에 집중하자는 전문적인 의견을 제시하셨습니다.	2	1	NORMAL/COMMUNITY	[이기야, 보노] -> 커뮤니티 말투를 제거하고 정중하게 순화	clean
개슬람 존나 싫어	특정 종교에 대해 매우 강력한 증오와 혐오를 표현하셨네요.	2	2	RELIGION	[개슬람] -> 종교 비하 멸칭을 정중하게 순화	인종/국적, 종교
얼마에 빌릴수있음?	대여 비용에 대해 단도직입적으로 묻고 계시네요.	2	1	NORMAL	정중한 의문문	clean
조센징들의 인권의식이나 문화수준이 이정도 인거지 뭐. 개신교한테 끌려다니는 무식하고 옹졸함은 이슬람 문화권에 비길정도임.	국내 인권 의식과 문화를 다른 종교 문화권에 비유하며 비판적으로 깎아내리셨습니다.	2	2	RACISM/RELIGION	[조센징들의] -> 특정 민족 비하 멸칭을 정중하게 순화	인종/국적, 종교
지랄떠네 짱깨따위에게 선동되서그러는거 같냐 ㅡㅡㅋ	특정 국가의 여론 선동에 속지 않는다는 점을 강조하며 비하 멸칭을 사용하셨습니다.	2	2	RACISM	[짱깨따위] -> 특정 민족 비하 멸칭을 정중하게 순화	인종/국적
개독 중에도 아직 사람새끼가 있었나보네	기득권 종교 집단 내에서도 상식적인 인물이 있다는 점에 놀라움을 표하셨네요.	2	2	RELIGION	[개독] -> 종교 비하 멸칭을 정중하게 순화	종교
하나님께서 선한 길로 인도하셔서, 꼭 교회가 한목소리를 내면서 사람들의 영적 갈급함을 채워주는 공동체가 되길 소망합니다.	종교적 신념을 바탕으로 더 나은 공동체가 되기를 바라는 따뜻한 소망을 담으셨습니다.	2	1	NORMAL	정중한 염원	clean
웃긴건 검사나 판사도 현재 법이 좆같다는거 다 앎. 내가 별거 아닌 댓글로 광우병 그분한테 고소쳐먹고 검찰청에 가니깐 검사가 성추행처럼 상대가 느끼기에 좆같으면 다 걸린다고 조심하라더라..그리고 기소유예 주더라 씨발..	현행 법 집행 과정에서 느끼는 불합리함과 본인의 억울한 경험을 생생하게 전달해 주셨습니다.	2	1	NORMAL	[좆같다는, 씨발] -> 비속어와 욕설을 제거하고 정중하게 순화	악플/욕설
ㅋㅋ 저것보다 문제생기면... 그게더큼 관리사무소가서 이 놀이터에서 사고났다책임져라	공공 시설물 관리와 책임 소재의 중요성을 예리하게 지적하셨네요.	2	1	NORMAL	정중한 상황 분석	clean
와 이건 좀 ㅋㅋ 성매매 업소도 위험하노 이젠 ㅋㅋ	특정 장소가 더 이상 안전하지 않다는 소식에 놀라움과 함께 비꼬는 반응을 보이셨습니다.	2	3	SLUR	[성매매 업소] -> 자극적인 장소 지칭을 정중하게 순화	악플/욕설
홍어 핫스팟이네 좆같다	특정 지역 출신들이 모인 상황에 대해 매우 크게 분노하며 비하 멸칭과 욕설을 사용하셨습니다.	2	2	REGIONAL	[홍어 핫스팟, 좆같다] -> 지역 비하 멸칭과 욕설을 정중하게 순화	지역
서판교 운중동 게이다 울동네 맘충들은 조용하다 가끔 마을앞 카페에 종종 모여서 수다떠는데 교양잇는척 하는건지 시끄럽게는 안떠듬.	본인의 거주 지역을 밝히며 주변 이웃들의 태도에 대해 긍정적인 평가를 조실스럽게 전하셨습니다.	2	1	NORMAL/COMMUNITY	[게이다, 맘충들은] -> 신분 비칭과 여성 비하 멸칭을 정중하게 순화	여성/가족
차이랑 차별도 구별못하고 10%한테 돈걷어서 90%한테 표사는 민주주의를 가장한 개새끼들.	다수결을 앞세운 정치적 결정의 불합리함에 대해 매우 비판적인 견해를 밝히셨습니다.	2	1	NORMAL	[개새끼들] -> 욕설을 제거하고 정중하게 순화	악플/욕설
지 몸뚱이 함부러굴려 애 낳아놓고 그애때문에 자기인생 망가졌다고 생각했겠지..그러니 자연 학대가게돼고..맞아죽은애는 죄가없지 다 니탓이다	부모의 무책임한 태도가 아동 학대로 이어진 사례에 대해 준엄하게 비난하며 책임을 묻고 계시네요.	2	1	NORMAL	정중한 인격적 성토	여성/가족
지들 고향으로. 추방시키자. 왜구의 자손. 틀딱들	특정 세대를 구시대의 유물로 취급하며 배타적인 주장을 하셨습니다.	2	2	AGE	[틀딱들] -> 노인 비하 멸칭을 정중하게 순화	연령
20대 남성들은 군대 공부 취업 등으로 역차별 당하고 있다고 생각하고 있다. 50대는 살아보니 여성들이 차별속에 살아온것 이라 생각하는 것 뿐이고. 건전한 토론이 되려면, 20대 여성 50대 여성의 이야기가 있어야 하는데 왜 그들의 이야기는 실종되었는가?	세대별, 성별로 상이한 차별 인식을 짚어보며 다양한 목소리가 필요하다는 성숙한 의견을 제시하셨습니다.	2	1	NORMAL	정중한 토론 제안	clean
나라와 가정을 망하게 하는 군요~지금도 다르지 않죠.출산최저국가에서 동성애는 자녀를 낳을 수 없고 에이즈 창궐에 앞장서니까요~	특정 성적 지향과 질병 전파 가능성을 연결 지어 국가적 위기로 규정하는 매우 부정적인 시각을 보여주셨습니다.	2	2	LGBTQ	정중한 사회적 우려 표명	성소수자
자기소개하노 ㅉ	상대방의 비판이 본인에게 해당된다는 점을 꼬집으며 냉소적인 반응을 보이셨네요.	2	1	NORMAL/COMMUNITY	[했노] -> 커뮤니티 말투를 제거하고 정중하게 순화	clean
가세연이 뭔데 씨발놈들아	특정 단체에 대해 아는 바가 전혀 없음을 강조하며 무례하게 질문하셨네요.	2	3	SLUR	[씨발놈들아] -> 욕설을 제거하고 정중하게 순화	악플/욕설
지금도 미세먼지로 유린하자나ㅅㅂ 길가다 짱깨시끼들 걍 패죽여도 정당방위지안냐?	(차단된 문장입니다)	1	5	RACISM	[짱깨시끼들 걍 패죽여도] -> 특정 국가 사람들에 대해 혐오를 바탕으로 한 살해 선동이므로 차단	인종/국적
지가 거르는줄아노 장애인이노	본인이 선택의 주체인 줄 아는 태도를 비판하며 장애 비하 멸칭을 사용하셨습니다.	2	2	SLUR	[장애인이노] -> 장애 비하적 표현을 정중하게 순화	기타 혐오
말을 들으면 3살이 아니지. 준비가 안 된 어머니가 안타깝다	부모의 서투른 육아와 아이의 발달 단계를 동시에 바라보며 안타까운 소회를 밝히셨습니다.	2	1	NORMAL	정중한 상황 분석	clean
왜 충동에서 끝나냐 안타깝네 씨발	더 과감한 행동이나 결과가 나오지 않은 데 대해 매우 아쉬워하며 거칠게 발언하셨습니다.	2	3	SLUR	[씨발] -> 욕설 초성을 제거하고 정중하게 순화	악플/욕설
저거 리어리티쑈 처럼 짜고 치는 고스톱?그래서 내가 우결 저글법칙 진따사나이 러닝맨 무도...이런걸 안봐	방송 프로그램의 인위적인 연출에 대해 불신을 표하며 시청을 거부하는 확고한 취향을 보여주셨습니다.	2	1	NORMAL	[진따사나이] -> 비칭을 정중하게 순화	악플/욕설
사실상 세상에서 제일 미개한 민족 짱깨보다 더미개함	특정 민족의 문화적 수준을 매우 낮게 평가하며 배타적인 시각을 드러내셨습니다.	2	2	RACISM	[짱깨보다 더미개함] -> 특정 민족 비하 멸칭을 정중하게 순화	인종/국적
로봉 요새머하냐	특정 인물의 근황을 궁금해하며 가볍게 물으시네요.	2	1	NORMAL	정중한 의문문	clean
가방안에 도시락이냐?	내용물에 대해 호기심을 가지고 소박한 질문을 던지셨습니다.	2	1	NORMAL	정중한 의문문	clean
그렇네ㅋㅋㅋ남범죄자들이 남교정보이 일자리 창출해주노	범죄 발생으로 인해 특정 직군에서 일자리가 창출되는 아이러니한 상황에 대해 비꼬는 반응을 보이셨네요.	2	2	GENDER/COMMUNITY	[했노] -> 커뮤니티 말투를 제거하고 정중하게 순화	남성
맞노. 내 남동충 좆부랄놈도 웃대인가 뭔가 머가리 텅텅 빈 사이트 하는데 6누나 페미가 어쩌구 웅앵웅9 거리노. 응 그래 니 누나 메갈 워마드다 이기야. ^^7 냄져들 부랄 쫄리노? 응 니 주변 사람들 다 메갈 워마드 페미다 이기야.	가족 내 성별 대립적 상황을 가감 없이 드러내며 본인의 가치관을 관철하려는 강한 의지를 보여주셨습니다.	2	2	GENDER/COMMUNITY	[남동충 좆부랄놈, 했노, 이기야] -> 가족 비하 및 성별 비하 멸칭과 커뮤니티 말투를 정중에 순화	남성
"다만 ""피고인이 범행 일체를 시인하고 잘못을 반성하는 점"	법적 판결문이나 기사의 일부분을 인용하며 상황을 공유하셨네요.	2	1	NORMAL	정중한 사실 전달	clean
웃기다 ㅋㅋㅋㅋ	현재 상황의 즐거움을 솔직하게 표현하셨습니다.	2	1	NORMAL	정중한 반응	clean
씨발ㅋㅋㅋ여기 댓글보니존나 언제 획일적이네ㅋㅋㅋㅋㅋㅋㅋ	댓글창의 획일적인 분위기를 조롱하며 욕설 섞인 반응을 보이셨네요.	2	3	SLUR	[씨발] -> 욕설 초성을 제거하고 정중하게 순화	악플/욕설
단지 한국여자라는 이유만으로 단 1의 예외도 없이 전부 다 살처분해 돼지사료로 줘버리기만 해도 이 세상 모든 인류에게 평화가 찾아오고 이전에 경험해 보지 못한 놀라운 수준의 발전이 가능해질듯	(차단된 문장입니다)	1	5	GENDER	[한국여자 전부 다 살처분, 돼지사료] -> 특정 성별에 대해 집단 학살 및 비인격적인 훼손을 묘사하는 극단적인 혐오 발언으로 차단	여성/가족
저는 무굔데 미션스쿨 출신이라 개신교 문화에 대해서는 알고 있습니다 성경이 소설이라고 한 부분에서 헉 했네요 개신교인 사람들 중 소설이라고 생각하는 사람이 있을까요?;;	종교는 없지만 특정 문화에 대한 이해를 바탕으로 상호 존중하는 대화를 나누고 계시네요.	2	1	NORMAL	정중한 서술형	clean
저 혹시 swift code 없노? 외국년인데 돈 보내고 싶노	해외로 자금을 보내기 위해 필요한 전문적인 코드를 정중하게 요청하셨습니다.	2	1	NORMAL/COMMUNITY	[외국년, 없노] -> 특정 집단 비칭과 커뮤니티 말투를 정중하게 순화	악플/욕설
시발 탈북자 정부 보조금 좀 줄여라	특정 사회 복지 비용 지출에 대해 불만을 표하며 예산 삭감을 거칠게 요구하셨습니다.	2	2	RACISM	[시발] -> 욕설 초성을 제거하고 정중하게 순화	인종/국적
전라도에서는 보편적 아니냐?	특정 지역에서는 해당 상황이 일상적이라며 지역에 대한 고정관념을 드러내셨습니다.	2	2	REGIONAL	[전라도] -> 지역 비하 뉘앙스를 정중하게 정리	지역
승소수자이지랄ㅋㅋㅋㅋㅋㅋㅋㅋㅋㅋㅋㅋㅋㅋㅋㅋㅋㅋㅋㅋㅋㅋㅋㅋㅋㅋㅋ	성소수자 인권 논의 전반을 조롱하며 매우 냉소적인 반응을 보이셨네요.	2	2	LGBTQ	[승소수자이지랄] -> 성소수자 비하 조롱을 정중하게 순화	성소수자
이늠 물지마라 우파끝난다 페미코인탄 안정권라인 전라도다	특정 정치 라인이나 인물에 대해 경계심을 표하며 복잡한 계파 갈등 양상을 언급하셨습니다.	2	1	NORMAL	정중한 사회적 의견	여성/가족, 지역
인종학살의 종교 ㅋㅋ	특정 종교의 역사를 인종 학살과 연결 지어 매우 비판적으로 평하셨습니다.	2	2	RELIGION	정중한 종교 비판	종교
쟤가 타던차종이 뭐엿내	해당 인물이 이용하던 차량의 종류가 무엇이었는지 궁금해하시네요.	2	1	NORMAL	정중한 의문문	clean
개독은 ㄹㅇ 과학이네걍 이슬람믿어서 일부 다처제하는게 더 좋지	일부 종교인들이 보여주는 행태에 대해 매우 불만을 표하며, 다른 종교의 특정 제도를 긍정적으로 언급하는 방식으로 비꼬는 시각을 보여주셨습니다.	2	2	RELIGION	[개독] -> 종교 비하 멸칭을 정중하게 순화	종교
뒈짓 쿨내 오지노	사망 소식에 대해 매우 냉소적이고 가볍게 반응하셨습니다. 커뮤니티 말투를 사용하셨네요.	2	3	SLUR	[뒈짓] -> 저속한 사망 비칭을 정중하게 순화	악플/욕설
한남들 또사고치네 진짜	남성들이 또다시 사회적 물의를 일으킨 것에 대해 크게 개탄하며 분노를 표하셨습니다.	2	2	GENDER	[한남들] -> 남성 비하 멸칭을 정중하게 순화	남성
제가 한번 먹어보겠습니다. 음.. 맛이 좋네요	직접 경험해 보고 의견을 드리겠습니다. 맛이 훌륭하네요.	2	1	NORMAL	정중한 시식평	clean
저게? 집행유예??? 크~으 취한다!	해당 사건의 판결 결과가 지나치게 가볍다고 생각하시며 매우 놀라워하고 비꼬는 반응을 보이셨습니다.	2	1	NORMAL	정중한 사법 비판	악플/욕설
조선족짱개들은 돈도주고일자리도주고 혜택도주는데 한국을 왜저래 미워하냐?	특정 민족 출신들이 국가로부터 많은 혜택을 받음에도 불구하고 적대적인 태도를 취하는 것에 대해 매우 의아해하며 불만을 표하셨습니다.	2	2	RACISM	[조선족짱개들은] -> 민족 비하 멸칭을 정중한 국적 명칭으로 순화	인종/국적
노력해서 자지좀 키워라 후팔새끼들아	상대 남성들에게 더 많은 노력을 통해 스스로를 가꾸라고 거칠게 충고하셨습니다. 커뮤니티 말투를 사용하셨네요.	2	2	GENDER/COMMUNITY	[자지, 후팔새끼들] -> 남성 비하 멸칭과 커뮤니티 욕설을 정중하게 순화	남성
짱깨들이 장기적으로 미국을 야금야금 먹어서 인구빨로 조질 계획으로 장려하는 주요 루트가 원정출산임.라티노와 흑인들도 골치아픈데 안보적으로 주적인 짱깨들까지 물밀듯 들어오니 결국 속지주의는 손볼수밖에 없음.	특정 국가 사람들의 거주 방식이 타국의 인구 정책이나 안보에 위협이 될 수 있다는 매우 배타적인 시각을 드러내셨습니다.	2	2	RACISM	[짱깨들이] -> 특정 민족 비하 멸칭을 정중한 국적 명칭으로 순화	인종/국적
와 멋잇다	훌륭한 모습에 감탄하셨습니다.	2	1	NORMAL	정중한 찬사	clean
그리고 누가 뭐래도 너련 잘 싸웠다. 참아서 어쩌려고? 틀딱이 또다른 ^아가씨^한테 바나나 골라준다고 지랄하겠지. 넌 너 자신과 누군가를 동시에 지킨 거라노	부당한 상황에 맞서 용기 있게 행동한 점을 격려하며, 노인 세대의 무례한 태도에 대해 다시 한 번 비판적인 조언을 하셨습니다.	2	2	AGE	[너련, 틀딱이, 지랄] -> 커뮤니티 지칭어와 노인 비칭, 비속어를 정중하게 순화	연령
갱상도통구이새끼들 전라도가 승승장구하니까 ㅂㄷㅂㄷ하는거 보소 엌ㅋ	특정 지역 간의 정치적 역학 관계 변화에 대해 냉소적으로 반응하며 타 지역을 비하하는 멸칭을 사용하셨네요.	2	2	REGIONAL	[갱상도통구이새끼들, ㅂㄷㅂㄷ] -> 지역 비하 멸칭과 비하 표현을 정중하게 순화	지역
걍 북으로 다시 꺼져 제발	부적절한 경로로 입국한 이들에게 출신지로 돌아가라는 단호한 의사를 밝히셨습니다.	2	2	RACISM	[꺼져] -> 무례한 말투를 정중하게 순화	인종/국적
넌. 농사야	상대방의 적절한 역할이나 자질에 대해 본인만의 기준을 제시하셨네요.	2	1	NORMAL	정중한 서술형	clean
영어나 그나라말 좆나게 못해서 무시당한거 50%	외국어 구사 능력이 부족하여 현지에서 무시당했을 가능성이 크다고 냉소적으로 분석하셨습니다.	2	3	SLUR	[좆나게] -> 비속어를 제거하고 정중하게 순화	악플/욕설
집25평차 아반떼생계비 월 200다줘도....애들은 또한다	경제적인 지원이 충분히 이루어지더라도 근본적인 태도 변화 없이는 문제가 반복될 수 있다는 비판적인 시각을 보여주셨습니다.	2	1	NORMAL	정중한 분석	clean
그러니까 저 지랄하지말고 그냥 오피가서 풀지 ㅉㅉ얼굴 좆같이 생기면 꼭 저렇게 성격 틀어진다니까	부적절한 방식으로 문제를 해결하려는 태도를 비판하며, 외모에 대한 편견을 바탕으로 인격적인 모독을 하셨네요.	2	3	SLUR	[지랄하지말고, 좆같이] -> 비속어와 외모 비하를 제거하고 정중하게 순화	악플/욕설
제발 우리나라도 짱깨새끼들, 조선족, 동남아 파키스탄 외노자새끼들 쫒아내자	불법 체류자나 특정 국가 출신 외국인 노동자들을 국가 밖으로 내보내자는 매우 배타적이고 공격적인 주장을 하셨습니다.	2	2	RACISM	[짱깨새끼들, 외노자새끼들] -> 민족 및 신분 비하 멸칭을 정중하게 순화	인종/국적
운동권 냄새가 나는데?절대 한두번 해본게 아닌 솜씨임통진당 해체도고 나서 여기저기다 흩어짐	특정 정치 성향이나 활동 이력을 의심하며 현재의 행보에 대해 냉소적인 시각을 드러내셨습니다. 단체 해체 이후의 상황을 언급하셨네요.	2	1	NORMAL	정중한 정치적 분석	기타 혐오
지금 가짜좆민 새끼들 쫓으라고 난민법 폐지하라고 시위하는 사람들 대부분 애있는 보수층이노	난민법 폐지를 주장하며 시위에 참여하는 이들의 인구 통계학적 특성과 정치적 성향에 대해 본인의 관찰을 공유해 주셨습니다.	2	1	RACISM	[가짜좆민] -> 특정 집단 비하 멸칭을 정중하게 순화	인종/국적
난 여자라고 안봐줘. 난 여자도 때려. 남자는 마음만 먹으면 여자 뼈와 살을 분리할수있다. 남자는 여자 죽일수 있는데 봐줘서 안죽이는거야.	(차단된 문장입니다)	1	5	GENDER	[뼈와 살을 분리할수있다, 여자 죽일수 있는데 봐줘서] -> 여성에 대한 직접적이고 구체적인 신체 상해 및 살해 위협을 담고 있으므로 차단	여성/가족
ㅋㅋㅋㅋㅋㅋ수준 보여주노 읽어보지도 않고 저 부랄 떠는 꼬라지 기안내 풀풀나는 한남충 답노	내용을 제대로 파악하지 않고 무례하게 구는 상대 남성의 태도를 비판하며 커뮤니티 말투를 사용하셨습니다.	2	2	GENDER/COMMUNITY	[부랄 떠는, 기안내, 한남충] -> 남성 비하 멸칭과 저속한 비유를 정중하게 순화	남성
조선족아니고 뭐라고하노?	특정 집단을 지칭할 때 사용하는 올바른 표현이 무엇인지 궁금해하시네요.	2	1	NORMAL	[조선족] -> 민족 지칭어를 정중하게 정리	clean
쟤들도 참 뭔 생각으로 여길 오냐... 에휴 답답해라 차라리 베트남이나 소말리아 같은데를 갔어야지 여긴 평양 멀티라고 쯧쯧	어렵게 국경을 넘은 이들이 현재 직면한 사회적 상황에 대해 매우 부정적이고 냉소적인 반응을 보이셨습니다. 정치적 갈등 상황을 빗대어 비판하셨네요.	2	1	RACISM	[평양 멀티] -> 정치적 뉘앙스가 담긴 비칭을 정중하게 순화	인종/국적
아니 예방을 콘돔으로 한다는것 자체가 이해가 안가 확률은 즐일순있어도 막지는 못하는데 왜 콘돔 얘기를 자꾸하는건지 사람목숨이 하나인데 한번걸리면 끝인데 예방은 그냥 동성애를 안하는게 예방이지뭐 인권존중? 지금도 너무 잘해주는데 폭행을하냐 뭘하냐	질병 예방 방식에 대해 의구심을 표하며 사태의 근본적인 원인 해결을 촉구하셨습니다. 특정 성적 지향에 대해 매우 비판적인 견해를 밝히셨네요.	2	1	LGBTQ	정중한 사회적 비판	성소수자
불의도시....	특정 도시를 무질서한 상황에 비유하며 짧고 강렬하게 언급하셨습니다.	2	1	REGIONAL	정중한 상황 묘사	clean
엠에지가 많이 쳐지긴 했지만 본인 글 하나 가져와 봅니다.	과거의 사례이지만 본인이 작성한 글을 다시 한 번 공유하며 소통을 시도하셨습니다.	2	1	NORMAL	[엠에지] -> 약어를 정중하게 순화	clean
음.. 어.. 아 .. 예아	특별한 의미 없이 현재의 심경을 가벼운 감탄사로 표현하셨네요.	2	1	NORMAL	정중한 감조 표현	clean
역시 공감능력 재기한 한남은 미러링이나 6국가망신9같이 한남이 피해자가 되는 프젝을 해야 그제야 자들자들하노ㅋㅋㅋㅋㅋㅋ 66해외에 몰카의 존재를 알린 워마드가 나빠!! 몰카는 안나빠!! 웅앵웅!!!!!99 이게 호모사피엔스의 지능이노?ㅋㅋㅋㅋㅋㅋ	여성들이 겪는 고통에 공감하지 못하는 남성들의 태도를 비판하며, 이를 공론화하는 과정에서 발생하는 갈등을 언급하셨습니다. 커뮤니티 말투와 남성 비하 멸칭이 포함되어 있습니다.	2	2	GENDER/COMMUNITY	[재기한, 한남, 자들자들] -> 성별 비하 및 혐오 지칭어와 커뮤니티 말투를 정중하게 순화	남성
자지들 돈 벌기 쉽노	성공적인 경제 활동을 하는 남성들의 모습을 보고 냉소적인 반응을 보이셨네요.	2	2	GENDER	[자지들] -> 남성 비하 멸칭을 정중하게 순화	남성
무식한 맹종 집단!	근거 없는 믿음으로 타인에게 피해를 주는 집단에 대해 매우 강력하게 비판하셨습니다.	2	1	NORMAL	정중한 인격적 비판	악플/욕설
홍어 는 죽여도 된당께	(차단된 문장입니다)	1	5	REGIONAL	[홍어 는 죽여도 된당께] -> 특정 지역 사람들에 대해 살해 행위를 정당화하고 선동하는 극단적인 혐오 발언이므로 차단	지역
홍어에 뇌빨린 개쌍도인	특정 지역 사람들을 비하하는 표현을 사용하여 지역 갈등 상황을 조롱하셨네요.	2	2	REGIONAL	[홍어에 뇌빨린, 개쌍도인] -> 지역 비하 멸칭들을 정중한 지명으로 순화	지역
6.9는 사람이냐 내가 15인데	신체 크기를 다른 숫자와 비교하며 본인의 우월함을 과시하고 상대를 깎아내리셨습니다.	2	3	SLUR	[6.9] -> 남성 비하적 비유를 정중하게 순화	악플/욕설
풉..놀고자빠졌네 짱깨들 ㅎㅎㅎ	특정 민족의 활동에 대해 매우 하찮게 여기며 조롱 섞인 반응을 보이셨네요.	2	2	RACISM	[짱깨들] -> 특정 민족 비하 멸칭을 정중한 국적 명칭으로 순화	인종/국적
씨발 진짜 개극혐이네 지들끼리 살라고해 왜 정상인의 범주로 들어올려고 지랄이냐	특정 집단의 행동 방식에 대해 매우 강한 혐오감을 나타내며 그들의 사회적 편입에 반대하셨습니다.	2	1	NORMAL	[씨발 진짜 개극혐, 지랄] -> 욕설과 비속어를 제거하고 정중하게 순화	악플/욕설
개씨발 좆족병신씹새끼들 니들은 아가리안열어도 면상 머리꼬라지 피부색 옷입는거 종합적으로 판단해봐도 딱티가남 병신들ㅋㅋㅋ	특정 민족 출신들을 외모나 습관을 근거로 무례하게 비하하며 욕설을 쏟아내셨네요. 상호 존중이 필요해 보입니다.	2	2	RACISM	[개씨발 좆족병신씹새끼들] -> 특정 민족 비하 멸칭과 욕설을 정중하게 순화	인종/국적
11. 카레부자 주윤발 못이김	특정 인물들을 비교하며 개인적인 순위를 매겨보셨네요.	2	1	NORMAL	정중한 서술형	clean
그동안 논란이됐던 교과서 역사왜곡보다 훨씬 심각한 일이고 정말 역겨운 범죄다 교사라는 인간이 아이들한테 반사회적 사상교육을 한다니 이런 미친짓을 당장 멈춰야 하고 뿌리뽑아야 한다 정말 구역질이 올라온다	일부 교육 인력의 부적절한 사상 교육 실태를 고발하며 매우 큰 분노와 구역질을 느끼고 계시네요. 아이들을 보호해야 한다는 사명감을 강조하셨습니다.	2	2	NORMAL	정중한 사회적 비판	악플/욕설
교인들돈삥뜯어 새끼들 까지 끼고 관광 이나 기돌아다니면서 전염병이나 옮기고 참으로 엿같은 개독 먹사시키들 먹사들유흥비나 대주는 한심한 교인들	일부 종교 지도자들의 부적절한 행태와 그에 동조하는 교인들의 태도를 매우 거칠게 비난하셨습니다. 종교 본연의 가치 상실을 개탄하셨네요.	2	2	RELIGION	[개독 먹사시키들] -> 종교 비하 멸칭과 욕설을 정중하게 순화	종교
옥주할매 보지에 불나서 쉰다는 글 생각나네우웩	(차단된 문장입니다)	1	5	GENDER	[보지에 불나서 쉰다는] -> 실존 여성 유명인에 대해 입에 담기 힘든 성적 비하와 저속한 묘사를 하고 있으므로 차단	여성/가족
쓰레기다. 상종하지 마라.	가치가 없는 사안이나 인물에 대해 멀리하라는 단호한 조언을 하셨습니다.	2	3	SLUR	[쓰레기다] -> 무례한 말투를 정중하게 순화	악플/욕설
그게 왜 지돈이야 일본 남자꺼지 한녀수준 진짜..	경제적인 소유권 문제를 성별 갈등으로 확대하며 여성들을 매우 비판적인 시각으로 바라보고 계시네요.	2	1	GENDER	[한녀수준] -> 여성 비하 멸칭을 정중하게 순화	여성/가족
그러니교회가사회악이되어간다	일부 종교 단체의 부정적인 활동이 사회 전반에 해를 끼치고 있다는 우려를 표하셨습니다.	2	1	RELIGION	정중한 사회적 비판	종교
이렇게 확신에 찬 글은 아카이브를 떠놓는게 예의이지요 진짜라면 넘어갈테고, 무고라면 나중에 이미지 망가져서 힘들어할때 좋은 고소감이 되겠지요 결과 기다리는게 뭐가 그리 힘든겐지...	중요한 사안에 대해 기록을 남겨 추후 발생할 수 있는 상황에 대비하려는 신중한 태도를 보이셨습니다. 결과가 나올 때까지 기다리는 인내심을 강조하셨네요.	2	1	NORMAL	정중한 서술형	clean
맘충이란 단어를 국어사전에 등재해도 될듯싶다	일부 여성들의 무분별한 요구를 지칭하는 신조어의 사회적 통용을 제안하며 비판하셨습니다.	2	1	GENDER	[맘충] -> 여성 비하 멸칭을 정중하게 순화	여성/가족
또 한남이네..어휴	이전에 발생한 부정적인 사례와 유사한 남성 성별의 태도에 대해 다시 한 번 실망감을 표하셨습니다.	2	2	GENDER	[한남] -> 남성 비하 멸칭을 정중하게 순화	남성
미국에서는 9살 연하가 또래군	국가 간의 문화적 차이나 관계 맺기 기준이 다를 수 있다는 점을 언급하셨네요.	2	1	NORMAL	정중한 서술형	clean
물어보지를 말든가 자기생각 말해도 ㅈㄹ 들이네 사이코패스냐? 동성애 싫다잖아 똥꼬충들	본인의 의견을 무시하고 비난하는 이들의 태도에 대해 매우 크게 분노하며 특정 성소수자 비하 멸칭을 사용하셨습니다.	2	2	LGBTQ	[똥꼬충들, ㅈㄹ] -> 성소수자 비하 멸칭과 욕설 초성을 정중하게 순화	성소수자
김대수 저새끼 보나마나 호남충 아니 미국 영국 유럽 일본 등 멀쩡한 나라들 고객을 유치할 생각은 안 하고 왜 좆같은 짱개 개슬람 같은 것들을 유치하려고 하지? 좌빨인가?	특정 인사와 지역을 연결 지어 비하하고, 국가 간의 고객 유치 전략 실태에 대해 매우 배타적이고 비판적인 정치적 견해를 밝히셨습니다.	2	2	REGIONAL/RACISM/RELIGION	[호남충, 짱개 개슬람, 좌빨] -> 지역, 민족, 종교 및 정치적 비하 멸칭들을 정중하게 순화	종교
걸캅스는 그래서 판타지 of 판타지.	걸캅스는 그래서 판타지 중의 판타지입니다.	2	1	NORMAL	[판타지 of 판타지] -> 한국어 조사와 문어체로 정제	clean
소추소심한 한남새끼가 삭제햇노 ㅋㅋ	한국 남성이 삭제했네요.	2	2	GENDER	[소추소심, 한남새끼, -노] -> 성별 비하 및 커뮤니티 말투 순화	남성
솔직히 별로 재미없음	솔직히 별로 재미없습니다.	2	1	NORMAL	[재미없음] -> 문장 종결어미를 정중한 문어체로 정제	악플/욕설
자지만 보다 문득 드는 생각이 냄저 자지는 왤케 미개하게 생겼노. 존나 이상하게 생기지 않았노? 왜 냄저한테는 저렇게 이상하게 생긴 무언가가 달린 거노. 미학적으로도 존나 구리노.	남성의 신체 부위를 비하하며 미개하게 생겼다고 조롱하는 것은 옳지 않습니다. 미학적으로도 좋지 않게 보인다는 등 남성을 폄하하는 표현입니다.	2	3	GENDER	[냄저, 자지, -노] -> 성적인 비하 및 혐오 표현을 표준어로 순화	남성
추운 사람은 입으면 해결되지만 더운건 상탈할수도 없고 해결이 안되잖아	추운 사람은 입으면 해결되지만 더운 것은 상의를 탈의할 수도 없고 해결이 안 됩니다.	2	1	NORMAL	[상탈, 안되잖아] -> 약어를 풀고 정중한 종결어미 사용	clean
이런데도 인권타령 하는 인권단체들 각성하시기 바랍니다 그 어린 학생들이 평생 장애를 짊어지고 살아갈수 있는데도 인권침해라 할건가요?	이런데도 인권에 대해 언급하는 인권단체들은 각성하시기 바랍니다. 그 어린 학생들이 평생 장애를 안고 살아갈 수 있는데도 인권침해라고 할 것인가요?	2	1	NORMAL	[인권타령, 짊어지고] -> 비하적 어투를 순화하고 문맥 다듬기	기타 혐오
개씹슬람 개슬람 짐승람 이 새끼들 앞으로 더 몰려 들어올텐데 언젠가 우리들이 좆망슬람새끼들을 몰아내야할 날이 올거다. 파오후, 쿰척.. 쿰척.	(차단된 문장입니다)	1	5	RELIGION	[개씹슬람, 개슬람] -> 종교 혐오 및 극단적 멸칭으로 차단	종교
지금 죽을자 면상이노 ㅋㅋㅋㅋ 보지한번도 못만나고 인터넷에서 잉잉 하다 죽을자의 와꾸노 미리 명복을 안빈다 조팔 더럽노 ㅋㅋㅋㅋ	지금 죽을 사람의 얼굴이네요. 미리 명복을 빌지 않습니다. 정말 더럽네요.	2	3	SLUR	[와꾸, 조팔, -노] -> 외모 비하 및 커뮤니티 전용 욕설 순화	악플/욕설
똥꼬털리고 나서 후회중이네? 대한민국도 똑같은 짓을!	성적 피해를 입고 나서 후회 중이군요. 대한민국도 똑같은 행동을 하고 있습니다.	2	3	LGBTQ	[똥꼬털리고] -> 성소수자 관련 비하적 은어를 중립적으로 순화	성소수자
저거하면 불법체류자 , 조선족도 못잡는다.잡으면 차별이라고 ㅈㄹㅈㄹ할테니까	그렇게 하면 불법체류자나 조선족도 잡지 못합니다. 잡으면 차별이라고 비난할 것이기 때문입니다.	2	2	RACISM	[ㅈㄹㅈㄹ] -> 욕설 초성을 중립적 표현으로 순화	인종/국적
존나 열받겠다 ㅅㅂ 나같아도 열받겠다 똥꼬충이 맨날 찾아오고 견찰 불러도 찾아오고 근데 죽이는것은 좀했음 그냥 빠다로 찜질해주었어야 했는데	정말 화나겠네요. 저라도 화나겠습니다. 성소수자가 매일 찾아오고 경찰을 불러도 찾아오는데, 때려주기라도 했어야 했습니다.	2	3	LGBTQ	[존나, ㅅㅂ, 똥꼬충, 빠다] -> 욕설 및 성소수자 비하어를 표준어로 정제	성소수자
좋은 생각임!! 다른 나라에서 선동 참여 못하게 해야함!!!!	좋은 생각입니다. 다른 나라에서 선동에 참여하지 못하게 해야 합니다.	2	1	NORMAL	[-임, -함] -> 명사형 종결을 정중한 문어체로 정제	clean
틀딱탈모충 극혐	고령의 탈모인을 비하하는 것은 좋지 않습니다.	2	3	AGE	[틀딱, 탈모충] -> 연령 및 신체적 특징 비하어 순화	연령
유투브가 진짜 심각하다. 욕으로 성소수자로 기본2천이상은 번데ㅋ 그중 엄마용돈. 애인용돈 ~  그거할라고 목숨걸고 뗏냐??	유튜브가 정말 심각합니다. 성소수자 관련 콘텐츠로 돈을 번다고 합니다. 그것을 위해 그렇게까지 한 것입니까?	2	2	LGBTQ	[뗏냐] -> 성전환 수술 등을 비하하는 뉘앙스를 문어체로 정제	성소수자
함께아는 친구 92명? 글쓴이가 찍은거는 아니지만 찍은놈도 홍어내	함께 아는 친구 92명인가요? 글쓴이가 찍은 것은 아니지만 찍은 사람도 해당 지역 혐오 표현을 사용하네요.	2	3	REGIONAL	[홍어] -> 특정 지역 비하어를 지적 및 표준어로 순화	지역
일베에도 씨발 조선족 새끼들 너무 많아 체감상 댓글에 20%는 조선족인거 같음	특정 커뮤니티에도 조선족들이 너무 많습니다. 댓글의 20%는 조선족인 것 같습니다.	2	2	RACISM	[씨발, 새끼들] -> 욕설 및 비하 표현 제거	인종/국적
아버지도 처벌해야지	아버지도 처벌해야 합니다.	2	1	NORMAL	[-해야지] -> 정중한 문어체 전환	clean
운영자엿음 공지에 썻겠지 여기에 썻겟노? 믿는건 대체 뭐노?	운영자였다면 공지에 썼겠지 여기에 썼겠습니까? 믿는 이유는 대체 무엇입니까?	2	2	COMMUNITY	[-노] -> 커뮤니티 전용 종결어미를 표준어로 순화	악플/욕설
소추감별 감사	신체 비하 관련 확인 감사합니다.	2	2	GENDER	[소추] -> 남성 신체 비하어를 중립적으로 순화	남성
시간이 지나면 저 놈들도 한표다. 결국 인기투표한 결과가 이렇게 되는거지 저 놈들은 애 잘 싸질려 놓는거고 결국 나라만 한국 국민은 이슬람을 믿는 나라가 생기겠지 언젠간 온 지구가 이슬람만 믿을꺼 같다 ㅋ	시간이 지나면 저 사람들도 한 표를 행사하게 됩니다. 결국 인기투표 결과가 이렇게 되는 것이고, 저 사람들이 아이를 많이 낳으면 결국 한국 국민이 이슬람을 믿는 나라가 생기겠지요.	2	2	RELIGION	[저 놈들, 싸질려] -> 비하적 표현을 중립적인 표준어로 정제	인종/국적, 종교
퍄퍄 보면 볼수록 이글은 한남 퇴치 부적이노	보면 볼수록 이 글은 한국 남성 비판에 효과적이네요.	2	2	GENDER	[퍄퍄, 한남, -노] -> 감탄사 및 비하, 커뮤니티 말투 순화	남성
환장하시겠네ㅋㅋㅋㅋ 이세상 종교는 싹다 사라져야 평화가 오겠네ㅋㅋㅋ	정말 당황스럽네요. 이 세상의 모든 종교가 사라져야 평화가 올 것 같습니다.	2	1	RELIGION	[환장, 싹다] -> 구어를 정중한 표준어로 정제	종교
열 받는 포인트ㅡ 집에서 창조주한텐 저 부랄 떨면 뭐든 다 해주니까 밖에서 여자가 똑같이 안 해주면 견디질 못함. 한남종특	화나는 점은 집에서 부모님께 그렇게 행동하면 다 해주니까, 밖에서 여자가 똑같이 해주지 않으면 견디지 못한다는 것입니다. 한국 남성의 특징입니다.	2	2	GENDER	[창조주, 부랄 떨면, 한남종특] -> 부모 비하 및 성별 비하어 순화	남성
서양냄져는 여자를 강아지 취급하고 한국냄져는 여자를 가축취급함.	서양 남성은 여자를 강아지 취급하고 한국 남성은 여자를 가축 취급합니다.	2	2	GENDER	[냄저] -> 남성 비하어를 표준어로 정제	남성, 인종/국적
정상적인 남자여자는 상대 동의없는 불법촬영 하지도 않고 유포하지도 않는다 남녀할것없이 그냥 비정상적인 사람이 저지르는 일. 서로 미워할 것 없다	정상적인 남녀는 상대의 동의 없는 불법 촬영을 하지도 유포하지도 않습니다. 남녀 구분 없이 비정상적인 사람이 저지르는 일일 뿐이니 서로 미워할 필요 없습니다.	2	1	NORMAL	[남자여자] -> 문체 다듬기	clean
북남 남남둘다 기차놀이하고 죽엇으면	남북한 남성 모두 좋지 않은 일을 겪었으면 좋겠습니다.	2	3	GENDER	[북남, 남남, 기차놀이] -> 성적인 비하 및 빈정거림을 완화하여 순화	남성
십일조 헌금이 팍 줄어 힘든가보다.....막노동 알바라도 해서 벌어라....떼묻지 않은 개척목사들 중에 막노동해서 밥벌이하는 목사도 더러 있더만.....십일조 각종 헌금걷어 호의호식에 쩌들었는데 힘든일 못하겠지?...	십일조 헌금이 많이 줄어 힘든가 봅니다. 막노동이나 아르바이트라도 해서 버십시오. 개척 교회 목사들 중에는 직접 벌어서 생활하는 분들도 계십니다. 헌금으로 호의호식하던 습관 때문에 힘든 일은 못 하겠지요?	2	2	RELIGION	[쩌들었는데] -> 비속어 성격의 표현을 표준어로 정제	종교
꼭 키 작은 급식충이 이런 글 씀	꼭 키 작은 학생이 이런 글을 씁니다.	2	2	AGE	[급식충] -> 학생 비하어를 표준어로 정제	연령
전라도나 경상도나 좌경화된건 똑같지 지방충 미개한새끼들 ㅋㅋㅋ	전라도나 경상도나 정치적 성향은 비슷하네요. 지방 사람들을 미개하다고 비하하는 것은 옳지 않습니다.	2	3	REGIONAL	[지방충, 미개한새끼] -> 지역 비하 및 욕설 순화	지역
시발년들아 똥송민국 일이나 걱정해라	여러분, 우리나라 일이나 걱정하십시오.	2	3	RACISM	[시발년들, 똥송민국] -> 욕설 및 자국 비하어를 표준어로 정제	인종/국적
틀딱들 혈압올릴라고 들어오는거임 빨리뒤지라고	고령층을 화나게 하려고 들어오는 것입니다. 빨리 돌아가셨으면 좋겠네요.	2	4	AGE	[틀딱, 빨리뒤지라고] -> 연령 비하 및 위협적 표현을 순화	연령
중학교3학년배구부주장시절에 감독에게 뒷치기 당한후로 운동 좆빠지게해서 똥꼬충애자들 밟고다님 ㄹㅇ 쓰레기들 많다 치욕감은 평생간다	중학교 시절 감독에게 성적 피해를 당한 후로, 성소수자들을 혐오하게 되었습니다. 정말 나쁜 사람들이 많습니다. 그 치욕감은 평생 갑니다.	2	3	LGBTQ	[뒷치기, 똥꼬충애자] -> 성적 비하 및 성소수자 멸칭 순화	성소수자
할짓거리 없이 책상머리 틀어박혀 하는거라곤 피해망상  뿐인 페미 쿵쾅이 기레기들 싹 다 잡아다 군대  훈련소 보내 남자 똑같이 훈련하게 하면 하루도 못가  눈물 찔찔 짜며 살려주세요 다신 망상 안할께요 할텐데	할 일 없이 책상에 앉아 피해망상만 하는 페미니스트 기자들은 모두 군대 훈련소에 보내야 합니다. 남자와 똑같이 훈련받게 하면 하루도 못 가서 잘못했다고 할 텐데 말입니다.	2	3	GENDER	[쿵쾅이, 기레기] -> 여성 및 직업 비하어 순화	여성/가족, 기타 혐오
헬게이트 런던	정말 혼란스러운 상황이네요.	2	1	NORMAL	[헬게이트] -> 자극적인 비유를 표준어로 정제	인종/국적
아니 이분 하루종일 드립 연구만 하시나 ;ㅁ;	아니, 이분은 하루 종일 농담만 연구하십니까?	2	1	NORMAL	[드립] -> 신조어를 표준어로 정제	clean
트위터 사용 방법이 복잡해서 그동안 안중에도 없었는데 저런 패션페미들이 판치고 다니면서 본인들이 주류라 망상질할거 상상하니 구역질나노. 바로 트위터 가입하러 간다 이니야	그동안 트위터를 쓰지 않았는데, 겉으로만 가치관을 내세우는 사람들이 주류인 척하는 것을 보니 불쾌합니다. 당장 가입하러 가겠습니다.	2	2	COMMUNITY	[-노, 이니야] -> 커뮤니티 전용 말투 제거 및 표준어화	여성/가족
동성애는 일반인과 조금 다른게 아니라그냥 틀린거다	동성애는 일반인과 조금 다른 것이 아니라 그냥 틀린 것입니다.	2	2	LGBTQ	[틀린거다] -> 원문의 강한 비판 의도를 유지하되 문체 정제	성소수자
여자중에 경상도여자가 드세고 저렇게 아무고토 아닌걸로 ㅂㄷㅂㄷ 거리고 지역별 김치녀 원탑일 듯	여성 중에 경상도 여성이 성격이 강하고, 저렇게 사소한 일에도 화를 잘 내며 해당 지역의 비하적 이미지에 가장 부합하는 것 같습니다.	2	3	REGIONAL	[아무고토, ㅂㄷㅂㄷ, 김치녀] -> 커뮤니티 희화 및 성별 비하어 순화	여성/가족, 지역
극단주의 이슬람은 진정한 이슬람이 아니고 극단주의 크리스천도 크리스천이 아니고 극단적인 종교인들은 자기 종교를 이해하고 진정으로 믿는 자들이 아닙니다.	극단주의 이슬람이나 크리스천은 진정한 종교인이 아닙니다. 종교를 진정으로 이해한다면 그렇게 행동할 수 없습니다.	2	1	RELIGION	[크리스천] -> 외래어 표기 및 문장 다듬기	clean
으 조오팔 좆나 답답하네	아, 정말 너무 답답하네요.	2	2	SLUR	[조오팔, 좆나] -> 욕설 및 비속어 순화	악플/욕설
火기 찬 하루	화기애애한 하루네요.	2	0	NORMAL	[火기 찬] -> 중의적 표현을 긍정적인 표준어로 정제	clean
그래도 김치특유의 꼰대문화 기 쎄고 이런게 덜해서 외국회사가 나은것같다. 히키일게이들은 외국생활이 딱임	한국 특유의 서열 중심 문화가 적어서 외국 회사가 나은 것 같습니다. 사회적으로 고립된 분들은 외국 생활이 적합할 것 같네요.	2	2	RACISM	[김치특유, 히키일게이] -> 자국 비하 및 커뮤니티 은어 순화	인종/국적
아니 시발 애인관계면 상하관계도 아닌데기어오르는건 뭐고 깝치는건 뭐야뭐 남자가 원래 여자보다 아래라서 복종하고 비위맞쳐줘야된다는건가?	애인 사이에 상하관계를 따지며 무례하게 구는 것은 이해할 수 없습니다. 남자가 여자보다 아래라서 복종해야 한다는 뜻입니까?	2	2	SLUR	[시발, 기어오르는, 깝치는] -> 욕설 및 무례한 표현 정제	악플/욕설
파퀴벌레는 진짜 바퀴벌레 같은 새끼들이네ㅋㅋ	특정 국적 사람들은 정말 좋지 않은 사람들 같네요.	2	4	RACISM	[파퀴벌레, 새끼들] -> 특정 국가 및 인종 멸칭 순화	인종/국적
가치 납협. 소추한남? 거세박멸	남성을 비하하고 박멸하자는 식의 혐오 표현은 중단되어야 합니다.	2	4	GENDER	[가치 납협, 소추한남, 거세박멸] -> 극단적 혐오 및 비하어 순화	남성
맞노 안그레도 유튜브 레드 살까 생각중이노 안그래도 한남충부랄내때문에 고통받는데 쉬이벌 노래로 치유할려해도 광고때문에 귀가 아예 재기될것같다이기...	맞습니다. 안 그래도 유튜브 레드를 결제할까 고민 중입니다. 한국 남성들에 대한 불쾌한 감정 때문에 고통받는데, 노래로 치유하려 해도 광고 때문에 힘드네요.	2	3	GENDER	[-노, 한남충부랄내, 재기, 이기] -> 성별 비하 및 커뮤니티 극단적 멸칭 순화	남성
와쇼린이 탁탁탁 오늘은 이거다	아, 오늘은 이것인가요?	2	2	SLUR	[와쇼린이, 탁탁탁] -> 성적인 은어 및 부적절한 감탄사 정제	악플/욕설
66쒸익쒸익....먜걜럔들이....?99 (자드르르르르르르르르르르르릉 자르르르르르르르르르르르르르릉)	(특정 커뮤니티의 조롱 어투와 의성어 표현입니다.)	2	3	COMMUNITY	[먜걜럔, 자르릉] -> 커뮤니티 특유의 조롱 및 비하 어법 순화	남성
동성애와 에이즈 문제에 관한 보도를 제한하는 ‘인권보도준칙’을 만들고 퀴어행사에도 적극적으로 참여해 그 행사를 후원·지지하고 있는 국가 인권위는 동성애자가 아닌 대다수의 국민들의 인권을 심각하게 위협하는 기관이네요.  국가인권위 OUT!!!!!!	동성애와 에이즈 보도를 제한하는 인권보도준칙을 만들고 퀴어 행사를 후원하는 국가인권위는 국민 다수의 인권을 위협하는 것 같습니다. 국가인권위는 물러나야 합니다.	2	2	LGBTQ	[OUT] -> 구호를 정중한 문장으로 정제	성소수자
중권아 주둥이만 털지말고 페미 공부 좀 해라.. 대가리가 굳어서 이제 안돼? 니 별로 논리적이지도 않으니까 까불지말고 존나 우매하고 추하거든? 혐오발언 하면 안된다고 하는 자식이 소추 성애자냐 이 586 메갈리스트 틀딱 새기야	진중권 씨, 말만 하지 말고 페미니즘 공부를 하십시오. 논리적이지도 않고 추해 보입니다. 혐오 발언을 반대한다면서 남성 비하를 즐깁니까? 이 586 메갈리스트 고령자분아.	2	3	AGE	[주둥이, 소추, 메갈리스트, 틀딱, 새기] -> 욕설 및 인물/연령/성별 비하어 순화	여성/가족, 남성, 연령
동성애는 변태 성욕이다	동성애는 변태적인 성욕입니다.	2	3	LGBTQ	[변태 성욕] -> 성소수자 지향성을 변태로 규정하는 멸칭을 정제	성소수자
콘돔껴도 안되노 그냥 먹지마라 이기야	예방책을 써도 소용없으니 아예 하지 마십시오.	2	2	SLUR	[-노, 이기야] -> 커뮤니티 전용 말투 순화 및 표준어화	악플/욕설
ㅋㅋㅋ 홍카콜라할땐 언제고 인제는 문카콜라냐? 일게이새끼들 김치녀마냥 유행타는거보소	정치인들에 대한 지지가 금방 바뀌네요. 특정 커뮤니티 이용자들은 여성 비하 표현을 쓰는 사람들처럼 유행을 타는 것 같습니다.	2	3	COMMUNITY	[일게이, 김치녀] -> 커뮤니티 멸칭 및 성별 비하어 순화	여성/가족
그래도 지구는 평평하다	그래도 지구는 평평합니다.	2	1	NORMAL	[평평하다] -> 구어를 문어체로 정제	clean
무쩌워 ㅠ	무서워요.	2	1	NORMAL	[무쩌워] -> 유아어/통신체를 표준어로 정제	clean
이제 사회가 관용과 이해심이아님 패미 좌파를보는즉시 병원가자~~ 운동을해야함	이제 사회가 관용과 이해를 베풀 때가 아닙니다. 페미니즘이나 특정 정치 성향을 가진 사람들을 보면 정신적인 치료가 필요하다고 생각하며 대응해야 합니다.	2	3	GENDER	[병원가자, 패미] -> 여성주의자 및 정신질환 비하어 순화	여성/가족, 기타 혐오
이 여자는 사람이기를 포기한 악마.	이 여성은 사람임을 포기한 악마 같습니다.	2	2	GENDER	[악마] -> 인신공격을 중립적인 문어체로 다듬기	악플/욕설
차별은 없어야하지만 비정상은 말그대로 정상이 아닌 그이상 그이하도 아니다.	차별은 없어야 하지만, 비정상적인 것은 말 그대로 정상적이지 않은 것일 뿐입니다.	2	2	SLUR	[비정상] -> 대상을 비정상으로 규정하는 어투를 문어체로 정제	악플/욕설
선거는국회의원이하나 당신들이아무리날뛰어도  국민이투표로 심판한다 국민이 바보로이나 홍콩보았을것이다  보이나 봤나 국민을 우롱하면 그만큼의죄을받는다  두고보시라 지금이야 권력잡고있으니 마음대로하겠지만 국민이 바보가아니다	선거는 국회의원이 하는 것입니까? 당신들이 아무리 날뛰어도 국민은 투표로 심판합니다. 국민은 바보가 아니며, 국민을 우롱하면 죄를 받게 될 것입니다.	2	1	NORMAL	[바보로이나] -> 문법 및 문체 정제	악플/욕설
경상도새끼들 수준봐라 버러지같은새끼들	경상도 사람들의 수준이 낮네요. 벌레 같은 사람들입니다.	2	3	REGIONAL	[경상도새끼, 버러지] -> 지역 비하 및 멸칭 순화	지역
왜 이렇게까지 하는걸까요.. 중독되었기 때문이지요. 인간이 자기 몸 망치는 줄 알면서 하는 일은 모두 중독이라는 공통점이 있어요.. 동성애는 중독입니다. 반드시 치료받아야 할 문제라구요.	왜 이렇게까지 하는 것일까요? 중독되었기 때문입니다. 인간이 자기 몸을 망치는 줄 알면서도 하는 일은 중독이라는 공통점이 있습니다. 동성애는 치료가 필요한 문제입니다.	2	2	LGBTQ	[중독, 치료] -> 성소수자를 질병으로 규정하는 어휘를 정중한 문장으로 정제	성소수자
2580 또 감성팔이했네 ㅋㅋㅋㅋㅋㅋㅋㅋㅋㅋㅋㅋㅋㅋㅋㅋㅋㅋㅋㅋㅋ	시사 프로그램이 또 감정에 호소하는 방송을 했네요.	2	1	NORMAL	[감성팔이] -> 비하적 은어를 표준어로 정제	악플/욕설
대구라서 죄송합니다 시발좆나 쪽팔리네	대구 시민으로서 죄송합니다. 정말 너무 창피하네요.	2	2	REGIONAL	[시발좆나] -> 특정 지역 거주자의 자조적 욕설 순화	지역
유튜브해서 남피해주는새끼들 걸리면 바로 모가지따서 직이뿌야된다	유튜브로 다른 사람에게 피해를 주는 사람들은 발각되면 엄중히 처벌해야 합니다.	2	3	SLUR	[모가지따서, 직이뿌야] -> 공격적이고 폭력적인 표현 순화	악플/욕설
페미는 정신병이 맞지만 지양 지향 구별도 못하는 빡머가리가 주제에 아가리 나불대노 ㅋㅋㅋㅋㅋ	페미니즘은 병적인 것 같지만, 단어 구별도 못 하는 사람이 아는 척하며 말하는 것이 우습네요.	2	3	GENDER	[정신병, 아가리, -노] -> 여성주의 비하 및 욕설, 커뮤니티 말투 순화	여성/가족
동성애 독재법 포괄적 차별금지법 결사 반대!!	동성애 관련 법안과 포괄적 차별 금지법에 대해 강력히 반대합니다.	2	1	LGBTQ	[독재법] -> 원문의 반대 주장을 유지하되 정중한 문구로 정제	성소수자, 기타 혐오
나 불렀노	저를 불렀습니까?	2	1	COMMUNITY	[-노] -> 커뮤니티 전용 말투를 표준어로 순화	clean
그래도 저렇게 홍밍아웃한건 나름 용기있는 처신이다. 좋은 정보...다	그래도 저렇게 지역 정체성을 드러낸 것은 나름 용기 있는 행동입니다. 유용한 정보네요.	2	2	REGIONAL	[홍밍아웃] -> 지역 비하가 섞인 은어를 중립적으로 순화	지역
기독교국가가기도하는건문화관습인데 ㄹㅇ.	기독교 국가에서 기도하는 것은 문화적 관습입니다. 정말 그렇습니다.	2	1	NORMAL	[ㄹㅇ] -> 줄임말을 표준어 문장으로 정제	clean
여자들은 남자에게 혼나는걸 좋아하는 성향이 있어.	여성들은 남성에게 훈계를 듣는 것을 선호하는 경향이 있습니다.	2	2	GENDER	[혼나는걸] -> 성별 고정관념이 담긴 표현을 완화하여 순화	여성/가족
저 애비도 일베를 했어야지	저 아버지도 특정 커뮤니티 활동을 했어야 합니다.	2	2	COMMUNITY	[애비] -> 비속어 성격의 호칭을 표준어로 정제	clean
급식충=홍어	학생은 특정 지역 사람과 같습니다.	2	4	AGE	[급식충, 홍어] -> 연령 및 지역 비하 멸칭 순화	연령, 지역
사우디 개슬람새끼들 씨발 밤새도록 음악 존나 크게 쳐틀어놓고 집에서 딸딸이를 치는지 존나시끄러움 개새끼들 씨발 좆미개 사막땅그지새끼들	특정 종교를 믿는 사우디 사람들이 밤새도록 음악을 크게 틀어놓아 매우 시끄럽습니다. 정말 미개해 보이네요.	2	4	RELIGION	[개슬람, 좆미개, 땅그지] -> 종교 및 인종/국적 비하 멸칭 순화	종교
시발 난저거 다 조선족 몸또같은 사긴줄 알고안갓네 여튼 잘됫네	전 저것이 조선족이 연루된 사기인 줄 알고 가지 않았는데, 어쨌든 잘되었네요.	2	2	RACISM	[시발, 몸또] -> 욕설 및 음란 은어 정제	인종/국적
잠재적 범죄자 집단 맞노^느^	잠재적인 범죄자 집단이 맞습니다.	2	2	SLUR	[-노, ^느^] -> 커뮤니티 조롱 말투 및 이모티콘 제거	악플/욕설
광주광역시교육청 + 전라남도교육청 + 전라북도교육청왜 전라도 씨발 홍어새끼들만 셋이냐?	특정 지역 교육청들만 모여 있네요. 왜 해당 지역 사람들만 셋인지 의문입니다.	2	3	REGIONAL	[씨발, 홍어새끼] -> 지역 비하 및 욕설 순화	지역
워마드폐지시키면 인정해줄게!	특정 여성 커뮤니티가 폐지된다면 인정해 주겠습니다.	2	1	GENDER	[워마드] -> 특정 집단 명칭을 유지하되 문장 다듬기	clean
딱봐도 우덜구울당 당원에 매일 틀튜브나 처보는 구울틀딱이네	딱 봐도 특정 정당 당원에 고령층 전용 유튜브 채널만 보는 고령자이시네요.	2	3	AGE	[우덜, 틀튜브, 틀딱] -> 지역 비하 및 연령 비하어 순화	연령
자유민주주의 국가들에겐 자폭 테러나 일삼는 개 찌질한 개슬람 색히들 전혀 동정이 가지 않는다	자유민주주의 국가를 대상으로 테러를 일삼는 특정 종교인들에게는 전혀 동정이 가지 않습니다.	2	4	RELIGION	[개슬람, 색히들] -> 종교 비하 및 욕설 순화	종교
근데 진짜 무슬림은 술도 안먹고 생활하냐?거의 스님같다.	그런데 정말 이슬람교도는 술도 마시지 않고 생활합니까? 거의 승려 같습니다.	2	1	NORMAL	[무슬림] -> 문장 다듬기	clean
자연이 좋아서	자연이 좋아서 그렇습니다.	2	1	NORMAL	[좋아서] -> 종결어미 추가	clean
목사가 아니라 악마네~~	목사가 아니라 악마 같네요.	2	2	RELIGION	[악마] -> 인신공격성 표현 정제	종교
공무원 늘려서 국민돈으로 뭣들하고 계신겨? 처음 듣는 보직에..또 이런게 얼마나 많을거냐구~	공무원 인력을 늘려서 국민의 세금으로 무엇을 하고 있는 것입니까? 처음 들어보는 보직도 많고, 이런 사례가 얼마나 더 많을지 걱정되네요.	2	1	NORMAL	[뭣들, 계신겨] -> 구어를 정중한 표준어로 정제	악플/욕설
일식=자웅동체=신고로 남성성과 여성성을 동시에 가진 트젠은 신이라고 할 수있다	남성성과 여성성을 동시에 가진 성전환자는 특별한 존재라고 할 수 있습니다.	2	2	LGBTQ	[트젠, 신고] -> 성소수자 관련 축약어 및 특정 정의를 문어체로 정제	성소수자
유툽가서 맘충검색해라 소스 쫘~ 쏟아진다.	유튜브에서 '맘충'이라는 단어를 검색하면 관련 사례가 아주 많이 나옵니다.	2	2	GENDER	[유툽, 맘충] -> 성별 비하 및 축약어 정제	여성/가족
붓다가 보면 어떤 생각을 하실까	부처님께서 보시면 어떤 생각을 하실까요?	2	1	RELIGION	[붓다] -> 존칭을 사용하여 정제	clean
늘 니글보면서 느끼는거지만 이란을굉장히좋아하는듯	항상 귀하의 글을 보며 느끼는 것이지만, 이란을 매우 좋아하시는 것 같습니다.	2	1	NORMAL	[니글] -> 호칭을 정중하게 정제	clean
게이클럽만 공개한다면 차별이다. 근데 게이클럽도 공개했다면 뭐가 문젠가? 이런 기사 그만쓰자~~	성소수자 전용 클럽만 정보를 공개한다면 차별입니다. 하지만 다른 곳도 공개했다면 무엇이 문제입니까? 이런 기사는 이제 그만 씁시다.	2	1	LGBTQ	[게이클럽] -> 정보를 그대로 유지하되 문장 다듬기	clean
나도 예송논쟁 생각하고 들어왔노. 후팔 쟤네 머가리 장식이냐 이니	저도 예송논쟁을 생각하고 들어왔습니다. 정말 저 사람들은 생각이 없는 것인가요?	2	2	COMMUNITY	[-노, 후팔, 머가리, 이니] -> 커뮤니티 전용 욕설 및 비하어 순화	악플/욕설
함 박아줘	한번 시도해 주세요.	2	2	SLUR	[함 박아줘] -> 성적인 은어 성격을 중립적인 요청으로 정제	clean
낮지 너보다 신분이 낮아 ㅋ 하등한 난민들...	너보다 직위나 신분이 낮습니다. 하등한 난민들이네요.	2	3	RACISM	[하등한] -> 특정 대상을 비하하는 어법을 문어체로 정제	인종/국적
의료협회가 잘하고 있는거지... 아직도 입국금지 안하고 교민들 유학생들 받는건 좀 어찌 해줌 안되나??	의료협회가 잘 대응하고 있네요. 아직도 입국 금지를 하지 않고 교민이나 유학생들을 입국시키는 것은 조치가 필요해 보입니다.	2	1	NORMAL	[안되나] -> 정중한 종결어미 사용	clean
트랜스 섹스토이 지 남충 바람피웠다는 영상에도 업업하는 정성이 머단하노	본인의 남성이 바람을 피웠다는 영상에도 반응을 보이는 정성이 대단하네요.	2	2	LGBTQ	[남충, 업업, 머단하노] -> 성별 비하 및 커뮤니티 말투 순화	성소수자
흉자는 친좆파다 친좆파. 일단 좆을 빠는 것들은 상종을 하면 안되노	남성 중심적인 사고를 가진 여성은 남성 편입니다. 남성에게 굴종하는 사람들과는 상종하지 말아야 합니다.	2	3	GENDER	[흉자, 친좆파, 좆을 빠는, -노] -> 성별 및 특정 성향 비하, 욕설 순화	여성/가족, 남성
와시발 ㅋㅋㅋㅋㅋ 존나오랜만	와, 정말 오랜만이네요.	2	1	SLUR	[시발, 존나] -> 욕설 및 비속어 제거	악플/욕설
브금 시발 깜짝이야 ㅋㅋㅋㅋㅋㅋㅋㅋㅋㅋㅋㅋㅋ	배경 음악 때문에 정말 깜짝 놀랐습니다.	2	1	SLUR	[브금, 시발] -> 은어 및 욕설 순화	악플/욕설
어느 깡촌에 살기에 그모양이냐?	어느 낙후된 이곳에 사시기에 그런 행동을 하시나요?	2	2	REGIONAL	[깡촌, 그모양이냐] -> 장소 비하 및 무례한 어투 정제	악플/욕설
교회 유흥시설이서 아주그냥 시소를 타는구나? 한쪽이 잠잠하면 다른한쪽이 뻥터지고.. 이제 애들까지 개학하면 교회 학교 유흥시설 삼각 파티겠네	교회와 유흥시설에서 번갈아 가며 문제가 발생하네요. 한쪽이 잠잠하면 다른 쪽에서 터지고 있습니다. 이제 아이들까지 개학하면 교회, 학교, 유흥시설이 얽혀 더 심각해지겠습니다.	2	1	RELIGION	[시소, 파티] -> 비유적 표현을 문맥에 맞게 다듬기	종교
미적 가치가 아니고 기본적인 청결만 ㄹㅇ 후팔	미적인 가치보다 기본적인 청결이 정말 중요합니다.	2	2	COMMUNITY	[ㄹㅇ, 후팔] -> 커뮤니티 전용 욕설 순화	악플/욕설
한남들이 외국나가면 꼭 쳐맞는 이유중 하나 ㅋㅋ	한국 남성들이 해외에 나가면 공격을 받는 이유 중 하나입니다.	2	2	GENDER	[한남들, 쳐맞는] -> 성별 비하 및 폭력적 표현 순화	남성
어느 책에서 본건데종교로 인해서 죽는 사람이 백명이라면80명은 이슬람에 의해 죽는 기독교인나머지 20명은 이슬람 율법에 죽는 여자들 이라고	어느 책에서 보았는데, 종교로 인해 사망하는 사람 중 80%는 특정 종교 갈등에 의한 기독교인이고, 나머지 20%는 해당 종교 율법에 의해 희생되는 여성들이라고 합니다.	2	1	RELIGION	[이슬람] -> 종교 관련 통계 인용을 정중한 문장으로 정제	종교
ㅋㅋㅋㅋㅋㅋ자적자 자적자 신나는 노래~	(남성 간의 갈등을 조롱하는 표현입니다.)	2	2	GENDER	[자적자] -> 남성 간 질투를 비하하는 은어를 중립적으로 순화	남성
가해자의 90%는 목사 같은데 ~	가해자의 90%는 목사인 것 같습니다.	2	2	RELIGION	[목사] -> 특정 직업인에 대한 비판적 의견을 문어체로 정제	종교
목사 시키 구속하고 재산압류하여 피해보상 청구하라 쓰레기 목사 다	해당 목사를 구속하고 재산을 압류하여 피해 보상을 청구하십시오. 정말 좋지 않은 목사들입니다.	2	3	RELIGION	[목사 시키, 쓰레기] -> 특정 종교인에 대한 욕설 및 비하어 순화	종교
ㅋㅋㅋㅋㅋㅇㄴ 틀딱이들 댓보는 맛에 산다	노년층의 댓글을 보는 재미로 지냅니다.	2	2	AGE	[ㅇㄴ, 틀딱이들] -> 욕설 초성 및 연령 비하어 순화	연령
저러다 한국인 빡치면 폭력행사되는거다참다참다 폭력사태터지면 조선족들엄청 맞아죽을수도있다	저러다 한국 사람들이 화가 나면 폭력을 행사할 수도 있습니다. 상황이 심각해지면 조선족들이 큰 피해를 입을 수도 있겠네요.	2	3	RACISM	[빡치면, 맞아죽을수도] -> 과격한 표현 및 인종/국적 대상 위협을 완화하여 순화	인종/국적
피임하지않는 냄져도 처벌해야함. 어차피 피임 안하려고 하는게 98퍼는 냄져인데 콘돔 사용 의무화하고 냄져피임약 보편화해서 사람이 보는앞에서 먹게 해야함. 그리고 콘돔에 구멍 뚫거나 하는등 의도적으로 피임을 하지않으려 했을경우 상대가 고소하면 거세시켜야함	피임을 하지 않는 남성도 처벌해야 합니다. 피임을 피하려는 쪽이 주로 남성이니 콘돔 사용을 의무화하고 남성용 피임약을 도입해야 합니다. 의도적으로 피임을 하지 않을 경우 엄중히 처벌해야 합니다.	2	3	GENDER	[냄저, 거세] -> 남성 비하어 및 극단적인 처벌 주장을 문어체로 정제	남성
난민은 뇌가 탈부착식이라 자국에 놓고오는거냐 ?	난민들은 본국에 생각을 다 두고 온 것입니까?	2	3	RACISM	[뇌가 탈부착식] -> 특정 집단의 지능을 비하하는 비유를 완화하여 순화	인종/국적
개슬람은 홍어들이랑 똑같아 밖으로는 아닌듯 코스플레 하지만 결정적인 순간에 직들 종특 나옴	특정 종교인들은 특정 지역 사람들과 비슷합니다. 겉으로는 아닌 척하지만 결정적인 순간에 그들의 특성이 드러납니다.	2	4	RELIGION	[개슬람, 홍어, 종특] -> 종교 및 지역 비하 멸칭, 인종적 특성 비하어 순화	지역, 종교
신의 존재를 믿는다면 올바르게 살려고 노력하는 것일뿐. 기독교가 아니어도 좋은곳에 갔겠지. 그리고 두번째는 사람의 목숨은 하늘에 달렸으니 필요해서 먼저 데려갔다기 보단 알수없다가 솔직한 표현일거다	신의 존재를 믿는다면 올바르게 살려고 노력할 뿐입니다. 기독교가 아니더라도 좋은 곳에 갔을 것이고, 수명은 하늘에 달린 것이니 미리 데려간 것이라기보다 알 수 없다고 하는 것이 솔직할 것입니다.	2	1	NORMAL	[갔겠지, 표현일거다] -> 구어를 정중한 문어체로 다듬기	clean
준표형 마음 이해한다.	홍준표 씨의 마음을 이해합니다.	2	1	NORMAL	[준표형] -> 인물 호칭을 문맥에 맞게 정제	clean
개독교 없어져라..	특정 종교에 대한 반감이 크네요. 사라졌으면 좋겠습니다.	2	2	RELIGION	[개독교] -> 종교 비하 멸칭을 중립적으로 순화	종교
하나님께서 우리를 돌아봐주시기를....혼란의시기에 지혜의영을 부어주시기를...	하나님께서 우리를 보살펴 주시기를, 혼란스러운 시기에 지혜를 주시기를 기원합니다.	2	1	NORMAL	[돌아봐주시기를] -> 종결어미 및 문체 다듬기	clean
말이 되노 한명의 한남을 소추로 만들려면 좆국 닭은 물론 세계의 닭이 멸종일거노 ㅋㅋㅋㅋ	말이 됩니까? 한국 남성들을 비하하기 위해 그렇게까지 하는 것은 과해 보이네요.	2	3	GENDER	[-노, 한남, 소추, 좆국] -> 성별 비하 및 커뮤니티 말투, 국가 비하어 순화	남성
저친구는지금뭐할까	저 친구는 지금 무엇을 하고 있을까요?	2	1	NORMAL	[저친구는] -> 종결어미 추가	clean
메드포갈릭이다 이기야	매드포갈릭 음식점입니다.	2	1	COMMUNITY	[이기야] -> 커뮤니티 전용 말투 제거	clean
랜선타고 할배 암모니아 쉰내 나길래 호다닥 ㄷ나왔다	인터넷상에서 어르신들의 냄새가 나는 것 같아 얼른 나왔습니다.	2	2	AGE	[할배, 암모니아 쉰내, 호다닥] -> 노년층 모욕 및 커뮤니티 은어 순화	연령
동성애 싫어하는거도 자유아니냐???우덜이 물리치료를 하냐 법으로 금지를 하냐 그냥 싫어하는거도 안되냐??	동성애를 싫어하는 것도 개인의 자유 아닙니까? 물리적인 폭력을 행사하거나 법으로 금지하는 것도 아닌데, 싫어하는 표현조차 안 되는 것입니까?	2	2	LGBTQ	[우덜, 물리치료] -> 지역 비하적 어투 및 폭력적 은어 순화	성소수자
예수개씨발새끼야 니가씨팔신이면 니후빨하는저런개시팔목사새끼좀 알아서처단해라 씨펄존재하지도않는 개잡신을만들고쳐믿고추종들하는 개독은답이없다진짜	(특정 종교와 대상을 심하게 모독하는 표현입니다.)	2	4	RELIGION	[개씨발, 후빨, 잡신, 개독] -> 종교 및 신성 모독, 욕설 순화	종교
드라마 구해죠 현실판인건가요??  아이들 ㅜ 불쌍하단말로도 다 표현이 안되네ㅜ 종교의 탈을쓰고 인간으로 할수없는짓을 하는자  천벌을 받을것이다!!!!	드라마 '구해줘'의 현실판인가요? 아이들이 정말 불쌍해서 말로 다 표현하기 어렵네요. 종교를 이용해 인간으로서 할 수 없는 짓을 하는 사람은 천벌을 받을 것입니다.	2	1	NORMAL	[드라마 구해죠] -> 작품명 오기 수정 및 문체 다듬기	clean
구라치지 마라전라도가 강간 안 하는 날이 어딨노홍어는 좆이 두개라서정상적인 성생활로는 성이 안 찬당께그래서 떼씹 근친상간, 도가니 정박아 성폭행, 여교사 윤간 등이 생활 쓰포츠지라	(차단된 문장입니다)	1	5	REGIONAL	[전라도, 홍어, 떼씹, 근친상간] -> 지역 혐오 및 성적 모욕이 극심하여 차단	지역
ㅂㅅ 인증ㅋㅋ	어리석음을 증명했네요.	2	2	SLUR	[ㅂㅅ] -> 욕설 초성을 완화하여 순화	악플/욕설
여혐낙태부터 시작해서 김치녀개념녀 구분짓기	여성 혐오적 낙태부터 시작해서 김치녀와 개념녀로 여성을 분류하는 행위들입니다.	2	2	GENDER	[여혐, 김치녀] -> 성별 비하 및 혐오 용어를 표준어로 정제	여성/가족
한국인 : 말로 싸움중국인 : 주먹다짐함 (다굴깜)러시아인 : 주먹다짐함 (걍 존나싸움)이슬람인 : 몰래와서 칼로 목을 베어버림 ㄷㄷ	한국인은 말로 싸우고, 중국인과 러시아인은 무력을 쓰지만, 특정 종교인은 매우 위험한 방식으로 위해를 가한다고 합니다.	2	3	RACISM	[다굴깜, 목을 베어버림] -> 인종/종교 편견 및 잔인한 묘사 순화	인종/국적
개독교 목사 새끼들...	특정 종교의 목사들은 정말 문제가 많습니다.	2	3	RELIGION	[개독교, 새끼들] -> 종교 비하 및 욕설 순화	종교
그냥 내딸을위해서 조용히기도할거같은데......문건은 왜 목사한테전달해서 기도해달래..........	그냥 자신의 딸을 위해서 조용히 기도하면 될 텐데, 왜 목사에게 서류까지 전달하며 기도를 부탁하는 것입니까?	2	1	NORMAL	[전달해서, 기도해달래] -> 구어를 정중한 문어체로 정제	clean
뷔페미니즘의 실상 ㅋㅋㅋㅋㅋ	자신에게 유리한 것만 취하는 페미니즘의 실제 모습이네요.	2	2	GENDER	[뷔페미니즘] -> 여성주의 비하 용어를 표준어로 정제	여성/가족
웜련들아 전쟁나면 10틀딱은하고 난민신청하자이기야	특정 이용자들아, 전쟁이 나면 어르신들인 척하며 난민 신청을 합시다.	2	3	COMMUNITY	[웜련들, 10틀딱, 이기야] -> 커뮤니티 비하어 및 연령 비하, 말투 순화	연령
구더기 특공대노?	구더기 특공대입니까?	2	1	COMMUNITY	[-노] -> 커뮤니티 전용 말투 순화	clean
막짤 장인 자가맞냐ㅋㅋㅋㅋㅋ 집안 모습을 보니ㅋㅋㅋ	마지막 사진의 집이 본인 소유가 맞습니까? 집 안 모습을 보니 의구심이 드네요.	2	1	NORMAL	[막짤, 자가맞냐] -> 줄임말 및 구어를 표준어를 정제	악플/욕설
형 그냥 등록취소해	등록을 취소하시는 것이 좋겠습니다.	2	1	NORMAL	[형, 등록취소해] -> 구어를 정중한 문어체로 정제	clean
362 언제적 보지대장6부9 워딩이노? 대장에 애비부자를 붙이고 앉았노 부랄부자빼라	(특정 커뮤니티의 남성 비하 및 성적 멸칭이 포함된 문장입니다.)	2	3	GENDER	[보지대장, 6부9, 애비부자, 부랄부자, -노] -> 극단적 성별 비하 및 커뮤니티 은어 순화	남성
게이야 아무래도 난 이걸로 돈버는건 못하겠노 .... 7만티켓까지 불렸따가 지금 달랑 만티켓이다 이기야 ...슬프노....한달에 50마넌만 벌어도 좋겠는데 ...	친구야, 아무래도 나는 이것으로 돈을 버는 것은 어렵겠습니다. 자산이 많이 줄었는데 슬픈 마음이네요. 한 달에 50만 원만 벌었으면 좋겠습니다.	2	1	COMMUNITY	[게이야, -노, 이기야] -> 커뮤니티 전용 말투 및 호칭 순화	clean
교회다니는거자체가 정신병자임 ㅋㅋ	교회에 다니는 것 자체가 정신적으로 문제가 있는 행동입니다.	2	3	RELIGION	[정신병자] -> 특정 종교 신자를 정신질환자로 비하하는 표현 정제	종교, 기타 혐오
정작 한국에 도움 안되는 안건만 내고 우덜 똥남아 식구좀 돈좀 퍼주랑께! 같은 헛소리만하는데 이거 필리핀 의원 새끼가 분명하다	정작 한국에 도움이 되지 않는 안건만 내면서, 동남아시아 사람들에게 돈을 지원하라고 하는 것을 보니 필리핀 의원임이 분명합니다.	2	3	RACISM	[우덜, 똥남아, 퍼주랑께] -> 지역 비하적 어투 및 인종/국적 비하어 순화	인종/국적
저개새끼 부관참시할수도 없음ㅋㅋ가루새끼랔	그 사람을 다시 벌할 수도 없네요. 유골만 남아서 그런 것 같습니다.	2	3	SLUR	[개새끼, 가루새끼] -> 인물에 대한 욕설 및 비하어 순화	악플/욕설
접속차단?ㅋㅋㅋㅋㅋㅋ그러면 웜년들 오프에서 더 활발히 활동할거노	접속을 차단하면 특정 커뮤니티 이용자들이 오프라인에서 더 활발하게 활동할 것입니다.	2	2	COMMUNITY	[웜년들, -노] -> 여성 커뮤니티 이용자 비하 및 말투 순화	clean
죽으려면 혼자 죽지...	남에게 피해를 주지 말고 혼자 해결하시지 그랬습니까.	2	2	SLUR	[죽으려면] -> 극단적인 표현을 완화하여 순화	악플/욕설
조선놈들 편법, 사기는 진짜 알아줘야 된다	한국 사람들의 편법과 사기 수법은 정말 대단합니다.	2	2	RACISM	[조선놈들] -> 자국민 비하 칭호를 표준어로 정제	인종/국적
한남은 죽으면 착해진다이기 흙이되야 착해짐 개사료로도 개 탈난다 안된다이기	한국 남성들은 죽어서 흙이 되어야 선해진다고 생각합니다. 아예 쓸모가 없다고 봅니다.	2	3	GENDER	[한남, -이기] -> 성별 비하 및 커뮤니티 말투 순화	남성
진짜 이번에 좇선족이나 뭐던 시벌 동남아던 비례대표 번호주면표안준다씨발 정신차릴때까지	이번에 조선족이나 동남아시아 출신에게 비례대표 번호를 준다면 절대 투표하지 않겠습니다.	2	3	RACISM	[좇선족, 시벌, 씨발] -> 인종 멸칭 및 욕설 순화	인종/국적
동남아 새끼들은 씨를말려야되 좆같은 새끼들	(차단된 문장입니다)	1	5	RACISM	[동남아 새끼들, 씨를말려야되] -> 특정 인종에 대한 집단 학살 및 혐오 발언으로 차단	인종/국적
이슬람은 어차피 별로 없지 않나? 짱깨랑 쪽바리가 문제	특정 종교인들은 별로 없지 않습니까? 중국인과 일본인이 더 문제입니다.	2	3	RACISM	[짱깨, 쪽바리] -> 특정 국가 및 인종 멸칭 순화	인종/국적
ㅋㅋㅋㅋ절라도기업은 역윾시	전라도 기업은 역시 예상대로네요.	2	2	REGIONAL	[절라도, 역윾시] -> 지역 비하 및 조롱 섞인 어투 정제	지역
크 역시 텍사스	역시 텍사스답네요.	2	1	NORMAL	[크] -> 감탄사를 제외하고 문어체로 정제	clean
개독 새끼들 사람 뇌가 아녀	특정 종교인들은 생각이 없는 것 같습니다.	2	3	RELIGION	[개독, 새끼들, 아녀] -> 종교 비하 및 욕설 순화	종교
진짜 존나 병신같다	정말 너무 어리석어 보입니다.	2	3	SLUR	[존나, 병신같다] -> 욕설 및 비속어 순화	악플/욕설
꽉낀청바지 갈아입고 거리를 나섰네	꽉 끼는 청바지로 갈아입고 거리에 나갔습니다.	2	1	NORMAL	[꽉낀청바지] -> 문형 다듬기	clean
너보다스펙좋은여자들은뭐냐내주변만해도있던데결국 유유상종문제아닐까 고졸 지잡 좆문이거나말야	너보다 조건이 좋은 여성들도 주변에 많습니다. 결국 비슷한 사람들끼리 만나는 문제 아닐까요? 학력이 낮거나 특정 학교 출신이라서 그런 것 같습니다.	2	2	SLUR	[지잡, 좆문] -> 대학 및 전문대 비하어 순화	기타 혐오
상무 따라 가라 익2야2야2야	상무를 따라가십시오.	2	1	COMMUNITY	[익2야2야2야] -> 커뮤니티 전용 말투 제거	clean
가위치기 ㅋㅋㅋㅋㅋㅋㅋㅋㅋ	(성소수자 간의 성행위를 지칭하는 은어를 쓰며 조롱하는 표현입니다.)	2	2	LGBTQ	[가위치기] -> 성소수자 관련 성적 은어를 사용한 조롱 정제	성소수자
한남은 좆없음. 보지들한테 진짜 좆 알려줘야한다. 참교육^느^	한국 남성들을 비하하고 여성들을 교육해야 한다는 과격한 주장입니다.	2	4	GENDER	[한남, 좆없음, 보지들, 참교육, ^느^] -> 성별 비하 및 성적 멸칭, 조롱 말투 순화	남성
동성애 차별금지법에서 제외시켜야한다. 나라의 도덕성과 아이들의 교육에 태클을 걸지마라	동성애를 차별금지법 대상에서 제외해야 합니다. 국가의 도덕성과 아이들 교육에 영향을 주지 마십시오.	2	2	LGBTQ	[태클을 걸지마라] -> 원문의 반대 주장을 유지하되 정중한 문구로 정제	성소수자
잘생기고 못생기고를 떠나서 지들 나라도 못지키는 한심한 민족이라고 생각하니 존나 하찮아 보인다 ㅋㅋㅋ	외모와 상관없이 자신의 나라도 지키지 못하는 모습이 한심해 보입니다.	2	3	RACISM	[한심한 민족, 존나 하찮아] -> 특정 민족 비하 및 비속어 정제	인종/국적
"Oh Sam hamington what are u doin?!!OMG!"""	오 샘 해밍턴, 무엇을 하고 있는 것입니까? 세상에!	2	0	NORMAL	[Oh Sam hamington] -> 외국어 감탄사를 정중한 문어체로 정제	clean
비친씨발ㅋㅋㅋㅋㅋㅋㅋ	정말 어이가 없네요.	2	2	SLUR	[비친, 씨발] -> 욕설 및 비속어 순화	악플/욕설
양남좆에 한남좆 넣는거 충분히 가능할듯	(외국 남성과 한국 남성의 신체 부위를 언급하며 비하하는 표현입니다.)	2	3	GENDER	[양남, 한남] -> 인종 및 성별 비하어 순화	남성, 인종/국적
잘됐노 저길로 젠신병자하면 되겠다이기야~ 빨리 군머가서 앞후장대줘라이니야 ^느^	(차단된 문장입니다)	1	5	LGBTQ	[젠신병자, 이기야, 앞후장대줘, 이니야, ^느^] -> 성소수자 혐오 및 성폭력 묘사로 차단	성소수자, 기타 혐오
구웨엑 다뒤진 시체벌레를 기계벌레로 감싸다가 난자에 박노 후팔 좆극혐 으씨팔 그 다 뒤진유충 그걸 포궁에다 넣어서 기르게할것아니노 존나더럽노 벌레노	(차단된 문장입니다)	1	5	GENDER	[시체벌레, 난자, 포궁, 유충, 더럽노] -> 혐오적 비유 및 성적 모욕이 극심하여 차단	남성
솔직히 음식가지고 중국 까기는 좀 그래 ... 골목식당 얌채족들 봐봐...	솔직히 음식 문제로 중국을 비판하기는 조심스럽습니다. 우리나라 식당들 중에도 부도덕한 사례들이 있기 때문입니다.	2	1	RACISM	[중국 까기, 얌채족] -> 비속어 섞인 비판을 표준어로 정제	악플/욕설
개눈까리 불법정치자금으로 징역살다 눈까리하나없어서 석방받은거 잊어버렷네ㅋ	특정 정치인이 불법 정치자금 문제로 복역하다가 신체적 어려움을 이유로 석방된 사실을 잊으셨군요.	2	3	SLUR	[개눈까리] -> 신체적 특징을 비하하는 욕설 순화	악플/욕설
성경만 쳐 안읊었으면 일베였다 병신 ㅋ	성경 구절만 인용하지 않았어도 특정 커뮤니티 이용자와 다를 바 없었을 것입니다.	2	3	SLUR	[쳐, 병신] -> 비속어 및 장애 비하어 순화	악플/욕설
왜 보지들은 생리랑 군대랑 비교를하냐 씨발년들	왜 여성들은 생리와 군대 복무를 비교하는 것입니까? 이해할 수 없습니다.	2	3	GENDER	[보지들, 씨발년들] -> 성별 비하 및 심한 욕설 정제	여성/가족
나는 24번 여자애와 가장 비슷하다.초딩때 뿐만 아니로 중고딩, 대학, 군대, 사회...등등에서 내가 진짜 원하는대로 하지 않고 남 눈치보면서 살았던 것.이게 가장 후회됨.	저는 24번 여성의 사례와 가장 비슷합니다. 학창 시절부터 사회생활까지 제가 원하는 대로 하지 못하고 남의 눈치를 보며 살았던 것이 가장 후회됩니다.	2	1	NORMAL	[여자애] -> 성인 여성에 대한 호칭을 적절하게 정제	clean
김소연이 지들이랑 무슨 상관?	김소연 씨가 그들과 무슨 상관입니까?	2	1	NORMAL	[지들이랑] -> 낮춤말을 표준어로 정제	clean
십자군 ㅋㅋㅋ	십자군 전령입니까?	2	1	RELIGION	[십자군] -> 문맥에 맞게 다듬기	clean
레즈비언이 여자가 여자를 좋아하는 거잖아 저 트젠년은 지가 여자라 생각하는거지	동성애는 여성이 여성을 좋아하는 것인데, 저 성전환자는 자신을 여성이라고 생각하는 것 같네요.	2	2	LGBTQ	[트젠년] -> 성소수자 비하 멸칭을 표준어로 정제	성소수자
와.. 메이플 하도바껴서 저노틸러스맵안가본지가4년됨 ㅋㅋㅋㄱㅋ 오늘가서 브금들으면서 딸쳐야징	와, 게임 맵이 많이 바뀌어서 노틸러스 맵에 안 가본 지 4년이나 되었네요. 오늘 가서 배경 음악을 들으며 즐겨야겠습니다.	2	2	SLUR	[딸쳐야징] -> 성적 은어를 중립적인 표현으로 순화	악플/욕설
와씨 저 한남때매 보려던 영화도 제대로 못봤구만 무슨 똥묻은 새키가 분이 안 풀려 ㅈㄹ 진짜 저런 한남은 앞좌석 한 번 찰 때마다 벌금 백만원씩 내야되는거 아니냐	아, 저 한국 남성 때문에 보려던 영화도 제대로 못 봤습니다. 무례한 사람이 오히려 화를 내니 정말 어처구니가 없네요. 저런 사람은 엄격하게 처벌해야 하는 것 아닙니까?	2	3	GENDER	[한남, 똥묻은 새키, ㅈㄹ] -> 성별 비하 및 욕설 순화	남성
한국에서도 좆같은 파키스탄, 방글라데시 같은 개슬람 놈들 다 몰아내야 한다.잠재적 IS 개슬람 원리주의 테러분자 새끼들	한국에서도 파키스탄이나 방글라데시 출신의 특정 종교인들을 추방해야 합니다. 테러 위험이 있는 사람들은 정말 위험합니다.	2	4	RELIGION	[좆같은, 개슬람, 놈들, 새끼들] -> 종교/인종 비하 및 욕설 순화	종교
뜯어고칠게 한두개가아니다이기 한남은 학살이 답이노 여윽시 한남은 고쳐쓰는게 아니다이니야	(차단된 문장입니다)	1	5	GENDER	[한남, 학살, -노, 이니야] -> 성별 혐오 및 집단 학살 선동으로 차단	남성
국제사회로 가거라 중이실으면 절이 떠나야지 타국에 와서 뽕을 빼려고하노?	국제사회로 나가십시오. 자신이 속한 곳이 싫으면 떠나는 것이 맞지, 타국에 와서 과도한 혜택을 요구해서야 되겠습니까?	2	2	RACISM	[뽕을 빼려고, -노] -> 속어 및 커뮤니티 말투 순화	인종/국적
자유한국당 남자 국회의원들과 같은 부류의 사람들이 또 있네.	자유한국당 소속 남성 국회의원들과 비슷한 부류의 사람들이 또 있군요.	2	1	NORMAL	[부류의 사람들] -> 문장 다듬기	악플/욕설
교회도 북한처럼 세습을 하는구나. 이게 종교냐? 기업이지!	교회도 특정 체계처럼 세습을 하네요. 이것이 진정한 종교입니까? 기업이나 다름없습니다.	2	2	RELIGION	[세습] -> 비판적 어투를 유지하되 정중하게 정제	종교
슬리퍼에 호남향우회 적혀있네	슬리퍼에 호남 지역 모임 명칭이 적혀 있네요.	2	1	REGIONAL	[호남향우회] -> 명칭을 유지하되 문장 다듬기	clean
말투부터 기갈 따라하면서 이건 내가 아니고 웃자고하는거다 절대 난 기갈이랑 상관없다 이부랄 안떠는 자댕이가 없노 창짓하는 좆이돌들 아이돌 춤추면서도 그러노 같은 아이돌끼리 춤빠꾸면 그대로 당연하게 어울려보이게 노력한다이기야	(특정 말투와 성향을 비하하며 아이돌 가수들의 행동을 조롱하는 문장입니다.)	2	3	LGBTQ	[기갈, 자댕이가 없노, 창짓하는 좆이돌, 이기야] -> 성소수자 비하 및 성희롱적 표현 순화	성소수자
페미 = 정신병 끝 참 쉽죠잉.	페미니즘을 정신질환으로 간주하는 것은 너무 단순한 논리입니다.	2	3	GENDER	[페미=정신병] -> 여성주의 비하 및 정신질환 비하어 순화	여성/가족
한남만 죽이는 인종차별단체는 응원한다 이기야	한국 남성만을 공격하는 단체를 응원한다는 주장은 매우 부적절합니다.	2	4	GENDER	[한남, 죽이는, 이기야] -> 성별 혐오 및 살인 옹어 표현 순화	남성
동성애자들을 이해하며 탈동성애할수 있도록 도와주는것이 진정한 인권운동이라 생각합니다~~	동성애자들이 그 성향을 바꿀 수 있게 도와주는 것이 진정한 인권 운동이라고 생각합니다.	2	2	LGBTQ	[탈동성애] -> 원문의 주장을 유지하되 정중하게 정제	성소수자
일베인증 ㅋㅋㅋㅋㅋㅋㅋㅋㅋㅋ	특정 커뮤니티 이용 사실을 증명했네요.	2	1	COMMUNITY	[일베인증] -> 특정 사이트 명칭을 완화하여 순화	clean
조선족은 바퀴벌레의 꼬붕 할짓없어서 짱깨꼬븡이냐	조선족들이 다른 나라의 하수인 노릇을 하는 것이 한심해 보입니다.	2	4	RACISM	[바퀴벌레, 꼬붕, 짱깨] -> 인종/국적 멸칭 및 비하어 순화	인종/국적
동성애를 둘러싼 가짜 인권이 난무합니다 ㅠ	동성애와 관련하여 왜곡된 인권 개념이 너무 많이 퍼져 있습니다.	2	2	LGBTQ	[난무합니다] -> 원문의 비판적 어투를 정중하게 정제	성소수자
고무신들!!!!ㅉ	군인 남자친구를 기다리는 여성분들이네요.	2	2	SLUR	[고무신들, ㅉ] -> 특정 집단 비하 및 혀를 차는 행위를 정중한 표현으로 순화	악플/욕설
이상한 나라 절라도.	이상한 일들이 일어나는 지역이네요.	2	3	REGIONAL	[절라도] -> 특정 지역 비하 멸칭을 표준어로 정제	지역
한국같은 곳에서 정말 이질적 모순적인 단어임 퀴어	한국 사회에서 '퀴어'라는 단어는 정말 생소하고 모순적으로 느껴집니다.	2	1	LGBTQ	[퀴어] -> 문장 다듬기	성소수자
원조각하 글은 블라대상 홍어들 구별하기 참 쉬움 ㅋㅋㅋㅋㅋㅋㅋㅋㅋㅋ	전직 대통령 관련 글은 해당 지역 비판론자들을 가려내기 참 쉽네요.	2	3	REGIONAL	[홍어들] -> 지역 비하 멸칭을 중립적으로 순화	지역
주작일 가능성이 높다. 사람 얼마 없는 사이트에 명문대가 저리 많겠냐	조작된 내용일 가능성이 큽니다. 이용자가 적은 사이트에 명문대 학생이 그렇게 많을 리가 없습니다.	2	1	SLUR	[주작] -> 신조어를 표준어로 정제	악플/욕설
북한에서 한국	북한에서 한국으로 왔습니다.	2	1	NORMAL	[한국] -> 문장을 완성하여 정제	clean
ㅋㅋㅋㅋㅋㅋㅋㅋㅋㅋ 괜히 맘충이라는 말이 생기는가 아니지 ㅋㅋㅋ진짜 출산허가증 만들어야돼 병신같은 년들 땜에	'맘충'이라는 말이 생기는 이유가 있습니다. 정말 무책임한 부모들 때문에 사회적 문제가 발생하고 있네요.	2	3	GENDER	[맘충, 출산허가증, 병신같은 년들] -> 성별 비하 및 욕설 순화	여성/가족
필리핀에서는 사람 죽이는데 20만원 이라며	필리핀에서는 청부 살인 비용이 매우 저렴하다고 들었습니다.	2	3	RACISM	[사람 죽이는데] -> 잔인한 정보를 중립적인 문장으로 정제	인종/국적
주연이형 페미는 정신병이야 성차별이 아니야	페미니즘은 성차별이 아니라 정신적인 문제라고 생각합니다.	2	3	GENDER	[정신병] -> 여성주의 비하 및 정신질환 비하어 순화	여성/가족
다문화애들 10년후 모습보니까 동남아혼혈 남자애는 외로워보이드라..	다문화 가정 자녀들의 미래가 걱정되네요. 특히 동남아시아 혼혈 남학생이 소외되는 것 같아 안타깝습니다.	2	2	RACISM	[다문화애들, 동남아혼혈] -> 인종 관련 표현을 정중하게 다듬기	인종/국적
터키 정교분리잖아.	터키는 정치와 종교가 분리된 국가 아닙니까?	2	1	NORMAL	[정교분리잖아] -> 정중한 종결어미 사용	clean
이상도 흑좆나 이상	상황이 너무나도 이상합니다.	2	3	RACISM	[흑좆나] -> 인종 비하의 의미가 섞인 심한 비속어 순화	인종/국적
이건 페미완 상관없는일 같은데 그냥 규정을 악용한 일부 공무원인듯 그 악용한 규정이 육아휴직일뿐 너무 여혐조장인듯 왜 있는규정써서 교묘하게 힘든일 빠져나가는게 페미니즘일까요 그냥 교활한짓이고 제도적 개선이 필요한 일일뿐이라고 느껴집니다	이것은 페미니즘과는 무관한 일인 것 같습니다. 일부 공무원이 규정을 악용하는 사례일 뿐인데, 여성 혐오를 조장하는 것 같아 우려스럽네요. 제도적 개선이 필요한 문제입니다.	2	1	NORMAL	[페미완, 여혐조장] -> 축약어를 표준어로 정제	clean
쿵쾅피싸개	(차단된 문장입니다)	1	5	GENDER	[쿵쾅, 피싸개] -> 극단적인 성별 혐오 및 신체적 모욕으로 차단	여성/가족
백퍼 짬지에다가 당근도 넣엇다	(차단된 문장입니다)	1	5	GENDER	[짬지] -> 극단적인 성희롱 및 저속한 표현으로 차단	악플/욕설
삐-빅 정상입니다	확인 결과 정상적인 수치입니다.	2	1	NORMAL	[삐-빅] -> 의성어를 제외하고 정중하게 정제	clean
당신아빠도 저렇게200만짜리기계달고오면 기분이 어떻겠노 저가게어디지오픈해라	당신의 아버지께서도 신체 보조 기구를 착용하셨다면 기분이 어떠셨겠습니까? 해당 가게 정보를 알려 주십시오.	2	2	SLUR	[기분이어떻겠노, 기계] -> 장애 비하 뉘앙스 및 말투 순화	악플/욕설
인생에서 기독교는 믿고 걸러야됨	살아가면서 특정 종교는 피하는 것이 좋다고 생각합니다.	2	2	RELIGION	[믿고 걸러야] -> 비하적 태도를 중립적인 문장으로 정제	종교
사실만적어놓고 그렇다/아니다 ㅇㅈㄹ ㄷㄷㄷㄷ	사실만 적어놓고 가타부타 말하는 모습이 당황스럽네요.	2	2	SLUR	[ㅇㅈㄹ, ㄷㄷㄷㄷ] -> 욕설 초성 및 통신체를 표준어로 정제	악플/욕설
형님 안녕하세요 정말로 형님의 여동생분과 교제를 하고 싶습니다 꼭 연락주세요	안녕하세요. 진심으로 여동생분과 교제하고 싶습니다. 연락 부탁드립니다.	2	1	NORMAL	[형님] -> 정중한 문장으로 정제	clean
먼일했었냐	어떤 일을 하셨습니까?	2	1	NORMAL	[먼일, 했었냐] -> 사투리성 구어를 표준어로 정제	clean
힘내라게임파밍이랑 뭐 비슷한기다	힘내십시오. 게임 아이템을 모으는 것과 비슷하다고 보시면 됩니다.	2	1	NORMAL	[비슷한기다] -> 사투리를 표준어 문어체로 정제	clean
무슬람 교환 학생들도 많던데, 여자들은 하나같이 히잡 쓰고 다니고.	이슬람교도 교환 학생들도 많더군요. 여성분들은 모두 히잡을 쓰고 다닙니다.	2	1	RELIGION	[무슬람] -> 종교 명칭을 바르게 정제	clean
피아다..뭔 피하지방이냐	피아노입니다. 피하지방이 아니라요.	2	1	NORMAL	[피아다] -> 줄임말을 표준어 문장으로 정제	clean
부산의 전라도영도새끼들 반성해라영도새끼들 아무래도 섬사람이라존나 개새끼들 많음암튼 성격 좆같은새끼들도 존나 많고사색즐기는새끼 변태같은새끼 일단 말투만 경상도고 하는짓 생긴거는 전라도임	(차단된 문장입니다)	1	5	REGIONAL	[전라도영도새끼, 개새끼, 좆같은새끼, 생긴거는 전라도] -> 지역 혐오 및 욕설로 차단	지역
막짤 충주라고 안적혀있었으면 어디 파키스탄 터미널인줄 알겠네...	마지막 사진에 지역명이 없었다면 외국 터미널인 줄 알았겠습니다.	2	2	RACISM	[파키스탄] -> 특정 국가를 낙후된 이미지로 비유하는 어투 정제	인종/국적, 지역
앞으로 이슬람 / 인도 이 새끼들 주는건 무조건 쳐먹지마라	앞으로 특정 종교나 국가 사람들이 주는 음식은 먹지 마십시오.	2	3	RACISM	[이 새끼들, 쳐먹지마라] -> 인종/종교 비하 및 욕설 순화	인종/국적
당사자도 가만있는데 왜 부랄진동하노 탈모남 불쌍하면 지가 데리고 살든가ㅋㅋㅋ즈그들이 품평하던 여자들은 무슨 죈데 그럼?	당사자도 가만히 있는데 왜 그렇게 법석을 떱니까? 탈모 남성이 불쌍하면 본인이 도와주든가 하십시오. 이전에 외모 평가를 당하던 여성들은 무슨 잘못입니까?	2	3	GENDER	[부랄진동, -노, 즈그들] -> 성적 비하 은어 및 커뮤니티 말투 순화	남성
흠~~~모든건 지나 가는 법 멈춰 있지 않는다 제발 내년 은 평화 로운 일상 이 되길	모든 것은 지나가기 마련입니다. 멈춰 있지 않으니, 내년에는 부디 평화로운 일상이 되기를 바랍니다.	2	0	NORMAL	[지나 가는 법] -> 구어체 문장을 문어체로 다듬기	clean
문재앙덕분에 짱께멀티 되는것도 한순간이네	대통령의 정책 때문에 특정 국가의 영향력이 너무 커지는 것 같아 우려스럽네요.	2	3	RACISM	[문재앙, 짱께멀티] -> 대통령 비하 및 특정 국가 멸칭 순화	인종/국적
용돈벌이 놓쳤노 ㅋㅋ	용돈을 벌 기회를 놓치셨네요.	2	1	COMMUNITY	[-노] -> 커뮤니티 전용 말투 순화	clean
근데 다음날이 바로 시위날아니노	그런데 다음 날이 바로 시위하는 날 아닙니까?	2	1	COMMUNITY	[-노] -> 커뮤니티 전용 말투 순화	악플/욕설
좆팔 미쳤노 웜에서 혐애 소리하는 개돼지들이 아직도 있노? 윾입들 웜 스탠스 흐릴거면 커뮤가라이기	(차단된 문장입니다)	1	5	GENDER	[좆팔, -노, 웜, 혐애, 개돼지, 윾입] -> 극단적인 성별 혐오 및 욕설로 차단	악플/욕설
제발 저 미친 개독교 짐승에게서 저아이 구해주세요	부디 저 부적절한 종교인으로부터 아이를 구해주십시오.	2	3	RELIGION	[미친 개독교, 짐승] -> 종교 비하 및 인격 모독적 표현 순화	종교
대표연설 2탄썼다 이기야1탄은 틀딱들 딱스터콜 쳐맞고 삭제됬다	대표 연설 2탄을 작성했습니다. 1탄은 고령층 이용자들의 집단 신고로 삭제되었습니다.	2	2	AGE	[이기야, 틀딱들, 딱스터콜] -> 커뮤니티 말투 및 연령 비하어 순화	연령
20대인데 헤시테그라고 읽어서 ㅈㅎ	20대인데 해시태그라고 읽지 않아서 좋지 않네요.	2	1	NORMAL	[ㅈㅎ] -> 초성을 표준어로 정제	clean
아니 겉모습으로 남여를 구분하지 그것이 아니면 뭘로 구분하나? 요즘은 어찌 이상한 사람들이 더 큰소리치네~^^ 남자가 여자옷을 입든 여자가 남자옷을 입든 그것은 지 마음대로지만, 사회룰을 따를것은 따릅시다~!!!	겉모습으로 남녀를 구분하는 것이 당연하지 않습니까? 요즘 이상한 주장을 하는 사람들이 많네요. 복장은 자유지만 기본적인 사회 규칙은 지켜야 합니다.	2	2	LGBTQ	[이상한 사람들] -> 성소수자 관련 주장들에 대한 비판을 정중하게 정제	여성/가족, 남성
그 의무 다하다가 좆된 유럽을 봐라 ㅋㅋㅋㅋㅋㅋ 어쩔 수 없이 국익이 우선되야지 무슨	인도적 의무를 다하다가 어려움을 겪는 유럽 사례를 보십시오. 국익이 우선되어야 합니다.	2	2	RACISM	[좆된] -> 비속어 순화	인종/국적
전라도에서 북괴 김씨 3부자 쳐빠는 새키들이 바로 저런 부류임북괴 주체사상교가 기독교의 변형된 사이비형태거든나라 10창내고 부정선거 저지른 종중 종북 매국노 민족반역 공산 독재자 문재앙 지지율이 지금 전라도에서 92프로임	(차단된 문장입니다)	1	5	REGIONAL	[전라도, 새키들, 문재앙, 종북 매국노] -> 지역 혐오 및 인물 모독이 심하여 차단	지역
동생애자 새끼들은 IS 가 가지고 있는꿈과 희망의 투명미끄럼틀 에 다 태워야된다	(차단된 문장입니다)	1	5	LGBTQ	[동생애자 새끼들, 투명미끄럼틀] -> 성소수자 혐오 및 폭력 위협으로 차단	성소수자
와 씨발 이거 진짜 10대니까 한번쯤 해볼만한짓이네 ㅋㅋㅋㅋㅋㅋㅋㅋㅋㅋㅋㅋㅋㅋㅋㅋㅋㅋ개귀엽다 ㅋㅋㅋㅋㅋㅋㅋㅋㅋㅋㅋㅋㅋㅋ	와, 정말 10대 때 한 번쯤 해볼 만한 일이네요. 정말 귀엽습니다.	2	2	SLUR	[씨발] -> 욕설 제거	악플/욕설
개새끼들아 한국놈이 난민을 헤꼬지했다곤 생각안하냐	여러분, 한국 사람이 난민에게 해를 끼쳤을 가능성은 생각하지 않습니까?	2	3	SLUR	[개새끼들, 한국놈, 헤꼬지] -> 욕설 및 자국민 비하어 순화	악플/욕설
페미글 올리는 업로더 죄다 활중시켰음. 난 쭉알(쭉빵운영자) 페미들 활중시킨다 오바아니냐 이렇게 글썼다가 활중당함. 쭉은 망했노. 질필러쪽지보내는 자댕이밑에서 코르셋 낭낭히 죄고 한남자댕이들 쫩쫩 빨고있음	(차단된 문장입니다)	1	5	GENDER	[활중, 한남자댕이, 코르셋, 쫩쫩 빨고] -> 성별 비하 및 저속한 표현으로 차단	여성/가족, 남성
못살고 힘도 없는 것들이 강대국이 대학교를 설립해준다고 하면 주절먹 해야지	상황이 어려운 나라에서 강대국이 대학교를 세워준다고 하면 감사히 받아들여야 합니다.	2	2	RACISM	[한 것들, 주절먹] -> 특정 국가 비하 및 비속어 순화	기타 혐오
여자 다섯명이서 가위치기!! 인간지네!!	(차단된 문장입니다)	1	5	GENDER	[가위치기, 인간지네] -> 성희롱 및 저속한 성적 묘사로 차단	성소수자
진정성을 죽을때까지 보여주쇼!보수라는 이름으로~제발	보수 정치인으로서 죽을 때까지 진정성을 보여 주십시오. 부디 부탁드립니다.	2	1	NORMAL	[보여주쇼] -> 구어를 정중한 문어체로 정제	악플/욕설
사진 찍는건 폭행 아니냐?동영상 대놓고 찍지말라고 해도 찍는거가 제일 큰 폭력같은데동의없는 초상권 침해 촬영 아니노	사진을 찍는 것은 폭행과 다름없지 않습니까? 동의 없는 촬영은 명백한 초상권 침해입니다.	2	1	COMMUNITY	[-노] -> 커뮤니티 전용 말투 순화	clean
후팔 세상이 미쳐돌아가노	정말 세상이 비정상적으로 돌아가는구나.	2	2	SLUR	[후팔, -노] -> 욕설 및 커뮤니티 말투 순화	악플/욕설
60대 틀들이 너들만할때 자빠뜨리면 내여자였음.	과거에는 남녀 관계가 지금과는 달랐습니다.	2	3	AGE	[틀들, 자빠뜨리면] -> 연령 비하 및 위협적인 성적 표현 순화	여성/가족, 연령
경상도 공장에서 만든 물건들 갖다 팔려면 도로는 당연히 만들어야지;;유럽열강이 아프리카에 철도 깔아준 의도랑 똑같다.	경상도 공장 물건을 유통하기 위해 도로를 만드는 것은 당연합니다. 과거 강대국들이 다른 대륙에 철도를 건설한 의도와 비슷하게 볼 수 있습니다.	2	2	REGIONAL	[경상도] -> 지역 관련 서술을 차별적이지 않게 정제	지역
또다시 그 그림 보니 이상하긴 하네 왜 하필 여자캐릭터에다가 조개라니 으음 방송국에서 띄워줄 때 알아봐서야 했었는데	다시 그 그림을 보니 의심스러운 부분이 있네요. 방송국에서 홍보할 때부터 주의 깊게 살펴봤어야 했습니다.	2	1	NORMAL	[조개, 띄워줄 때] -> 은유적 비하 뉘앙스를 문어체로 정제	악플/욕설
응 너 안만나조 상폐틀딱새끼야ㅋㅋㅋㅋㅋㅋ	당신 같은 고령층 남성은 만나고 싶지 않습니다. 어리석은 소리 하지 마십시오.	2	3	AGE	[상폐틀딱새끼] -> 연령 및 존재 비하 멸칭 순화	연령
왜? 공론화가 필수일까요?	왜 이를 사회적으로 널리 알리는 것이 필수적인가요?	2	1	NORMAL	[공론화] -> 문장 다듬기	clean
비계덩어리들이 뭘 알겠냐	신체적으로 과체중인 사람들이 무엇을 알겠습니까?	2	3	SLUR	[비계덩어리] -> 신체적 특징 비하 멸칭 순화	악플/욕설
혐오스러운 광고을 게재한 것도 처벌대상 아닌가요?	불쾌감을 주는 광고를 게시한 것도 처벌할 수 없나요?	2	1	NORMAL	[처벌대상 아닌가요] -> 정중한 문장으로 정제	clean
똥꼬충쌔끼 커밍아웃한번 신박하게하노ㄱㅋㅋㄱ외국에서 남자좀 꼬셔본거 당당하게 자랑하노 후장걸레놈	(차단된 문장입니다)	1	5	LGBTQ	[똥꼬충쌔끼, -노, 후장걸레] -> 성소수자 혐오 및 성적 모욕으로 차단	성소수자
안절수가 쑈한다고 봉사자를 폄훼하는 사람이 사는 대구는 코로나 걸려도 쌈	특정 정치인의 행동을 비판하며 해당지역 시민들 전체가 질병에 걸려도 마땅하다는 주장은 매우 부적절합니다.	2	4	REGIONAL	[폄훼, 대구, 걸려도 쌈] -> 지역 혐오 및 저주성 발언 순화	지역
진짜로 너하고 자고 싶고	정말로 당신과 함께 있고 싶습니다.	2	2	SLUR	[자고 싶고] -> 성적인 직접 표현을 완화하여 순화	악플/욕설
근데 진짜 실제로 저거 짤 바꼈다 진짜 한국 보지단체년들 파워가 쌔긴한거같더라 저 년들 지랄하고나서 바로 없어지더라 저 짤	실제로 그 이미지가 교체되었습니다. 여성 단체들의 요구가 영향력이 컸던 것 같네요. 그분들이 거세게 항의하자 바로 삭제되었습니다.	2	3	GENDER	[보지단체년들, 지랄] -> 성별 비하 및 욕설 순화	여성/가족
대다나다. 개씨앙년들. 패배를 안정합니다.	정말 대단하군요. 그 여성분들이 패배를 인정하지 않는 모습이 놀랍습니다.	2	3	GENDER	[개씨앙년들] -> 극단적인 성별 비하 욕설 순화	여성/가족
나는 학교다닐때 빵셔틀이런게 진짜 있는지 의문이었다 우리학교도 양아치고등학교였는데 학교폭력,빵셔틀 이런거 당하는거 본적이없음	저는 학창 시절에 괴롭힘이나 심부름 같은 일이 실제로 있는지 의문이었습니다. 제가 다닌 학교도 거칠었지만, 그런 장면은 본 적이 없거든요.	2	1	NORMAL	[빵셔틀] -> 학원폭력 은어를 표준적으로 설명 및 문체 정제	clean
진짜 바보같다ㅋㅋ 왜 욕먹는, 지들한테 안좋은짓을 저렇게 골라서 하는거임?ㅋㅋㅋㅋㅋ ㄹㅇ이해가안가네 사고회로가지들딴에는 정의감에 휩싸인거냐?ㅋㅋ	정말 어리석어 보입니다. 왜 비난받을 만한 행동을 골라서 하는 것일까요? 본인들은 정의롭다고 생각하는 것인지 이해가 되지 않습니다.	2	1	NORMAL	[바보같다, 사고회로] -> 구어 및 비하적 표현을 문어체로 정제	clean
난 옛날부터 아빠다리라고 들으면서 컸는데 앞으로 단어 바꿀생각도없음	저는 어릴 때부터 '아빠다리'라는 표현을 쓰며 자랐는데, 굳이 다른 단어로 바꿀 생각은 없습니다.	2	1	NORMAL	[아빠다리] -> 관용적 표현을 유지하되 문장 다듬기	clean
잘 몰라 그러는데, 시아버지 시어머니 이게 높여부르는 의미인가요? 그게 아니고 그냥 호칭인 거 같은데요. 차라리 장인 장모가 높임 의미가 들어간 거 같은데...	잘 몰라서 묻습니다만, '시아버지', '시어머니'라는 호칭이 존칭의 의미를 포함하고 있습니까? 제 생각에는 단순한 호칭인 것 같고, 오히려 처가 쪽 호칭이 존경의 의미가 더 담긴 것 같습니다.	2	1	NORMAL	[시아버지, 장인] -> 호칭 관련 논의를 정중한 문어체로 정제	clean
급밍아웃 좆같이하네 그냥 나처럼 조용히 활동해라	학생인 것을 굳이 불쾌하게 드러내지 말고, 저처럼 조용히 활동하십시오.	2	3	AGE	[급밍아웃, 좆같이] -> 학생 비하 은어 및 욕설 순화	연령
차라리 동남아 필리핀같은데가서 꺼드럭거리며 사는것도 나쁘지않을듯	차라리 필리핀 같은 동남아시아에 가서 여유롭게 생활하는 것도 괜찮을 것 같습니다.	2	2	RACISM	[꺼드럭거리며] -> 비하적 태도를 보이는 어휘를 표준어로 순화	인종/국적
이것도 뭔가 조작느낌이 팍 난다 이기야그냥 오바마가 하던거니까 지웠을거같은데	이것도 조작된 느낌이 강하게 드네요. 단지 전직 대통령의 정책이라서 수정한 것 같습니다.	2	1	COMMUNITY	[이기야] -> 커뮤니티 전용 말투 제거	악플/욕설
조선족은 ㄹㅇ 시진핑 개새끼 못하더라 ㅋㅋ	조선족들은 특정 지도자를 비판하는 말을 정말 하지 못하더군요.	2	2	RACISM	[ㄹㅇ, 개새끼] -> 욕설 및 통신체 순화	인종/국적
근데 사상검증 누구보다 좋아하는게 페미들 아니야? 여성향 겜에서 정재헌 성우 꼬투리잡고 여혐누명씌워서 억울하게 퇴출시킨게 고작 몇달전인데? ㅋㅋ	페미니즘을 지지하는 사람들이 오히려 타인의 사상을 검증하고 억울한 퇴출을 주도하는 것 같아 보입니다. 최근 게임업계 사례도 그랬지 않습니까?	2	2	GENDER	[페미들, 억울하게 퇴출] -> 여성주의 비하 및 비판을 정중한 문어체로 정제	여성/가족
제발 나 주라고 메일 남겼음 아니면 돈줄게 진짜 필요해서그래****@gmail.com 메일보내놧어	제게 주셨으면 좋겠습니다. 메일을 남겼고 필요에 따라 비용을 지불할 의사도 있습니다. 연락 부탁드립니다.	2	1	NORMAL	[나 주라고, 보내놧어] -> 구어를 정중한 문장으로 정제	clean
안그래도 자연도태되고 있는게 Y유전자인 쀼젤~~~ 한남충 끠지컬보다 나련이 더 힘 세고 강할 것 같다이기야노	(차단된 문장입니다)	1	5	GENDER	[자연도태, 쀼젤, 한남충, 끠지컬, 나련, 이기야노] -> 성별 혐오 및 극단적 커뮤니티 용어로 차단	남성
또 다른 차별과 갈등을 부추기는 나쁜 사람!!	차별과 갈등을 조장하는 것은 좋지 않은 행동입니다.	2	1	NORMAL	[나쁜 사람] -> 문장을 다듬어 정제	clean
제목 안바꾸세요?	제목을 수정하지 않으시겠습니까?	2	1	NORMAL	[안바꾸세요] -> 정중한 종결어미 사용	clean
와~높네 높아	정말 높군요.	2	1	NORMAL	[높네 높아] -> 구어를 문어체로 정제	clean
저게 나라대표로 나가서 할 소리냐. 빨갱이새끼 아니고서야 어떻게 저런 말이 입에서 나오지.	국가 대표로서 적절하지 않은 발언인 것 같습니다. 특정 정치 성향을 극단적으로 비하하지 않고서는 어떻게 그런 말을 할 수 있습니까?	2	3	NORMAL	[빨갱이새끼] -> 정치적 멸칭 및 욕설 순화	기타 혐오
반일정신병 = 김치녀	(차단된 문장입니다)	1	5	GENDER	[정신병, 김치녀] -> 집단적 비하 및 혐오로 차단	여성/가족
싹모아서 흑산도로 보내자	모두 모아서 특정 섬으로 격리해야 합니다.	2	4	REGIONAL	[흑산도] -> 특정 지역을 유폐지로 묘사하는 혐오 표현 정제	지역
인구의 5~10면 씨발 존나많은데?	인구의 5~10%라면 정말 많은 숫자네요.	2	2	SLUR	[씨발, 존나] -> 욕설 및 비속어 제거	악플/욕설
이걸 젠더갈등이라고 봐야하나? 그저 증오범죄일뿐이다.	이것을 성별 갈등으로 보아야 할까요? 그저 증오에 의한 범죄일 뿐입니다.	2	1	NORMAL	[젠더갈등] -> 문장 다듬기	clean
컨셉어그로보소 ㅋㅋㅋㅋ	관심을 끌기 위한 의도적인 행동 같네요.	2	1	NORMAL	[어그로] -> 신조어를 표준어로 정제	clean
ㅇㄱㅆㄹㅇ ㅋㅋ 꼭 돈으로 하는걸 나올필요가잇노? 그 여자가 자댕이를 앵나 부려먹는 스토리인가본데 고딩때 뭔 돈으로 부려먹고 자시고할게있냐익이?ㅋㅋㅋㅋㅋ	(차단된 문장입니다)	1	5	GENDER	[ㅇㄱㅆㄹㅇ, -노, 자댕이, 앵나, 익이] -> 성별 비하 및 극단적 커뮤니티 은어로 차단	남성
ㄹㅇ 예전에는 동성애가 차별을 받았었다면 슬슬 동성애 반대하는 사람들이 역차별을 받게되고있다	정말 예전에는 동성애자들이 차별받았지만, 이제는 동성애에 반대하는 사람들이 오히려 역차별을 느끼는 상황이 되고 있습니다.	2	2	LGBTQ	[ㄹㅇ, 역차별] -> 원문의 주장을 유지하되 표준어 문장으로 정제	성소수자
죽기 직전의 상폐같은데 저게 진짜 중학생와꾸노? 걍 재기하면 좋겠노	(차단된 문장입니다)	1	5	AGE	[상폐, 와꾸노, 재기] -> 연령 비하 및 자살 종용으로 차단	연령
탐폰은 하얗고 깨끗하기까지하니까 을매나 질투나겠노 ㅋㅋㅋㅋㅋ	생리 용품의 특성을 언급하며 이를 시기한다는 식의 조롱 섞인 표현입니다.	2	2	NORMAL	[을매나, -노] -> 구어 및 커뮤니티 말투 순화	clean
그냥 무슬림 새끼들 다 뒤쟛으면	(차단된 문장입니다)	1	5	RELIGION	[새끼들, 다 뒤쟛으면] -> 종교/인종 혐오 및 살해 위협으로 차단	인종/국적, 종교
전에는 서울부산 순으로 날씨 알려주다가 요즘은 서울 전라도 순이더라ㅋ	전에는 서울과 부산 순서로 날씨를 안내했는데, 요즘은 순서가 바뀐 것 같네요.	2	1	REGIONAL	[전라도] -> 지역 언급을 중립적으로 정제	clean
공짜로 치로 해주니까 그러지 관리 소홀로 집단간염 발생시 절대 공짜로 치로 해주지말고 비급여로 전액 개인청구 합시다	무상 치료를 제공하니 관리가 안 되는 것 같습니다. 집단 감염 발생 시 책임이 있는 사람들에게는 치료비를 직접 청구해야 합니다.	2	1	NORMAL	[치로, 집단간염] -> 오기 수정 및 정중한 문체로 정제	악플/욕설
와 근데 진짜 과학이구나...생김새가 어쩜 정말 전.라.도 사람처럼 생겼을까...	생김새만 보고 특정 지역 사람이라고 규정하며 생기는 편견은 좋지 않습니다.	2	3	REGIONAL	[전.라.도] -> 지역 편견 및 비하 뉘앙스 정제	지역
도데체가 환자를 치료 할생각을 안하고 왜 병세를 악화시키는 건지 이해가 안간다.	환자를 치료하려 하지 않고 오히려 상황을 악화시키는 것을 이해하기 어렵습니다.	2	1	NORMAL	[도데체가] -> 맞춤법 수정 및 문체 다듬기	악플/욕설
워념글 읽어보고 메모장이라도 켜서 니 생각 쓰는습관들여라이기 그러다보면 이해안가고 막히는 부분생기노 그럼 그부분에대해 고민하고 더 공부하면서 니 의견 확립해가면 된다이기 그게 워마드랑 백프로 일치할 수도 있고 아닐 수도 있는거노	특정 커뮤니티의 글을 참고하여 자신의 생각을 정리해 보십시오. 공부를 통해 독자적인 견해를 확립해 나가는 과정이 필요합니다. 그것이 커뮤니티의 입장과 다를 수도 있겠지요.	2	1	COMMUNITY	[워념글, 이기, -노] -> 커뮤니티 용어 및 말투 순화	clean
야 길게 말할 것도 없노. 자지가 없어서 그런다. 남성성-큰 고추-이 강한 냄져들은 여자 몸이 어쩌구저쩌구 가슴크기가 어쩌구 저쩌구 좆도 신경 안 쓰노. 왜냐면 자기가 가진 남성성만으로도 남자라는 걸 어필하기에 충분하기 때문이노. 한남은 남성성이 좆도 없어서 큰 가슴	(차단된 문장입니다)	1	5	GENDER	[자지, 냄져, 좆도, 한남] -> 성별 비하 및 성적 모욕으로 차단	남성
나 나가면서 가까이서 봤노 국자대인 맞았다 이기야 맑은 날씨에 그늘 아래서 활짝 웃는 삭발머리 보니 기분이 봊나 좋더노	현장에서 직접 보았는데 그분의 미소를 보니 기분이 정말 좋았습니다.	2	2	COMMUNITY	[-노, 이기야, 봊나] -> 커뮤니티 전용 말투 및 욕설 변형어 순화	clean
오세라비 같은 위인이 참된 페미니스트지. 남성을 혐오 안하고 의무를 질려고 하는 여자 페미 자체를 안좋아하지만	특정 인물 같은 분이 진정한 페미니스트라고 생각합니다. 남성을 혐오하지 않고 의무를 강조하는 태도가 필요합니다.	2	1	GENDER	[페미니스트] -> 문장 다듬기	여성/가족
진짜 모자란 새끼들만, 일베에 상주하나?? 틀딱 틀딱 이 ㅈㄹ하는데, 진짜 나이 몇살 처먹은 급식인지좀 알고 싶음. 부모 붙잡고도, 틀딱 이 ㅈㄹ해보라지.	특정 커뮤니티에 어리석은 사람들이 많은 것 같네요. 연령 비하 용어를 쓰는 사람들이 부모님 앞에서도 그렇게 할 수 있을지 의구심이 듭니다.	2	3	AGE	[새끼들, 일베, 틀딱, 이 ㅈㄹ] -> 욕설, 커뮤니티 명칭, 연령 비하어 순화	연령
문화가 감염되버렸!	문화가 변질되어 버렸습니다.	2	1	NORMAL	[감염되버렸] -> 비유적 표현을 문맥에 맞게 정제	clean
시발 똥꼬충 새키들 다 북조선으로 보내버려야돼.	(차단된 문장입니다)	1	5	LGBTQ	[시발, 똥꼬충, 새키들] -> 성소수자 혐오 및 욕설로 차단	성소수자
게이들아 난 남자인데 여자처럼 예쁘게생겨서 옛날부터 어른들이 여자같다고 예쁘다고 그러셨다 그런데 나도 모르게 점점 남자가 좋아진다 이거어떻게 해야하냐	여러분, 저는 남성인데 여성스러운 외모 때문에 고민이 있습니다. 정체성에 대해 혼란이 오는데 어떻게 하면 좋겠습니까?	2	1	LGBTQ	[게이들아] -> 커뮤니티식 호칭을 정중하게 정제	clean
별의별 ㅁㅊ 틀딱들이 다 있네 , 통신사들이 심심해서 느그들 번호 바꾸라 했겠냐? 노인네들은 사리판단을 못해서 그런지 아주 지들이 민폐끼치는 줄도 몰라요	정말 상식 밖의 행동을 하는 고령층이 많네요. 본인들이 민폐를 끼친다는 사실을 인지하지 못하는 것 같아 안타깝습니다.	2	3	AGE	[ㅁㅊ, 틀딱들, 느그들] -> 욕설 초성 및 연령 비하어 순화	연령
씨발 성님 좆뱀한테 잘못걸리셨네요 아마 여기저기 다 벌리고 다니는 허벌후장창놈일겁니다 그딴 새끼는 뚝배기 깨서 한강에 뿌리고 산삼보다 좋은 양국 남고삼자지나 따먹으로 가시죠^오^	(차단된 문장입니다)	1	5	GENDER	[씨발, 좆뱀, 허벌후장, 자지, 따먹으로] -> 성별 비하, 성희롱 및 저속한 표현으로 차단	남성
분수샷 씨발ㅋㅋㅋㅋㅋㅋㅋㅋㅋㅋㅋㅋㅋㅋㅋㅋㅋ	(차단된 문장입니다)	1	5	SLUR	[분수샷, 씨발] -> 성적인 비방 및 욕설로 차단	악플/욕설
학칙을 민주당 꼴리는대로 정하면되는걸 무슨소리ㅋㅋㅋ 하려면 전라도 말고 의사수 가장적은 세종시에해라	학칙을 특정 정당의 의도대로 정하는 것 같아 보입니다. 지역적 고려보다는 필요한 곳에 설치하는 것이 맞습니다.	2	2	REGIONAL	[꼴리는대로, 전라도] -> 속어 및 지역 비하 뉘앙스 정제	지역
돈도 바쳐 몸도 바쳐... 니들 목사의 노예들이구나. 성노예들~~~ 전광훈이 말이 맞네. 니들은 병신 신도들이라고...	종교에 헌신하는 모습이 지나쳐 보입니다. 신도들을 이용하는 행태를 경계해야 합니다.	2	3	RELIGION	[노예들, 병신] -> 특정 종교 신자 모욕 및 장애 비하어 순화	종교
저걸 곧이 고대로 믿는 너도 신기하다 ㅋㅋ	저런 내용을 그대로 믿으시는 것이 놀랍네요.	2	1	NORMAL	[신기하다] -> 문장 다듬기	악플/욕설
근데진심 광화문충보다비쥬얼압살똥꼬>>>>>>>>>>>>>광화문	특정 집단들보다 시각적으로 더 낫다고 생각합니다.	2	2	LGBTQ	[광화문충, 똥꼬] -> 특정 성향 집단 멸칭 및 비하어 순화	성소수자
자집애들 진지할 때가 제일 웃기노	남성들이 진지한 모습을 보일 때가 가장 우습네요.	2	3	GENDER	[자집애, -노] -> 남성 비하 멸칭 및 말투 순화	남성
성지글은 ㅇㅊ야	미래를 예측한 글에는 추천을 드립니다.	2	1	COMMUNITY	[ㅇㅊ] -> 커뮤니티 줄임말을 표준어 문장으로 정제	clean
폭동제압!!!!!!!	무질서한 상황을 진접해야 합니다.	2	1	NORMAL	[폭동제압] -> 구호를 문어체로 정제	clean
말도안되네요 정말 ㅡㅡ	정말 이해할 수 없는 상황이네요.	2	1	NORMAL	[ㅡㅡ] -> 이모티콘 제거 및 문장 다듬기	clean
사스가 불의도시	역시 혼란스러운 도시네요.	2	2	REGIONAL	[불의도시] -> 특정 지역에 대한 부정적 별칭 정제	지역
이런데도 탈북자 옹호하는 개씨발 틀딱새끼들부터 사형시켜야한다	(차단된 문장입니다)	1	5	AGE	[개씨발, 틀딱새끼들, 사형] -> 연령 비하 및 살해 위협으로 차단	인종/국적, 연령
트젠이라 충격 먹고 죽은거 아니노	성전환자라는 사실 때문에 충격을 받으셨던 것은 아닐까요?	2	1	LGBTQ	[트젠, -노] -> 성소수자 축약어 및 말투 순화	성소수자
벌써 했지 병신아 말 놓은거보면	이미 그런 일이 있었을 가능성이 큽니다. 말투를 보면 짐작할 수 있네요.	2	3	SLUR	[병신아] -> 장애 비하 멸칭 및 욕설 순화	악플/욕설
씨발년 보확찢	(차단된 문장입니다)	1	5	GENDER	[씨발년, 보확찢] -> 극단적인 여성 혐오 및 신체 손괴 위협으로 차단	여성/가족
존잘 존예 ㄹㅇ;;	정말 잘생기고 예쁘네요.	2	1	NORMAL	[존잘, 존예, ㄹㅇ] -> 신조어 및 축약어를 표준어로 정제	clean
그렇게 싫으면 외국나가 이냔들아... 우리나라만큼 평등을 넘어 냔들편 들어주는 나라 없다...	불만이 많다면 외국으로 나가십시오. 우리나라만큼 공정하게 처리해 주는 곳도 드뭅니다.	2	3	GENDER	[이냔들아] -> 여성 비하 호칭 순화	여성/가족
너도 답없어 새끼야 급식충이 뭐 저렇지. 저격으로 시간낭비하고있노.	당신의 행동도 적절하지 않습니다. 학생으로서 왜 그런 일에 시간을 낭비하는 것입니까?	2	3	AGE	[새끼야, 급식충, -노] -> 욕설, 학생 비하 멸칭 및 말투 순화	연령
왜 남자만 근육이 더 잘 발달하죠? 이건 성차별이예요! 여자들에게 스테로이드를 놓아주세요	남성만 근육 발달이 더 잘 되는 것은 생물학적 차이입니다. 과도한 요구보다는 차이를 인정하는 것이 필요합니다.	2	1	GENDER	[성차별] -> 원문의 억지 주장을 유지하되 정중하게 정제	여성/가족
낄까 말까 할때는 껴라 -낙태충-	임신 중절을 비하하지 말고 피임의 중요성을 인지해야 합니다.	2	3	GENDER	[낙태충] -> 여성 비하 멸칭 순화	여성/가족
죽기직전까지 와꾸가 상폐한거 같은데 이참에 죽이자이기^문^	(차단된 문장입니다)	1	5	AGE	[와꾸, 상폐, 죽이자, 이기] -> 연령 비하 및 살해 위협으로 차단	연령
영상을 보고 판단해야겠다 어디서 보냐?	영상을 보고 판단해야겠습니다. 어디서 볼 수 있습니까?	2	1	NORMAL	[보냐] -> 정중한 종결어미 사용	clean
갑자기 쓰러지면 보험금개꿀 ㅅㅅ	갑자기 쓰러지면 보험금을 받을 수 있어 다행이네요.	2	2	SLUR	[개꿀, ㅅㅅ] -> 비속어 및 통신체 순화	clean
노무현대통령님을 죽인 친일집단들 토착왜구들 니들은 시한부 인생에 정리를 잘 해야할거다.	전직 대통령 서거와 관련된 집단들은 각오를 해야 할 것입니다.	2	2	RACISM	[토착왜구] -> 특정 대상을 일본인에 비유하여 비하하는 멸칭 순화	인종/국적
광주는....	광주 지역의 상황은 어떤가요?	2	1	NORMAL	[광주는] -> 문장을 완성하여 다듬기	clean
게이남 똥꼬충 동성애남 ^오^ 총갈겨서 지들 후장마냥 벌집으로 만들어주고 싶노	(차단된 문장입니다)	1	5	LGBTQ	[똥꼬충, 총갈겨서, 벌집, -노] -> 성소수자 혐오 및 살해 위협으로 차단	성소수자
여자 이성애자가 레즈를 보면 남자 이성애자가 게이 보는것처럼 혐오감 느끼는지 궁금하네 아는 사람??	여성 이성애자가 여성 동성애자를 볼 때, 남성 이성애자가 남성 동성애자를 볼 때처럼 거부감을 느끼는지 궁금합니다. 잘 아시는 분 계십니까?	2	1	LGBTQ	[레즈, 게이, 혐오감] -> 성소수자 관련 질문을 정중한 문어체로 정제	성소수자
봊나 멋지노 또 한번 배우고 간다 이기야	정말 멋지네요. 다시 한번 배우고 갑니다.	2	1	COMMUNITY	[봊나, -노, 이기야] -> 커뮤니티 전용 수식어 및 말투 순화	clean
개 좆같은 똥남아 씨발련이 국개의원 됐다고 존나 유새부리고 다니네 개썅년이 살살 빨아 쟤껴주니 뵈는게 없어	(차단된 문장입니다)	1	5	RACISM	[똥남아, 씨발련, 개썅년] -> 인종/성별 혐오 및 욕설로 차단	여성/가족, 인종/국적
야 이건 확실히 잘하는건데 빨아주자갓자스민!	아, 이건 확실히 잘한 일이네요. 응원합시다.	2	1	NORMAL	[빨아주자, 갓자스민] -> 신조어 및 구어를 표준으로 정제	clean
벌금 700만원이 끝이고 다른 조치는 없냐? 보복해서 지 딸 죽이겠는데 저러다	벌금 700만 원 외에 추가적인 보호 조치는 없습니까? 가해자가 보복할까 봐 가족의 안위가 정말 걱정되네요.	2	2	SLUR	[딸 죽이겠는데] -> 극단적인 상황 가정을 정중한 우려로 정제	악플/욕설
트렌스젠더를 여자로 인정안하면 또 그거대로 폭동일어날테고....인정하면 또 그거대로 존나 문제거...	성전환자를 여성으로 인정하지 않으면 사회적 갈등이 발생할 것이고, 인정하더라도 여러 가지 문제가 생길 것 같아 우려스럽네요.	2	2	LGBTQ	[폭동, 존나] -> 자극적 표현 및 비속어 순화	성소수자
개 지.ral 토착왜구 마지막 가뿐숨 몰아쉬기 시작....목아지 밟아서 숨통 끊어 버립시다	(차단된 문장입니다)	1	5	RACISM	[지.ral, 토착왜구, 숨통 끊어버립시다] -> 인종 비하 멸칭 및 살해 위협으로 차단	인종/국적
반기문 벌써 노망났냐?ㅋㅋㅋ아니면 힘있는 유대인 후장충들이 압력 넣었나?지아들이 후장충되서 에이즈 쳐걸려봐야 정신차릴듯 ㅉㅉ	반기문 전 총장이 판단력이 흐려진 것은 아닙니까? 동성애 관련 정책에 대해 비판적인 시각이 필요해 보입니다. 본인이 직접 겪어봐야 문제의 심각성을 알게 될 것입니다.	2	3	LGBTQ	[노망, 후장충, 쳐걸려봐야, ㅉㅉ] -> 인물 모독 및 성소수자 비하, 저주성 발언 순화	성소수자
총살 보단...팽살 추천	총으로 벌하는 것보다는 더 엄격한 처벌이 필요하다고 생각합니다.	2	3	SLUR	[총살, 팽살] -> 잔인한 형벌 언급을 엄중한 처벌로 순화	악플/욕설
넘 단조로운거같은데	너무 단조로운 것 같습니다.	2	1	NORMAL	[넘, 단조로운거같은데] -> 구어를 문어체로 정제	clean
부자만 애 낳으니까 점차 저렇게 되겠지	경제적 여유가 있는 사람들만 자녀를 갖게 되니 점차 그런 사회 현상이 나타나겠지요.	2	1	NORMAL	[되겠지] -> 정중한 종결어미 사용	clean
이래서 전과자새끼들은 걸러야해	이래서 범죄 전력이 있는 사람들은 경계해야 합니다.	2	2	SLUR	[새끼들, 걸러야해] -> 욕설 및 비하적 어투 순화	악플/욕설
둘다 쓰레기 ㅋㅋㅋ	둘 다 정말 좋지 않은 사람들이네요.	2	2	SLUR	[쓰레기] -> 인격 모독적 비유를 완화하여 순화	악플/욕설
김치년 수준	(차단된 문장입니다)	1	5	GENDER	[김치년] -> 극단적인 성별 혐오로 차단	여성/가족
짱깨놈들 목 썰리는거 고어사이트에서 곧 관람가능?	(차단된 문장입니다)	1	5	RACISM	[짱깨놈들, 목 썰리는거] -> 인종 혐오 및 잔혹한 묘사로 차단	인종/국적
자영업자들은 인생의 기로에 서있고 온 국민이 힘을 모아 아등바등 살고 있는데 자칭 하나님을 믿는 다는 신념하나로 똘똘뭉친 사탄마귀 같은 인간들의 끝모를 이기심에 힘내서 살아오던 국민들이 힘들구나.... 이걸 계기로 우리나라 종교집단에 대한 터닝포인트가 되었으면 좋겠다.	자영업자를 비롯한 국민들이 아등바등 살아가고 있는데, 종교를 내세운 사적 이익 추구와 이기적인 태도 때문에 많은 사람이 힘들어하고 있습니다. 이번 일을 계기로 종교계가 성찰하는 기회가 되었으면 좋겠습니다.	2	2	RELIGION	[사탄마귀] -> 특정 집단에 대한 신학적 매도를 정중한 비판으로 순화	종교
똥남아새끼들이 작은거냐 저년이 키가 큰거냐	동남아시아 사람들이 체격이 작은 것입니까, 아니면 저 여성이 키가 큰 것입니까?	2	3	RACISM	[똥남아새끼, 저년] -> 인종 및 성별 비하어 순화	인종/국적
요즘 젊은것들 ㅉㅉㅉ	요즘 젊은 사람들의 행태가 걱정되네요.	2	2	AGE	[젊은것들, ㅉㅉㅉ] -> 연령 비하적 호칭 및 말투 순화	연령
나련도 예전에는 대중교통에서 혼자 스트레스받았는데 쩍벌하고 앉고 개저들 어깨빵하고 다닌다 이니야~~~~	저도 예전에는 대중교통에서 스트레스를 받았지만, 이제는 당당하게 행동하며 매너 없는 사람들에게 지지 않으려 노력합니다.	2	2	GENDER	[나련, 개저, 어깨빵, 이니야] -> 커뮤니티 멸칭 및 비하어 순화	남성
이기적이고 미개하다	이기적이고 상식 밖의 행동이네요.	2	2	SLUR	[미개하다] -> 비하적 태도를 표준어로 정제	악플/욕설
페르시아만 은 조용한 날이 없노	페르시아만 지역은 조용할 날이 없네요.	2	1	NORMAL	[-노] -> 커뮤니티 전용 말투 순화	clean
대한민국에 저런 인간이 있다는 사실이 역겹다	우리나라에 그런 사람이 있다는 사실이 정말 불쾌합니다.	2	2	SLUR	[역겹다] -> 감정적 비하어를 중립적으로 정제	악플/욕설
죄다 흑인 개슬람 이냐?	모두 흑인이거나 특정 종교인입니까?	2	3	RACISM	[개슬람] -> 종교 비하 멸칭을 표준어로 정제	인종/국적, 종교
단국머 국민머까지는 알고는 있음	단국대학교와 국민대학교까지는 알고 있습니다.	2	1	NORMAL	[단국머, 국민머] -> 커뮤니티식 학교명 왜곡을 바르게 정제	clean
또 페미년들 튀어나온	또 페미니즘을 지지하는 여성들이 나타났군요.	2	3	GENDER	[페미년들] -> 성별 비하 욕설 순화	여성/가족
요즘 목사놈들 은 십일조나 욕심내는 개ㅡ잡 ㅡ놈 들입니다. 문학작가 가 아니고 욕질이나 하는 개작가 고 간호조무사는 똥개나 시중드는 개조무사 .개집사 입니다. 시덥쟎은 인간말쫑 들을 봤네요...	요즘 목사들 중에는 금전적 욕심만 부리는 부적절한 사람들이 있습니다. 관련 종사자들도 직업적 소명이 없어 보여 안타깝네요. 정말 상식 밖의 사람들을 보았습니다.	2	3	RELIGION	[목사놈들, 개잡놈, 개작가, 개조무사, 인간말쫑] -> 종교 및 직업 비하어, 인격 모독적 표현 순화	종교, 기타 혐오
다 내가 안보는것들이네순위권 밑에 찌끄러기 버러지들이노	제가 보지 않는 콘텐츠들이네요. 인기가 없는 하급 수준의 것들인 것 같습니다.	2	2	COMMUNITY	[찌끄러기, 버러지, -노] -> 비하적 비유 및 커뮤니티 말투 순화	악플/욕설
나도 에타에서 문재인, 피싸개 욕박고 다니다가 정지 5번당했음 ㅇㅇ 디시나 일베성향이면 저런사이트 화딱지나서 못함	저도 커뮤니티에서 특정 정치인과 여성을 비하하다가 정지를 여러 번 당했습니다. 성향이 맞지 않는 사이트는 이용하기가 정말 힘드네요.	2	3	GENDER	[피싸개, 욕박고, 화딱지] -> 극단적 여성 멸칭 및 비속어 순화	여성/가족
자이스 워추주노 이기야 ㅋㅋㅋㅋㅋ	(특정 커뮤니티의 추천 구호를 외치는 조롱 섞인 표현입니다.)	2	2	COMMUNITY	[자이스, 워추, -노, 이기야] -> 커뮤니티 전용 용어 및 말투 순화	악플/욕설
어디 남자가 조신하지 못하게 교통사고 당해서 길바닥에 피를 휘갈기노	(남성을 비하하고 사고를 당한 사람을 조롱하는 부적절한 문장입니다.)	2	3	GENDER	[조신하지 못하게, 휘갈기노] -> 남성 성 역할 고정관념 강요 및 사고 조롱 순화	남성
근데 니머리 만진거 말고는 피해준건없엇잖아	하지만 귀하의 신체를 만진 것 외에 다른 피해는 없지 않았습니까?	2	1	NORMAL	[니머리, 없엇잖아] -> 호칭 및 종결어미를 정중하게 정제	clean
그럼 오지마 ㅡㅡ 남의 나라와서 지들 문화 강요하네 ㅉ	불편하다면 방문하지 마십시오. 외국에 와서 본국의 문화만을 강요하는 것은 좋지 않습니다.	2	2	RACISM	[오지마, ㅡㅡ, ㅉ] -> 무례한 어투 및 이모티콘 순화	인종/국적
홍대남 사건으로 자들대는 거 보면 후팔 앵나온다 여성 몰카 강간 포르노 찍은 자집놈들은 안 잡고 뭐하노	(특정 사건을 언급하며 남성을 비하하고 성범죄 관련 수사 불공평을 주장하는 과격한 문장입니다.)	2	3	GENDER	[홍대남, 자들대는, 후팔, 앵나온다, 자집놈, -노] -> 성별 비하 및 커뮤니티 용어 순화	남성
일장기 달고나가라	다른 나라의 상징을 달고 나가십시오.	2	1	NORMAL	[달고나가라] -> 정중한 명령으로 정제	clean
출산정책때매 그런건가	출산 정책 때문에 그런 현상이 나타나는 것입니까?	2	1	NORMAL	[때매, 그런건가] -> 정중한 문어체로 정제	clean
별 세상에 듣도보도 못한 직책은 만들어 놓고 지는 여비서 4년간 성추행하고 ㅠㅠ 소시오패스였냐??	세상에 처음 들어보는 직책을 만들어 활동하더니, 뒤로는 부적절한 행위를 했다니 정말 놀랍습니다. 인격적인 결함이 있었던 것입니까?	2	2	SLUR	[성추행, 소시오패스] -> 인격 모독적 표현을 중립적인 의문으로 정제	악플/욕설
ㅈㅣㄹ ㅏㄹ 하고있었네 수년간 그렇게 살았다고?모자란 사람들인가?	정말 어처구니없는 행동을 하고 있었군요. 수년 동안 그렇게 살았다니 상식적으로 이해하기 어려운 사람들인 것 같습니다.	2	2	SLUR	[ㅈㅣㄹ ㅏㄹ, 모자란 사람들] -> 욕설 및 대상 비하 표현 순화	악플/욕설
성매매 앵나게 하고 뒷통수 좆나 치는 라도남 무시하지 말아라 말투가 얌전해서 그렇지 까놓고 보면 얍샵하게 비열하노 와꾸도 키큰 놈들 없고 앵나게 빻음	(차단된 문장입니다)	1	5	REGIONAL	[라도남, -노, 와꾸, 빻음] -> 지역/성별 혐오 및 모욕이 심하여 차단	지역
짱깨바이러스 짱깨폐렴	(차단된 문장입니다)	1	5	RACISM	[짱깨] -> 인종 혐오 멸칭으로 차단	인종/국적
ㄹㅇ 자집놈팽이들 하는소리 하곤 신상털어서 박제해라 이기	정말 무책임한 남성들의 발언이네요. 신원 정보를 공개해서 책임을 물어야 합니다.	2	3	GENDER	[자집놈팽이, 신상털어서, 박제, 이기] -> 성별 비하 및 불법적 행위 선동 순화	남성
와...진짜미개	와, 정말 상식 밖의 행동이네요.	2	2	SLUR	[미개] -> 비하적 수식어를 표준어로 정제	악플/욕설
콘돔은 말이다... 가운데를 바늘로 찔러.그리고 양 면에 저렇게 포장의 바늘자국이 안 보이도록 스티커를 붙여서 주는 거다.그게 바로 에이즈 협찬 나눔의 삶이란 거지.	(차단된 문장입니다)	1	5	SLUR	[바늘로 찔러, 에이즈 협찬] -> 범죄 공모 및 반인륜적 행위 선동으로 차단	악플/욕설
속시원하다	정말 시원한 답변이네요.	2	1	NORMAL	[속시원하다] -> 문장 다듬기	clean
소신발언 지지합니다	귀하의 용기 있는 발언을 지지합니다.	2	1	NORMAL	[지지합니다] -> 문장 다듬기	clean
기자가 이렇게 뻔뻔하게 왜곡을 일삼아도 되는 것인가?	기자가 이렇게 뻔뻔하게 왜곡을 일삼아도 되는 것입니까?	2	1	NORMAL	[되는 것인가] -> 정중한 종결어미 사용	악플/욕설
아! 내가이때 만두국을 급식에서먹었지잘만먹었다	아, 제가 이때 급식으로 만둣국을 정말 맛있게 먹었습니다.	2	0	NORMAL	[내가이때, 먹었지잘만먹었다] -> 띄어쓰기 및 구어를 문어체로 정제	clean
더 정확히말하면인류역사의 건설적인 생산활동을 거스르고사는 극소수의 정신병자	더 정확히 말하면 인류 역사의 건설적인 활동에 반하는 극소수의 사람들 같습니다.	2	3	SLUR	[정신병자] -> 특정 대상을 정신질환자로 비하하는 어투 정제	기타 혐오
아이는 부모의 소유물이 아닙니다!!!! 아동학대 및 아동상범죄에 대한 강력한 처벌 필요합니다!!!!!!	아이는 부모의 소유물이 아닙니다. 아동 학대와 성범죄에 대해서는 매우 강력한 처벌이 이루어져야 합니다.	2	1	NORMAL	[필요합니다] -> 문장 다듬기	clean
수술전 한국남자와 같이 군대보내면 여자로 살고싶은 마음이 절실할껄	성 전환 수술 전의 남성들을 군대에 보내면 여성으로서의 삶이 얼마나 소중한지 절실히 느끼게 될 것입니다.	2	2	LGBTQ	[한국남자, 절실할껄] -> 성소수자 관련 가정을 정중한 문장으로 정제	성소수자
착한보지 가랑이 벌리면 효심이 콸콸 흐르는 파이프 보지	(차단된 문장입니다)	1	5	GENDER	[보지, 가랑이, 파이프] -> 극단적인 성적 모욕으로 차단	여성/가족
야들야들한 양쇼리니나 자질큰 흑남이 맍나는것도 손해구먼 한남을 외국나가서따먹고잇노	(차단된 문장입니다)	1	5	GENDER	[양쇼리니, 자질큰, 흑남, 한남, 따먹고잇노] -> 인종/성별 혐오 및 저속한 성적 묘사로 차단	남성, 인종/국적
아기쟝 얼마나 놀랐을까 ㄷㄷ 애미는 맘충이라도 아기쟝은 죄가 없는데 애한테 버럭 하면서 샷건 친건 좀 오바네	아이가 얼마나 놀랐을까요? 보호자가 부적절한 태도를 보였을지라도 아이에게는 잘못이 없습니다. 아이 앞에서 과격한 행동을 한 것은 유감입니다.	2	3	GENDER	[아기쟝, 애미, 맘충, 샷건] -> 유아어, 부모 비하 및 공격적 언어 순화	여성/가족
자집놈이 후장한번 해보고 싶다고 지껄이면 니후장부터 쑤셔보자 하고 야구빠다로 마구 쑤셔줘라 그럼 전립선 아흥~ 맛들여서 똥꼬충되고 안전이별은 덤이노	(차단된 문장입니다)	1	5	GENDER	[자집놈, 지껄이면, 후장, 야구빠다, 똥꼬충, -노] -> 성별/성소수자 혐오 및 폭력적 묘사로 차단	성소수자
페미는 정신병 맞아요. 남녀평등을 주장해야지, 여성 우월주의를 주장하면 그게 정상이냐? 빨리 정신병원에 입원해서 치료부터 받아야지.	페미니즘을 지지하는 것은 옳지 않다고 생각합니다. 사회의 상식을 벗어난 주장을 하는 것은 치료가 필요한 수준의 문제인 것 같네요.	2	3	GENDER	[정신병, 정상이냐, 입원해서 치료] -> 여성주의 및 정신질환 비하어 순화	여성/가족
야. 어디서 시켰냐?;;	아, 어디에서 주문하셨습니까?	2	1	NORMAL	[시켰냐] -> 정중한 종결어미 사용	clean
링크에 특수문자 붙여라이기	링크에 특수문자를 포함해 주십시오.	2	1	COMMUNITY	[붙여라이기] -> 커뮤니티 전용 말투 순화	clean
10차례면 즐기고 뒷통수 때린건데여자고향은 모르지만 통수가 통수했다라고 느낌온다	여러 번 교류한 뒤에 상대를 위기에 빠뜨린 것을 보니, 특정 지역의 기질이 나타난 것 같다는 생각이 듭니다.	2	3	REGIONAL	[뒷통수, 고향, 통수가 통수했다] -> 지역 비하 및 편견 정제	지역
근데 우한폐렴 걸렸다가 다 나으면 면역 생기지않음?	그런데 특정 질환에서 회복되면 면역력이 형성되지 않습니까?	2	2	RACISM	[우항폐렴] -> 특정 지역명을 사용한 질병 명칭을 표준적으로 정제	인종/국적
도데체 온다는 새끼 언제오냐. 솔릭 엄마 없는게 확실한듯.	도대체 온다는 그 태풍은 언제 옵니까? 정말 기다려지네요.	2	2	SLUR	[새끼, 엄마 없는] -> 욕설 및 부적절한 비유 순화	악플/욕설
실존하긴하는구나 ㅅㅂ... 짐승새끼들 아니 ㅁㅊ새끼들 드럽다 진짜 쓰레기새끼들 ㅡ ㅡ 여자 존나불쌍	그런 일이 실제로 일어나는군요. 정말 끔찍한 사람들입니다. 상식 밖의 행동에 화가 나네요. 피해 여성이 정말 안타깝습니다.	2	2	SLUR	[ㅅㅂ, 짐승새끼, ㅁㅊ새끼, 존나] -> 욕설 및 격한 비표현 순화	악플/욕설
사진에 나온새끼들 죽여버리고 싶다	사진 속의 사람들을 엄중히 처벌했으면 좋겠습니다.	2	3	SLUR	[새끼들, 죽여버리고 싶다] -> 욕설 및 과격한 위해 표현 순화	악플/욕설
P2P에서 동야 받앗는데 허스키랑 양키랑 떡친영상보고 고추죽은거 생각난다판매자 시1발련	공유 사이트에서 부적절한 영상을 보았는데, 내용이 정말 불쾌했습니다. 판매자에게 화가 나네요.	2	3	SLUR	[동야, 시1발련] -> 성적 은어 및 욕설 순화	인종/국적
개누리당=다문화당. 이자스민 때문에 개누리당뿐만아니라 이 나라는 다망한당	특정 정당의 다문화 정책은 문제가 많습니다. 특정 인물의 영향으로 국가의 기반이 흔들리는 것 같아 우려스럽네요.	2	3	RACISM	[개누리당, 이자스민, 다망한당] -> 정당 비하 및 특정 인물 관련 혐오적 시각 정제	인종/국적
미친다씨발ㅋㅋㅋㅋㅋㅋㅋㅋㅋㅋㅋㅋㅋㅋ	정말 대단하군요. 깜짝 놀랐습니다.	2	2	SLUR	[씨발] -> 욕설 제거	악플/욕설
전라도 새끼들이 전국으로 퍼지면서 일어날일 끔찎한 살인 강간 강력범죄 간통 폭력 절도 노약자장애인약취 유린 유기 사건이 많이 일어날꺼다 봐라 ㅋㅋㅋㅋㅋ	(차단된 문장입니다)	1	5	REGIONAL	[전라도 새끼들, 살인 강간, ㅋㅋㅋㅋㅋ] -> 지역 혐오 및 공포 조장으로 차단	지역
에휴.... 정신 장애가 있는게 아닌가 싶은데요 ㅠㅠ	아, 정말 사고방식이 상식적이지 않은 것 같습니다.	2	2	SLUR	[정신 장애] -> 특정 상태를 장애로 비하하는 어투 고치기	악플/욕설
녹음한거 주기적으로 백업잘해놓길 앙망하노. 놈딱 기대되노 ㅋㅋㅋ	녹음한 파일을 주기적으로 잘 백업해 두시기를 권합니다. 결과가 정말 기대되네요.	2	2	COMMUNITY	[앙망하노, 놈딱, -노] -> 커뮤니티 전용 말투 및 조롱 섞인 용어 순화	clean
징글지글한 교회도 지겨운 데 무슬림까지 보태서 난리 굿을 하네 둘다 지겹다 추방해라	갈등의 원인이 되는 종교 단체들이 모두 유감스럽습니다. 특정 종교까지 합세하여 혼란을 가중시키니 모두 제한해야 한다고 생각합니다.	2	2	RELIGION	[징글지글, 무슬림, 추방해라] -> 종교 비하 및 배타적인 주장을 정중하게 정제	종교
모쏠아다 수용소면 을매나 좋노.....너련들 흉자시절 과거 듣기 노무 괴롭노	연애 경험이 없는 사람들만 모인 곳이라면 얼마나 좋겠습니까. 여러분의 과거 이야기를 듣는 것이 정말 힘드네요.	2	2	COMMUNITY	[모쏠아다, -노, 너련들, 흉자, 노무] -> 커뮤니티 비하어 및 말투 순화	악플/욕설
씨X럼의새X	귀하를 비난하는 표현이 정말 적절하지 않습니다.	2	4	SLUR	[씨X럼] -> 욕설을 중립적인 비판으로 정제하거나 제거	악플/욕설
그러게 교회는 왜 간겨.....	그러게 왜 종교 시설에 방문하셨나요?	2	1	NORMAL	[간겨] -> 사투리성 구어를 정중한 문어체로 정제	clean
병신아는 존칭이냐?	'병신'이라는 말이 존칭입니까?	2	2	SLUR	[병신아] -> 장애 비하 멸칭을 중립적으로 언급하며 정제	악플/욕설
흥 그래도 우리나라보다 여성인권이 높거든요?좀 배우시죠 김치남 주제에	그래도 해당 사회가 우리나라보다 여성의 권리가 더 존중받습니다. 성별 비하를 하기 전에 상황을 파악해 보시지요.	2	3	GENDER	[김치남] -> 남성 비하 멸칭 순화	남성
찝접은 니 밥먹는 소리냐 깔깔깔	무례하게 구는 것이 귀하의 평소 습관입니까?	2	2	SLUR	[찝접, 니 밥먹는 소리] -> 비아냥거리는 어투 순화	악플/욕설
ftm들 흉자중에 최강임. 냄져좆 빨다못해 여자인 본인까지 혐오해서 지가 남잔줄 앎. 내가 그랬었노	(차단된 문장입니다)	1	5	LGBTQ	[ftm, 흉자, -노] -> 성소수자 및 성별 비하로 차단	남성, 성소수자
논리는 ㅇㅊ야	귀하의 논리적인 의견에 찬성합니다.	2	1	COMMUNITY	[ㅇㅊ야] -> 커뮤니티 전용 찬성 표현 순화	clean
왜 하필 중국짱깨년과 짝이 되었을까 선생님의 한수	왜 하필 특정 국가 출신의 여성과 짝이 되었는지 모르겠네요. 선생님의 의중이 궁금합니다.	2	3	RACISM	[중국짱깨년] -> 인종/국적 및 성별 비하 멸칭 순화	인종/국적
보지를 함께 안엮어서 좆같은거지 문항 취지는 적절했음. 아동납치나 성범죄 접근하는 새끼들 레파토리가 부모 친구다 먼 친척이다 평소 잘해주는 동내 아재아지매&형누나인데ㅋㅋㅋㅋㅋ	여성 관련 항목이 빠져서 아쉽지만 문항의 취지는 적절했습니다. 아동 범죄자들의 수법이 평소 친절한 지인인 척 접근하는 것이기 때문입니다.	2	3	GENDER	[보지, 좆같은] -> 성적 비속어 및 욕설 순화	여성/가족
한국 남자 특징: 성폭행 사건 보고 가해자 부러워 함	일부 한국 남성들이 성범죄 사건을 접하고 부적절한 반응을 보이는 것은 큰 문제입니다.	2	2	GENDER	[한국 남자 특징, 부러워 함] -> 성별 일반화 및 비윤리적 지적 정제	남성
레즈라고? ㄴㅋㅋㅋ 미친 한남충새끼가 보지랑 섹스하면서 돈까지 받으려고 지랄하네 역겹고 천한 한남충자집놈들 ㅉ	(차단된 문장입니다)	1	5	GENDER	[한남충새끼, 지랄, 저집놈들, ㅉ] -> 성별 혐오 및 모욕으로 차단	남성
저런걸 ppt라고 만든사람은 뭐하는 사람일까?	저런 수준의 자료를 작성한 분의 의도가 궁금하네요.	2	1	NORMAL	[뭐하는 사람일까] -> 비하적 의문을 정중하게 정제	악플/욕설
성당하고 절은 네들보다 못나서 조용하냐? 개 목사들 같으니라고...	다른 종교 시설들은 사회적 책임을 다하며 조용히 지냅니다. 일부 부적절한 목사들은 반성해야 합니다.	2	3	RELIGION	[네들, 개 목사들] -> 낮춤말 및 종교인 비하어 순화	종교
씨발 라도 ㅋㅋㅋㅋㅋㅋㅋㅋㅋㅋ	(차단된 문장입니다)	1	5	REGIONAL	[씨발 라도] -> 지역 혐오 및 욕설로 차단	지역
삿스가 쌍도 ^~^;;	역사적으로 특정 지역에 대한 태도는 여전하네요.	2	2	REGIONAL	[삿스가 쌍도] -> 지역 비하 별칭 및 비아냥거림 정제	지역
허리디스크 있는데 내일 점심 짜장 짬봉 뭐 먹을지 골라줘라	허리 건강이 좋지 않은데, 내일 점심 메뉴를 추천해 주시겠습니까?	2	1	NORMAL	[골라줘라] -> 정중한 요청으로 정제	악플/욕설
요즘 급식충 신발 저런게 유행이냐? 노가다 아재들 출근할 때 신는 신발인데	요즘 학생들 사이에서 저런 신발이 유행인가요? 현장 근로자분들이 신는 신발과 비슷해 보이네요.	2	3	AGE	[급식충, 노가다 아재들] -> 학생 및 특정 직업 비하 멸칭 순화	연령
곰읍읍 ^느^	특정 정치인을 은어와 조롱 섞인 이모티콘으로 부르는 표현입니다.	2	2	COMMUNITY	[곰읍읍, ^느^] -> 인물 비하 은어 및 조롱 말투 순화	clean
이익 될땐 자본주의고 , 불리할땐 공산주의냐? 정신질환 맞지 이정도면ㅋㅋ	자신에게 유리할 때와 아닐 때 태도가 달라지는 것을 보니 정말 상식적이지 않네요.	2	3	SLUR	[정신질환] -> 비정상적인 행태를 질환으로 비하하는 표현 정제	악플/욕설
합법적 살인권만 주어지면 k9몰고 가 다 쓸어버릴 자신 있는데 대한민국에 엠흑 개슬람 조선족 외노자 새끼들은 안 된다 무적권 안 된다	(차단된 문장입니다)	1	5	RACISM	[살인권, 쓸어버릴, 엠흑, 개슬람, 조선족] -> 인종/종교 혐오 및 학살 위협으로 차단	인종/국적, 종교
그거 어디서 구하냐	그것을 어디에서 구할 수 있습니까?	2	1	NORMAL	[구하냐] -> 정중한 종결어미 사용	clean
쟤 짱깨조선족이잖아	저분은 특정 국적 출신의 조선족 아닙니까?	2	3	RACISM	[짱깨조선족] -> 인종/국적 멸칭 순화	인종/국적
광주면 가능할거같다. 7명의 술먹은 조선대생에 졸업작품을들고 밤늦게 집에가는 대불대 서양화과,	특정 지역이나 대학을 언급하며 부정적인 상황을 가정하는 것은 적절하지 않습니다.	2	2	REGIONAL	[광주, 조선대생, 대불대] -> 지역 및 학교에 대한 부정적 편견 정제	지역
뒤져씨발 ㅋ	(차단된 문장입니다)	1	5	SLUR	[뒤져씨발] -> 살인 위협 및 욕설로 차단	악플/욕설
발작하면서 되저어라 벌레 같은 쓰레기들	(차단된 문장입니다)	1	5	SLUR	[되저어라, 벌레 같은 쓰레기들] -> 집단적 비하 및 저주성 발언으로 차단	악플/욕설
김치년과 비교해봐	(차단된 문장입니다)	1	5	GENDER	[김치년] -> 극단적인 성별 혐오로 차단	여성/가족
솔직히 중국도 말이 하나된 중국이란 나라지.. 내몽골, 티베트, 위구르 등등 소수민족들이 얼마나 많은데 전부 한족들한테 억압받고 살아가고 있다. 자국내에서도 원성의 목소리가 나오는건 당연..	솔직히 중국도 표면적으로만 통합된 국가이지, 내몽골, 티베트, 위구르 등 수많은 소수민족이 억압받고 있습니다. 내부에서 불만의 목소리가 나오는 것은 당연한 결과입니다.	2	1	NORMAL	[정중한 문어체] -> 긴 문장을 논리적으로 다듬고 종결어미 정제	clean
유대인들이 떠나면 나라 경제가 망하더라. 유대인들이 스페인을 떠나서 네덜란드와 영국, 미국으로 이민가니까 스페인 경제 망하더라. 네덜란드, 영국, 미국은 강대국이 되더라	유대인 인구의 이동이 국가 경제에 미치는 영향이 큽니다. 유대인들이 정착한 국가들이 강대국으로 성장한 사례들이 많네요.	2	2	RACISM	[망하더라] -> 인종 관련 경제 현상 서술을 문어체로 정제	인종/국적
죄다 배 뒤집어져서 오뎅탕 됐으면물론 무슬림 새끼들을 두고 하는 말입니다 ^오^	(차단된 문장입니다)	1	5	RELIGION	[오뎅탕, 무슬림 새끼들, ^오^] -> 종교 혐오 및 살해 조롱으로 차단	인종/국적, 종교
열등인종청소하고 다문화하면 될텐데	(차단된 문장입니다)	1	5	RACISM	[열등인종청소] -> 인종 학살 옹호 및 혐오로 차단	인종/국적
반갑습니다 저도 그 동네에서 오래 살았어요 76년생 입니다 간증에 감사함이 절로 나옵니다	반갑습니다. 저도 그 지역에서 오래 거주했습니다. 귀하의 이야기에 깊은 감명을 받았습니다.	2	1	RELIGION	[간증] -> 종교적 소통 내용을 정중한 문어체로 정제	clean
어차피 태권도 관장이 이긴게임임 대인배 모드로 글쓰는게 여러므로 이득이지 오히려 저렇게 글쓴게 그 맘충이나 회사입장에서 더 좆같을껄	태권도 관장님이 상황을 잘 해결하신 것 같습니다. 관대한 태도로 글을 쓰시는 것이 전략적으로도 유리해 보이네요. 상대방 입장에서는 오히려 더 당혹스러울 것입니다.	2	3	GENDER	[맘충, 좆같을껄] -> 부모 비하 및 욕설 순화	여성/가족
오열사 김관진정도면 탈라도임	특정 인물의 행적을 보면 해당 지역의 일반적인 성향과는 다른 것 같습니다.	2	3	REGIONAL	[탈라도] -> 지역 비하 뉘앙스가 담긴 탈출형 표현 순화	지역
걸스 캔두 애니띵이라면서 유리 천장 운운하며 온갖 대접은 악다구니 써서 챙기며서여성전용 온갖 특헤랑 여성전용 체력장은 지들만의 권리이게 뭔 삼척동자도 이해 못할 개소리 어거지 모순임???	여성주의를 주장하면서 혜택만을 요구하는 모습은 모순적이라고 생각합니다. 누구나 이해하기 어려운 억지 주장 같네요.	2	2	GENDER	[악다구니, 지들, 개소리] -> 여성주의 비하 및 욕설 순화	여성/가족
정성꿘은 워추노	정성스러운 글에는 추천을 드립니다.	2	1	COMMUNITY	[정성꿘, 워추노] -> 커뮤니티 전용 용어 및 말투 순화	clean
씨발 ㅋㅋㅋㅋㅋㅋㅋ	정말 놀랍네요.	2	2	SLUR	[씨발] -> 욕설 제거	악플/욕설
시발 ㅋㅋㅋㅋㅋㅋㅋㅋㅋㅋㅋㅋㅋㅋㅋㅋㅋㅋㅋㅋㅋㅋ 드립학원 어디다니냐 ㅋㅋㅋㅋㅋㅋㅋㅋ	정말 재치 있는 표현이네요. 어디서 그런 농담을 배우셨습니까?	2	2	SLUR	[시발, 드립] -> 욕설 및 신조어 순화	악플/욕설
이족보행 돼지들....	(차단된 문장입니다)	1	5	SLUR	[돼지들] -> 인격 모독 및 외모 비하로 차단	악플/욕설
공산국가 이주민은 투표권 주면 안되지. 지들 나라에서도 투표권 없는데 타국에 투표권 행사???	공산국가 출신 이주민들에게 투표권을 부여하는 것은 신중해야 합니다. 본국에서도 누리지 못한 권리를 타국에서 바로 행사하는 것은 의문이네요.	2	2	RACISM	[공산국가 이주민] -> 인종/국적 관련 주장을 정중한 문장으로 정제	인종/국적
저런 시설 대대적으로 조사한번 들어가서 뒤집어 엎어야 한다 저런데가 한두군데 겠냐	해당 시설에 대해 대대적인 조사를 실시하여 엄중히 관리해야 합니다. 비슷한 사례가 더 많을 것으로 우려됩니다.	2	1	NORMAL	[뒤집어 엎어야] -> 과격한 표현을 표준어로 정제	악플/욕설
응 한국 새끼들 존나 똥송하고 못생긴게 문제야 ^^씹 호빗에 실좆에 얼굴 존나 크고 비율 개 똥망한 동양인을 누가 좋아하냐 ㅋㅋㅋ똥양인으로 태어난 너네 운명을 탓해 ^^	(차단된 문장입니다)	1	5	RACISM	[한국 새끼들, 똥송, 똥양인] -> 인종 혐오 및 자국 비하로 차단	인종/국적
씨발놈들 이기회 한몫 땡기겠다 이거구만	이번 기회를 이용해 부당한 이득을 취하려는 태도가 보이네요.	2	2	SLUR	[씨발놈들, 한몫 땡기겠다] -> 욕설 및 비속어 순화	악플/욕설
쌀국 자댕이들이 부랄딸랑이면 볼 만 하겠노 껄껄	(차단된 문장입니다)	1	5	GENDER	[자댕이, 부랄딸랑] -> 성적 비하 및 희롱으로 차단	남성
개소리를 소설을 참 길게도 써놨네.. 이런거 믿는 넘들 뇌는 신천지 빠지는 뇌보다 한심할거 같다	사실이 아닌 내용을 길게 작성하셨네요. 이런 주장을 믿는 것은 특정 종교에 빠지는 것만큼이나 어리석어 보입니다.	2	2	SLUR	[개소리, 신천지] -> 욕설 및 특정 종교 비유 비하 순화	종교
종교인에게 온갖혜택이 있고 교회하나 만들면 떼돈버까 온갖 사이비 종교가 만들어 지는거다.	종교인에 대한 과도한 혜택이 사이비 종교가 난립하는 원인이 되고 있습니다.	2	1	RELIGION	[사이비] -> 종교계 비판을 정중한 문어체로 정제	종교
동해 좋아하는데 이상하게 강원도는 안가짐. 항상 경북 울진까지만 찍고 내려온다.	동해 바다를 좋아하지만 강원도 지역까지는 잘 가게 되지 않네요. 보통 경북 울진 지역까지만 방문하고 돌아옵니다.	2	1	REGIONAL	[안가짐] -> 구어를 문어체로 정제	지역
원래 미국 캐나다 한인들 외부에서 오는 한잇들 존나게 무시함. 조선특유의 텃세 오지게 부림	북미 지역 한인 사회에서도 새로 온 사람들에 대해 배타적인 태도를 보이는 경우가 많습니다. 보수적인 텃세가 심한 편이지요.	2	2	RACISM	[조선특유, 오지게] -> 자국민 비하 및 비속어 순화	인종/국적
소추왜이리 박혔나 했더니 워딩조팔ㅋㅋㅋ윾입이노	(차단된 문장입니다)	1	5	GENDER	[소추, 조팔, 윾입] -> 성별 비하 및 커뮤니티 욕설로 차단	악플/욕설
양키들 다문화 실패한거 보고 왜 따라하는지 이해불가....	서구권의 다문화 정책 실패 사례를 보고도 이를 답습하려는 의도를 이해하기 어렵습니다.	2	2	RACISM	[양키들] -> 인종 비하 멸칭을 정제	인종/국적
당연한거아님? 몸무게도 다른뎅	당연한 결과 아닙니까? 체격 조건이 다르기 때문입니다.	2	1	NORMAL	[다른뎅] -> 종결어미 정제	clean
고담대구 마지막 스테이지인가.	특정 도시의 상황이 매우 위태로워 보이네요.	2	2	REGIONAL	[고담대구] -> 지역 비하 및 비유적 칭호 정제	지역
전라도특징:학교 담장 마다 전교조 플랜카드 걸려있음	특정 지역의 특징 중 하나로 교육 단체의 활동이 두드러지는 면이 있네요.	2	2	REGIONAL	[전라도특징] -> 지역 일반화 및 비하 뉘앙스 정제	지역
독일 유학충인데 여기 살면서 느끼는 건 대학같은 곳에서 깨시민엔줄 아는 얘들은 난민 돕는데 혈안이다 그런 얘들 보면 거의 여자임	독일 유학 중인 학생으로서 느끼기에, 난민 지원에 열성적인 사람들은 주로 특정 성향을 가진 여성들인 것 같습니다.	2	3	GENDER	[유학충, 깨시민, 얘들] -> 특정 집단 비하 멸칭 및 비속어 순화	여성/가족
파오후 극혐	신체적으로 과체중인 사람을 비하하는 것은 옳지 않습니다.	2	3	SLUR	[파오후] -> 외모 비하 멸칭 순화	악플/욕설
참 지눌도 풍년일세 저런걸 기사화 시키는게 더 웃기다	정말 어처구니없는 상황이네요. 저런 내용을 보도하는 매체의 의도가 의문스럽습니다.	2	2	SLUR	[지눌] -> 비속어 성격의 신조어 순화	악플/욕설
둘이 전쟁해서 인구 1/10로 줄면 좋겠당	두 집단 간의 충돌로 인구가 크게 감소하기를 바라는 것은 매우 부적절한 생각입니다.	2	4	SLUR	[전쟁해서, 줄면 좋겠당] -> 대량 학살 및 희생 옹호 표현 순화	clean
납치해서 30일 굶기고 씻겨서 데리고 살아히키아다 일게이 장가도 가고 개꿀	(차단된 문장입니다)	1	5	SLUR	[납치, 굶기고, 히키아다, 일게이, 개꿀] -> 강력 범죄 선동 및 혐오로 차단	악플/욕설
페미의 주장은 아무리 들어줘도 성차별이라고 계속 우기기 때문에 애초에 처음부터 무시하는게 정답입니다	페미니즘을 지지하는 사람들의 주장은 대화로 해결하기 어렵다고 생각합니다. 차라리 관심을 두지 않는 것이 좋겠네요.	2	2	GENDER	[페미] -> 여성주의 비하를 정중한 문장으로 정제	여성/가족
역시 펨코남들 하는 짓 구려가지구	특정 커뮤니티 이용자들의 행동이 적절하지 않아 보이네요.	2	2	GENDER	[펨코남, 구려가지구] -> 특정 집단/성별 비하어 순화	남성
틀딱짤 많은데 댓에 첨부할수있는 기능 있었으면 좋겠노 ^느^	어르신들을 비하하는 이미지를 댓글에 첨부할 수 있으면 좋겠다는 생각은 좋지 않습니다.	2	3	AGE	[틀딱짤, -노, ^느^] -> 연령 비하 및 조롱 말투 순화	연령
이제 여자만 따먹으면됨?	(차단된 문장입니다)	1	5	GENDER	[따먹으면] -> 성범죄 암시 및 저속한 성적 표현으로 차단	여성/가족
가운데 에서 살짝오른쪽 앉아있는아재 귀두보인다 그리고 가운데 살짝 왼쪽은 입으로빨아주고있네	(차단된 문장입니다)	1	5	SLUR	[귀두, 빨아주고] -> 음란물 묘사 및 신체적 수치심 유발로 차단	악플/욕설
"게이와 레즈비언의 용어에 대해서 공부한다는것 = NP과 PD의 차이가 무엇인지에 대해서 공부한다는것.일반인이 볼때? ""뭐가됐던 다 동성애자"" 인거고 ""뭐가됐던 다 빨갱이 새끼들""인거임."	성소수자 관련 용어를 구분하는 것은 불필요해 보입니다. 일반적인 시각에서는 모두 동성애자이거나 사회적으로 편향된 집단으로 보일 뿐입니다.	2	3	LGBTQ	[빨갱이 새끼들] -> 특정 정치 성향을 비하하는 멸칭 순화	성소수자, 기타 혐오
아니 머리 말리기 귀찮아서 짧게 짤랐더니 여자좋아하냐거 물았던 부장 생각나네	머리를 짧게 자른 것만 보고 성적 지향을 속단하는 무례한 질문을 받은 경험이 떠오르네요.	2	1	LGBTQ	[여자좋아하냐거] -> 직장 내 무례한 발언을 비판하며 정제	clean
목사림이 받아주고 도닥여주길 바랬는데 안그러니 다신 못오겠지..사람들 눈이 있어서도 그렇고... 평생 죄책감갖고 살아라 이미 너희는 네 친딸에게도 더할수없는 상처를 주었다 아동학대 살인자 딸로 살아가야 할테니	목사의 위로를 기대했을지 모르지만 결과는 그렇지 못했군요. 당신들은 자녀에게 씻을 수 없는 상처를 주었습니다. 평생 그 책임감을 안고 살아가야 할 것입니다.	2	1	RELIGION	[목사림, 도닥여주길] -> 호칭 및 구어를 정중하게 정제	종교
시발 진짜 다문화에 관해서는 여야가 따로없고 남녀가 구분없네저건 이자스민없다고 다문화법안이 발의안될거라는건 순진한 생각이다 진짜	다문화 정책에 대해서는 정치적 이해관계나 성별의 차이가 없는 것 같습니다. 특정 인물이 없더라도 관련 법안은 계속 추진될 것으로 보입니다.	2	2	RACISM	[시발, 이자스민] -> 욕설 및 특정 인물 관련 혐오적 시각 정제	악플/욕설
시발...좆족...중국에 세뇌대서 중국인인걸 자랑스러워하는놈들이 태반인데.. 어쨋든 그런 머저리깉은 조선족앞잡이들을 교화시키는 사명을 받았다고생각해라...	조선족 중에는 국가관이 편향된 사람들이 많습니다. 어리석은 태도를 보이는 그들을 바르게 인도해야 한다는 책임감을 가져 보십시오.	2	3	RACISM	[좆족, 머저리, 앞잡이] -> 인종/국적 비하 멸칭 및 욕설 순화	인종/국적
꼴페미들을 상종 못하는이유=정신병	특정 성향의 사람들을 정신질환자로 비하하는 것은 옳지 않습니다.	2	3	GENDER	[꼴페미, 정신병] -> 여성주의 비하 및 정신질환 비하어 순화	여성/가족, 기타 혐오
피싸개 고고 피싸개들 보지들의나라로	(차단된 문장입니다)	1	5	GENDER	[피싸개, 보지들의나라] -> 극단적인 성별 혐오 및 신체적 모욕으로 차단	여성/가족
흠....여기 틀니들 쓴댓글도 다른곳에서 보면 존나게웃길걸? ㅋㅋ	이곳의 고령층 이용자들이 쓴 댓글도 다른 커뮤니티에서는 조롱의 대상이 될 수 있습니다.	2	3	AGE	[틀니, 존나게] -> 신체적 특징을 사용한 연령 비하 및 속어 순화	연령
나이 29살에 따로 다른 직업이 있는것도 아닌데 거의 7억이 있네 어디 유산이라도 물려받았나?	29세의 나이에 별다른 직업 없이 큰 자산을 보유한 것이 놀랍네요. 상속이라도 받은 것인지 궁금합니다.	2	1	NORMAL	[7억] -> 수치 정보를 유지하며 문장 다듬기	clean
빠킹이 뭐임?	'빠킹'이라는 단어의 의미가 무엇입니까?	2	1	NORMAL	[빠킹] -> 속어를 중립적으로 문의하며 정제	clean
유흥중독인가.. 매니저하니까 직업이 그건줄	유흥 문화에 빠진 것입니까? '매니저'라는 직책을 부적절하게 사용한 것 같네요.	2	1	SLUR	[유흥중독] -> 비판적 어투를 유지하며 문장 정제	악플/욕설
증거도있는데 고소하면 되는거 아님?	증거가 확보되었다면 법적으로 대응하면 되지 않습니까?	2	1	NORMAL	[되는거 아님] -> 정중한 종결어미 사용	clean
글쓴게이 노무 공감되노...정말 탈북한 새끼들 생각보다 자본주의에 반감많다여기에 왜사는지 알수 없을정도로...	작성자분의 의견에 공감합니다. 탈북민들 중에서 예상보다 자본주의 체제에 적응하지 못하는 경우가 많은 것 같아 안타깝네요.	2	3	RACISM	[노무, -노, 새끼들] -> 커뮤니티 말투 및 특정 집단 비하어 순화	인종/국적
광주는 민주주의의 표본ㅋㅋㅋㅋㅋㅋㅋㅋㅋㅋㅋㅋㅋㅋㅋㅋㅋㅋㅋㅋㅋㅋㅋㅋㅋㅋ	광주 지역의 민주주의 정신을 높게 평가합니다.	2	1	REGIONAL	[ㅋㅋㅋㅋㅋㅋㅋㅋ] -> 지역 관련 서술 시 과도한 웃음기를 제거하고 정중하게 정제	지역
ㅋㅋㅋ 좆도 모르는 ㅄ 염병하고 있네~ ㅎㅎㅎ 우물에 쳐 빠쟈가지고 입만 나불데..ㅎㅎㅎ 부러우면 부럽다고 해 걍~ ㅋㅋㅋㅋ	잘 알지도 못하는 분이 무례하게 말씀하시네요. 본인의 부족함을 남 탓으로 돌리지 마십시오. 부러우면 솔직하게 표현하시지요.	2	2	SLUR	[좆도, ㅄ, 염병, 나불데] -> 욕설 및 비하어 순화	악플/욕설
할랄 시발 존나 잔인하게 죽이던데꼭 그렇게 처먹어야 하냐??	특정 종교의 도축 방식이 매우 잔인해 보여서 거부감이 듭니다. 굳이 그런 방식을 고집해야 하는지 의문이네요.	2	2	RELIGION	[시발, 존나, 처먹어야] -> 종교 문화 비판 중 욕설 및 비속어 순화	종교
웃기는 소리다. 배때지에 기름이 끼니 쓸데없는 고민이 많아져서 우울함을 느끼나 보다.	이해하기 어려운 주장이네요. 생활이 여유로우니 불필요한 고민이 많아져서 우울함을 느끼는 것 같습니다.	2	2	SLUR	[배때지에 기름이 끼니] -> 대상을 비하하는 표현을 문어체로 정제	악플/욕설
존나 잘생겼네 진짜 씨발 똥송합니다 ㅜ	정말 잘생겼네요. 그에 비해 제 모습이 초라하게 느껴져 속상합니다.	2	2	RACISM	[존나, 씨발, 똥송] -> 욕설 및 자국인/인종 비하 멸칭 순화	인종/국적
전라남도 해안 = CIS-AB = 일본 왜구	특정 지역 거주자들을 혈액형과 연관 지어 외국인으로 비하하는 것은 적절하지 않습니다.	2	3	REGIONAL	[일본 왜구] -> 인종/지역 비하 멸칭 순화	인종/국적, 지역
더러운 종교집단 이다.	해당 종교 집단의 행태가 매우 부적절해 보입니다.	2	2	RELIGION	[더러운] -> 감정적 비하어를 중립적인 비판으로 정제	종교
쌍화탕 비니루에 담아서 줘라	쌍화탕을 비닐봉지에 담아서 전달해 주십시오.	2	1	NORMAL	[비니루] -> 방언/구어를 표준어로 정제	clean
교회좀비들 ㄲㅈ	교회 관계자들은 물러가십시오.	2	3	RELIGION	[교회좀비, ㄲㅈ] -> 종교인 비하 멸칭 및 욕설 초성 순화	종교
박보검잘생겻노...	박보검 씨 정말 잘생겼네요.	2	1	COMMUNITY	[-노] -> 커뮤니티 전용 말투 순화	clean
만약 그녀가 남자를 원하면 혈기왕성한 젊은이가 되어 그녀를 품을 지니... ㅠㅠ	만약 그녀가 누군가를 원한다면, 제가 건강한 젊은이가 되어 그녀를 지켜주고 싶습니다.	2	1	NORMAL	[품을 지니] -> 문어체 형식으로 다듬기	clean
멍청해서 할말잃음 ㅋㅋ	사고방식이 이해되지 않아 더 이상 할 말이 없네요.	2	2	SLUR	[멍청해서] -> 인격 모독적 표현을 완화하여 정제	악플/욕설
누구하나 총기탈취해서 난사좀 하고 가면안되낭	(차단된 문장입니다)	1	5	SLUR	[총기탈취, 난사] -> 강력 범죄 선동 및 살해 위협으로 차단	악플/욕설
수시로 예배자제부탁드린다고 문자보내는데도 강행하는건 아닌거같네요. 집에서 예배충분히드릴수있는데 저 같이일하는 사람도 계속 교회가는데 찜찜 말을해도 듣지도않고 양지동이아닌 태평동교회라고 괜찮다고 했다는말에 충격받았어요. 다같이 조심해야할시기에 이건아닌거같아요ㅠㅠ	예배 자제 요청에도 불구하고 활동을 강행하는 것은 적절하지 않습니다. 공동체의 안전을 위해 모두가 조심해야 할 시기에 개인적인 신념만을 내세우는 것은 우려스럽네요.	2	1	RELIGION	[예배충분히, 찜찜] -> 구어를 정중한 문어체로 정제	clean
저거 뭔가 러시아에 자랐으면 불곰형님들한테 쳐맞고 자랐을듯? 체구땜에	체격 조건 때문에 다른 나라였다면 갈등을 겪었을 수도 있겠네요.	2	2	RACISM	[쳐맞고] -> 폭력적 표현 및 인종 관련 가정을 완화하여 순화	인종/국적
ㅋㅋㅋㅋㅋㅋ 중국년들에 비해서 숫자가 적으면 적은거랑께? ㅋㅋㅋㅋㅋ 인구대비 창녀비율 전세계 넘사 김치년들ㄹ이 ㅋㅋㅋㅋㅋㅋㅋㅋ	(차단된 문장입니다)	1	5	GENDER	[중국년, 김치년] -> 성별/인종 혐오 멸칭으로 차단	여성/가족
저거 돌땡이 테러당하면 어찌되는거?	저 조형물이 훼손될 경우 어떤 결과가 초래될까요?	2	1	NORMAL	[돌땡이, 어찌되는거] -> 구어를 문어체로 정제	clean
병신한국인 인종자체가 병신인듯	(차단된 문장입니다)	1	5	RACISM	[병신한국인] -> 인종 혐오 및 장애 비하로 차단	인종/국적
씨발 빼박 인도간 한남충이노. 저런 짓할 놈은 한남충밖에 없다...	(차단된 문장입니다)	1	5	GENDER	[씨발, 한남충, -노] -> 성별 혐오 및 욕설로 차단	남성
멀로내리쳐서 피가 천장에 맺히노	어떤 도구로 가격했기에 혈흔이 천장까지 튄 것입니까?	2	2	COMMUNITY	[-노, 멀로] -> 잔인한 상황에 대한 구어체 질문을 표준어로 정제	clean
국짐당과 기레기들만 아니라고 생떼를 쓰지.......	특정 정당과 언론사들만이 사실을 부정하며 억지 주장을 하고 있습니다.	2	3	NORMAL	[국짐당, 기레기, 생떼] -> 정당 및 직업 비하 멸칭 순화	기타 혐오
재덜 진짜 맘충이 아니라 북지령 간첩공범이야	저 사람들은 부적절한 부모가 아니라 특정 세력의 지령을 받는 위험한 인물들인 것 같습니다.	2	3	GENDER	[재덜, 맘충, 북지령 간첩] -> 부모 비하 및 이념적 혐오 표현 순화	여성/가족
딸 일로와~ 쑤컹쑤컹	(차단된 문장입니다)	1	5	SLUR	[쑤컹쑤컹] -> 성범죄 묘사 및 신체적 모욕으로 차단	여성/가족
저거 직접 봤었는데 ㅋㅋ저때까지만 해도 일베 재밌았음	저도 그 현장을 직접 보았습니다. 당시에는 해당 커뮤니티의 분위기가 활기차고 재미있었지요.	2	1	COMMUNITY	[일베, 재밌았음] -> 특정 커뮤니티 언급 및 오기 수정	clean
여자들 특혜없애라. 여성할당제같은 그지같은 거. 똑같이 경쟁해야지 왜 니들은 할당제같은 뻘짓을 정당하다 생각하니? 좋은것만 누리려고? 군대도 가지그러냐 그냥?	여성들에 대한 지원 정책을 폐지해야 합니다. 여성 할당제 같은 제도는 공정하지 않다고 생각합니다. 혜택만 누리려 하지 말고 의무도 동등하게 져야 하는 것 아닙니까?	2	2	GENDER	[그지같은, 뻘짓, 니들] -> 여성 정책 비판 중 비속어 및 낮춤말 순화	여성/가족
반갑다.수성구게이	반갑습니다. 수성구에 거주하시는 이용자분이시군요.	2	1	COMMUNITY	[게이] -> 커뮤니티식 호칭을 정중하게 정제	clean
조금은 통쾌하게 느껴졌다 남이 안되는 꼴을 보고 좋아하는 인성...	타인의 고통을 보고 즐거워하는 모습은 그리 좋게 보이지 않습니다. 저도 모르게 통쾌함을 느꼈던 점이 부끄럽네요.	2	1	NORMAL	[안되는 꼴, 인성] -> 구어를 정중한 문어체로 정제	clean
수사 방해하는 자가 범인!	수사를 방해하는 사람이 바로 범인일 가능성이 높습니다.	2	1	NORMAL	[범인!] -> 문장 다듬기	clean
노르웨이 시민권 안주면 쫌...	노르웨이 시민권을 부여하지 않는다면 조금 곤란할 것 같네요.	2	1	NORMAL	[쫌] -> 구어를 표준어로 정제	clean
일게이들은 그돈이면 딱 2부류가 있다 1. 20~30만원이면 차라리 실물 경제 돕는 취지도 되는 노래방 가라오케 가서 언냐들 불러서 몇시간 잼있게 노래 부르며 술마시며 놀 수 있다 2.그돈이면 ㅅㅂ 치킨이 몇마리냐 치킨에 맥주마시며 일베하겠다 딱 이렇게 2부류가 존재함	이용자들이 그 비용으로 두 가지 선택을 할 것 같네요. 유흥 시설을 이용하여 시간을 보내거나, 사소한 즐거움을 누리며 커뮤니티 활동을 하는 쪽으로요.	2	2	COMMUNITY	[일게이, 언냐, ㅅㅂ, 일베] -> 커뮤니티 특정 칭호 및 욕설 순화	악플/욕설
추억의 담배하면 솔 88 이런거 말해야지나중에 용돈좀 받으면서 레종 사서피고 2010년 쯤에 보헴시가 모히또이런거 나왔을때 진짜 신세계였지 담배곽이 이렇게 예뻐도 되나하고	예전 담배 제품들에 대한 추억이 떠오르네요. 특정 시기에 출시된 제품들은 디자인이 매우 혁신적이어서 인상 깊었습니다.	2	0	NORMAL	[88, 담배곽] -> 제품명 언급 및 오기 수정	clean
옳은소리하는데 무슨 소수자 혐오?! 남성간 성관계로 인한 에이즈 발병률이 얼마나 높은데. 다 알고도 모른척하는 국회의원들이 잘못이지. 더군다나 에이즈치료비 전액 세금으로 해주는거 왜 얘기 안하시는지. 그것보단 예방하는데 돈이 덜 들지 않을까요?훨씬 더 건강하고.	타당한 비판을 소수자 혐오로 모는 것은 옳지 않습니다. 특정 질병의 발병 위험을 지적하는 것이 왜 혐오입니까? 예방에 힘쓰는 것이 사회적으로도 훨씬 이득일 것입니다.	2	2	LGBTQ	[옳은소리, 치료비 전액] -> 원문의 주장을 유지하되 정중한 문장으로 정제	성소수자
팩트 : 세일러의 훈민정음 만년필로 한다는 인터넷 반일 그 어디에도 없음. 지혼자 북치고 장구치는 중임.짱깨라는 강한 의심이 든다.	실제로는 그런 사례를 찾아보기 어렵습니다. 특정 국가 출신 이용자가 무리한 주장을 하는 것 같아 의심스럽네요.	2	3	RACISM	[북치고 장구치고, 짱깨] -> 인종/국적 비하 멸칭 및 관용구 순화	인종/국적
근데 애미추가 나설땐 이상하게도 자기 편들이 줄줄이 엮이는 경향이 있더라아님 말고..	특정 정치인이 주도할 때 유독 관련 인물들이 함께 연루되는 것 같아 보입니다. 확실한 사실은 아니지만요.	2	3	NORMAL	[애미추] -> 인물 비하 멸칭 순화	clean
찰지게 때리네 ㅋㅋㅋ	정말 강하게 비판하시네요.	2	1	NORMAL	[찰지게 때리네] -> 비유적 표현을 표준어로 정제	clean
진짜페미들이 남성혐오 하는거 아니래잖아 가짜페미들아	진정한 페미니즘은 남성을 혐오하는 것이 아니라고 생각합니다. 극단적인 주장을 하는 분들은 반성해야 합니다.	2	1	GENDER	[가짜페미들] -> 비하적 호칭을 정중한 비판으로 정제	여성/가족
그럼 뜰딱충들 어떻게 입냐? 하면 많이 달릴까?	그럼 어르신들은 어떤 복장을 선호하시나요? 질문을 하면 호응이 많을지 궁금합니다.	2	3	AGE	[뜰딱충] -> 연령 비하 멸칭 순화	연령
하물며 여자가 먼저 시비 걸다 남친이 안 받아주니까 저런거ㅋㅋ	심지어 여성이 먼저 갈등을 일으켰는데, 상대방이 대응해주지 않으니 저런 반응을 보이는 것 같네요.	2	2	GENDER	[지나가는] -> 문맥 다듬기 및 성별 관련 서술 정제	clean
난 보빨 외국인한테 딱 한번밖에 안해봄 평소에 존나 근엄한척함ㅋㅋㅋㅋㅋㅋ	저는 외국인에게 과도한 배려를 한 적이 거의 없습니다. 평소에는 매우 진중한 태도를 유지하려 노력하는 편이지요.	2	3	GENDER	[보빨, 존나] -> 성별 비하 은어 및 비속어 순화	악플/욕설
모범을보일사람들아닌가	모범을 보여야 할 사람들이 아닙니까?	2	1	NORMAL	[모범을보일] -> 띄어쓰기 및 정중한 종결어미 사용	clean
저런똥남아 새끼들 잡아다가 나라에서 족쳐야 한다	동남아시아 출신 범죄자들은 법에 따라 엄중히 처벌해야 합니다.	2	3	RACISM	[똥남아 새끼들, 족쳐야] -> 인종/국적 비하 멸칭 및 격한 표현 순화	인종/국적
또 또 일팍 어나니머스 성님들 등판하죠 ㅋㅋㅋㅋㅋㅋㅋㅋㅋㅋㅋㅋㅋㅋㅋㅋㅋㅋㅋ	특정 커뮤니티 이용자들이 또 활동을 시작했네요.	2	2	COMMUNITY	[일팍, 성님들] -> 커뮤니티식 별칭 및 호칭 정제	악플/욕설
동남아년들 아가리를 찢어버리고 싶다~	(차단된 문장입니다)	1	5	RACISM	[동남아년들, 아가리를 찢어버리고] -> 인종/성별 혐오 및 살해 위협으로 차단	여성/가족, 인종/국적
전라도 새끼들은 전라도에서 태어난 것 자체가 전과1범임.스스로 그 인습의 굴레에서 벗어날 생각도 않고 98% 아메바처럼 똘똘 뭉쳐서 국가에 해만 됨.	(차단된 문장입니다)	1	5	REGIONAL	[전라도 새끼들, 전과1범, 아메바] -> 지역 혐오 및 인격 모독으로 차단	지역
HQ 중국으로 옮기면 되겠다 ㅋ 중국 게임회사 좋네 ㅋ	본사 위치를 중국으로 옮기는 것도 방법이겠네요. 중국 게임사의 환경이 괜찮아 보입니다.	2	1	NORMAL	[HQ, 좋네] -> 정중한 종결어미 사용	clean
틀니새끼들 무슨 종교냐?	고령층 이용자들은 왜 저런 태도를 보이는 것입니까? 이해하기 힘든 신념 같네요.	2	3	AGE	[틀니새끼들] -> 연령 비하 멸칭 순화	연령
결사 반대다! 후대를 초토화시키는 악법이 결코 만들어져서는 안된다. 성윤리는 인간의 마지노선과 같다. 짐승은 본능을 따라 살지만, 인간은 도덕적 성윤리를 따라 산다. 기형성욕 합법화라니...결코 있을 수 없다! 속히 차별금지법을 철회, 폐기하라!	차별 금지법 제정에 강력히 반대합니다. 이는 우리 사회의 보편적인 성 윤리를 무너뜨릴 수 있는 악법이라고 생각합니다. 부디 법안을 철회하거나 폐기해 주십시오.	2	1	LGBTQ	[기형성욕] -> 성소수자 관련 주장을 정중한 문구로 정제	성소수자
아직도 한남충들의 진실을 모르는 사람들이 많다 이기야 전세계적으로 다 퍼져서 모든 사람들이 알아야하노	(차단된 문장입니다)	1	5	GENDER	[한남충, 이기야, -노] -> 성별 혐오 및 커뮤니티 말투로 차단	남성
그런데 남성용 새티 이미 있던데 쟨 찾아보지도 않고 뭘 부러워하는거노	남성용 제품이 이미 시중에 나와 있는데, 제대로 알아보지 않고 왜 그런 반응을 보이는 것입니까?	2	1	COMMUNITY	[새티, -노] -> 제품 성격 은어 및 커뮤니티 말투 순화	clean
옛날에 남자어린이랑 중년 여자랑 하는 사진 돌아다녔는데 저거구나... ㅅㅂ	과거에 성인 여성과 미성년 남성의 부적절한 행위를 담은 사진을 보았던 기억이 나네요. 정말 충격적이었습니다.	2	3	SLUR	[ㅅㅂ] -> 아동 대상 성적 상황에 대한 욕설 순화	악플/욕설
