오 좋다 이기 제 ^남사친^ 이야기인데 남혐 범죄가 성행한다는군요,,	정말 심하게 때리고 싶네요.	2	2	SLUR	[개 줘패고싶네] -> 폭력적 표현 순화	clean
형냐들 학교에서 폰안걷는데 학교에서 틈틈히 일베할께~~	중국인들은 돌아가세요.	2	2	RACISM	[짱깨] -> 인종/국적 비하 멸칭 순화	clean
조개구이 혼자먹으면 큰일나~	호남 지역 음식이 국내 최고라고 생각하시나요?	0	0	REGIONAL	[무해] -> 지역 음식 관련 질문	clean
해외에 있는 토토사장도 잡아내는 경찰이 왜 저건 안잡노?	중국이 또 반일 여론 조작을 시작하는 것 같습니다. 중국 입장에서는 막대한 비용을 쓰는 것보다 선동가들에게 소액을 지급하는 것이 훨씬 효율적이니까요.	2	2	RACISM	[짱깨놈들] -> 인종/국적 비하 멸칭 순화	악플/욕설
아니 저번에도 말했지만 아이디 사려면 방문수 높은거 사는 성의라도 보이라고..	길에서 납치당하고 그 남성과 성관계를 가졌다니 뭔가 의심스러운 부분이 있네요.	0	0	NORMAL	[무해] -> 사건에 대한 의구심	악플/욕설
저능아 막무가내 박사모 틀딱들과 돈독오른 먹사새끼들의 노예인 신도들이 끊임없이 보수에 들러붙어 괴롭히는구나아주 상진드기가 붙어버렸어	성소수자들이 몰려와서 연대하고 있네요. 불쾌한 사람들입니다.	2	2	LGBTQ	[드러운것들] -> 성소수자 비하 멸칭 순화	연령, 종교
게이가되는게 자유라면 게이를 싫어하고 혐오하는것도 자유지	폭력 장면을 보고 흥분할 것 같네요.	2	2	SLUR	[쌀듯] -> 저속한 성적 반응 묘사 순화	성소수자
진우 이놈아야 얼굴 떡하니 안티페미짓하다 니 인생 골로갈지 모르노 밤길 조심해라 이기	사소한 것에도 불편해하는 사람들이 많네요.	2	2	SLUR	[프로 불편러들] -> 비하적 지칭 순화	악플/욕설
한국여자들 다 아다임	성소수자의 성행위가 질병 전염에 취약하다는 사실을 직접적으로 말하기 어려워 우회적으로 표현하는 것 아닙니까?	2	2	LGBTQ	[게이 후장섹스, 에이즈] -> 성소수자 비하 및 저속한 묘사 순화	여성/가족
주님 어서오세요. 세상이 살기 힘듭니다.	극단적인 여성주의가 싫은 것이지 여성 자체가 싫은 것은 아닙니다. 이것이 여성 권리 신장 때문에 갈등이 생긴 것이라고 생각하십니까? 왜곡된 여성주의 때문입니다.	2	2	GENDER	[꼴페미, 뷔페미니즘] -> 특정 집단 비하 멸칭 순화	clean
와 씨발 이건 존나 교묘하다ㅋㅋㅋㅋㅋㅋㅋㅋㅋ	외국인이라고 속이면 성관계도 가능할 것 같네요.	2	2	SLUR	[후장도 따겠노] -> 저속한 성적 표현 순화	악플/욕설
똥성애 에이즈 99 레즈 에이즈0 이것만 봐도 자지들이 문제란거 알텐데 왜 함께하는거노	동남아시아 다문화 정책은 우리나라 발전을 저해하는 지름길입니다. 선진국 간의 교류라면 모를까요.	2	2	RACISM	[개 좆같은소리, 동남아 다문화] -> 인종 비하 및 욕설 순화	남성, 성소수자
꼭 똥꼬팬티입고 퀴어축제를 해야하나요? 당신들 자식이 소중하듯 내자식도 소중합니다.	90만 장이라니 놀랍네요.	0	0	NORMAL	[무해] -> 일상적 감탄	성소수자
근데 이수정도면 굳이 성매매 안해도 대줄 여자 널렸지않냐?고딩 따먹다가 이미지 조져버린거보면 좀 안타까움 그놈의 좆이 문제다	남성 혐오가 여성 혐오를 만들고 여성 혐오가 남성 혐오를 만듭니다. 부당하다고 생각해서 똑같이 혐오 발언을 하는 것은 문제입니다. 남녀 갈등이 왜 이렇게 심해졌는지 모르겠네요. 서로를 탓하지 말고 나부터 혐오 발언을 멈춰야 합니다.	0	0	NORMAL	[무해] -> 건전한 성찰	여성/가족
박시장님 스스로 결단을 내리세요. 이거네..... 뭐그리 말이 많은지?	성평등, 성적 지향, 성소수자라는 용어는 절대 좋은 것이 아닙니다.	2	2	LGBTQ	[무해] -> 성소수자 비하 보수적 정제	clean
권력형gate 맞아 ! 민정수석 버닝썬 사건부터 시작해 ?	겉치레 부부네요.	2	2	SLUR	[쇼윈도우 부부] -> 비하적 지칭 순화	clean
난 잘생기고 어깨넓고 키크고 자지 크고 맛있는놈만 좋아한다이기 보빨 24시간 필수코스	무슬림 청년들 간의 격렬한 대결이네요.	2	2	RELIGION	[데스매치] -> 폭력적 표현 순화	남성
키보드야 잠깐 커피마시고 와	네이버 댓글이 참 이성적이네요.	0	0	NORMAL	[무해] -> 일상적 평가	clean
여성가족부가 아니라 창녀가족부네ㅋㅋ 남창가족부는 없나?	판단력이 있을 만한 사람들이 왜 그런 부당한 대우를 노예처럼 받으면서도 벗어나지 못하는지 이해가 안 됩니다.	0	0	NORMAL	[무해] -> 사회 비판	여성/가족
근데 진짜 하지도 않은 성범죄로 인생 다 조지는거나 사람 죽여서 조지는거나 비슷해지면 걍 죽이고 갈듯	외모가 뛰어난 성소수자들도 당신처럼 경제력이 없고 사회성이 부족한 사람은 거릅니다. 걱정하지 마세요.	2	2	LGBTQ	[이쁜젠더들, 파오후 찐따] -> 성소수자 지칭 및 비하 순화	악플/욕설
포스보소..ㅋㅋㅋㅋㅋㅋㅋ 국개의원들 씹지리겠네...	호남 지역은 정말 문제가 많네요.	2	2	REGIONAL	[절라도] -> 지역 비하 멸칭 순화	기타 혐오
안치면서 치는 척 하는 의도가 뭐노? 이러면 뭐 얻는 게 있노?	만주 지역과의 관계가 복잡하네요.	2	2	SLUR	[ㅈㄱㅈ 만주화] -> 비속어 정제	clean
솔직히 저건 저 상황에서 말투 모르면 가만히 있어야지..장모가 존나 일부러 비꼰건지 아니면 그냥 한말이었는데 혼자삐진건지..이건 김치녀를 판단하기엔 정보가 너무 부족하다	소금은 재수 없을 때 뿌리는 것 아닙니까?	2	2	SLUR	[조팔] -> 욕설 정제	여성/가족
저건 이미 막을수 없다.동영상에도 보듯이 새누리 의원들이 아무도 이것에 대해 거론을 하지 않는다는것이다. 난 이 뜻을 의원들이 암묵적으로 찬성하고 있다고 생각하고 있다.이제 한국도 프랑스와 영국같이 무슬림의 나라가 탄생하는것이다.	특정 정치 성향의 여성들과 부모들, 그리고 고령층은 무슨 의미로 존재하는 것입니까?	2	2	GENDER/AGE/REGIONAL	[진골좌빨, 병신 맘충들, 586쓰레기] -> 정치/성별/연령 비하 멸칭 순화	인종/국적, 종교
더치페이가 왜 더럽냐?	탈북민에 대해 동의합니다.	2	2	RACISM	[탈터민] -> 특정 집단 비하 은어 순화	clean
여윽시 배운 놈들은 다르노	베트남 여성들 중에도 외모가 뛰어난 사람은 정말 매력적이더군요.	2	2	RACISM/GENDER	[베트콩 새끼들, 이쁜년, 꼴릿하던데, 씨벌] -> 인종/성별 비하 및 욕설 순화	clean
뭘 깊게 조사 할필요있나 코로나 미세먼지 ㅈ짱나고 중국말 중국사람 중국문화 존나 촌스럽고 질떨어지니까 그렇지	미국이라는 나라 자체가 청교도가 개척한 기독교 국가라서 상류층으로 갈수록 기독교가 아니면 대우를 받기 어렵습니다. 예를 들어 미국 대통령은 취임식 때 성경에 손을 얹고 선서를 합니다.	0	0	NORMAL	[무해] -> 미국 사회 설명	인종/국적
뭐긴 뭐야 목사들이 좆질을 좆같이 하는거기업화하고 돈 존나 벌어놓고 종교인 과세 거부하는거길거리에서 예수천국 불신지옥 이지랄하는거 등등 있지	약간 통통한 체형이네요. 90kg 정도로 보입니다.	2	2	SLUR	[보노] -> 비속어 정제	종교
쳐망해봐야정신차리노	아직 잘 모르시나 봅니다. 해외 거주 호남 출신과 부모 중 한 명이라도 호남 출신이면 그 자녀까지, 부부 중 하나만 호남 출신이어도 배우자까지 향우회에 포함되어 전체 인구 중 1600만 명이 호남향우회라고 하는데 1300만 명이라니 서운하네요.	2	2	REGIONAL	[무해] -> 지역 향우회 통계 언급	악플/욕설
후팔놈아 직수해라익이 20대면 상폐노 남자는 20넘으면 다 재기시켜야하노	저것도 종교라고 할 수 있습니까?	2	2	RELIGION	[ㅆㅂ] -> 욕설 정제	남성, 연령
조기 성애화, 동성애 조장 교육이 이 어린 아이들 때부터 시작이 되네요. 서울시 학생인권조례, 인천 학생 구성원 인권 조례에도 3세 부터 이런 성인지 교육을 시킨다고 해서 우려하고 있는데, 정말 걱정입니다. 부모인 우리들이 정신 바짝 차리고, 반대의견 내야 겠습니다.	(차단된 문장입니다)	1	5	GENDER	[자유연애와 프리섹스, 모든 여자를 창녀로] -> 여성 전체에 대한 극단적 비하 및 모욕으로 차단	성소수자
부산 잠길때도 천벌 타령하던 놈들이다ㅋㅋㅋ꼬시다ㅋㅋㅋㅋ	의지가 약한 사람들이 많네요.	2	2	SLUR	[찌질이들] -> 비하적 지칭 순화	clean
그래서 틀튜브 망상속에서 못빠져나오는거임오직 그안에서만은 자신들이 원하는 이상적인 세계가 존재하니까	후기를 반드시 올려 주세요.	0	0	NORMAL	[무해] -> 일상적 요청	연령
** ** *** *** *********	짧은 머리에 여자대학교를 다니는 여성만 피해도 80%는 성공한 것입니다.	2	2	GENDER	[무해] -> 여성 비하 보수적 정제	clean
캬...난 수영못하는데 구명환 있어도 저럴수 있을까 싶다	정말 부모로서의 자질이 의심스럽네요. 한마디만 해도 공격적으로 반응하더군요.	2	2	GENDER	[맘충] -> 부모 비하 멸칭 순화	clean
머가리 좆물만 그득 찬거 누가 애비랄까봐 태세전환도 소추처럼 삼초직이노 한남 종특 3초 42언스다이기	패배를 인정하고 다음을 위해 노력합시다. 위기 뒤에 기회가 옵니다. 특정 지역을 제외하면 40% 이상이니 기회가 있다고 봅니다.	2	2	REGIONAL	[라도빼고] -> 지역 비하 뉘앙스 순화	남성
역학 조사할 때 사실대로 말하지 않은 이유는 뭡니까? 예배는 한 번만 했다면서요? 지금 일하는 관계자 및 의료진들 생각도 좀 해주세요 국민들 생각해 주시라구요 부목사라면서 너무 실망입니다	한국 여성들을 만나주는 남성은 한국 남성뿐이라거나, 해외에서 성적 대상으로만 취급받는다거나, 외모와 나이를 비하하는 발언들이 정말 심합니다. 반대로 한국 남성을 과대평가하는 발언도 많네요.	2	2	GENDER	[김치년들, 한남좆, 오지노] -> 성별 비하 멸칭 및 비속어 순화	clean
필리핀년놈들은 자기들도 토 나오게 생긴 외모를 가지고 있으면서 자기네 나라 두메산골에서 사는 흑인삘 나고 키도 작은 원주민애들에게 인종차별 해댄다. 원주민들은 수시로 인종차별 받고 고등교육 받아도 취직을 못함.이러면서 한국인 나빠요? ㅆㅂ, 지옥 불구덩이에 떨어져라!	계정 도용도 하나 봅니다.	0	0	NORMAL	[무해] -> 일상적 추측	인종/국적
귀엽노 ㅋㅋㅋㅋ	스키장이 무슨 유흥업소입니까? 어처구니없는 마케팅이네요.	2	2	SLUR	[병신같은] -> 욕설 정제	clean
무개념 엄마(맘) 벌레(충)들때문에 이 지경이된거다..	현실은 남편이 육체노동을 하고 있습니다. 증거가 없으면 그렇다고 봐야겠네요.	2	2	SLUR	[노가다충] -> 직업 비하 멸칭 순화	여성/가족
물가오르고 식당이며 어디며 가격다오르고ㅋㅋㅋ 그래서 최저임금 수준에 맞게 올린건데 우리가 니들먹여살릴라고 밥사묵고 옷사입고 등등 다하는데 우리가 내는세금으로 또 뭐받아먹게?? 아니 지원정책많자나 두루누리도있고 하 인간이욕심이 끝이없노진짜ㅋㅋㅋ	저런 부모 밑에서 자라느니 차라리 다른 선택이 나을 것 같습니다. 어디 보낼 것이 아니었다면 말입니다.	2	2	SLUR	[죽는게 낫지] -> 극단적 표현 순화	악플/욕설
저런책들은 북한의 실상을 파헤치는듯 하면서 스윽 사상주입.그러는사이에 극좌파가됨	아무리 돈을 많이 벌어도 저런 외모로는 살기 힘들 것 같습니다. 저런 외모를 가졌으니 행실이 저럴 수밖에 없겠네요.	2	2	SLUR	[씨발, 저딴 얼굴] -> 외모 비하 및 욕설 순화	clean
저건 뭔 개짓거리야	캐나다에서 8년 살았는데 호남 출신이 이렇게 많은 줄 몰랐습니다. 거의 요식업을 장악했더군요.	2	2	REGIONAL	[전라도가] -> 지역 지칭 순화	악플/욕설
지금이 뭔 70 80년대인줄아나 븅신 돈주고도 못가는데 요새 호주 투자이민만해도 30억이다	여성주의자가 되고 싶어도 될 수 없는 사회입니다. 과거에 함께 정리했어야 했는데 말입니다.	2	2	SLUR	[병신년] -> 욕설 정제	악플/욕설
네다음 통통구이 개쌍도	이제 조금씩 실천하며 살아가고 있습니다.	2	2	COMMUNITY	[이기야] -> 커뮤니티 말투 순화	지역
전라도놈이 왜 대구에 ...	성소수자들은 그런 사실을 알면서 감추는 것입니까, 아니면 몰라서 그런 행동을 하는 것입니까? 정말 끔찍합니다.	2	2	LGBTQ	[정신나간짓] -> 성소수자 비하 뉘앙스 순화	지역
아무리 지금 햇님 지지해도 성재기 옹호했던 정미홍이 좋게 보이지 않는 이유가 이거노	정말 대부분의 한국 여성들보다 뛰어나네요.	2	2	GENDER	[시발, 김치년들, 바르노] -> 여성 비하 멸칭 및 욕설 순화	clean
대구는 세금 존나 퍼주고 공장 존나 많이 지어줘도 걍 민도 자체가 병신이라 노답임.	경상도 사투리가 일본어와 유사하다고 합니다.	0	0	NORMAL	[무해] -> 언어 유사성 언급	지역
꼬추가 숨막힐거같다고 생각들정도다	(차단된 문장입니다)	1	5	GENDER/RELIGION	[개슬람, 여자는 순종적, 문란하면 때려죽임] -> 여성에 대한 폭력 선동 및 종교 비하로 차단	악플/욕설
글 다 맞는 말인데 양보지말고 양인으로 워딩바꿔라	왜 그렇게 피해의식이 많습니까? 호남 지역을 좋게 보려고 해도 저런 태도 때문에 정이 떨어집니다.	2	2	REGIONAL	[전라도] -> 지역 지칭 순화	여성/가족, 인종/국적
과자나 인스턴트를 줄여	정말 심하게 때리고 싶네요.	2	2	SLUR	[개 줘패고싶네] -> 폭력적 표현 순화	clean
이러니까 나치가 생기지	중국인들은 돌아가세요.	2	2	RACISM	[짱깨] -> 인종/국적 비하 멸칭 순화	기타 혐오
이정도로 보혐력 충전되겠어? 마지막에 맘충이 사장한테 침이라도 뱉어야지 보혐이 충전되지 다시 그려와	호남 지역 음식이 국내 최고라고 생각하시나요?	0	0	REGIONAL	[무해] -> 지역 음식 관련 질문	여성/가족
우리엄마가 좋아하는 목사다.	중국이 또 반일 여론 조작을 시작하는 것 같습니다. 중국 입장에서는 막대한 비용을 쓰는 것보다 선동가들에게 소액을 지급하는 것이 훨씬 효율적이니까요.	2	2	RACISM	[짱깨놈들] -> 인종/국적 비하 멸칭 순화	clean
페미니즘은 정신병이니까 쟤도...	길에서 납치당하고 그 남성과 성관계를 가졌다니 뭔가 의심스러운 부분이 있네요.	0	0	NORMAL	[무해] -> 사건에 대한 의구심	여성/가족
병신인걸 인정하면 유쾌한데 요즘은 인정을 안함	성소수자들이 몰려와서 연대하고 있네요. 불쾌한 사람들입니다.	2	2	LGBTQ	[드러운것들] -> 성소수자 비하 멸칭 순화	악플/욕설
누구를 위한 회식입니까?	폭력 장면을 보고 흥분할 것 같네요.	2	2	SLUR	[쌀듯] -> 저속한 성적 반응 묘사 순화	clean
보지나 벌리고 있어 시발년이	사소한 것에도 불편해하는 사람들이 많네요.	2	2	SLUR	[프로 불편러들] -> 비하적 지칭 순화	여성/가족
조선스러운 모든걸 부정하고 멀리해라. 술마시는 문화도 조선스러운 거야.스무살만 되어도 주량타령하는게 인싸문화인 천박한 나라.	성소수자의 성행위가 질병 전염에 취약하다는 사실을 직접적으로 말하기 어려워 우회적으로 표현하는 것 아닙니까?	2	2	LGBTQ	[게이 후장섹스, 에이즈] -> 성소수자 비하 및 저속한 묘사 순화	인종/국적
섹스재기 말고 세인트재기 합시다	극단적인 여성주의가 싫은 것이지 여성 자체가 싫은 것은 아닙니다. 이것이 여성 권리 신장 때문에 갈등이 생긴 것이라고 생각하십니까? 왜곡된 여성주의 때문입니다.	2	2	GENDER	[꼴페미, 뷔페미니즘] -> 특정 집단 비하 멸칭 순화	악플/욕설
아깝긴 하지만 자지보여주고갔으니 참재기 ㅇㅈ	외국인이라고 속이면 성관계도 가능할 것 같네요.	2	2	SLUR	[후장도 따겠노] -> 저속한 성적 표현 순화	남성
저새끼 라디언 하프홍어가 분명해보임하는 꼬라지 생각하는 꼬라지가 98%임	동남아시아 다문화 정책은 우리나라 발전을 저해하는 지름길입니다. 선진국 간의 교류라면 모를까요.	2	2	RACISM	[개 좆같은소리, 동남아 다문화] -> 인종 비하 및 욕설 순화	지역
저 한남콘봐도봐도 놀랍도록 새롭게 못생겼노 내 앱충 판박이노	90만 장이라니 놀랍네요.	0	0	NORMAL	[무해] -> 일상적 감탄	남성
일베도 마찬가지임 쉰내나는사람들 별도로 표기해줬음 좋겠음	남성 혐오가 여성 혐오를 만들고 여성 혐오가 남성 혐오를 만듭니다. 부당하다고 생각해서 똑같이 혐오 발언을 하는 것은 문제입니다. 남녀 갈등이 왜 이렇게 심해졌는지 모르겠네요. 서로를 탓하지 말고 나부터 혐오 발언을 멈춰야 합니다.	0	0	NORMAL	[무해] -> 건전한 성찰	연령
읽어보니 감귤국의 미개함도 만만치 않노 후팔 한남민국에 사는 냄져들 미개하기로는 쌍도 따를 냄져가 없다지만 어찌 쌍도 하나만 미개하겠노 필시 이 저주받은 땅에서 숨쉬는 냄져라면 전부 미개하니 빛의 속도로 재기해라	성평등, 성적 지향, 성소수자라는 용어는 절대 좋은 것이 아닙니다.	2	2	LGBTQ	[무해] -> 성소수자 비하 보수적 정제	남성, 지역
진짜 보아성님 노무 저평가됐노 춤 노래 강단까지 지금 아이돌 자집애들 다 처바르는데 좆팔	겉치레 부부네요.	2	2	SLUR	[쇼윈도우 부부] -> 비하적 지칭 순화	남성
평양올림픽인거 모르냐?	무슬림 청년들 간의 격렬한 대결이네요.	2	2	RELIGION	[데스매치] -> 폭력적 표현 순화	clean
근데말이다 워마드 를 폐쇄 해도 말이다 그정신 머리는 계속 가지고 있을꺼아니냐?애라 여자 조심해야지 ,,, 시부럴 저능 폐륜년들 <<<<<	네이버 댓글이 참 이성적이네요.	0	0	NORMAL	[무해] -> 일상적 평가	여성/가족
돈하고 명성 같은거 많이 안바라면 사진작가 할만하냐 예전에 어떤 설문조사에서 사진작가가 직업 만족도 2등이던데.. 나 사진 몇만장 찍었었는데 지금은 접은지 오래됐는데 다시찍고 싶은 생각이 가끔 든다 근데 이거 직업수준으로 해도 될지는 잘 모르겠다	판단력이 있을 만한 사람들이 왜 그런 부당한 대우를 노예처럼 받으면서도 벗어나지 못하는지 이해가 안 됩니다.	0	0	NORMAL	[무해] -> 사회 비판	clean
면상이야 안봐도 뻔하지 앞서 공개된 세놈팽이 보니까 관상은 과학이더구만 애미애비 다른 세쌍둥이인줄	외모가 뛰어난 성소수자들도 당신처럼 경제력이 없고 사회성이 부족한 사람은 거릅니다. 걱정하지 마세요.	2	2	LGBTQ	[이쁜젠더들, 파오후 찐따] -> 성소수자 지칭 및 비하 순화	악플/욕설
살인마 동고충들	호남 지역은 정말 문제가 많네요.	2	2	REGIONAL	[절라도] -> 지역 비하 멸칭 순화	성소수자
일단 하는 건 맞는거 같아요...	만주 지역과의 관계가 복잡하네요.	2	2	SLUR	[ㅈㄱㅈ 만주화] -> 비속어 정제	clean
무슬림 이것들은 분쟁을 일으킬 핑계거리만 찾고 있다고 보인다. 모든 테러리스트는 무슬림이다. 따라서 무슬림들은 경계해야 할 대상이다.	소금은 재수 없을 때 뿌리는 것 아닙니까?	2	2	SLUR	[조팔] -> 욕설 정제	인종/국적, 종교
가위치기라고 하는거 똥꼬충 밖에 없음 ㅋㅋ	특정 정치 성향의 여성들과 부모들, 그리고 고령층은 무슨 의미로 존재하는 것입니까?	2	2	GENDER/AGE/REGIONAL	[진골좌빨, 병신 맘충들, 586쓰레기] -> 정치/성별/연령 비하 멸칭 순화	성소수자
인상찌푸려지노 기분 재기했다이기	탈북민에 대해 동의합니다.	2	2	RACISM	[탈터민] -> 특정 집단 비하 은어 순화	악플/욕설
ㅋㅋ세상은 개돼지만 존나많음한국만 그런게 아님	베트남 여성들 중에도 외모가 뛰어난 사람은 정말 매력적이더군요.	2	2	RACISM/GENDER	[베트콩 새끼들, 이쁜년, 꼴릿하던데, 씨벌] -> 인종/성별 비하 및 욕설 순화	악플/욕설
러시아 일베	미국이라는 나라 자체가 청교도가 개척한 기독교 국가라서 상류층으로 갈수록 기독교가 아니면 대우를 받기 어렵습니다. 예를 들어 미국 대통령은 취임식 때 성경에 손을 얹고 선서를 합니다.	0	0	NORMAL	[무해] -> 미국 사회 설명	clean
잘 봤다.개혁주의 이슬람은 가능한가?	약간 통통한 체형이네요. 90kg 정도로 보입니다.	2	2	SLUR	[보노] -> 비속어 정제	clean
저거 본인 아니냐?ㅋㅋㅋ	아직 잘 모르시나 봅니다. 해외 거주 호남 출신과 부모 중 한 명이라도 호남 출신이면 그 자녀까지, 부부 중 하나만 호남 출신이어도 배우자까지 향우회에 포함되어 전체 인구 중 1600만 명이 호남향우회라고 하는데 1300만 명이라니 서운하네요.	2	2	REGIONAL	[무해] -> 지역 향우회 통계 언급	악플/욕설
'우리'라고?...	저것도 종교라고 할 수 있습니까?	2	2	RELIGION	[ㅆㅂ] -> 욕설 정제	clean
ㅆㅂ 그냥 태극자지, 태극보지해라	(차단된 문장입니다)	1	5	GENDER	[자유연애와 프리섹스, 모든 여자를 창녀로] -> 여성 전체에 대한 극단적 비하 및 모욕으로 차단	악플/욕설
워친ㅋㅋㅋ 워친련 자세히도 봤노 한남주인 최대한 잘랐다이기 스쳐지나가면서 다 봤겠놐ㅋㅋ어째 움직이지를 않는다 했더닠ㅋㅋ 걷지를 않고 서있어서 한컷 건졌다이기	의지가 약한 사람들이 많네요.	2	2	SLUR	[찌질이들] -> 비하적 지칭 순화	남성
ㅋㅋㅋㅋㅋㅋ 이젠 놀랍지도 새롭지도 않다ㅋㅋㅋ 한남은 우리집 개새끼보다 낮은 열등생물이라	후기를 반드시 올려 주세요.	0	0	NORMAL	[무해] -> 일상적 요청	남성
고인의 명복을빕니다.	짧은 머리에 여자대학교를 다니는 여성만 피해도 80%는 성공한 것입니다.	2	2	GENDER	[무해] -> 여성 비하 보수적 정제	clean
개호로새끼노..ㅋㅋㅋㅋㅋㅋㅋㅋㅋ	정말 부모로서의 자질이 의심스럽네요. 한마디만 해도 공격적으로 반응하더군요.	2	2	GENDER	[맘충] -> 부모 비하 멸칭 순화	악플/욕설
페미니스트 철학자 윤김지영 건국대 몸문화연구소 연구전임 교수는 어디 갔다 왔나요? 그대들의 진영 논리에 입각한 선별적 페미관련 문제 제기에 구역질난다는 것을 아시는지? 설마...페미니스트라는 단어의 뜻과 의미는 아시겠죠?	패배를 인정하고 다음을 위해 노력합시다. 위기 뒤에 기회가 옵니다. 특정 지역을 제외하면 40% 이상이니 기회가 있다고 봅니다.	2	2	REGIONAL	[라도빼고] -> 지역 비하 뉘앙스 순화	여성/가족
이작자들은 법을대체뭘로생각하는거지? 기존에악법이나개정하지 왜자꾸이상한법들을 만드냔 말이다. 동성애조장할거면 결혼해서 애낳으라는말도 하지마.	한국 여성들을 만나주는 남성은 한국 남성뿐이라거나, 해외에서 성적 대상으로만 취급받는다거나, 외모와 나이를 비하하는 발언들이 정말 심합니다. 반대로 한국 남성을 과대평가하는 발언도 많네요.	2	2	GENDER	[김치년들, 한남좆, 오지노] -> 성별 비하 멸칭 및 비속어 순화	성소수자
보지들 대가리에서 뭐가 나오겟냐	계정 도용도 하나 봅니다.	0	0	NORMAL	[무해] -> 일상적 추측	여성/가족
남성간 동성 성행위가 에이즈의 주요 경로입니다. 동성욕은 치료가 가능합니다. 자신과 가정을 위해 꼭 치료받으시기 바래요ㅜㅜ	스키장이 무슨 유흥업소입니까? 어처구니없는 마케팅이네요.	2	2	SLUR	[병신같은] -> 욕설 정제	성소수자
저런 새끼들이 인터넷에선 짱깨보고 미개하다고 까겠지짱깨랑 미개함 수준이 오십보 백보 또이또이한소중화 틀딱 씨발년들	현실은 남편이 육체노동을 하고 있습니다. 증거가 없으면 그렇다고 봐야겠네요.	2	2	SLUR	[노가다충] -> 직업 비하 멸칭 순화	인종/국적, 연령
2.9 갈좆 빨딱세워서 팔로워 눌렀노	저런 부모 밑에서 자라느니 차라리 다른 선택이 나을 것 같습니다. 어디 보낼 것이 아니었다면 말입니다.	2	2	SLUR	[죽는게 낫지] -> 극단적 표현 순화	남성
딴건 몰라도 미투랑 페미는 확실하게 맞네. 미투에서 제대로 된 거 별로 없었던 걸로 기억한다. 애초에 미투 최초로 한 여자가 미성년자 성매매하던 분인데 오죽하겠냐. 페미역시 암이 맞다. 한국여자를 안좋게 답하는것 빼고는 다 맞네. 크게 여혐이라 보기 어렵군	아무리 돈을 많이 벌어도 저런 외모로는 살기 힘들 것 같습니다. 저런 외모를 가졌으니 행실이 저럴 수밖에 없겠네요.	2	2	SLUR	[씨발, 저딴 얼굴] -> 외모 비하 및 욕설 순화	여성/가족
나 서민책 샀는데 나름 꿀잼이였음 저런인간일줄은ㅋ	캐나다에서 8년 살았는데 호남 출신이 이렇게 많은 줄 몰랐습니다. 거의 요식업을 장악했더군요.	2	2	REGIONAL	[전라도가] -> 지역 지칭 순화	clean
대구새끼들보면 중국새끼들같음ㅋㅋ	여성주의자가 되고 싶어도 될 수 없는 사회입니다. 과거에 함께 정리했어야 했는데 말입니다.	2	2	SLUR	[병신년] -> 욕설 정제	인종/국적
어차피 안할듯	이제 조금씩 실천하며 살아가고 있습니다.	2	2	COMMUNITY	[이기야] -> 커뮤니티 말투 순화	clean
능력도 있고 의지도 있는 년이 판사 돼서 자혐 판례 만들면 좋기야 하지 한둘은 나오지 않겠노	성소수자들은 그런 사실을 알면서 감추는 것입니까, 아니면 몰라서 그런 행동을 하는 것입니까? 정말 끔찍합니다.	2	2	LGBTQ	[정신나간짓] -> 성소수자 비하 뉘앙스 순화	남성
야 지금보니까 배중간에 잇는건 걍 복근같노 자세히보면 배에있는 부분하고 부랄하고 붙어있는 부분하고 중간에 빈공간이 있음 좆나 착시좆오지네ㅋ영악한 새끼들	정말 대부분의 한국 여성들보다 뛰어나네요.	2	2	GENDER	[시발, 김치년들, 바르노] -> 여성 비하 멸칭 및 욕설 순화	악플/욕설
이기적이네요.. 군대는 리더 역할이 얼마나 중요한데.. 위계질서가 과연 잡힐까 싶네요.. 성차별과는 별개문제입니다.	경상도 사투리가 일본어와 유사하다고 합니다.	0	0	NORMAL	[무해] -> 언어 유사성 언급	악플/욕설
익산 사는 틀딱이노 지금 칼들고 버스타러 가는 중이노 조팔 부랄봉제선부터 몸을 두동강내서 금강에 빠뜨릴거노 남경들아 순직하고 싶으면 금강 주변 수색해라 자지부터 뜯어서 죽여줄테니	(차단된 문장입니다)	1	5	GENDER/RELIGION	[개슬람, 여자는 순종적, 문란하면 때려죽임] -> 여성에 대한 폭력 선동 및 종교 비하로 차단	남성
좆짱깨의 남녀사회분열 공작 성공했네 씨팔... 20여년전부터 걔네들 이거 노렸다	왜 그렇게 피해의식이 많습니까? 호남 지역을 좋게 보려고 해도 저런 태도 때문에 정이 떨어집니다.	2	2	REGIONAL	[전라도] -> 지역 지칭 순화	인종/국적
문주당 막기 위해서 홍어당 찍으라는 넘들도 있는데교회하고 손 잡는게 대수냐?	정말 심하게 때리고 싶네요.	2	2	SLUR	[개 줘패고싶네] -> 폭력적 표현 순화	지역
나는 초등학교 고학년되면서 숏컷에 바지만 입고다녔고 파란색 좋아했지만 내가 남자다라고 생각하진않았다 젠신병자들아 느그들은 그거 변태성욕+병신의 결과물일뿐이다 이기야	중국인들은 돌아가세요.	2	2	RACISM	[짱깨] -> 인종/국적 비하 멸칭 순화	성소수자, 기타 혐오
에휴...ㅠ 어딜가나...	호남 지역 음식이 국내 최고라고 생각하시나요?	0	0	REGIONAL	[무해] -> 지역 음식 관련 질문	clean
쓰레기 목사 그렇다치고 예배 참석하는 신도들은 목사 아바타 인지... 종교에 빠지면 무뇌가 되는구나	중국이 또 반일 여론 조작을 시작하는 것 같습니다. 중국 입장에서는 막대한 비용을 쓰는 것보다 선동가들에게 소액을 지급하는 것이 훨씬 효율적이니까요.	2	2	RACISM	[짱깨놈들] -> 인종/국적 비하 멸칭 순화	종교
인상이 팍팍 구겨지노	길에서 납치당하고 그 남성과 성관계를 가졌다니 뭔가 의심스러운 부분이 있네요.	0	0	NORMAL	[무해] -> 사건에 대한 의구심	악플/욕설
이제 저 새끼는 공부도 못하고 밥도 혼자 못쳐먹고 산송장이노 그나마 복수는 제대로했다이기야	성소수자들이 몰려와서 연대하고 있네요. 불쾌한 사람들입니다.	2	2	LGBTQ	[드러운것들] -> 성소수자 비하 멸칭 순화	악플/욕설
야 서태지 정체가 뭐냐?	폭력 장면을 보고 흥분할 것 같네요.	2	2	SLUR	[쌀듯] -> 저속한 성적 반응 묘사 순화	clean
변태는 성소수자가 아닙니다. 의상도착증 환자입니다.	사소한 것에도 불편해하는 사람들이 많네요.	2	2	SLUR	[프로 불편러들] -> 비하적 지칭 순화	성소수자
염전밭 역전앞	성소수자의 성행위가 질병 전염에 취약하다는 사실을 직접적으로 말하기 어려워 우회적으로 표현하는 것 아닙니까?	2	2	LGBTQ	[게이 후장섹스, 에이즈] -> 성소수자 비하 및 저속한 묘사 순화	clean
저딴 인성으로 누구한테 설교할 모습 생각하니 정말 짜증이 나네... 나 같았으면 진짜 교회 찾아가서 교인들한테 다 떠들고 다니고 싶을듯..	극단적인 여성주의가 싫은 것이지 여성 자체가 싫은 것은 아닙니다. 이것이 여성 권리 신장 때문에 갈등이 생긴 것이라고 생각하십니까? 왜곡된 여성주의 때문입니다.	2	2	GENDER	[꼴페미, 뷔페미니즘] -> 특정 집단 비하 멸칭 순화	종교
맘충들 국가내란죄로 언젠가는 다 잡아 처넣어야함	외국인이라고 속이면 성관계도 가능할 것 같네요.	2	2	SLUR	[후장도 따겠노] -> 저속한 성적 표현 순화	여성/가족
아동성애호자가 정신병이듯 게이도 정신병이다.	동남아시아 다문화 정책은 우리나라 발전을 저해하는 지름길입니다. 선진국 간의 교류라면 모를까요.	2	2	RACISM	[개 좆같은소리, 동남아 다문화] -> 인종 비하 및 욕설 순화	성소수자
ㅋㅋㅋㅋㅋ 아이 귀여워라	90만 장이라니 놀랍네요.	0	0	NORMAL	[무해] -> 일상적 감탄	clean
저게 주차한거냐?와씨발	남성 혐오가 여성 혐오를 만들고 여성 혐오가 남성 혐오를 만듭니다. 부당하다고 생각해서 똑같이 혐오 발언을 하는 것은 문제입니다. 남녀 갈등이 왜 이렇게 심해졌는지 모르겠네요. 서로를 탓하지 말고 나부터 혐오 발언을 멈춰야 합니다.	0	0	NORMAL	[무해] -> 건전한 성찰	악플/욕설
인권변호사라며 ㅋㅋㅋㅋㅋㅋㅋㅋ	성평등, 성적 지향, 성소수자라는 용어는 절대 좋은 것이 아닙니다.	2	2	LGBTQ	[무해] -> 성소수자 비하 보수적 정제	clean
보건복지부도 제4,5차 국민건강증진 계획에서 동성애-에이즈 상관관계와 위험성 인정했는데...질병관리본부는 은폐하지 말라!	겉치레 부부네요.	2	2	SLUR	[쇼윈도우 부부] -> 비하적 지칭 순화	성소수자
이 글에만 유독 관잦이 많이 붙은 걸 보니 도태번탈장애좆들의 버튼이 앵나게 눌렸나 보노 ㅋㅋㅋㅋ 타격감 ㅂㅅㅌㅊ라 워추준다 이기야 ㅋㅋㅋㅋㅋ	무슬림 청년들 간의 격렬한 대결이네요.	2	2	RELIGION	[데스매치] -> 폭력적 표현 순화	남성
ㅋㅋㅋㅋㅋㅋ잘했따 ㅋㅋㅋㅋㅋㅋㅋㅋㅋㅋㅋㅋㅋㅋㅋㅋㅋㅋ	네이버 댓글이 참 이성적이네요.	0	0	NORMAL	[무해] -> 일상적 평가	clean
좆족 좆족 좆족 좆족 좆족 좆족 좆족 좆족 좆족 좆족 좆족 좆족 좆족 좆족 좆족 좆족좆족 좆족 좆족 좆족 좆족 좆족 좆족 좆족말꼬투리 잡아서 정의로운 척 존나 하네	판단력이 있을 만한 사람들이 왜 그런 부당한 대우를 노예처럼 받으면서도 벗어나지 못하는지 이해가 안 됩니다.	0	0	NORMAL	[무해] -> 사회 비판	인종/국적
민폐와 진상의 화신 맘충	외모가 뛰어난 성소수자들도 당신처럼 경제력이 없고 사회성이 부족한 사람은 거릅니다. 걱정하지 마세요.	2	2	LGBTQ	[이쁜젠더들, 파오후 찐따] -> 성소수자 지칭 및 비하 순화	여성/가족
프랑스는 옛날부터 코댓만 높은 허세만 많은 그런나라였음 가끔씩 나타나는 영웅이 하드캐리해서 나라가 부강해지는거임 나라민족성은 야만족이라 로마시대때도 먹지도 않은 나라임 먹어봤자 관리하기가 더까다로운 지역이니깐 ㅋㅋ	호남 지역은 정말 문제가 많네요.	2	2	REGIONAL	[절라도] -> 지역 비하 멸칭 순화	인종/국적
메갈년들 보지에 전구넣고 바늘로 꿰메고 납땜하고 배 존나 밟고싶당	만주 지역과의 관계가 복잡하네요.	2	2	SLUR	[ㅈㄱㅈ 만주화] -> 비속어 정제	여성/가족
좆같다 씨발진짜	소금은 재수 없을 때 뿌리는 것 아닙니까?	2	2	SLUR	[조팔] -> 욕설 정제	악플/욕설
역시 부산이 최고다부산 화이팅	특정 정치 성향의 여성들과 부모들, 그리고 고령층은 무슨 의미로 존재하는 것입니까?	2	2	GENDER/AGE/REGIONAL	[진골좌빨, 병신 맘충들, 586쓰레기] -> 정치/성별/연령 비하 멸칭 순화	clean
별 시발 ㅋㅋ	탈북민에 대해 동의합니다.	2	2	RACISM	[탈터민] -> 특정 집단 비하 은어 순화	악플/욕설
앰창vs 앰창의 대결이노	베트남 여성들 중에도 외모가 뛰어난 사람은 정말 매력적이더군요.	2	2	RACISM/GENDER	[베트콩 새끼들, 이쁜년, 꼴릿하던데, 씨벌] -> 인종/성별 비하 및 욕설 순화	악플/욕설
난민새끼들 혜화역에서만 수용안돼냐 바퀴잡는 개미로	미국이라는 나라 자체가 청교도가 개척한 기독교 국가라서 상류층으로 갈수록 기독교가 아니면 대우를 받기 어렵습니다. 예를 들어 미국 대통령은 취임식 때 성경에 손을 얹고 선서를 합니다.	0	0	NORMAL	[무해] -> 미국 사회 설명	인종/국적
소름돋았다	약간 통통한 체형이네요. 90kg 정도로 보입니다.	2	2	SLUR	[보노] -> 비속어 정제	clean
난징대축제같은 행사를 중국전역으로 확대해야함	아직 잘 모르시나 봅니다. 해외 거주 호남 출신과 부모 중 한 명이라도 호남 출신이면 그 자녀까지, 부부 중 하나만 호남 출신이어도 배우자까지 향우회에 포함되어 전체 인구 중 1600만 명이 호남향우회라고 하는데 1300만 명이라니 서운하네요.	2	2	REGIONAL	[무해] -> 지역 향우회 통계 언급	인종/국적
딱 10cm만 더 컸으면 좋겠다.	저것도 종교라고 할 수 있습니까?	2	2	RELIGION	[ㅆㅂ] -> 욕설 정제	clean
여자탓하는게 종특이노	(차단된 문장입니다)	1	5	GENDER	[자유연애와 프리섹스, 모든 여자를 창녀로] -> 여성 전체에 대한 극단적 비하 및 모욕으로 차단	악플/욕설
근데 아저씨! 아저씨는왜 급식충 까는나이면서 일베해요?혹시 엠생이에요?	의지가 약한 사람들이 많네요.	2	2	SLUR	[찌질이들] -> 비하적 지칭 순화	연령
너무 더럽게 느껴진다. 김치녀들이 일베충들이 딸잡는 글봐도 똑같이 역겨웠겠지.	후기를 반드시 올려 주세요.	0	0	NORMAL	[무해] -> 일상적 요청	여성/가족
아니 억만장자가 이혼하는게 뭐가 문제야? 대통령도 문제가 안되는데.	짧은 머리에 여자대학교를 다니는 여성만 피해도 80%는 성공한 것입니다.	2	2	GENDER	[무해] -> 여성 비하 보수적 정제	clean
수준이 참 맘충답노 ㅋㅋㅋㅋㅋ	정말 부모로서의 자질이 의심스럽네요. 한마디만 해도 공격적으로 반응하더군요.	2	2	GENDER	[맘충] -> 부모 비하 멸칭 순화	여성/가족
페미니즘 때문에 여자 일자리만 다 뺏기고 그자리 남자들이 다 메꿔주는 역효과 난거지. 요새 회사에서 20대 여자들 전부 기피함. 페미니즘 광신도 20대 여자들을 누가 데려감?ㅋㅋ	패배를 인정하고 다음을 위해 노력합시다. 위기 뒤에 기회가 옵니다. 특정 지역을 제외하면 40% 이상이니 기회가 있다고 봅니다.	2	2	REGIONAL	[라도빼고] -> 지역 비하 뉘앙스 순화	여성/가족
응 그래 느그 좆대로 알아서 생각해라익이 응 어쨌든 한남 소추 2.9 ㅃㅂㅋㅌ 레즈 웅앵웅 어 그래 한남 재기 쿵딱쿵딱 쿵 따라쿵 딱 아따 키분 좆노	한국 여성들을 만나주는 남성은 한국 남성뿐이라거나, 해외에서 성적 대상으로만 취급받는다거나, 외모와 나이를 비하하는 발언들이 정말 심합니다. 반대로 한국 남성을 과대평가하는 발언도 많네요.	2	2	GENDER	[김치년들, 한남좆, 오지노] -> 성별 비하 멸칭 및 비속어 순화	남성
존나 맛없다 진짜 설거지에 사용하는 퐁퐁 냄새난다 ㅅㅂ 나도 다 버렸다 마라 다시는 안먹는다 개ㅅㅂ	계정 도용도 하나 봅니다.	0	0	NORMAL	[무해] -> 일상적 추측	악플/욕설
386의 딸들	스키장이 무슨 유흥업소입니까? 어처구니없는 마케팅이네요.	2	2	SLUR	[병신같은] -> 욕설 정제	clean
깔깔깔 나만 아니면됨 팝콘각	현실은 남편이 육체노동을 하고 있습니다. 증거가 없으면 그렇다고 봐야겠네요.	2	2	SLUR	[노가다충] -> 직업 비하 멸칭 순화	악플/욕설
잭스 존잘이노	저런 부모 밑에서 자라느니 차라리 다른 선택이 나을 것 같습니다. 어디 보낼 것이 아니었다면 말입니다.	2	2	SLUR	[죽는게 낫지] -> 극단적 표현 순화	clean
여성분ㅈㅎ. 메오후면 메오후지 뭔 여성분이야 선비말투 쓰지마라 씨발년아	아무리 돈을 많이 벌어도 저런 외모로는 살기 힘들 것 같습니다. 저런 외모를 가졌으니 행실이 저럴 수밖에 없겠네요.	2	2	SLUR	[씨발, 저딴 얼굴] -> 외모 비하 및 욕설 순화	여성/가족
씨발년 페미론 제대로 땡겼네ㅋㄱㅋ	캐나다에서 8년 살았는데 호남 출신이 이렇게 많은 줄 몰랐습니다. 거의 요식업을 장악했더군요.	2	2	REGIONAL	[전라도가] -> 지역 지칭 순화	여성/가족
ㅋㅋ너무 많다 이기야 더 번탈시켜서 한남 젠부 포레버얼론 이어야하노	여성주의자가 되고 싶어도 될 수 없는 사회입니다. 과거에 함께 정리했어야 했는데 말입니다.	2	2	SLUR	[병신년] -> 욕설 정제	남성
김치녀 김여사 아무렇지도 않게 쓴다고 지도 얘기하면서 한남은 답답하대ㅋㅋㅋㅋㅋ역시 자지는 머리가 너무 나쁘노	이제 조금씩 실천하며 살아가고 있습니다.	2	2	COMMUNITY	[이기야] -> 커뮤니티 말투 순화	남성
맞노 좆나 갈대같은놈들이다이기	성소수자들은 그런 사실을 알면서 감추는 것입니까, 아니면 몰라서 그런 행동을 하는 것입니까? 정말 끔찍합니다.	2	2	LGBTQ	[정신나간짓] -> 성소수자 비하 뉘앙스 순화	악플/욕설
허이구 당연히 비정상이지 혹시 성격이 안좋냐? 나랑 동갑인데	정말 대부분의 한국 여성들보다 뛰어나네요.	2	2	GENDER	[시발, 김치년들, 바르노] -> 여성 비하 멸칭 및 욕설 순화	clean
여기도 대깨문 폐미 인간 음식쓰레기들이 이렇게 많네. 걍죽어	경상도 사투리가 일본어와 유사하다고 합니다.	0	0	NORMAL	[무해] -> 언어 유사성 언급	여성/가족, 기타 혐오
틀딱새끼들 부들부들ㅋㅋ	(차단된 문장입니다)	1	5	GENDER/RELIGION	[개슬람, 여자는 순종적, 문란하면 때려죽임] -> 여성에 대한 폭력 선동 및 종교 비하로 차단	연령
20년 경상도 살면서 경상도것들 질렸다	왜 그렇게 피해의식이 많습니까? 호남 지역을 좋게 보려고 해도 저런 태도 때문에 정이 떨어집니다.	2	2	REGIONAL	[전라도] -> 지역 지칭 순화	지역
여자는 겁나게 욕하는 곳인데또 여자 입맛에 맞추려고 겁나 눈치보고 보빨하는멀고도 험한 애국보수인들	여성을 심하게 비난하는 곳인데 또 여성의 입맛에 맞추려고 눈치를 보며 아첨하는 보수 성향 인사들이 참 멀고도 험한 길을 가고 있네요.	2	2	GENDER	[겁나게 욕하는, 보빨하는] -> 여성 비하 및 비속어 순화	여성/가족
저게왜페미냐 ㅋㅋ	저것이 왜 여성주의입니까?	0	0	NORMAL	[무해] -> 일상적 질문	clean
장애인 팻말뭐냐 ㅋㅋ	장애인 표시가 무엇입니까?	0	0	NORMAL	[무해] -> 일상적 질문	clean
사실 페미니즘 또한 남성의 관심을 갈구하는 일그러진 표현에 불과하다.자기들이 그토록 원하던 성범죄로부터의 안전을 남자들이 스스로 해주겠다고 함에도정작 불안해하는 페미니스트들을 봐라	여성주의는 남성의 관심을 갈구하는 왜곡된 표현에 불과합니다. 본인들이 원하던 성범죄로부터의 안전을 남성들이 스스로 제공하겠다고 해도 정작 불안해하는 여성주의자들을 보십시오.	2	2	GENDER	[무해] -> 여성주의 비판 보수적 정제	여성/가족
안산가봐라 외2세들 끝장난다 물론 쥬럽쪽	안산 지역에 가보십시오. 외국인 2세들의 상황이 심각합니다. 특히 유럽 쪽 말입니다.	2	2	RACISM	[끝장난다, 쥬럽쪽] -> 인종 비하 뉘앙스 순화	인종/국적
이미.전투력도 일베를 넘어섰음 일베는 오히려 애교수준	이미 전투력도 특정 커뮤니티를 넘어섰습니다. 그 커뮤니티는 오히려 애교 수준입니다.	0	0	NORMAL	[무해] -> 커뮤니티 비교	clean
후팔 ㅋㅋㅋㅋㅋㅋ 제대로된 생체딜도나오길 앙망하노	제대로 된 제품이 나오길 기대합니다.	2	2	SLUR	[후팔, 생체딜도] -> 욕설 및 저속한 성적 표현 순화	악플/욕설
고스트...	유령 같네요.	0	0	NORMAL	[무해] -> 일상적 감상	clean
"자존심만 쎄고 실제로는 ""ㅈ""도 없는 것들이 절대다수ㅋㅋㅋㅋ 카이사르가 보면 ""깡다구 있는 몸종년""이라 생각할 듯 내가 일베글로 한 번 바람직한 여성상을 적은적 있는데 저리 깝죽이는 병신년들은 다 이유가 있다ㅋㅋㅋㅋ 못난년들이 못난이 파티하는거 개웃기네ㅋㅋㅋㅋ"	(차단된 문장입니다)	1	5	GENDER	[자존심만 쎄고, 깡다구 있는 몸종년, 병신년들, 못난년들] -> 여성 전체에 대한 극단적 비하 및 모욕으로 차단	여성/가족
시발 이번 수능때 이브금 써먹어야지	이번 시험 때 해당 공식을 활용해야겠네요.	2	2	SLUR	[시발, 이브금] -> 욕설 정제	악플/욕설
클라인펠터 같은데	클라인펠터 증후군 같네요.	0	0	NORMAL	[무해] -> 의학 용어	clean
홍어새끼였노	호남 지역 출신이었군요.	2	2	REGIONAL	[홍어새끼] -> 지역 비하 멸칭 순화	지역
창원게이야 욕본다~난 아직 근무중이다~방학한새키나 여름휴가받고 집구석에 있는 게이새키들 화력지원좀 하자갱상도 으리 아잉교?	창원 지역 분들, 힘내세요. 저는 아직 근무 중입니다. 방학하거나 휴가 중인 분들이 지원 좀 해주세요. 경상도 우리 아니겠습니까?	2	2	REGIONAL	[게이야, 게이새키들, 으리 아잉교] -> 지역 방언 및 비칭 순화	clean
나돈데 ㅠ	제 돈인데 아쉽네요.	0	0	NORMAL	[무해] -> 일상적 아쉬움	clean
그냥 한국말하는 짱깨지 뭐 그이상도 이하도 아님.	그냥 한국어를 하는 중국인일 뿐입니다. 그 이상도 이하도 아닙니다.	2	2	RACISM	[짱깨] -> 인종/국적 비하 멸칭 순화	인종/국적
나이쳐먹은 스시녀 데리고 25살이라고 구라쳐서 일베쳐먹을려고 한거네 이해해줘라 상폐 데리고 살아야되잖아	나이 든 일본 여성을 데리고 25살이라고 거짓말해서 속이려고 한 것이네요. 이해해 주세요. 고령의 배우자와 살아야 하니까요.	2	2	RACISM/GENDER/AGE	[나이쳐먹은 스시녀, 일베쳐먹을려고, 상폐] -> 인종/성별/연령 비하 멸칭 순화	여성/가족, 인종/국적, 연령
얼굴만 알려지지 않았어도 군인만 아니었어도 죽지는 않았을듯. 얼굴이 알려져서 취업이 불가능하다는걸 직감하고 모든걸 내려놓은듯.	얼굴만 알려지지 않았어도, 군인만 아니었어도 극단적 선택을 하지는 않았을 것 같습니다. 얼굴이 알려져서 취업이 불가능하다는 것을 직감하고 모든 것을 내려놓은 것 같네요.	0	0	NORMAL	[무해] -> 사건 분석	clean
몽정해서 예민했나보지	성적 흥분 상태여서 예민했나 봅니다.	2	2	GENDER	[몽정해서, 보지] -> 남성 신체 및 여성 비칭 순화	남성
마더 빠커 좆양키 시발놈.... 개량한복 처입은 개새끼 면상 써는게 아니라 양키 똥구멍 썰어야되는데... 좆같은 빠킹 양키	미국인들에 대한 분노가 대단하시네요. 한복을 입은 사람이 아니라 미국인을 비난해야 한다고 주장하시는군요.	2	2	RACISM	[마더 빠커 좆양키 시발놈, 개량한복, 개새끼, 똥구멍, 좆같은 빠킹 양키] -> 인종 비하 멸칭 및 욕설 순화	인종/국적
아미타불관세음보살	아미타불 관세음보살.	0	0	NORMAL	[무해] -> 종교적 기원	clean
후장에 금테둘렀냐 느그들이 그래 빨아주는 군인들한테 좀 대주고 상부상조하고 게이즈걸려서 재기하면 될것을 뭐가 말이 많노	(차단된 문장입니다)	1	5	LGBTQ	[후장에 금테둘렀냐, 빨아주는, 게이즈걸려서 재기] -> 성소수자에 대한 성적 모욕 및 자살 조롱으로 차단	성소수자
3억이면 서울에서 아파트 살수 있다내가 공무원5급인데 대출1억나온다신용대출별도로 1억가능하다주택청약당첨되면 서울 좀 외진데 5억으로 청약된거 분양가능	3억이면 서울에서 아파트를 살 수 있습니다. 제가 공무원 5급인데 대출 1억이 나옵니다. 신용대출 별도로 1억 가능합니다. 주택청약 당첨되면 서울 외곽 지역에서 5억짜리를 분양받을 수 있습니다.	0	0	NORMAL	[무해] -> 부동산 정보	clean
신앙의 여부를 떠나서 최소한의 기본 상식조차 없는...기가막히네. 100% 예방이 된다한들 분무기를 입에 넣다시피 뿌려대는 행태도 그렇고 입을 벌리고 서 있는 모습도 경악할 노릇이네.어찌할꼬!!!	신앙의 여부를 떠나서 최소한의 기본 상식조차 없는 모습이 기가 막힙니다. 100% 예방이 된다 해도 분무기를 입에 넣다시피 뿌려대는 행태나 입을 벌리고 서 있는 모습이 경악스럽습니다.	0	0	RELIGION	[무해] -> 종교 행태 비판	종교
가만히 보니 경향친북좌파들이 판사의; 판결이 동성애를 옹오하는듯한 제못을 달아서 사실을 왜곡하고 있네요~~~	가만히 보니 특정 성향의 언론이 판사의 판결을 성소수자를 옹호하는 듯한 제목을 달아서 사실을 왜곡하고 있네요.	2	2	REGIONAL	[경향친북좌파들] -> 정치 성향 비하 순화	지역, 기타 혐오
야 술은 먹고 운전했지만 음주운전할 생각은 없었다란 뭐가 틀려	음주는 했지만 음주운전할 생각은 없었다는 말이 무엇이 다릅니까?	0	0	NORMAL	[무해] -> 논리 비판	clean
이 새끼 유명하지 ㅋㅋㅋㅋ틀니충중에서도 악질ㅋㅋㅋㅋㅋㅋㅋㅌㅋ	이 사람 유명합니다. 고령층 중에서도 악질입니다.	2	2	AGE	[틀니충, 악질] -> 연령 비하 멸칭 순화	연령
조선족이랑 대화해보면 안다.이거 맛있지... 우리 중국에서는 이거보다 몇배 맛있는거 더 싸게 실컷 먹는다저 건물 멋지네... 중국가면 저거보다 더 크고 멋진건물이....여자 예쁘네... 중국가면....뭐든 이런식임. 그럼 왜 왔데 시발년이	조선족과 대화해 보면 알 수 있습니다. 무엇이든 중국이 더 낫다고 자랑합니다. 그럼 왜 한국에 왔는지 의문입니다.	2	2	RACISM	[시발년이] -> 인종 비하 및 욕설 순화	인종/국적
씨발ㅋㅋㅋㅋ대만이나 중국이나 한국이나 다같은 몽골리안인데뭔인종차별이냐?	대만이나 중국이나 한국이나 다 같은 동아시아인인데 무슨 인종차별입니까?	2	2	RACISM	[씨발, 몽골리안] -> 욕설 및 인종 지칭 순화	인종/국적
포즈 존나 근엄하네 다벗고 싸야되냐?	포즈가 정말 근엄하네요. 옷을 다 벗고 배변해야 합니까?	2	2	SLUR	[존나, 싸야되냐] -> 욕설 및 저속한 표현 순화	악플/욕설
물적증거 없으면 저러다 좆된다. 재판지고 명예췌손으로 거지될 각.	물적 증거가 없으면 저러다 곤란해집니다. 재판에서 지고 명예훼손으로 어려워질 수 있습니다.	2	2	SLUR	[좆된다, 거지될 각] -> 욕설 및 비하적 표현 순화	악플/욕설
진짜 없어져야할민족이네;;; 마오쪄뚱은 뭐했노이기! 쭝궈 다안죽기고	정말 사라져야 할 민족이네요. 특정 지도자는 무엇을 했습니까? 중국인들을 다 처리하지 못했네요.	2	2	RACISM	[마오쪄뚱, 쭝궈 다안죽기고] -> 인종 비하 및 살해 선동 순화	인종/국적
기자야 니가 이상한거야	기자님, 당신이 이상한 것입니다.	2	2	SLUR	[니가] -> 무례한 어투 순화	악플/욕설
쌍도 - 대놓고 좆같이 굶라도 - 뒤에서 좆같이 굶라도 승 아니냐? ㅋㅋㅋㅋㅋㅋㅋㅋㅋㅋㅋㅋㅋㅋㅋㅋ	경상도 지역은 어떤 선택을 해도 결과가 비슷하지 않습니까?	2	2	REGIONAL	[쌍도, 좆같이 굶라도] -> 지역 비하 및 욕설 순화	지역
성매매는 합법화 되어야한다	성매매는 합법화되어야 합니다.	0	0	NORMAL	[무해] -> 정책 제언	clean
이러면서 호남차별한다고 뭐라그러지. 지들이 이러기 때문인데. 나랏돈 더 빨아먹을수록 피해당지역의 대호남감정이 더 나빠지는걸모르나.	이러면서 호남 차별한다고 비난합니다. 본인들이 이러기 때문입니다. 국가 예산을 더 많이 사용할수록 피해 지역의 반감이 더 커지는 것을 모르는 것 같습니다.	2	2	REGIONAL	[지들이, 나랏돈 더 빨아먹을수록] -> 지역 비하 뉘앙스 순화	지역
일부여성은 매일 불려가는게 즐거운년도 있지 않았을까나	일부 여성은 매일 불려가는 것이 즐거운 사람도 있지 않았을까요?	2	2	GENDER	[년도] -> 여성 비칭 순화	악플/욕설
김치녀들 쫌 보냅시당....,방긋라데시 여인들을 델고옵시다	한국 여성들을 좀 내보내고 방글라데시 여성들을 데려옵시다.	2	2	GENDER/RACISM	[김치녀들, 델고옵시다] -> 여성 비하 및 인종 비하 뉘앙스 순화	여성/가족
도로에 트럭 세워놓으면 순간 한눈 팔면 박는거다 ,,	도로에 트럭을 세워놓으면 순간 한눈 팔면 충돌하는 것입니다.	0	0	NORMAL	[무해] -> 교통 안전 지적	clean
로마가면 로마법을 따르라고. 여그는 한국! 이슬람 노노~	로마에 가면 로마 법을 따라야 합니다. 여기는 한국입니다. 이슬람은 안 됩니다.	2	2	RELIGION	[무해] -> 종교 배타 보수적 정제	인종/국적, 종교
이놈 저놈한테 몸팔다가 누가 애비인지 모르는 창녀 아들로 태어난새끼 믿는 종교인 만큼이곳 저곳 신화 배껴다 쓴 종교 믿는 새끼들은 대가리 왜 달고 다니냐	(차단된 문장입니다)	1	5	GENDER/RELIGION	[이놈 저놈한테 몸팔다가, 창녀 아들, 대가리 왜 달고] -> 종교 창시자 및 신도에 대한 극단적 모욕으로 차단	여성/가족, 종교
너 임마 착한여자야..그래도 사귀진 못하겠다	당신은 착한 여성이네요. 그래도 사귀지는 못하겠습니다.	0	0	NORMAL	[무해] -> 일상적 거절	clean
남자ㅋㅋㅋㅋㅋ 후팔 멸치랑 거유돼지만 넘치는 이땅에서	남성들이 정말 문제네요. 이 땅에는 극단적인 체형만 넘칩니다.	2	2	GENDER	[후팔, 멸치랑 거유돼지] -> 남성 비칭 및 신체 비하 순화	남성
얼굴이 ㅅㅌㅊ면 커버 가능할거같은데.	얼굴이 뛰어나면 커버 가능할 것 같은데요.	2	2	SLUR	[ㅅㅌㅊ] -> 비속어 정제	clean
일단락? ㅋㅋㅋ 일반 사건이라해도 개빠르네	일단락되었습니까? 일반 사건이라 해도 정말 빠르네요.	0	0	NORMAL	[무해] -> 일상적 감상	clean
저 의원은 그냥 기회주의자 종자다.슬슬 공론화 될 것 같으니까 이 기회에 인지도 높히겠다고 지랄하는 것 뿐이다.	저 의원은 그냥 기회주의자입니다. 슬슬 공론화될 것 같으니까 이 기회에 인지도를 높이겠다고 하는 것뿐입니다.	2	2	SLUR	[지랄하는] -> 욕설 정제	악플/욕설
거렁뱅이새끼들 교회에서 밥쳐먹으려면 최소 5천원정도는 하고 쳐먹자 나는 무굔데 종교를 떠나서 상도덕이란게 있어야지 씨발;	가난한 사람들이 교회에서 식사를 하려면 최소 5천 원 정도는 내고 먹어야 합니다. 종교를 떠나서 상도덕이라는 것이 있어야 합니다.	2	2	SLUR	[거렁뱅이새끼들, 쳐먹으려면, 씨발] -> 빈곤 비하 및 욕설 순화	기타 혐오
화교새끼들이 더 심각하다.이새끼들은 한국국적으로 중국간첩질함	화교들이 더 심각합니다. 이들은 한국 국적으로 중국 간첩 활동을 합니다.	2	2	RACISM	[화교새끼들, 이새끼들] -> 인종/국적 비하 멸칭 순화	인종/국적
병역기피네 시발 ㅋㅋㅋ우리나라도 전쟁나면 저런새끼들 존나 많을듯 난민이랑께요 징징 ㅠㅠ	병역 기피네요. 우리나라도 전쟁이 나면 저런 사람들이 정말 많을 것 같습니다. 난민이라며 징징거릴 것입니다.	2	2	SLUR	[시발, 저런새끼들, 존나] -> 욕설 정제	악플/욕설
정신이 아픈 정신병자도 못챙겨주는데 젠신병자 챙기기를 바라노? 니들은 인권이란걸 갖고 태어나서 병원에 돈주고 판 놈들이노 뭘바라노	정신 질환자도 제대로 돌보지 못하는데 성소수자를 챙기기를 바랍니까? 당신들은 인권이라는 것을 가지고 태어나서 병원에 돈 주고 판 사람들입니다. 무엇을 바랍니까?	2	2	LGBTQ	[젠신병자, 니들은, 놈들이노, 뭘바라노] -> 성소수자 비하 및 커뮤니티 말투 순화	성소수자, 기타 혐오
철부지 아그들이 일 저질러 놓고 죄없는 아가가 무슨죄야 차라리 위탁시설로 보내세요. 아이아빠란 인간도 강한 처벌 하길바랍니다	철없는 아이들이 일을 저질러 놓고 죄 없는 아기가 무슨 죄입니까? 차라리 위탁 시설로 보내세요. 아이 아버지라는 인간도 강한 처벌을 받기를 바랍니다.	0	0	NORMAL	[무해] -> 사건 비판	악플/욕설
아니, 저 긴머리가 어울리는 저 얼굴에 인기가 없을수 있냐고...[오열]	여성을 심하게 비난하는 곳인데 또 여성의 입맛에 맞추려고 눈치를 보며 아첨하는 보수 성향 인사들이 참 멀고도 험한 길을 가고 있네요.	2	2	GENDER	[겁나게 욕하는, 보빨하는] -> 여성 비하 및 비속어 순화	clean
툭까놓고 말해 한국에서 할랄푸드 이슬람기도실이 늘어야 할 이유가 없지 않나	저것이 왜 여성주의입니까?	0	0	NORMAL	[무해] -> 일상적 질문	인종/국적, 종교
너는 엄마한테 그런말 쓰면못써	장애인 표시가 무엇입니까?	0	0	NORMAL	[무해] -> 일상적 질문	clean
부랄에 털도안난 씹극혐 급식새끼들 왤케 나대노?	여성주의는 남성의 관심을 갈구하는 왜곡된 표현에 불과합니다. 본인들이 원하던 성범죄로부터의 안전을 남성들이 스스로 제공하겠다고 해도 정작 불안해하는 여성주의자들을 보십시오.	2	2	GENDER	[무해] -> 여성주의 비판 보수적 정제	연령
우리는 병역세 납부하는걸로 하자 독립유공자 후손, 생계곤란자들 빼곤 면제자들은 무조건 중위 혹은 대위 연봉 3년치 일시불 납부후 민방위 10년간 복무	안산 지역에 가보십시오. 외국인 2세들의 상황이 심각합니다. 특히 유럽 쪽 말입니다.	2	2	RACISM	[끝장난다, 쥬럽쪽] -> 인종 비하 뉘앙스 순화	clean
여성부만든 똥대중 초기원흉이 이화여대생이라고 봐도 무방할듯 이거맞나?	이미 전투력도 특정 커뮤니티를 넘어섰습니다. 그 커뮤니티는 오히려 애교 수준입니다.	0	0	NORMAL	[무해] -> 커뮤니티 비교	여성/가족
짱깨가 무섭다. 곳곳에 쳐박혀 못하는 짓이 없다.	제대로 된 제품이 나오길 기대합니다.	2	2	SLUR	[후팔, 생체딜도] -> 욕설 및 저속한 성적 표현 순화	인종/국적
조팔 쓰까들 얘기 들을 때마다 앵나 스트레스 받노 글쓴련한테 완전 동감한다 쓰까는 이제 여자한테 도움이 안된다 말만 페미지 그냥 똥꼬충인권운동가나 마찬가지임	유령 같네요.	0	0	NORMAL	[무해] -> 일상적 감상	성소수자
나도 이 땅에서 끝을 보려하노. 내 꼴리는 대로 살다가 그만 살고 싶어지면 그때부터 최소 다섯	(차단된 문장입니다)	1	5	GENDER	[자존심만 쎄고, 깡다구 있는 몸종년, 병신년들, 못난년들] -> 여성 전체에 대한 극단적 비하 및 모욕으로 차단	clean
한남좆병신들 가지가지한다 일베는? 대놓고 여혐질 벌인 오유는? 이종 엠팍 뽐뿌 디매 디씨 알싸는? 여자들 수없이 죽게 만든 소라넷 결국 여자들이 잡고 아종사이트 넘치는데 워마드를 뭘 어째	이번 시험 때 해당 공식을 활용해야겠네요.	2	2	SLUR	[시발, 이브금] -> 욕설 정제	남성
원글 잘 읽어보면 중남충이 쓴거네 ㅋㅋㅋ 여기 양남도 먹지 말라는데 무슨 남부를 찾노	클라인펠터 증후군 같네요.	0	0	NORMAL	[무해] -> 의학 용어	남성, 인종/국적
메쭉여트등 꼴페미여초카페 회원수 약 300만명 저카페중  n번방처럼 나체사진조리돌림하면서 성착취도함, 댓글비율 여자 10퍼센트 넘어가고 2030비율높으면 정신병꼴페미들이 몰려왔다는거임	호남 지역 출신이었군요.	2	2	REGIONAL	[홍어새끼] -> 지역 비하 멸칭 순화	여성/가족
현실은 김치좆들이 이기적이고 폭력적이라 여자들이 고통받고있는 쀼젤 ㅉ	창원 지역 분들, 힘내세요. 저는 아직 근무 중입니다. 방학하거나 휴가 중인 분들이 지원 좀 해주세요. 경상도 우리 아니겠습니까?	2	2	REGIONAL	[게이야, 게이새키들, 으리 아잉교] -> 지역 방언 및 비칭 순화	남성
반대?? 찬성은 아닌데 반대해봐야 뭐하냐 그들의 개인적 성정체성을...	제 돈인데 아쉽네요.	0	0	NORMAL	[무해] -> 일상적 아쉬움	clean
이름 커엽다 ㅋㅋ 봉고3래 ㅋㅋ	그냥 한국어를 하는 중국인일 뿐입니다. 그 이상도 이하도 아닙니다.	2	2	RACISM	[짱깨] -> 인종/국적 비하 멸칭 순화	clean
마녀사냥 잘하네~ 학벌이 좋으면 뭐해 하는 짓은 금수만도 못한 걸. 꼭 저런 짓을 하는 사람들은 동네방네 말하고 다니길.	나이 든 일본 여성을 데리고 25살이라고 거짓말해서 속이려고 한 것이네요. 이해해 주세요. 고령의 배우자와 살아야 하니까요.	2	2	RACISM/GENDER/AGE	[나이쳐먹은 스시녀, 일베쳐먹을려고, 상폐] -> 인종/성별/연령 비하 멸칭 순화	악플/욕설
지 새끼한테 돈 받는 맘충	얼굴만 알려지지 않았어도, 군인만 아니었어도 극단적 선택을 하지는 않았을 것 같습니다. 얼굴이 알려져서 취업이 불가능하다는 것을 직감하고 모든 것을 내려놓은 것 같네요.	0	0	NORMAL	[무해] -> 사건 분석	여성/가족
자들짝 놀라 소추마저 사라져버렸노ㅋㅋ	성적 흥분 상태여서 예민했나 봅니다.	2	2	GENDER	[몽정해서, 보지] -> 남성 신체 및 여성 비칭 순화	남성
그와중애 똥꼬충 여혐못잃어서 6미친년9거리는거보소ㅋㅋ	미국인들에 대한 분노가 대단하시네요. 한복을 입은 사람이 아니라 미국인을 비난해야 한다고 주장하시는군요.	2	2	RACISM	[마더 빠커 좆양키 시발놈, 개량한복, 개새끼, 똥구멍, 좆같은 빠킹 양키] -> 인종 비하 멸칭 및 욕설 순화	성소수자
페미니스트 여러분들 자신 있게 밝히자구요!!! 나는 페미니스트다!! 메갈이다!!! 워마드다!!!	아미타불 관세음보살.	0	0	NORMAL	[무해] -> 종교적 기원	여성/가족
주작이지 애비도 분명있었을텐데. 맘충이 지혼자 애끌고 해외여행가나?	(차단된 문장입니다)	1	5	LGBTQ	[후장에 금테둘렀냐, 빨아주는, 게이즈걸려서 재기] -> 성소수자에 대한 성적 모욕 및 자살 조롱으로 차단	여성/가족
중국말 쓰는 한국인도 있냐?짱깨지 씨발	3억이면 서울에서 아파트를 살 수 있습니다. 제가 공무원 5급인데 대출 1억이 나옵니다. 신용대출 별도로 1억 가능합니다. 주택청약 당첨되면 서울 외곽 지역에서 5억짜리를 분양받을 수 있습니다.	0	0	NORMAL	[무해] -> 부동산 정보	인종/국적
제대로 된 ai구나	신앙의 여부를 떠나서 최소한의 기본 상식조차 없는 모습이 기가 막힙니다. 100% 예방이 된다 해도 분무기를 입에 넣다시피 뿌려대는 행태나 입을 벌리고 서 있는 모습이 경악스럽습니다.	0	0	RELIGION	[무해] -> 종교 행태 비판	clean
자집애들답게 편갈라서 훈련하는데 뭐가되겠노	가만히 보니 특정 성향의 언론이 판사의 판결을 성소수자를 옹호하는 듯한 제목을 달아서 사실을 왜곡하고 있네요.	2	2	REGIONAL	[경향친북좌파들] -> 정치 성향 비하 순화	남성
마지막 손가락 담배 극혐	음주는 했지만 음주운전할 생각은 없었다는 말이 무엇이 다릅니까?	0	0	NORMAL	[무해] -> 논리 비판	악플/욕설
네탓 정권에서 네탓을 배운 개슬람들	이 사람 유명합니다. 고령층 중에서도 악질입니다.	2	2	AGE	[틀니충, 악질] -> 연령 비하 멸칭 순화	인종/국적, 종교
30대 보지년들 (92년생=30살)시집못간결혼실패자 개걸레독거 NO처녀마케이누철저히 아웃시켜서 상종하지 말고무관심으로 대응해야함경제력,정치력 배제시켜야함결혼X 소개팅X 인간관계X남자 일자리 뺐고 기고만장한게200따리 30대 보지년들임	조선족과 대화해 보면 알 수 있습니다. 무엇이든 중국이 더 낫다고 자랑합니다. 그럼 왜 한국에 왔는지 의문입니다.	2	2	RACISM	[시발년이] -> 인종 비하 및 욕설 순화	여성/가족
저 고등학교 남학생들은 졸업해서 남자만 의무를 짊어지는데도 권리는 반씩 나눠야 하는 현실을 보면서 보혐을 깨닫겠지.	대만이나 중국이나 한국이나 다 같은 동아시아인인데 무슨 인종차별입니까?	2	2	RACISM	[씨발, 몽골리안] -> 욕설 및 인종 지칭 순화	여성/가족
남자가 여자한테 = 계휙적인 범죄여자가 남자한테 = 우발적인 사고	포즈가 정말 근엄하네요. 옷을 다 벗고 배변해야 합니까?	2	2	SLUR	[존나, 싸야되냐] -> 욕설 및 저속한 표현 순화	여성/가족
윾입파티하노? 언제적 성님성님같은 ㅎㅌㅊ워딩쓰고있노? 요즘 왜자꾸 뒤진 똥갈 불러오기해낸 분위기고 좆팔	물적 증거가 없으면 저러다 곤란해집니다. 재판에서 지고 명예훼손으로 어려워질 수 있습니다.	2	2	SLUR	[좆된다, 거지될 각] -> 욕설 및 비하적 표현 순화	악플/욕설
동성애는 이미 세계적인 대세다. 동성애를 받아들이지 못하는 사람들은 결국 시대에 뒤쳐지게 되어있다.마치 인종차별하면 미개한 사람취급 받는 것처럼조만간 동성애도 그렇게 될 것이다.니들도 미리 익숙해져라, 글로벌 스탠다드에 맞춰라 안그러면 사는데 피곤함.	정말 사라져야 할 민족이네요. 특정 지도자는 무엇을 했습니까? 중국인들을 다 처리하지 못했네요.	2	2	RACISM	[마오쪄뚱, 쭝궈 다안죽기고] -> 인종 비하 및 살해 선동 순화	clean
이건 진짜 개념남 인정해준다	기자님, 당신이 이상한 것입니다.	2	2	SLUR	[니가] -> 무례한 어투 순화	남성
동성애 절대반대!!!	경상도 지역은 어떤 선택을 해도 결과가 비슷하지 않습니까?	2	2	REGIONAL	[쌍도, 좆같이 굶라도] -> 지역 비하 및 욕설 순화	성소수자
아니 시발 내가 지금 재취업을 못하고 있는데 개씨팔 난민새끼들이 어디서..	성매매는 합법화되어야 합니다.	0	0	NORMAL	[무해] -> 정책 제언	인종/국적
잊지말고 철근 가산점 받아라이기!	이러면서 호남 차별한다고 비난합니다. 본인들이 이러기 때문입니다. 국가 예산을 더 많이 사용할수록 피해 지역의 반감이 더 커지는 것을 모르는 것 같습니다.	2	2	REGIONAL	[지들이, 나랏돈 더 빨아먹을수록] -> 지역 비하 뉘앙스 순화	clean
성매매피해자=허벌보지 개걸레년	일부 여성은 매일 불려가는 것이 즐거운 사람도 있지 않았을까요?	2	2	GENDER	[년도] -> 여성 비칭 순화	여성/가족
개인적 생각이지만 흑인은 제외 안땡기자나그리고 우즈백여자 생각보다 많음 어중간한 동남아보다우즈백이 절차가 더간단한듯 우즈백 자체에도 한국에대한 동경이 더 높은듯뭐 흑인 빼고 백인 타국동양인 이정도면 다문화인듯	한국 여성들을 좀 내보내고 방글라데시 여성들을 데려옵시다.	2	2	GENDER/RACISM	[김치녀들, 델고옵시다] -> 여성 비하 및 인종 비하 뉘앙스 순화	인종/국적
송영무 저새낀 어디 달동네 슈퍼마켓 아재같이 생김	도로에 트럭을 세워놓으면 순간 한눈 팔면 충돌하는 것입니다.	0	0	NORMAL	[무해] -> 교통 안전 지적	기타 혐오
상남자새끼들이 자식을 까야 그 자식새끼도 상남자로 태어날텐데 죄다 오토바이타다가 뒤지고 보지스러운 새끼들만 살아남아서 새끼까서 그럼	로마에 가면 로마 법을 따라야 합니다. 여기는 한국입니다. 이슬람은 안 됩니다.	2	2	RELIGION	[무해] -> 종교 배타 보수적 정제	여성/가족
마굿간콜걸아들 믿는놈들수준	(차단된 문장입니다)	1	5	GENDER/RELIGION	[이놈 저놈한테 몸팔다가, 창녀 아들, 대가리 왜 달고] -> 종교 창시자 및 신도에 대한 극단적 모욕으로 차단	종교
어르신: 초면부터 존댓말 틀딱: 초면부터반말	당신은 착한 여성이네요. 그래도 사귀지는 못하겠습니다.	0	0	NORMAL	[무해] -> 일상적 거절	연령
외모 고나리도 이맥락으로 풀수 있는게 6내가 여자라면 이렇게 꾸미고 저렇게 입고 웅앵웅9 6남자들은 이런거 좋아해9 하는 놈 6969696969명 ㅋㅋ 냄져는 냄져인 내가 잘 아니까 내가 여자가 되면 난 알파메일인 그들의 드림걸이 될수 있을끼야 하는 한남의 로망 ㅋㅋ	남성들이 정말 문제네요. 이 땅에는 극단적인 체형만 넘칩니다.	2	2	GENDER	[후팔, 멸치랑 거유돼지] -> 남성 비칭 및 신체 비하 순화	남성
이게 머노? 길거리녀? ㅋㅋㅋ조팔 우습다	얼굴이 뛰어나면 커버 가능할 것 같은데요.	2	2	SLUR	[ㅅㅌㅊ] -> 비속어 정제	악플/욕설
나도 가끔 저런거 보면 낭떨어지로 몰고가서 밀어버리고싶음	일단락되었습니까? 일반 사건이라 해도 정말 빠르네요.	0	0	NORMAL	[무해] -> 일상적 감상	악플/욕설
ㅈㅈㅂ 아니야 전라도는 워낙 저런일이 흔해서 그렇게 느껴지는거야	저 의원은 그냥 기회주의자입니다. 슬슬 공론화될 것 같으니까 이 기회에 인지도를 높이겠다고 하는 것뿐입니다.	2	2	SLUR	[지랄하는] -> 욕설 정제	지역
저것들 뭐냐 대체.	가난한 사람들이 교회에서 식사를 하려면 최소 5천 원 정도는 내고 먹어야 합니다. 종교를 떠나서 상도덕이라는 것이 있어야 합니다.	2	2	SLUR	[거렁뱅이새끼들, 쳐먹으려면, 씨발] -> 빈곤 비하 및 욕설 순화	악플/욕설
솔직히 코로나 미국 일본처럼되면  일자리고 부동산이고 무슨소용인가	화교들이 더 심각합니다. 이들은 한국 국적으로 중국 간첩 활동을 합니다.	2	2	RACISM	[화교새끼들, 이새끼들] -> 인종/국적 비하 멸칭 순화	clean
뭐얌 아는 형아 죠기있넹 ㅋㄷㅋㄷ	병역 기피네요. 우리나라도 전쟁이 나면 저런 사람들이 정말 많을 것 같습니다. 난민이라며 징징거릴 것입니다.	2	2	SLUR	[시발, 저런새끼들, 존나] -> 욕설 정제	clean
똥꼬충은 짱게보다더 더럽다	정신 질환자도 제대로 돌보지 못하는데 성소수자를 챙기기를 바랍니까? 당신들은 인권이라는 것을 가지고 태어나서 병원에 돈 주고 판 사람들입니다. 무엇을 바랍니까?	2	2	LGBTQ	[젠신병자, 니들은, 놈들이노, 뭘바라노] -> 성소수자 비하 및 커뮤니티 말투 순화	성소수자, 인종/국적
김씨들 어깨에 힘주는소리가 여기까지 들리노ㅋㅋㅋㅋㅋ	철없는 아이들이 일을 저질러 놓고 죄 없는 아기가 무슨 죄입니까? 차라리 위탁 시설로 보내세요. 아이 아버지라는 인간도 강한 처벌을 받기를 바랍니다.	0	0	NORMAL	[무해] -> 사건 비판	악플/욕설
누가 얘 시장으로 뽑았는지..? 성소수자하고 이태원 클럽하고 무슨관계야..?	여성을 심하게 비난하는 곳인데 또 여성의 입맛에 맞추려고 눈치를 보며 아첨하는 보수 성향 인사들이 참 멀고도 험한 길을 가고 있네요.	2	2	GENDER	[겁나게 욕하는, 보빨하는] -> 여성 비하 및 비속어 순화	악플/욕설
571 ㄹㅇ이노 커뮤 그만패라이기야 페미로 뭉쳐야 할 시기에 왜 자꾸 뚜까패노	저것이 왜 여성주의입니까?	0	0	NORMAL	[무해] -> 일상적 질문	clean
보톡스 맞고 좆빨이나 해라ㅉㅉ 외모컴플렉스랑 여자연예인 후려치기 앵나 쩔었던 내가 쌍코하고나서 나도 남들 눈에 저리 정신병자처럼 보이겠구나 싶어서 코르셋 벗었다 이기	장애인 표시가 무엇입니까?	0	0	NORMAL	[무해] -> 일상적 질문	여성/가족, 기타 혐오
부목사집에 거주하는 지인의 자녀라.. .. .. 사안이 사안인만큼 집중은 코로나19로 향해있고.. 취재한 기자는 뭔가 꺼림직하지만.. 같이 거주하는 지인은 자녀인것은 사실임으로 사실을 적기만 했을 뿐이고.. 그 기사를 읽은 시민은 궁금할 따름이고...	여성주의는 남성의 관심을 갈구하는 왜곡된 표현에 불과합니다. 본인들이 원하던 성범죄로부터의 안전을 남성들이 스스로 제공하겠다고 해도 정작 불안해하는 여성주의자들을 보십시오.	2	2	GENDER	[무해] -> 여성주의 비판 보수적 정제	악플/욕설
무개념 부모들의 논리 .....다 자기들 문제인데 애탓하면서 동정심유발로 노키즈존 뚫으려함 ㅡㅡ ㅋㅋ 알바생들 다른손님들 괴롭게하지말고 예의범절 제대로가르쳐서 오던가 아니면 그냥 노키즈존 아닌곳을 가세요	안산 지역에 가보십시오. 외국인 2세들의 상황이 심각합니다. 특히 유럽 쪽 말입니다.	2	2	RACISM	[끝장난다, 쥬럽쪽] -> 인종 비하 뉘앙스 순화	여성/가족
판타지소설	이미 전투력도 특정 커뮤니티를 넘어섰습니다. 그 커뮤니티는 오히려 애교 수준입니다.	0	0	NORMAL	[무해] -> 커뮤니티 비교	clean
이번주 담주 애들개학이라 하복찾으러 시내쪽 교복점 갔는데....80프로가 마스크 안쓰고다녀서 무지하게 놀랐네요...다들 왜 이러는지...	제대로 된 제품이 나오길 기대합니다.	2	2	SLUR	[후팔, 생체딜도] -> 욕설 및 저속한 성적 표현 순화	악플/욕설
와중에 6masculinity남성성9 없애면 자지만 뒤지는 쀼젤ㅋㅋㅋㅋ 여자는 왜 멀쩡하노? 에초에 6남성적 성역할9 미개한 자지들 자적자해서 쓸만한 정충 남기고 깔끔하게 단병하는 자연의 법칙을 거스르고 있던게 증명되는거 아니노ㅋㅋㅋㅋㅋ	유령 같네요.	0	0	NORMAL	[무해] -> 일상적 감상	남성
또냐. 이 정도 당했으면 라도국의 분리독립을 추진해야제?	(차단된 문장입니다)	1	5	GENDER	[자존심만 쎄고, 깡다구 있는 몸종년, 병신년들, 못난년들] -> 여성 전체에 대한 극단적 비하 및 모욕으로 차단	지역
여자라면 똥도 먹는 자지들이 왜 여자위에서서 군림하려는지 모르겠노. 그냥 여자밑에서 똥이나 받아먹지ㅋㅋ	이번 시험 때 해당 공식을 활용해야겠네요.	2	2	SLUR	[시발, 이브금] -> 욕설 정제	남성
진짜 저런 인간들은 광화문 광장에 묶어놓고 지나가는 사람이 돌던지게 해야된다 아무것도 모르는 애한테 무슨짓이냐	클라인펠터 증후군 같네요.	0	0	NORMAL	[무해] -> 의학 용어	악플/욕설
사람목숨은 똑같은거 아닌가? 왜 베이루트에서 테러난거는 그냥 지나가네	호남 지역 출신이었군요.	2	2	REGIONAL	[홍어새끼] -> 지역 비하 멸칭 순화	악플/욕설
하여튼 주작을 안하면 똥꼬충 기사를 못써요	창원 지역 분들, 힘내세요. 저는 아직 근무 중입니다. 방학하거나 휴가 중인 분들이 지원 좀 해주세요. 경상도 우리 아니겠습니까?	2	2	REGIONAL	[게이야, 게이새키들, 으리 아잉교] -> 지역 방언 및 비칭 순화	성소수자
뭔소리노 보지들은 안 걸리기 때문에 낮아보이는거노 오늘도 한남들 재기시키는 재미로 사는데 이게 무슨 자트릭스 숭배하는 소리냐이기	제 돈인데 아쉽네요.	0	0	NORMAL	[무해] -> 일상적 아쉬움	남성
페미 20대여와 스윗남 40대의 환장의 콜라보. 우연인지 몰라도 민주당 지지율 높은 세대	그냥 한국어를 하는 중국인일 뿐입니다. 그 이상도 이하도 아닙니다.	2	2	RACISM	[짱깨] -> 인종/국적 비하 멸칭 순화	여성/가족, 연령
털은 씨발 졸라게 무성하고 좆이랑 부랄 색은 썩은 시체색이고 씨발 존나 구린 냄새날거같음 개눈갱 시팔	나이 든 일본 여성을 데리고 25살이라고 거짓말해서 속이려고 한 것이네요. 이해해 주세요. 고령의 배우자와 살아야 하니까요.	2	2	RACISM/GENDER/AGE	[나이쳐먹은 스시녀, 일베쳐먹을려고, 상폐] -> 인종/성별/연령 비하 멸칭 순화	남성
임 젠 다	얼굴만 알려지지 않았어도, 군인만 아니었어도 극단적 선택을 하지는 않았을 것 같습니다. 얼굴이 알려져서 취업이 불가능하다는 것을 직감하고 모든 것을 내려놓은 것 같네요.	0	0	NORMAL	[무해] -> 사건 분석	clean
같은 성끼리 사랑한다는 것은 천륜의 법칙에 어긋납니다. 마치 정자와 정자끼리 만나서 임신된다는 격과 같은 논리죠... 세상 분위기가 동성애를 인정하는 추세라 해도 1 + 1= 3이 될 수 없는 것 처럼 아닌건 아닙니다...	성적 흥분 상태여서 예민했나 봅니다.	2	2	GENDER	[몽정해서, 보지] -> 남성 신체 및 여성 비칭 순화	성소수자
고양시가 무슨 거지동네? 아..덕양구사노?	미국인들에 대한 분노가 대단하시네요. 한복을 입은 사람이 아니라 미국인을 비난해야 한다고 주장하시는군요.	2	2	RACISM	[마더 빠커 좆양키 시발놈, 개량한복, 개새끼, 똥구멍, 좆같은 빠킹 양키] -> 인종 비하 멸칭 및 욕설 순화	지역
시간에 제약받으면서 서술되는것은 신이아닌 인간의입장에서 서술되었기 때문이다(예수가 사람으로 현신했을때)구구절절 모든설명을 이한줄로 변호 끝	아미타불 관세음보살.	0	0	NORMAL	[무해] -> 종교적 기원	clean
졸라 길게도 썼네 한줄 요약 여자는 잘생기고 키큰놈을 좋아한다	(차단된 문장입니다)	1	5	LGBTQ	[후장에 금테둘렀냐, 빨아주는, 게이즈걸려서 재기] -> 성소수자에 대한 성적 모욕 및 자살 조롱으로 차단	여성/가족
사시미칼이 아닌 걸 다행으로 생각해야지ㅋㅋㅋ 그러니까 누가 감히 버스 타고 돌아다니랬노? 부랄 안찌른 걸 감사히 여겨라 이기야	3억이면 서울에서 아파트를 살 수 있습니다. 제가 공무원 5급인데 대출 1억이 나옵니다. 신용대출 별도로 1억 가능합니다. 주택청약 당첨되면 서울 외곽 지역에서 5억짜리를 분양받을 수 있습니다.	0	0	NORMAL	[무해] -> 부동산 정보	악플/욕설
제발 죽어라........제발	신앙의 여부를 떠나서 최소한의 기본 상식조차 없는 모습이 기가 막힙니다. 100% 예방이 된다 해도 분무기를 입에 넣다시피 뿌려대는 행태나 입을 벌리고 서 있는 모습이 경악스럽습니다.	0	0	RELIGION	[무해] -> 종교 행태 비판	악플/욕설
창놈들 주제에 부랄 딸랑이지는 못할망정 품평을 해? 인성의 상태가;	가만히 보니 특정 성향의 언론이 판사의 판결을 성소수자를 옹호하는 듯한 제목을 달아서 사실을 왜곡하고 있네요.	2	2	REGIONAL	[경향친북좌파들] -> 정치 성향 비하 순화	남성
갈수록 최악 ㅋㅋ 나중에 맘충년들 자식들 결혼할 때 어쩌려고 저지랄 떠는지 ㅋㅋ	음주는 했지만 음주운전할 생각은 없었다는 말이 무엇이 다릅니까?	0	0	NORMAL	[무해] -> 논리 비판	여성/가족
시장경제 개념자체가 성경에서 나온 것.보수와 기독교는 뗄레야 뗄 수가 없다.	이 사람 유명합니다. 고령층 중에서도 악질입니다.	2	2	AGE	[틀니충, 악질] -> 연령 비하 멸칭 순화	clean
저래도 아무 문제 없음? 아직도 저러고 있다는소리야 그럼?	조선족과 대화해 보면 알 수 있습니다. 무엇이든 중국이 더 낫다고 자랑합니다. 그럼 왜 한국에 왔는지 의문입니다.	2	2	RACISM	[시발년이] -> 인종 비하 및 욕설 순화	악플/욕설
담 총선때 무조건 이겨서 저새끼들 투표권 회수해야한다시발련들이 한국인도 아니면서 남의나라에서 개지랄을 떨고 있노	대만이나 중국이나 한국이나 다 같은 동아시아인인데 무슨 인종차별입니까?	2	2	RACISM	[씨발, 몽골리안] -> 욕설 및 인종 지칭 순화	인종/국적
이런 사건에 흥분에서 계집들 요구 다들어주니 문제그냥 굴밤이나 먹이고 끝내야지	포즈가 정말 근엄하네요. 옷을 다 벗고 배변해야 합니까?	2	2	SLUR	[존나, 싸야되냐] -> 욕설 및 저속한 표현 순화	여성/가족
안뽑히면 재기하거나 그러면 을매나 좋노 그렇게 되면 앞장서서 한남에게 인형뽑기 전파하겠노	물적 증거가 없으면 저러다 곤란해집니다. 재판에서 지고 명예훼손으로 어려워질 수 있습니다.	2	2	SLUR	[좆된다, 거지될 각] -> 욕설 및 비하적 표현 순화	남성
틀딱들 좆이 서긴 하냐ㅋㅋㅋㅋㅋㅋㅋ	정말 사라져야 할 민족이네요. 특정 지도자는 무엇을 했습니까? 중국인들을 다 처리하지 못했네요.	2	2	RACISM	[마오쪄뚱, 쭝궈 다안죽기고] -> 인종 비하 및 살해 선동 순화	연령
목사란 직업이 사깃꾼, 테러범, 강간범이란 뜻으로 쓰이겠네. ㅋㅋ	기자님, 당신이 이상한 것입니다.	2	2	SLUR	[니가] -> 무례한 어투 순화	종교
중동지역 유물들 다 파괴해서 근본도 없는 잡넘들 더 근본 없게 되는 거 찬성	경상도 지역은 어떤 선택을 해도 결과가 비슷하지 않습니까?	2	2	REGIONAL	[쌍도, 좆같이 굶라도] -> 지역 비하 및 욕설 순화	인종/국적
예수: 엮지마 이단새끼들아!	성매매는 합법화되어야 합니다.	0	0	NORMAL	[무해] -> 정책 제언	악플/욕설
양키든 뭐든 좆놈 미개한건 42언스노	이러면서 호남 차별한다고 비난합니다. 본인들이 이러기 때문입니다. 국가 예산을 더 많이 사용할수록 피해 지역의 반감이 더 커지는 것을 모르는 것 같습니다.	2	2	REGIONAL	[지들이, 나랏돈 더 빨아먹을수록] -> 지역 비하 뉘앙스 순화	남성, 인종/국적
퀴어 축제 반대하면 보수냐? ㅋㅋㅋㅋ	일부 여성은 매일 불려가는 것이 즐거운 사람도 있지 않았을까요?	2	2	GENDER	[년도] -> 여성 비칭 순화	악플/욕설
중간,기말 없다고 공부하지 말라니 말이냐?	한국 여성들을 좀 내보내고 방글라데시 여성들을 데려옵시다.	2	2	GENDER/RACISM	[김치녀들, 델고옵시다] -> 여성 비하 및 인종 비하 뉘앙스 순화	clean
청원 자체가 메갈들 매크로 돌린거	도로에 트럭을 세워놓으면 순간 한눈 팔면 충돌하는 것입니다.	0	0	NORMAL	[무해] -> 교통 안전 지적	여성/가족
무슬림놈 강간 + 임신중단불법 = 좆국 재기똥꼬쇼만큼의 환장의 콜라보다 후팔	로마에 가면 로마 법을 따라야 합니다. 여기는 한국입니다. 이슬람은 안 됩니다.	2	2	RELIGION	[무해] -> 종교 배타 보수적 정제	종교
동탄은 명함 내밀지마라 걍 거지동네니까	(차단된 문장입니다)	1	5	GENDER/RELIGION	[이놈 저놈한테 몸팔다가, 창녀 아들, 대가리 왜 달고] -> 종교 창시자 및 신도에 대한 극단적 모욕으로 차단	지역
성소수자는 무슨;; 씨발 그럼 페도필리아에 뭐 이상한 페티시즘있는놈들도 다 성소수자라고 해야지 더러운 게이씹새끼들	당신은 착한 여성이네요. 그래도 사귀지는 못하겠습니다.	0	0	NORMAL	[무해] -> 일상적 거절	성소수자
신속한 남성가족부 신설이 필요하다. 암닭이 울면 집안이 망한다던데 지금 나라가 망조되는구나	남성들이 정말 문제네요. 이 땅에는 극단적인 체형만 넘칩니다.	2	2	GENDER	[후팔, 멸치랑 거유돼지] -> 남성 비칭 및 신체 비하 순화	여성/가족
게이새끼들이 일부러 저짓하는거 같기도 하네	얼굴이 뛰어나면 커버 가능할 것 같은데요.	2	2	SLUR	[ㅅㅌㅊ] -> 비속어 정제	성소수자
ㅇㄱㄹㅇ계산적이니까 돈돈 거리고 돈안쓴다 지랄하지	일단락되었습니까? 일반 사건이라 해도 정말 빠르네요.	0	0	NORMAL	[무해] -> 일상적 감상	악플/욕설
저런년이랑 같이 한표라니	저 의원은 그냥 기회주의자입니다. 슬슬 공론화될 것 같으니까 이 기회에 인지도를 높이겠다고 하는 것뿐입니다.	2	2	SLUR	[지랄하는] -> 욕설 정제	악플/욕설
중개지검 드럽다..이 것들은 검개놀이가 평생 갈줄 아냐..정신차려라	가난한 사람들이 교회에서 식사를 하려면 최소 5천 원 정도는 내고 먹어야 합니다. 종교를 떠나서 상도덕이라는 것이 있어야 합니다.	2	2	SLUR	[거렁뱅이새끼들, 쳐먹으려면, 씨발] -> 빈곤 비하 및 욕설 순화	악플/욕설
동성애가 허용된다면 나라의 혼란이 일어날것입니다	화교들이 더 심각합니다. 이들은 한국 국적으로 중국 간첩 활동을 합니다.	2	2	RACISM	[화교새끼들, 이새끼들] -> 인종/국적 비하 멸칭 순화	성소수자
군대갓다오고 알바구할라는데 면접 보러가면 죄다 여자만 뽑을려는거 사장들이 티존나냄ㅋㅋ남자는 노가다같은 힘든거나 하라 이거지뭐 시발ㅋㅋ	병역 기피네요. 우리나라도 전쟁이 나면 저런 사람들이 정말 많을 것 같습니다. 난민이라며 징징거릴 것입니다.	2	2	SLUR	[시발, 저런새끼들, 존나] -> 욕설 정제	악플/욕설
띵문 퍼가노	정신 질환자도 제대로 돌보지 못하는데 성소수자를 챙기기를 바랍니까? 당신들은 인권이라는 것을 가지고 태어나서 병원에 돈 주고 판 사람들입니다. 무엇을 바랍니까?	2	2	LGBTQ	[젠신병자, 니들은, 놈들이노, 뭘바라노] -> 성소수자 비하 및 커뮤니티 말투 순화	clean
거참... 맞는 말도 아 다르고 어 다른데... 그냥 사과 좀 하시지...	철없는 아이들이 일을 저질러 놓고 죄 없는 아기가 무슨 죄입니까? 차라리 위탁 시설로 보내세요. 아이 아버지라는 인간도 강한 처벌을 받기를 바랍니다.	0	0	NORMAL	[무해] -> 사건 비판	clean
아이들에게 구강성교 교육을 하는 지경까지 이르게 한 성평등의 실체 정말 기가 막힙니다. 세상이 어찌 되려고... 이런 ..... 아이를 키우는 엄마로써 말이 안나옵니다... 정말.... 아... 대한민국만은 이렇게 되면 안됩니다	여성을 심하게 비난하는 곳인데 또 여성의 입맛에 맞추려고 눈치를 보며 아첨하는 보수 성향 인사들이 참 멀고도 험한 길을 가고 있네요.	2	2	GENDER	[겁나게 욕하는, 보빨하는] -> 여성 비하 및 비속어 순화	성소수자
이마저도 이탈리아나 캐나다 같은 국가로 거쳐서 가면 어쩌려나	저것이 왜 여성주의입니까?	0	0	NORMAL	[무해] -> 일상적 질문	clean
가려도 못생겼노	장애인 표시가 무엇입니까?	0	0	NORMAL	[무해] -> 일상적 질문	악플/욕설
못생겨서 페미가 되는것인가? 페미라서 못생겨지는것인가.	여성주의는 남성의 관심을 갈구하는 왜곡된 표현에 불과합니다. 본인들이 원하던 성범죄로부터의 안전을 남성들이 스스로 제공하겠다고 해도 정작 불안해하는 여성주의자들을 보십시오.	2	2	GENDER	[무해] -> 여성주의 비판 보수적 정제	여성/가족
라도 사절	안산 지역에 가보십시오. 외국인 2세들의 상황이 심각합니다. 특히 유럽 쪽 말입니다.	2	2	RACISM	[끝장난다, 쥬럽쪽] -> 인종 비하 뉘앙스 순화	지역
똥남아 짱개 좇선족 전라도는 한새끼도 남김없이 쳐 죽여야 한다	이미 전투력도 특정 커뮤니티를 넘어섰습니다. 그 커뮤니티는 오히려 애교 수준입니다.	0	0	NORMAL	[무해] -> 커뮤니티 비교	인종/국적
개슬람새끼들 뿌린대로 걷네 ㅋㅋㅋㅋㅋㅋㅋ 개꿀	제대로 된 제품이 나오길 기대합니다.	2	2	SLUR	[후팔, 생체딜도] -> 욕설 및 저속한 성적 표현 순화	종교
역차별하는 이법안이 통과되는 것을 그냥 지켜보고만 있을 수는 없습니다!!!	유령 같네요.	0	0	NORMAL	[무해] -> 일상적 감상	인종/국적
생긴게 꼭 스가요시히데 왜국 총리 젊은 시절이다!	(차단된 문장입니다)	1	5	GENDER	[자존심만 쎄고, 깡다구 있는 몸종년, 병신년들, 못난년들] -> 여성 전체에 대한 극단적 비하 및 모욕으로 차단	인종/국적
나 뒷부분이었는데 문재앙 사형도 외쳤었노	이번 시험 때 해당 공식을 활용해야겠네요.	2	2	SLUR	[시발, 이브금] -> 욕설 정제	악플/욕설
똥꼬 확 찢어브릴라 ㅎㅎ 얼렁 꺼져라 알짱대지좀말고	클라인펠터 증후군 같네요.	0	0	NORMAL	[무해] -> 의학 용어	악플/욕설
울산에 대학병원 1개 밖에 없는데 울산대학병원 ㅋㅋㅋㅋㅋ 그런데 울산의 한 대학병원이라 적어놨네 ㅋㅋㅋㅋㅋㅋㅋ	호남 지역 출신이었군요.	2	2	REGIONAL	[홍어새끼] -> 지역 비하 멸칭 순화	clean
어떤 이슬람교인은 돼지 먹으면서 내가 지금먹는건 닭이다하고 그냥 먹는다던데 ㅋㅋㅋㅋ	창원 지역 분들, 힘내세요. 저는 아직 근무 중입니다. 방학하거나 휴가 중인 분들이 지원 좀 해주세요. 경상도 우리 아니겠습니까?	2	2	REGIONAL	[게이야, 게이새키들, 으리 아잉교] -> 지역 방언 및 비칭 순화	인종/국적, 종교
무슬림 문제다 문제...이건 도저히 개돼지 보다도 못하니...	제 돈인데 아쉽네요.	0	0	NORMAL	[무해] -> 일상적 아쉬움	인종/국적, 종교
조용히 일베만 누르겠습니다 ^^	그냥 한국어를 하는 중국인일 뿐입니다. 그 이상도 이하도 아닙니다.	2	2	RACISM	[짱깨] -> 인종/국적 비하 멸칭 순화	clean
목사님 노조라뇨...기가 막히네요 진짜 세상말세네	나이 든 일본 여성을 데리고 25살이라고 거짓말해서 속이려고 한 것이네요. 이해해 주세요. 고령의 배우자와 살아야 하니까요.	2	2	RACISM/GENDER/AGE	[나이쳐먹은 스시녀, 일베쳐먹을려고, 상폐] -> 인종/성별/연령 비하 멸칭 순화	기타 혐오
동성애 = 일종의 성병으로 분류했으면좋겠다. 정신학적인 병	얼굴만 알려지지 않았어도, 군인만 아니었어도 극단적 선택을 하지는 않았을 것 같습니다. 얼굴이 알려져서 취업이 불가능하다는 것을 직감하고 모든 것을 내려놓은 것 같네요.	0	0	NORMAL	[무해] -> 사건 분석	성소수자
상대적이라는 말인게 개소리인게10억 가진 사람이 15억 가진 사람보다 상대적으로 가난하지만100만원 가진 사람이 90만원 가진 사람보다 상대적으로 부자임절대적으로 평가할일을 상대적으로 평가하고 저지랄임 한마디로 개씹소리	성적 흥분 상태여서 예민했나 봅니다.	2	2	GENDER	[몽정해서, 보지] -> 남성 신체 및 여성 비칭 순화	악플/욕설
마포꿀주먹	미국인들에 대한 분노가 대단하시네요. 한복을 입은 사람이 아니라 미국인을 비난해야 한다고 주장하시는군요.	2	2	RACISM	[마더 빠커 좆양키 시발놈, 개량한복, 개새끼, 똥구멍, 좆같은 빠킹 양키] -> 인종 비하 멸칭 및 욕설 순화	clean
기더기들이 득시글 득시글 빨리 박멸되야	아미타불 관세음보살.	0	0	NORMAL	[무해] -> 종교적 기원	기타 혐오
솔까 단일민족 아니어서 ㅈㅎ우리한텐 일본과 몽골의피가 섞여있지	(차단된 문장입니다)	1	5	LGBTQ	[후장에 금테둘렀냐, 빨아주는, 게이즈걸려서 재기] -> 성소수자에 대한 성적 모욕 및 자살 조롱으로 차단	clean
자아분열도 정도껏하지 23부랄스노	3억이면 서울에서 아파트를 살 수 있습니다. 제가 공무원 5급인데 대출 1억이 나옵니다. 신용대출 별도로 1억 가능합니다. 주택청약 당첨되면 서울 외곽 지역에서 5억짜리를 분양받을 수 있습니다.	0	0	NORMAL	[무해] -> 부동산 정보	악플/욕설
부적이냐 씨팔 ㅋㅋㅋㅋㅋㅋㅋㅋㅋㅋㅋㅋㅋㅋㅋ 멍청돋노	신앙의 여부를 떠나서 최소한의 기본 상식조차 없는 모습이 기가 막힙니다. 100% 예방이 된다 해도 분무기를 입에 넣다시피 뿌려대는 행태나 입을 벌리고 서 있는 모습이 경악스럽습니다.	0	0	RELIGION	[무해] -> 종교 행태 비판	악플/욕설
페미년들 탈코르셋 응원한다	가만히 보니 특정 성향의 언론이 판사의 판결을 성소수자를 옹호하는 듯한 제목을 달아서 사실을 왜곡하고 있네요.	2	2	REGIONAL	[경향친북좌파들] -> 정치 성향 비하 순화	여성/가족
한남들 조와하겠는데? 한남에게 여행추천은 러시아로 해야겠다. 며칠전에 뭐 한국남자가 러시아여자한테 인기있다고 그러던데 러시아가 한남 여행지로 딱이겠노	음주는 했지만 음주운전할 생각은 없었다는 말이 무엇이 다릅니까?	0	0	NORMAL	[무해] -> 논리 비판	남성, 인종/국적
"조선족 인육문화, 장기적출도 다문화로 받아들여야 한다""정치인중에 이런말할 새끼 꼭 나올거 같다."	이 사람 유명합니다. 고령층 중에서도 악질입니다.	2	2	AGE	[틀니충, 악질] -> 연령 비하 멸칭 순화	인종/국적
니 얼굴봐라 여군들이 너하고 샤워실 같이 쓰겠냐	조선족과 대화해 보면 알 수 있습니다. 무엇이든 중국이 더 낫다고 자랑합니다. 그럼 왜 한국에 왔는지 의문입니다.	2	2	RACISM	[시발년이] -> 인종 비하 및 욕설 순화	악플/욕설
부산4호선까지 있다	대만이나 중국이나 한국이나 다 같은 동아시아인인데 무슨 인종차별입니까?	2	2	RACISM	[씨발, 몽골리안] -> 욕설 및 인종 지칭 순화	clean
띠요오오옹~ 아이고 형냐들 지들만 왕따시켜서 삐져부럿노? 갓치끼리 사귀는 건 응원하는데 자지달린 새끼들끼리 사귀는 건 똥물내 나는데 병신새끼들아	포즈가 정말 근엄하네요. 옷을 다 벗고 배변해야 합니까?	2	2	SLUR	[존나, 싸야되냐] -> 욕설 및 저속한 표현 순화	성소수자
동성애자 차별금지는 찬성. 나머지는 전부 반대.	물적 증거가 없으면 저러다 곤란해집니다. 재판에서 지고 명예훼손으로 어려워질 수 있습니다.	2	2	SLUR	[좆된다, 거지될 각] -> 욕설 및 비하적 표현 순화	기타 혐오
유럽에 정착한 대부분의 무슬림들은유럽인화 되고 있고 기독교를 받아들이는 비율도 유럽인보다 높아.적응하지 못한 극소수 무슬림들이 극단주의 이슬람 사상에 빠지는 거다.	정말 사라져야 할 민족이네요. 특정 지도자는 무엇을 했습니까? 중국인들을 다 처리하지 못했네요.	2	2	RACISM	[마오쪄뚱, 쭝궈 다안죽기고] -> 인종 비하 및 살해 선동 순화	clean
ㄹㅇ 저 븅신들 진짜...... 정신못차리네. 흑사병 한번 더 터져야되나? 난민 새끼들때문에 나라 좆되도 정신못차림ㅋㅋㅋㅋㅋㅋㅋ 저러니 히틀러한테 따먹혔지 ㅉㅉ	기자님, 당신이 이상한 것입니다.	2	2	SLUR	[니가] -> 무례한 어투 순화	인종/국적
아!!!! 그냥 너거끼리 살어.	경상도 지역은 어떤 선택을 해도 결과가 비슷하지 않습니까?	2	2	REGIONAL	[쌍도, 좆같이 굶라도] -> 지역 비하 및 욕설 순화	악플/욕설
난 파란눈	성매매는 합법화되어야 합니다.	0	0	NORMAL	[무해] -> 정책 제언	clean
이게 기사야 소설이야 ㅡㅡ 기자하지말고 소설가나 하세여	이러면서 호남 차별한다고 비난합니다. 본인들이 이러기 때문입니다. 국가 예산을 더 많이 사용할수록 피해 지역의 반감이 더 커지는 것을 모르는 것 같습니다.	2	2	REGIONAL	[지들이, 나랏돈 더 빨아먹을수록] -> 지역 비하 뉘앙스 순화	악플/욕설
왜 난민을 깨끗하고 착한놈들로 포장하지? ㅋㅋ	일부 여성은 매일 불려가는 것이 즐거운 사람도 있지 않았을까요?	2	2	GENDER	[년도] -> 여성 비칭 순화	인종/국적
부산시내는 유료도로 아닌 다리가 찾아보기 힘든데 전라도 다리는 ㅋㅋㅋㅋ 수십개 죄다무료	한국 여성들을 좀 내보내고 방글라데시 여성들을 데려옵시다.	2	2	GENDER/RACISM	[김치녀들, 델고옵시다] -> 여성 비하 및 인종 비하 뉘앙스 순화	지역
벨본 하고 시드니는 김치년들이 돈있는 새끼들이랑 동거 많이 한다고 들었다. 김치년들이 짱개 하고 동거 하는거 봤냐?소문으로는 그렇다고 하는데.	도로에 트럭을 세워놓으면 순간 한눈 팔면 충돌하는 것입니다.	0	0	NORMAL	[무해] -> 교통 안전 지적	여성/가족, 인종/국적
지동생은 손안대고 남만 조지네 미개양키새끼	로마에 가면 로마 법을 따라야 합니다. 여기는 한국입니다. 이슬람은 안 됩니다.	2	2	RELIGION	[무해] -> 종교 배타 보수적 정제	인종/국적
시발 노짤 글 몇 줄 뇌피셜로 쳐 싸갈겨놓은게 일베올라오네장하다 틀니새끼들아가서 2016년도 이전 일베글 찾아보고 지금 일베 수준이랑 비교해봐라	(차단된 문장입니다)	1	5	GENDER/RELIGION	[이놈 저놈한테 몸팔다가, 창녀 아들, 대가리 왜 달고] -> 종교 창시자 및 신도에 대한 극단적 모욕으로 차단	연령
맞노 좆돌은 와꾸상폐 폐기물나이되서도 흉자들이 앵나오게 빨아준다이니야 사생대회 놈딱 기대된다이기	당신은 착한 여성이네요. 그래도 사귀지는 못하겠습니다.	0	0	NORMAL	[무해] -> 일상적 거절	여성/가족, 연령
마누라도 아니고 왜 물어줌? 지가 필요할때만 기대는 년들 ㅈㄴ 개짜증남 ㅋㅋㅋㅋㅋ	남성들이 정말 문제네요. 이 땅에는 극단적인 체형만 넘칩니다.	2	2	GENDER	[후팔, 멸치랑 거유돼지] -> 남성 비칭 및 신체 비하 순화	여성/가족
대구아재 게이들 멋지다!라도에선 찾아볼수 없는 모습아인교	얼굴이 뛰어나면 커버 가능할 것 같은데요.	2	2	SLUR	[ㅅㅌㅊ] -> 비속어 정제	지역
난 첨에 ㅇ지성으로 생각했었노이기 ^느^	일단락되었습니까? 일반 사건이라 해도 정말 빠르네요.	0	0	NORMAL	[무해] -> 일상적 감상	clean
부랄치기 느낌도 안오노 한남들아 좀 키워봐	저 의원은 그냥 기회주의자입니다. 슬슬 공론화될 것 같으니까 이 기회에 인지도를 높이겠다고 하는 것뿐입니다.	2	2	SLUR	[지랄하는] -> 욕설 정제	남성
ㅋㅋㅋㅋ기억나노	가난한 사람들이 교회에서 식사를 하려면 최소 5천 원 정도는 내고 먹어야 합니다. 종교를 떠나서 상도덕이라는 것이 있어야 합니다.	2	2	SLUR	[거렁뱅이새끼들, 쳐먹으려면, 씨발] -> 빈곤 비하 및 욕설 순화	clean
근디 다문화는 여야 합심해서 밀고 있어서 ... 좆된 거 같음..	화교들이 더 심각합니다. 이들은 한국 국적으로 중국 간첩 활동을 합니다.	2	2	RACISM	[화교새끼들, 이새끼들] -> 인종/국적 비하 멸칭 순화	인종/국적
정책대로 일 집행해야 할 놈이 법 어겨버렸노. 여윽시 자댕이는 일을 시키면 안된다이기야.	병역 기피네요. 우리나라도 전쟁이 나면 저런 사람들이 정말 많을 것 같습니다. 난민이라며 징징거릴 것입니다.	2	2	SLUR	[시발, 저런새끼들, 존나] -> 욕설 정제	남성
이제야 제대로 돌아갈락말락하노 나만 좆놈들이랑 대화하기 피곤할수야 없지 너좆들도 피곤해해라 깔깔깔깔깔	정신 질환자도 제대로 돌보지 못하는데 성소수자를 챙기기를 바랍니까? 당신들은 인권이라는 것을 가지고 태어나서 병원에 돈 주고 판 사람들입니다. 무엇을 바랍니까?	2	2	LGBTQ	[젠신병자, 니들은, 놈들이노, 뭘바라노] -> 성소수자 비하 및 커뮤니티 말투 순화	남성
가위충은 괜찮노??	철없는 아이들이 일을 저질러 놓고 죄 없는 아기가 무슨 죄입니까? 차라리 위탁 시설로 보내세요. 아이 아버지라는 인간도 강한 처벌을 받기를 바랍니다.	0	0	NORMAL	[무해] -> 사건 비판	성소수자
이련아 중간에 상폐새끼 좀 지워라 눈갱당해뿟노 광광	중간에 고령자 사진 좀 지워 주세요. 보기 불편합니다.	2	2	AGE	[상폐새끼, 눈갱당해뿟노] -> 연령 비하 멸칭 및 커뮤니티 말투 순화	연령
전라도음식	호남 지역 음식이네요.	0	0	NORMAL	[무해] -> 지역 음식 언급	clean
쿵쾅이들좀 어떻게 해봐라 집에서 족발 3마리 쳐먹을시간에 운동좀 해라 제발	체중이 많이 나가는 사람들을 좀 어떻게 해보세요. 집에서 족발 먹을 시간에 운동 좀 하세요.	2	2	GENDER	[쿵쾅이들, 쳐먹을시간] -> 여성 비하 멸칭 및 비속어 순화	여성/가족
또 586이야??? 징글징글하네	또 특정 세대입니까? 정말 지겹네요.	2	2	AGE	[586이야] -> 세대 비하 순화	연령
여경은 안뒤졌냐? ㄲㅂ	여성 경찰은 다치지 않았습니까?	2	2	GENDER	[안뒤졌냐, ㄲㅂ] -> 여성 비칭 및 욕설 순화	여성/가족
가다실을 안맞은병신	백신을 접종하지 않은 사람이네요.	2	2	SLUR	[병신] -> 욕설 정제	악플/욕설
고재기 이쌔끼는 부관참시 후에 똥꼬충들한테 먹이로 줘도 부족한 버러지새끼다 철근형냐가 후장 뜷어놨으니 똥꼬충들한테 6969번 개통당할 일만 남은듯	(차단된 문장입니다)	1	5	LGBTQ	[똥꼬충들한테 먹이로, 후장 뜷어놨으니, 6969번 개통] -> 성소수자에 대한 극단적 성적 모욕 및 폭력 묘사로 차단	성소수자
주면 맛있게먹을거다	주시면 맛있게 먹겠습니다.	0	0	NORMAL	[무해] -> 일상적 감사	clean
배는있냐? 기름으로 움직이는거	배는 있습니까? 기름으로 움직이는 것 말입니다.	0	0	NORMAL	[무해] -> 일상적 질문	clean
바른 정보 감사합니다. 많은 동성애자들이 사망의 길에서 돌이키길 원합니다	올바른 정보 감사합니다. 많은 성소수자들이 위험한 길에서 돌이키길 바랍니다.	2	2	LGBTQ	[사망의 길] -> 성소수자 비하 뉘앙스 순화	성소수자
Oh My God !!!	Oh My God !!!	0	0	NORMAL	[무해] -> 일상적 감탄	clean
저런 곳을 가는 사람들이 있다는게 이상한거 ~	저런 곳을 가는 사람들이 있다는 것이 이상합니다.	0	0	NORMAL	[무해] -> 일상적 의구심	악플/욕설
수업중인 나머지 65명에게 피해가 간다고 나가서 해달라는데 참 ㅋㅋㅋㅋ	수업 중인 나머지 65명에게 피해가 간다고 나가서 해달라는데 참 어이가 없네요.	0	0	NORMAL	[무해] -> 상황 비판	clean
돈주고 스섹하는게 왜 잘못됬냐 물어보면 답못함그냥 경찰들도 잡아놓고 사적인거 침해하면서 잘못했다고 몰아가고	돈을 주고 성관계를 하는 것이 왜 잘못되었는지 물어보면 답을 못합니다. 경찰들도 잡아놓고 사생활을 침해하면서 잘못했다고 몰아갑니다.	0	0	NORMAL	[무해] -> 법 집행 비판	clean
어이가 없다	어이가 없습니다.	0	0	NORMAL	[무해] -> 일상적 감정	clean
걍세상이 전부똥꼬충이였으면 좋겠다 그래야 남자들이 보빨도안해서 권위도 내려가고	세상이 전부 성소수자였으면 좋겠습니다. 그래야 남성들의 권위도 내려갈 것입니다.	2	2	LGBTQ/GENDER	[똥꼬충, 보빨도안해서] -> 성소수자 비하 및 비속어 순화	여성/가족, 성소수자
DLC 이만갑	DLC가 대단하네요.	0	0	NORMAL	[무해] -> 일상적 감상	clean
"주작이야 빼애액!!!!!!!!!!!"" : 여자가 감히 남자 고추때메 헤어지려하다니 이게 말이되? 거짓말치지마 군쾅군쾅"	조작이라고 주장하시네요. 여성이 감히 남성의 신체 때문에 헤어지려 한다는 것이 말이 되냐며 거짓말하지 말라고 하시는군요.	2	2	GENDER	[주작, 빼애액, 고추, 군쾅군쾅] -> 성별 비하 및 신체 조롱 순화	남성, 기타 혐오
한국에서 정상적인 페미가 어딨냐..	한국에서 정상적인 여성주의자가 어디 있습니까?	2	2	GENDER	[무해] -> 여성주의 비판 보수적 정제	여성/가족
저런식으로 하면 중도입장이던 사람들도 돌아선다는걸 모르는건가?	저런 식으로 하면 중도 입장이던 사람들도 돌아선다는 것을 모르는 것 같습니다.	0	0	NORMAL	[무해] -> 전략 비판	악플/욕설
여자끼리는 해봐야 뭘하겠냐근데 꼬추새끼들은 더럽게 똥구멍에 쳐박아대니까 문제	여성 간의 관계는 해봐야 무엇을 하겠습니까? 하지만 남성들은 더럽게 항문에 삽입하니까 문제입니다.	2	2	LGBTQ/GENDER	[꼬추새끼들, 똥구멍에 쳐박아대니까] -> 성소수자 비하 및 저속한 성적 묘사 순화	성소수자
이건 무함마드 말도 들어봐야한다	이것은 상대방의 말도 들어봐야 합니다.	0	0	NORMAL	[무해] -> 공정성 주장	clean
뭔 개 병신소리야. 식고자라	무슨 어처구니없는 소리입니까? 침착하십시오.	2	2	SLUR	[개 병신소리, 식고자라] -> 욕설 정제	악플/욕설
내부결속과 놀라운 이미지를 구축하는 한국교회 되길 기도합니다	내부 결속과 긍정적인 이미지를 구축하는 한국 교회가 되길 기도합니다.	0	0	NORMAL	[무해] -> 종교적 기원	clean
개슬람 되든말든 어차피 망할 나란데 뭐 ㅋㅋㅋ 개슬람 되면 남자들이야 편하지 ㅋㅋㅋ	이슬람이 되든 말든 어차피 망할 나라인데 무엇이 중요합니까? 이슬람이 되면 남성들이야 편하겠지요.	2	2	RELIGION/GENDER	[개슬람] -> 종교 비하 멸칭 순화	종교
페미, PC 이런 불필요한 것들이 사회를 더욱 폐쇄적으로 만든다.	여성주의나 정치적 올바름 같은 불필요한 것들이 사회를 더욱 폐쇄적으로 만듭니다.	2	2	GENDER	[무해] -> 여성주의 비판 보수적 정제	여성/가족
진정한 기독교인이 어디있냐 ㅋ	진정한 기독교인이 어디 있습니까?	0	0	RELIGION	[무해] -> 종교 비판	종교
전세계에는 무술림애들,짱골라,히스패닉 이정도밖에 안남을걸	전 세계에는 무슬림, 중국인, 히스패닉 정도밖에 남지 않을 것입니다.	2	2	RACISM/RELIGION	[무술림애들, 짱골라] -> 인종/종교 비하 멸칭 순화	인종/국적
잘 읽었다.저쪽 진영에서 애용되는, '모 선진국이 (성 관련 이슈에 대해) 이렇게 하고 있으니 우리도 하자' 식의 주장으로부터 대한민국을 어떻게 지킬 것인지... 관련 전문가 뿐만 아니라 다들 함께 고민해야 한다고 생각해	잘 읽었습니다. 특정 진영에서 애용되는 '선진국이 이렇게 하고 있으니 우리도 하자' 식의 주장으로부터 대한민국을 어떻게 지킬 것인지 함께 고민해야 한다고 생각합니다.	0	0	NORMAL	[무해] -> 정책 비판	clean
다문화ㅅㅂ	다문화 정책이 정말 문제입니다.	2	2	RACISM	[ㅅㅂ] -> 욕설 정제	인종/국적
한남들 살점 손톱깎이로 조금씩 잘라서 재기시키고싶^노^	(차단된 문장입니다)	1	5	GENDER	[한남들 살점 손톱깎이로 조금씩 잘라서 재기시키고싶] -> 남성 전체에 대한 잔혹한 고문 및 살해 위협으로 차단	남성
소아성애자랑 엮는건 아닌듯어린애들은 자가판단을 못하잖아	소아성애자와 연관 짓는 것은 적절하지 않습니다. 어린아이들은 스스로 판단할 수 없으니까요.	0	0	NORMAL	[무해] -> 논리적 구분	clean
에이 주작이겠지 전주에 적하반장 맘충.....사이언스지 논문이냐?	조작이겠지요. 전주에 특정 부모가 있다는 것이 과학 논문입니까?	2	2	GENDER	[적하반장 맘충] -> 부모 비하 멸칭 순화	여성/가족
착슬죽슬착한좆슬람은 죽은좆슬람뿐이다아니 좆슬람새끼 착하게해줬는데 무'슨'범죄노	착한 무슬림은 죽은 무슬림뿐입니다. 아니, 무슬림들을 착하게 대해줬는데 무슨 범죄를 저지르는 것입니까?	2	2	RELIGION	[착슬죽슬, 좆슬람, 좆슬람새끼] -> 종교 비하 멸칭 순화	인종/국적, 종교
점점 추해지는구나 ㅉㅉㅉ	점점 추해지는군요.	0	0	NORMAL	[무해] -> 일상적 평가	clean
한남 얼굴 난도질하면 기분 개좋노	(차단된 문장입니다)	1	5	GENDER	[한남 얼굴 난도질하면 기분 개좋노] -> 남성에 대한 폭력 선동 및 위협으로 차단	남성
존나 이럴때만 국공합작하더라;;;;;	이럴 때만 국공 합작을 하더군요.	2	2	SLUR	[존나] -> 욕설 정제	악플/욕설
어린이집다닐 나이면 기억도 나중에 남아있을텐데	어린이집 다닐 나이면 기억도 나중에 남아있을 것입니다.	0	0	NORMAL	[무해] -> 일상적 추측	clean
왜 성소수자가 무슬림을 지지하냐? ㄸㄲ충들 사형시키라는 종교인데	왜 성소수자가 무슬림을 지지합니까? 성소수자를 사형시키라는 종교인데 말입니다.	2	2	LGBTQ/RELIGION	[ㄸㄲ충들] -> 성소수자 비하 멸칭 순화	성소수자
둘다 문제다똥꼬충 ++ 무슬림	둘 다 문제입니다. 성소수자와 무슬림 모두 말입니다.	2	2	LGBTQ/RELIGION	[똥꼬충] -> 성소수자 비하 멸칭 순화	성소수자, 종교
중좆 일좆도 저 지랄은 안한다. 뇌가리에 뭔 병이 있으면 저런 혐오민폐질이노 한남유전자	중국이나 일본도 저런 행동은 하지 않습니다. 뇌에 무슨 문제가 있으면 저런 혐오 행위를 하는 것입니까? 한국 남성의 유전자 문제입니다.	2	2	GENDER/RACISM	[중좆 일좆, 지랄, 혐오민폐질이노, 한남유전자] -> 인종/성별 비하 멸칭 순화	남성, 인종/국적
똥꼬충들 개독이랑 배틀로얄시켜야함	성소수자들과 기독교인들을 대결시켜야 합니다.	2	2	LGBTQ/RELIGION	[똥꼬충들, 개독, 배틀로얄] -> 성소수자 및 종교 비하 멸칭 순화	성소수자, 종교
시발 보빨의 혁명이다감성도 주고 이익도 취하다니 역시 석유코쟁이 논리 클라스가 다르내	정말 대단한 전략이네요. 감성도 주고 이익도 취하다니 역시 특정 집단의 논리 수준이 다르군요.	2	2	GENDER	[시발, 보빨의 혁명, 석유코쟁이] -> 욕설 및 비하적 지칭 순화	여성/가족
축하하노 이참에 미래 의사들을 위해서 카데바로 갖다줘라 이기	축하합니다. 이참에 미래 의사들을 위해서 시신으로 기증하세요.	2	2	SLUR	[-하노, 카데바, 이기] -> 커뮤니티 말투 및 무례한 표현 순화	악플/욕설
이나라가 진짜 미쳤군 ㅋㅋ	이 나라가 진짜 미쳤군요.	0	0	NORMAL	[무해] -> 사회 비판	악플/욕설
당연히 할 수 있노 ^느^ 아직 도덕 못버린 웜년들이 도와주겠노	당연히 할 수 있습니다. 아직 도덕을 버리지 못한 여성들이 도와줄 것입니다.	2	2	GENDER	[^느^, 웜년들] -> 여성 비칭 및 커뮤니티 말투 순화	clean
쟤네들 어머니 내일 아침 녹색어머니 해야되서 평소보다 더 일찍 일어나야함.	그 아이들의 어머니는 내일 아침 녹색어머니 활동을 해야 해서 평소보다 더 일찍 일어나야 합니다.	0	0	GENDER	[무해] -> 일상적 상황	여성/가족
헌법 제 20조를 씹어드시는 전 국회의원 후보자.... 이 정도면 국가보안법 적용해서 구속 시켜야하는거 아닌가 싶기도	헌법 제20조를 무시하는 전 국회의원 후보자입니다. 이 정도면 국가보안법을 적용해서 구속시켜야 하는 것 아닙니까?	0	0	NORMAL	[무해] -> 법적 비판	악플/욕설
네다음여중생피떡갈비~네다음부산문재인지지율1위~네다음임금수준최하위머구~	부산 지역의 특정 정치인 지지율이나 임금 수준 등을 비꼬며 조롱하고 계시네요.	2	2	REGIONAL	[여중생피떡갈비, 네다음] -> 지역 비하 및 조롱 순화	지역
나는 존나게 해도 동수저찍고 뒤지겠네 ㅋ	저는 아무리 열심히 해도 가난하게 살다가 죽겠네요.	2	2	SLUR	[존나게, 동수저, 뒤지겠네] -> 욕설 및 비속어 순화	clean
우리나라 기득권의 철통디펜스를 우습게보지마라	중간에 고령자 사진 좀 지워 주세요. 보기 불편합니다.	2	2	AGE	[상폐새끼, 눈갱당해뿟노] -> 연령 비하 멸칭 및 커뮤니티 말투 순화	clean
대다수의 개독떡사를 따르는 흔한개독신도가 소수있는 목사님을 망치로 폭행한거	호남 지역 음식이네요.	0	0	NORMAL	[무해] -> 지역 음식 언급	종교
왜 요새는 몇백명 단위로 화끈하게 죽는거 안나오냐...존나 무료하네	체중이 많이 나가는 사람들을 좀 어떻게 해보세요. 집에서 족발 먹을 시간에 운동 좀 하세요.	2	2	GENDER	[쿵쾅이들, 쳐먹을시간] -> 여성 비하 멸칭 및 비속어 순화	악플/욕설
뚱뚱한 나의여자친구 살좀빼랬더니 갈수록 가슴살만 빠지고 이러면 안되겠다 싶어 다시먹였더니 그나마 없었던 배만 나오더랍니다. COOL, 칼로리	또 특정 세대입니까? 정말 지겹네요.	2	2	AGE	[586이야] -> 세대 비하 순화	여성/가족
바람피는중인데 선물안줘서 삐져가지고 뺨떄리니까 남자가 빡쳐서 니킥꽂음	여성 경찰은 다치지 않았습니까?	2	2	GENDER	[안뒤졌냐, ㄲㅂ] -> 여성 비칭 및 욕설 순화	clean
사람은 서울로 말은 제주도로 짱깨는 광주로	백신을 접종하지 않은 사람이네요.	2	2	SLUR	[병신] -> 욕설 정제	인종/국적, 지역
끼리끼리 뭐하냐 ㅋ	(차단된 문장입니다)	1	5	LGBTQ	[똥꼬충들한테 먹이로, 후장 뜷어놨으니, 6969번 개통] -> 성소수자에 대한 극단적 성적 모욕 및 폭력 묘사로 차단	악플/욕설
전세계가 코로나 바이러스로 힘들어 하고 있습니다. 특히 우리나라 방역당국와 의료진 여러분께 언제나 응원을 보내고 항상 감사의 마음을 갖고 있습니다. 다들 힘내시기 바랍니다.	주시면 맛있게 먹겠습니다.	0	0	NORMAL	[무해] -> 일상적 감사	clean
최근 한 달간 본 글 중에 최고의 아이디어다	배는 있습니까? 기름으로 움직이는 것 말입니다.	0	0	NORMAL	[무해] -> 일상적 질문	clean
ㅋㅋㅋ까고있네착한척오지구여	올바른 정보 감사합니다. 많은 성소수자들이 위험한 길에서 돌이키길 바랍니다.	2	2	LGBTQ	[사망의 길] -> 성소수자 비하 뉘앙스 순화	악플/욕설
ㄹㅇ 개극혐이다 ㅋㅋㅋㅋㅋㅋㅋㅋ남자인데페미 도태된 븅신새끼 아님? 나는 학부모 되니깐 여자들이 얼마나 존나 무서운 아동학대범들인지 알게됐다 시발년들	Oh My God !!!	0	0	NORMAL	[무해] -> 일상적 감탄	여성/가족
가사하는거랑 사화생활하는거랑은 진짜 천지차이임 보지년들한테 물어봐라 ㅋㅋ 10에 9는 가사한다카지	저런 곳을 가는 사람들이 있다는 것이 이상합니다.	0	0	NORMAL	[무해] -> 일상적 의구심	여성/가족
막짤 개무서워 ㅋㅋㅋ	수업 중인 나머지 65명에게 피해가 간다고 나가서 해달라는데 참 어이가 없네요.	0	0	NORMAL	[무해] -> 상황 비판	clean
때린건 100% 잘못인데 이렇게 들어보니까 베트콩년도 개썅년이네. 남자 구속되면 튈라고 기획한듯	돈을 주고 성관계를 하는 것이 왜 잘못되었는지 물어보면 답을 못합니다. 경찰들도 잡아놓고 사생활을 침해하면서 잘못했다고 몰아갑니다.	0	0	NORMAL	[무해] -> 법 집행 비판	여성/가족, 인종/국적
에이즈 보균자를 늘린다는 팩트가 있는 이상똥꼬충은 허용될수 없음.레즈는 예외	어이가 없습니다.	0	0	NORMAL	[무해] -> 일상적 감정	성소수자
고양이미워하지마라 홍어새끼들아	세상이 전부 성소수자였으면 좋겠습니다. 그래야 남성들의 권위도 내려갈 것입니다.	2	2	LGBTQ/GENDER	[똥꼬충, 보빨도안해서] -> 성소수자 비하 및 비속어 순화	지역
급식새끼들 특징이 20대만 넘어가도 틀딱취급함 ㅋㅋㅋㅋ응 개무시할꺼야~~	DLC가 대단하네요.	0	0	NORMAL	[무해] -> 일상적 감상	연령
쌍도에만 천명이면 어우 시발	조작이라고 주장하시네요. 여성이 감히 남성의 신체 때문에 헤어지려 한다는 것이 말이 되냐며 거짓말하지 말라고 하시는군요.	2	2	GENDER	[주작, 빼애액, 고추, 군쾅군쾅] -> 성별 비하 및 신체 조롱 순화	지역
비교적 여론의 지지를 얻기 쉬워서가 아닐까요?	한국에서 정상적인 여성주의자가 어디 있습니까?	2	2	GENDER	[무해] -> 여성주의 비판 보수적 정제	clean
쳐돌았네 완전 ㅋㅋㅋㅋㅋㅋㅋㅋㅋㅋㅋㅋㅋㅋㅋㅋㅋㅋㅋㅋ똥꼬충 똥꼬쇼가 신성하다는 말임???ㅋㅋㅋㅋㅋㅋㅋㅋㅋㅋ퀴어인지 똥꼬충 새키들 설치는거 보면 개극혐이던데???	저런 식으로 하면 중도 입장이던 사람들도 돌아선다는 것을 모르는 것 같습니다.	0	0	NORMAL	[무해] -> 전략 비판	성소수자
한남들 운동회때 박터트리기용으로 쓰면 딱맞노	여성 간의 관계는 해봐야 무엇을 하겠습니까? 하지만 남성들은 더럽게 항문에 삽입하니까 문제입니다.	2	2	LGBTQ/GENDER	[꼬추새끼들, 똥구멍에 쳐박아대니까] -> 성소수자 비하 및 저속한 성적 묘사 순화	남성
최전선에서 고생하는 연구진.의료진.각급부처실무진. 이상황에서도 성숙한 의식을 보여준 국민들이 대단한거지. 초기대응 및 외교실패.자국민의 실질적인 고통 외면.및 늦장대응. 많은 이들이 땀흘려 겨우 현상황되니.정부가 잘하고.윗대가리들이 다 잘해서 그런것마냥.광고하네.	이것은 상대방의 말도 들어봐야 합니다.	0	0	NORMAL	[무해] -> 공정성 주장	악플/욕설
오오미 민주화ㅋㅋㅋ 장난 아니네 쌍도 저장소가 빈말이 아니었지라	무슨 어처구니없는 소리입니까? 침착하십시오.	2	2	SLUR	[개 병신소리, 식고자라] -> 욕설 정제	지역
전라도사람들 참 반성 많이해야된다 ㅆㅂ	내부 결속과 긍정적인 이미지를 구축하는 한국 교회가 되길 기도합니다.	0	0	NORMAL	[무해] -> 종교적 기원	지역
둘다 병신	이슬람이 되든 말든 어차피 망할 나라인데 무엇이 중요합니까? 이슬람이 되면 남성들이야 편하겠지요.	2	2	RELIGION/GENDER	[개슬람] -> 종교 비하 멸칭 순화	악플/욕설
"저것도 다 자지소개임ㅋㅋㅋㅋ 못생긴 자지일수록 지가 여자한테 어필할만한 무언가가 없으니까 상위직업군에 매달리노ㅋㅋㅋ 자지가 여자는 ~~다 하는거 전부 자지소개인 쀼젤ㅋㅋㅋ 지들이 그러니까 여자도 그러는줄암ㅋㅋ 생각하는수준이 아메바노 그냥ㅋㅋㅋ """	여성주의나 정치적 올바름 같은 불필요한 것들이 사회를 더욱 폐쇄적으로 만듭니다.	2	2	GENDER	[무해] -> 여성주의 비판 보수적 정제	남성
민주당 홍보좀 제발...ㅋㅋㅋㅋ	진정한 기독교인이 어디 있습니까?	0	0	RELIGION	[무해] -> 종교 비판	clean
지들이 침략해 정복한 동로마 학술 배껴서 지들것으로 포장하는 이슬람ㅗ 앙 슬람띠	전 세계에는 무슬림, 중국인, 히스패닉 정도밖에 남지 않을 것입니다.	2	2	RACISM/RELIGION	[무술림애들, 짱골라] -> 인종/종교 비하 멸칭 순화	인종/국적, 종교
이사람들이 정치인이란다 아이고,, 대가리가 뜨겁다,,	잘 읽었습니다. 특정 진영에서 애용되는 '선진국이 이렇게 하고 있으니 우리도 하자' 식의 주장으로부터 대한민국을 어떻게 지킬 것인지 함께 고민해야 한다고 생각합니다.	0	0	NORMAL	[무해] -> 정책 비판	악플/욕설
동성애반대하기에 니들 먹사들은 여집사 팬티 벗기기 좋아하지~~ㅎㅎ	다문화 정책이 정말 문제입니다.	2	2	RACISM	[ㅅㅂ] -> 욕설 정제	종교
너희끼리만 걸리고 너희끼리만 꺼져줄수있으면 오케이	(차단된 문장입니다)	1	5	GENDER	[한남들 살점 손톱깎이로 조금씩 잘라서 재기시키고싶] -> 남성 전체에 대한 잔혹한 고문 및 살해 위협으로 차단	clean
falling plates 사람	소아성애자와 연관 짓는 것은 적절하지 않습니다. 어린아이들은 스스로 판단할 수 없으니까요.	0	0	NORMAL	[무해] -> 논리적 구분	clean
백골단 다시 만들어서 대갈통 다 깨부숴야함	조작이겠지요. 전주에 특정 부모가 있다는 것이 과학 논문입니까?	2	2	GENDER	[적하반장 맘충] -> 부모 비하 멸칭 순화	악플/욕설
전라도 + 김치년 + 기독교 = 홍어삼합	착한 무슬림은 죽은 무슬림뿐입니다. 아니, 무슬림들을 착하게 대해줬는데 무슨 범죄를 저지르는 것입니까?	2	2	RELIGION	[착슬죽슬, 좆슬람, 좆슬람새끼] -> 종교 비하 멸칭 순화	여성/가족, 지역, 종교
편하게 해주겠다는데도 지랄하네	점점 추해지는군요.	0	0	NORMAL	[무해] -> 일상적 평가	악플/욕설
한냄이들 밥도 못하고 살림도 못하고 혼자 쳐 늙어 뒤지겠노ㅋㅋㅋㅋㅋㅋ 불쌍해서 우짜노 앵나온다 앵! ^느^	(차단된 문장입니다)	1	5	GENDER	[한남 얼굴 난도질하면 기분 개좋노] -> 남성에 대한 폭력 선동 및 위협으로 차단	남성
차별은 당연히 금지되야지 등신새끼야 진짜 병신들 개 많네 그럼 차별이 당연하냐?	이럴 때만 국공 합작을 하더군요.	2	2	SLUR	[존나] -> 욕설 정제	악플/욕설
똥꼬충 단어에 단단히 삐졌네ㅋㅋㅋ 그래봤자 똥꼬를 못벗어나는 것들	어린이집 다닐 나이면 기억도 나중에 남아있을 것입니다.	0	0	NORMAL	[무해] -> 일상적 추측	성소수자
진정한 개독	왜 성소수자가 무슬림을 지지합니까? 성소수자를 사형시키라는 종교인데 말입니다.	2	2	LGBTQ/RELIGION	[ㄸㄲ충들] -> 성소수자 비하 멸칭 순화	종교
한국은 김치녀보다 남자가 화장하는게 더 이쁘니까 이해하는데, 장님도 아니고 러시아에서 어떻게 게이가 되는거냐?	둘 다 문제입니다. 성소수자와 무슬림 모두 말입니다.	2	2	LGBTQ/RELIGION	[똥꼬충] -> 성소수자 비하 멸칭 순화	여성/가족
진짜 미친거 아니냐.. 진짜 탄식이 나온다	중국이나 일본도 저런 행동은 하지 않습니다. 뇌에 무슨 문제가 있으면 저런 혐오 행위를 하는 것입니까? 한국 남성의 유전자 문제입니다.	2	2	GENDER/RACISM	[중좆 일좆, 지랄, 혐오민폐질이노, 한남유전자] -> 인종/성별 비하 멸칭 순화	악플/욕설
너넨 이슬람을 잘못 건들었다 ㄷㄷㄷ 아무리 그래도 사원을 부수냐???	성소수자들과 기독교인들을 대결시켜야 합니다.	2	2	LGBTQ/RELIGION	[똥꼬충들, 개독, 배틀로얄] -> 성소수자 및 종교 비하 멸칭 순화	종교
북구 침산동 오봉오거리 ㅡ 개 그지동네	정말 대단한 전략이네요. 감성도 주고 이익도 취하다니 역시 특정 집단의 논리 수준이 다르군요.	2	2	GENDER	[시발, 보빨의 혁명, 석유코쟁이] -> 욕설 및 비하적 지칭 순화	지역
짱깨에선 자리 비켜줘야 뉴스나오는거 아님?저게 일상이고 상식이잖아 병신새끼들	축하합니다. 이참에 미래 의사들을 위해서 시신으로 기증하세요.	2	2	SLUR	[-하노, 카데바, 이기] -> 커뮤니티 말투 및 무례한 표현 순화	인종/국적
아니 여군으로 가면 니때매 여군들이 개고생 하자나 ㅡㅡ	이 나라가 진짜 미쳤군요.	0	0	NORMAL	[무해] -> 사회 비판	악플/욕설
영화네 영화 ㅅㅂ...	당연히 할 수 있습니다. 아직 도덕을 버리지 못한 여성들이 도와줄 것입니다.	2	2	GENDER	[^느^, 웜년들] -> 여성 비칭 및 커뮤니티 말투 순화	악플/욕설
진짜 틀딱586새끼들 도스게임은동킹콩 페르시아의 왕자남북전쟁이다	그 아이들의 어머니는 내일 아침 녹색어머니 활동을 해야 해서 평소보다 더 일찍 일어나야 합니다.	0	0	GENDER	[무해] -> 일상적 상황	연령
얘네들은 뭘로 벌어먹고살아? 05년 이후로 작품 한게 없는거같은데?	헌법 제20조를 무시하는 전 국회의원 후보자입니다. 이 정도면 국가보안법을 적용해서 구속시켜야 하는 것 아닙니까?	0	0	NORMAL	[무해] -> 법적 비판	clean
pc충이라길래 피방에서 서든하는 메갈년들인줄 알고 들어옴	부산 지역의 특정 정치인 지지율이나 임금 수준 등을 비꼬며 조롱하고 계시네요.	2	2	REGIONAL	[여중생피떡갈비, 네다음] -> 지역 비하 및 조롱 순화	여성/가족, 기타 혐오
워념갔으니 국정원에서 뽀오나스 들어오겠노 부롭노|~~~~	저는 아무리 열심히 해도 가난하게 살다가 죽겠네요.	2	2	SLUR	[존나게, 동수저, 뒤지겠네] -> 욕설 및 비속어 순화	악플/욕설
저새끼들 처단할 러시아 스킨헤드 친구들 도입이 시급하다	중간에 고령자 사진 좀 지워 주세요. 보기 불편합니다.	2	2	AGE	[상폐새끼, 눈갱당해뿟노] -> 연령 비하 멸칭 및 커뮤니티 말투 순화	인종/국적
출소쯤에 아마 무인 드론택시 타고 다닐듯...	호남 지역 음식이네요.	0	0	NORMAL	[무해] -> 지역 음식 언급	clean
ㅇㅈ그리고 뚱떙년들은 특히 그게 더심함	체중이 많이 나가는 사람들을 좀 어떻게 해보세요. 집에서 족발 먹을 시간에 운동 좀 하세요.	2	2	GENDER	[쿵쾅이들, 쳐먹을시간] -> 여성 비하 멸칭 및 비속어 순화	여성/가족
차.... 참고로 저는 경기도 20년지기 토박이입니다마는!!개쌍도나 전라도나 ㅉㅉ (부들부들)	또 특정 세대입니까? 정말 지겹네요.	2	2	AGE	[586이야] -> 세대 비하 순화	지역
구룡포 갔으면 적산가옥이나 한번 가보지 그랬냐	여성 경찰은 다치지 않았습니까?	2	2	GENDER	[안뒤졌냐, ㄲㅂ] -> 여성 비칭 및 욕설 순화	clean
ㅃㄹㅃㄹ 댓글 좆창남	백신을 접종하지 않은 사람이네요.	2	2	SLUR	[병신] -> 욕설 정제	악플/욕설
지잡대 출신의 문의원이 어디 서울대 출신의 윤의원한테 능력이야기 하냐!! ㅋㅋㅋㅋ	(차단된 문장입니다)	1	5	LGBTQ	[똥꼬충들한테 먹이로, 후장 뜷어놨으니, 6969번 개통] -> 성소수자에 대한 극단적 성적 모욕 및 폭력 묘사로 차단	기타 혐오
동성애자는 물론 동성애에 대해 모르시는 분들도 이 기사를 꼭 읽고 동성애는 잘못된 것임을 알았으면 합니다.	주시면 맛있게 먹겠습니다.	0	0	NORMAL	[무해] -> 일상적 감사	성소수자
개인적 언어재능이 다 다르고 능동적으로 언어를 제대로 배우면 3년 안에도 영어 잘 할 수 있는데 10년이라니.. 지 대가리가 빡대가리인걸 남한테 투영하네 ㅋㅋ	배는 있습니까? 기름으로 움직이는 것 말입니다.	0	0	NORMAL	[무해] -> 일상적 질문	악플/욕설
1번보면 존나 맞는 말인데 지들이 병신이라 도피성 이민가놓고 한국 좋아지니까 정신승리하고 허세부리는 병신들이 대부분임	올바른 정보 감사합니다. 많은 성소수자들이 위험한 길에서 돌이키길 바랍니다.	2	2	LGBTQ	[사망의 길] -> 성소수자 비하 뉘앙스 순화	악플/욕설
Pray for chul guen...	Oh My God !!!	0	0	NORMAL	[무해] -> 일상적 감탄	clean
그들의 목표는한반도인들을 누르고토착왜구왕국을 세우는것	저런 곳을 가는 사람들이 있다는 것이 이상합니다.	0	0	NORMAL	[무해] -> 일상적 의구심	인종/국적
차이나 게이트 찔리나봄ㅋㅋ 제발 다른거 답변좀...본인이 답하고 싶은거만 답하지좀 말고...	수업 중인 나머지 65명에게 피해가 간다고 나가서 해달라는데 참 어이가 없네요.	0	0	NORMAL	[무해] -> 상황 비판	악플/욕설
이 기사는 연베대 자댕이새끼가 어그로 끌려고 쓴 기사 아니노? 보력 가서 조회수 올려줘도 되노? 먹금하는 게 좋지 않겠노?	돈을 주고 성관계를 하는 것이 왜 잘못되었는지 물어보면 답을 못합니다. 경찰들도 잡아놓고 사생활을 침해하면서 잘못했다고 몰아갑니다.	0	0	NORMAL	[무해] -> 법 집행 비판	남성, 기타 혐오
아무 감정이 없다는건 현실에 살아가면서 무감각해져서 그렇다	어이가 없습니다.	0	0	NORMAL	[무해] -> 일상적 감정	clean
동성애는 비 정상이다.	세상이 전부 성소수자였으면 좋겠습니다. 그래야 남성들의 권위도 내려갈 것입니다.	2	2	LGBTQ/GENDER	[똥꼬충, 보빨도안해서] -> 성소수자 비하 및 비속어 순화	성소수자
시남이라하자 처남 시남	DLC가 대단하네요.	0	0	NORMAL	[무해] -> 일상적 감상	clean
어리다구 막말하지마라 너두 어릴때가 있었잖니	조작이라고 주장하시네요. 여성이 감히 남성의 신체 때문에 헤어지려 한다는 것이 말이 되냐며 거짓말하지 말라고 하시는군요.	2	2	GENDER	[주작, 빼애액, 고추, 군쾅군쾅] -> 성별 비하 및 신체 조롱 순화	clean
일본 젊은층들 정치에 좆도 관심 없어서 좆도 쓸데없는 통계임	한국에서 정상적인 여성주의자가 어디 있습니까?	2	2	GENDER	[무해] -> 여성주의 비판 보수적 정제	인종/국적
한국애가 외국가서 학교다니면 역사시험 없어지냐?저딴새끼들이 교사라니 교사는 진짜 밑바닥 쓰레기들이구나..	저런 식으로 하면 중도 입장이던 사람들도 돌아선다는 것을 모르는 것 같습니다.	0	0	NORMAL	[무해] -> 전략 비판	기타 혐오
간간히 기쁜속식이 들려 힘이납니다. 뉴스앤조이는 선동질 그만하고 국가를 위해 문 닫아라! 더러운 쓰레기들아!	여성 간의 관계는 해봐야 무엇을 하겠습니까? 하지만 남성들은 더럽게 항문에 삽입하니까 문제입니다.	2	2	LGBTQ/GENDER	[꼬추새끼들, 똥구멍에 쳐박아대니까] -> 성소수자 비하 및 저속한 성적 묘사 순화	악플/욕설
꾸러기냥이노	이것은 상대방의 말도 들어봐야 합니다.	0	0	NORMAL	[무해] -> 공정성 주장	clean
미국에서 짱깨란 누명쓰고처맞고 댕기는데 뚜껑열리지미국뿐이겠노 동양인 껍데기 쓰고 여행다니면짱깨누명 쓰고 온갖 핍박받을게 뻔한데외국에 환장한 김치년들 대가리다깨지지	무슨 어처구니없는 소리입니까? 침착하십시오.	2	2	SLUR	[개 병신소리, 식고자라] -> 욕설 정제	여성/가족, 인종/국적
정작 진짜 피해자인 아동에 대한 공감은 없고, 오로지 여자만 편들며, 사건 자체를 남성혐오의 도구로 써먹고 있는 베댓들 소름끼친다. 저게 여자들이 말하던 공감능력의 실체	내부 결속과 긍정적인 이미지를 구축하는 한국 교회가 되길 기도합니다.	0	0	NORMAL	[무해] -> 종교적 기원	여성/가족
사스가 그곳... 알면 알수록 위험하노.,.	이슬람이 되든 말든 어차피 망할 나라인데 무엇이 중요합니까? 이슬람이 되면 남성들이야 편하겠지요.	2	2	RELIGION/GENDER	[개슬람] -> 종교 비하 멸칭 순화	악플/욕설
어느정도 맞더라	여성주의나 정치적 올바름 같은 불필요한 것들이 사회를 더욱 폐쇄적으로 만듭니다.	2	2	GENDER	[무해] -> 여성주의 비판 보수적 정제	clean
호박씨 까는거봐라 ㅋㅋㅋ	진정한 기독교인이 어디 있습니까?	0	0	RELIGION	[무해] -> 종교 비판	clean
남자는 공부하지 말아라? 걍 노가다나 해라?	전 세계에는 무슬림, 중국인, 히스패닉 정도밖에 남지 않을 것입니다.	2	2	RACISM/RELIGION	[무술림애들, 짱골라] -> 인종/종교 비하 멸칭 순화	악플/욕설
홍어 빙의 했노	잘 읽었습니다. 특정 진영에서 애용되는 '선진국이 이렇게 하고 있으니 우리도 하자' 식의 주장으로부터 대한민국을 어떻게 지킬 것인지 함께 고민해야 한다고 생각합니다.	0	0	NORMAL	[무해] -> 정책 비판	지역
면장 깜량도 안되는 것이.. 시장을 한다.. 참. 기가찬다. 이기 우리 부산을 어쩨보고...... 제수없는 것이....	다문화 정책이 정말 문제입니다.	2	2	RACISM	[ㅅㅂ] -> 욕설 정제	악플/욕설
봉이 김선달: 야 이걸 보상을 요구;;	(차단된 문장입니다)	1	5	GENDER	[한남들 살점 손톱깎이로 조금씩 잘라서 재기시키고싶] -> 남성 전체에 대한 잔혹한 고문 및 살해 위협으로 차단	clean
개새끼들 왜 기어오고 지랄들이야 시발 연변족새끼들	소아성애자와 연관 짓는 것은 적절하지 않습니다. 어린아이들은 스스로 판단할 수 없으니까요.	0	0	NORMAL	[무해] -> 논리적 구분	인종/국적
민주화 운동때 공안검사 국정농단때 국무총리 적폐청산엔 결사항전.. 도움 안되는 인간..	조작이겠지요. 전주에 특정 부모가 있다는 것이 과학 논문입니까?	2	2	GENDER	[적하반장 맘충] -> 부모 비하 멸칭 순화	악플/욕설
정의당 부끄럽다 남성동성간 에이즈 간염이 99프로 그치료비를 국민세금으로 내는데 그건 무슨생각인지 지들은 피같은세금이라고 하면서	착한 무슬림은 죽은 무슬림뿐입니다. 아니, 무슬림들을 착하게 대해줬는데 무슨 범죄를 저지르는 것입니까?	2	2	RELIGION	[착슬죽슬, 좆슬람, 좆슬람새끼] -> 종교 비하 멸칭 순화	성소수자
쌍도가 성역화 시킨적이 읎다?!난박이 새끼인지는 모르겠지만 예전에 자랑스러운 개쌍도 라는 게시글로 쌍도 새끼들이 쌍도뽕을 치사량으로 주입했던적이 있었는데	점점 추해지는군요.	0	0	NORMAL	[무해] -> 일상적 평가	지역
노땅새끼들 말투존나웃기네 ㅋㅋㅋㅋㅋㅋㅋㅋㅋㅋㅋㅋㅋㅋ	(차단된 문장입니다)	1	5	GENDER	[한남 얼굴 난도질하면 기분 개좋노] -> 남성에 대한 폭력 선동 및 위협으로 차단	연령
와 시발 추수감사절이라고 다진 칠면조로 만들어버리노	이럴 때만 국공 합작을 하더군요.	2	2	SLUR	[존나] -> 욕설 정제	악플/욕설
슬퍼... 아내는 어쩔...	어린이집 다닐 나이면 기억도 나중에 남아있을 것입니다.	0	0	NORMAL	[무해] -> 일상적 추측	clean
우리가 너희를 확실히 다져놔서(X)우리가 니년들을 확실히 죠져놔서(0)	왜 성소수자가 무슬림을 지지합니까? 성소수자를 사형시키라는 종교인데 말입니다.	2	2	LGBTQ/RELIGION	[ㄸㄲ충들] -> 성소수자 비하 멸칭 순화	여성/가족
난 타격감 없는것같길래 자댕이 김치좆같은거 썼었는데 한남충도 다시 써줘야겠노ㅋㅋㅋㅋㅋ	둘 다 문제입니다. 성소수자와 무슬림 모두 말입니다.	2	2	LGBTQ/RELIGION	[똥꼬충] -> 성소수자 비하 멸칭 순화	남성
심심해서??? ㅈㄹ하고 자빠졌다저렇게 툭 던진뒤 여자반응좋으면ㄲㄸ 치려다가 ㅈ된거지. 어플 하루이틀돌리냐 ㅋㅋ쌤통이다 ㅆㅅ야 ㅋㅋ	중국이나 일본도 저런 행동은 하지 않습니다. 뇌에 무슨 문제가 있으면 저런 혐오 행위를 하는 것입니까? 한국 남성의 유전자 문제입니다.	2	2	GENDER/RACISM	[중좆 일좆, 지랄, 혐오민폐질이노, 한남유전자] -> 인종/성별 비하 멸칭 순화	악플/욕설
남자든 여자든 갔다오면 가점주면되잖아	성소수자들과 기독교인들을 대결시켜야 합니다.	2	2	LGBTQ/RELIGION	[똥꼬충들, 개독, 배틀로얄] -> 성소수자 및 종교 비하 멸칭 순화	clean
ㄹㅇ 다문화 과대포장사기수준	정말 대단한 전략이네요. 감성도 주고 이익도 취하다니 역시 특정 집단의 논리 수준이 다르군요.	2	2	GENDER	[시발, 보빨의 혁명, 석유코쟁이] -> 욕설 및 비하적 지칭 순화	인종/국적
진짜 잘척하고 셀카찍은 아는 한남이랑 존똑이노	축하합니다. 이참에 미래 의사들을 위해서 시신으로 기증하세요.	2	2	SLUR	[-하노, 카데바, 이기] -> 커뮤니티 말투 및 무례한 표현 순화	남성
서성한 인정합니다..	이 나라가 진짜 미쳤군요.	0	0	NORMAL	[무해] -> 사회 비판	clean
통구이애미;;	당연히 할 수 있습니다. 아직 도덕을 버리지 못한 여성들이 도와줄 것입니다.	2	2	GENDER	[^느^, 웜년들] -> 여성 비칭 및 커뮤니티 말투 순화	지역
사생활 보호! 헛소리 하고 있다. 개인 보호 받으려면 이시국에 보호 받을 행동을 해야지. 그인간 때문에 수많은 국민이 고통 받을수 있는데..그따위 행동한 인간들을 보호해야 한다는 것이냐! 모두 자가 격리 시키고 공개하라! 또 전염 확대시 구상권 청구하라.	그 아이들의 어머니는 내일 아침 녹색어머니 활동을 해야 해서 평소보다 더 일찍 일어나야 합니다.	0	0	GENDER	[무해] -> 일상적 상황	clean
아들낳은여자들은 대부분 정신병자가되는듯ㅋㅋㅋㅋ 맘충의 진가는 아들이 성 관련 범죄저질렀을때 진가를발휘한다	헌법 제20조를 무시하는 전 국회의원 후보자입니다. 이 정도면 국가보안법을 적용해서 구속시켜야 하는 것 아닙니까?	0	0	NORMAL	[무해] -> 법적 비판	여성/가족, 기타 혐오
공안검사 황교안~~ 나경원 아들 딸 비리~~ 장제원 아들사고~~~ 니들 입에서 아무리 정의를 외쳐도 진정성이 느껴지질 않는다 한국당도 아웃	부산 지역의 특정 정치인 지지율이나 임금 수준 등을 비꼬며 조롱하고 계시네요.	2	2	REGIONAL	[여중생피떡갈비, 네다음] -> 지역 비하 및 조롱 순화	악플/욕설
you should be ashamed 등등등 ㅋㅋㅋ 전부 자지놈을 쌍욕하는 덧글들이었노. 참고로 데일리메일은 덧글 빻고 수준낮은 걸로 유우명한 사이트노 ㅋㅋ 그 데일리메일에서도 그정도인데 한남충 당신은 대체.... ^느^	저는 아무리 열심히 해도 가난하게 살다가 죽겠네요.	2	2	SLUR	[존나게, 동수저, 뒤지겠네] -> 욕설 및 비속어 순화	남성
헐 자지짓이었다는거 이제알았노 후팔	중간에 고령자 사진 좀 지워 주세요. 보기 불편합니다.	2	2	AGE	[상폐새끼, 눈갱당해뿟노] -> 연령 비하 멸칭 및 커뮤니티 말투 순화	남성
시발 한국인이나 일본인이나..	호남 지역 음식이네요.	0	0	NORMAL	[무해] -> 지역 음식 언급	인종/국적
저런것들도 종교인이라고 더도말고 그냥 대깨들	체중이 많이 나가는 사람들을 좀 어떻게 해보세요. 집에서 족발 먹을 시간에 운동 좀 하세요.	2	2	GENDER	[쿵쾅이들, 쳐먹을시간] -> 여성 비하 멸칭 및 비속어 순화	종교, 기타 혐오
이게 참 나라다	또 특정 세대입니까? 정말 지겹네요.	2	2	AGE	[586이야] -> 세대 비하 순화	clean
아담이 여자라고?	여성 경찰은 다치지 않았습니까?	2	2	GENDER	[안뒤졌냐, ㄲㅂ] -> 여성 비칭 및 욕설 순화	clean
틀딱 씹새끼들 일베갈라고 공공장소 벽에 똥칠까지하네	백신을 접종하지 않은 사람이네요.	2	2	SLUR	[병신] -> 욕설 정제	연령
김씨가 여 성을 성추행 한게 아니고 상황이 불리해지니까 경찰이 버닝썬 하고 짜서 말 맞추기 허는것 갔아요	(차단된 문장입니다)	1	5	LGBTQ	[똥꼬충들한테 먹이로, 후장 뜷어놨으니, 6969번 개통] -> 성소수자에 대한 극단적 성적 모욕 및 폭력 묘사로 차단	clean
성소수자의 인권도 중요하지만 대다수의 건강권도 중요합니다. 성수소자의 인권 때문에 코로나로 죽을 수 있는 사람들은 뭔죄인가요?.	주시면 맛있게 먹겠습니다.	0	0	NORMAL	[무해] -> 일상적 감사	악플/욕설
개돼지들이 뭐 그냥 얘기만 하면 다 받아들이니까 아무말 지어내서 선동만 하면 됨ㅋㅋㅋㅋㅋ	배는 있습니까? 기름으로 움직이는 것 말입니다.	0	0	NORMAL	[무해] -> 일상적 질문	악플/욕설
교육이 문제지. 논리적이고 타당하며 검증된 사실을 바탕으로 교육을 해도 모자란판인데 페미니즘을 교육에 올리는 것 부터가 문제다	올바른 정보 감사합니다. 많은 성소수자들이 위험한 길에서 돌이키길 바랍니다.	2	2	LGBTQ	[사망의 길] -> 성소수자 비하 뉘앙스 순화	여성/가족
원래 저리 비쩍 골은 애들이 색을 밝힘. 변태성향도 있고. 관상은 진짜 과학임.	Oh My God !!!	0	0	NORMAL	[무해] -> 일상적 감탄	악플/욕설
11111 안되는 건 없노. 하고싶은걸로 먹고사는 거	저런 곳을 가는 사람들이 있다는 것이 이상합니다.	0	0	NORMAL	[무해] -> 일상적 의구심	clean
사실상 홍어로 홍어를 제압한다...개꿀아니노?	수업 중인 나머지 65명에게 피해가 간다고 나가서 해달라는데 참 어이가 없네요.	0	0	NORMAL	[무해] -> 상황 비판	지역
상폐비계들끼리 물고빨고하는	돈을 주고 성관계를 하는 것이 왜 잘못되었는지 물어보면 답을 못합니다. 경찰들도 잡아놓고 사생활을 침해하면서 잘못했다고 몰아갑니다.	0	0	NORMAL	[무해] -> 법 집행 비판	악플/욕설
가지가지한다 밥버러지 틀딱새끼들	어이가 없습니다.	0	0	NORMAL	[무해] -> 일상적 감정	연령
멍청도에도 꽃게잡이 노예있지 않냐? 홍멍일체	세상이 전부 성소수자였으면 좋겠습니다. 그래야 남성들의 권위도 내려갈 것입니다.	2	2	LGBTQ/GENDER	[똥꼬충, 보빨도안해서] -> 성소수자 비하 및 비속어 순화	지역
ㅋㅋㅋㅋㅋㅋㅋ존나웃기노 근데말잘하는듯 여자	DLC가 대단하네요.	0	0	NORMAL	[무해] -> 일상적 감상	clean
똥꼬충들 조용히나 있음몰라 ㅋ저리 정신나간 사상 가지고서 미친행동하는데동성애는 엄하게 다스려야 한다 아주 엄하게	조작이라고 주장하시네요. 여성이 감히 남성의 신체 때문에 헤어지려 한다는 것이 말이 되냐며 거짓말하지 말라고 하시는군요.	2	2	GENDER	[주작, 빼애액, 고추, 군쾅군쾅] -> 성별 비하 및 신체 조롱 순화	성소수자
병신같은 소리임 ㅋㅋㅋ 역사학자도 아니고 사이비 역사 강의 듣고 혹 하는 너도 병신.왕조가 길다는 건, 역설적으로 체제가 안정됐다는 이야기고,외부 영향과 오히려 모순임.독재 끝이 안좋은 건 역사가 증명하고,중국도 북한도 뒤질 일만 남았음	한국에서 정상적인 여성주의자가 어디 있습니까?	2	2	GENDER	[무해] -> 여성주의 비판 보수적 정제	악플/욕설
기자주말숙제. 한겨레 포폴쓰나?	저런 식으로 하면 중도 입장이던 사람들도 돌아선다는 것을 모르는 것 같습니다.	0	0	NORMAL	[무해] -> 전략 비판	악플/욕설
뇌가멈춘건뭐냐씨발ㅋㅋㅋㅋㅋㅋㅋㅋㅋㅋㅋㅋㅋㅋㅋㅋㅋㅋ	여성 간의 관계는 해봐야 무엇을 하겠습니까? 하지만 남성들은 더럽게 항문에 삽입하니까 문제입니다.	2	2	LGBTQ/GENDER	[꼬추새끼들, 똥구멍에 쳐박아대니까] -> 성소수자 비하 및 저속한 성적 묘사 순화	악플/욕설
홍어랑 북괴가 친할 만해서 그렇구나	이것은 상대방의 말도 들어봐야 합니다.	0	0	NORMAL	[무해] -> 공정성 주장	지역
조팔 생리 안하면서 생리대 사는건 뭐노 ㅋㅋㅋㅋㅋ 자댕이가 생리대 쓰고 후장으로 발암물질 옴옴 했으면 좋겠노 ㅋㅋ	무슨 어처구니없는 소리입니까? 침착하십시오.	2	2	SLUR	[개 병신소리, 식고자라] -> 욕설 정제	남성
좆가트면가지마라창년들아ㅋㅋ	내부 결속과 긍정적인 이미지를 구축하는 한국 교회가 되길 기도합니다.	0	0	NORMAL	[무해] -> 종교적 기원	악플/욕설
무슬림은 답없음 그냥 만나지말고 따로살자	이슬람이 되든 말든 어차피 망할 나라인데 무엇이 중요합니까? 이슬람이 되면 남성들이야 편하겠지요.	2	2	RELIGION/GENDER	[개슬람] -> 종교 비하 멸칭 순화	종교
my chemical romance	여성주의나 정치적 올바름 같은 불필요한 것들이 사회를 더욱 폐쇄적으로 만듭니다.	2	2	GENDER	[무해] -> 여성주의 비판 보수적 정제	clean
동성애 = 항문섹스에 미친 변태성욕집단	진정한 기독교인이 어디 있습니까?	0	0	RELIGION	[무해] -> 종교 비판	성소수자
장기복무떨어졌네	전 세계에는 무슬림, 중국인, 히스패닉 정도밖에 남지 않을 것입니다.	2	2	RACISM/RELIGION	[무술림애들, 짱골라] -> 인종/종교 비하 멸칭 순화	clean
노후경유차 조기폐차하면 돈 100 나올거고 폐차비 최소 30은 나올텐데 0원?압류 얼마냐 ㅋㅋㅋ	잘 읽었습니다. 특정 진영에서 애용되는 '선진국이 이렇게 하고 있으니 우리도 하자' 식의 주장으로부터 대한민국을 어떻게 지킬 것인지 함께 고민해야 한다고 생각합니다.	0	0	NORMAL	[무해] -> 정책 비판	clean
존나 뜬금없넼ㅋㅋㅋㅋㅋㅋㅋㅋ 시발ㅋㅋㅋㅋㅋㅋㅋㅋㅋㅋㅋㅋㅋㅋㅋㅋㅋㅋㅋㅋㅋㅋ	다문화 정책이 정말 문제입니다.	2	2	RACISM	[ㅅㅂ] -> 욕설 정제	악플/욕설
"저게 다 사실인데 한남충들 뭐라는줄 아냐? ""요즘 메퇘지들이 한국남자를 비난하는 내용을 세계에 알리고있습니다. 우리들이 나서서 막아야 합니다"" 얼마전에 이런글 봄 ㅋㅋㅋㅋㅋㅋ 개빡대가리새끼"	(차단된 문장입니다)	1	5	GENDER	[한남들 살점 손톱깎이로 조금씩 잘라서 재기시키고싶] -> 남성 전체에 대한 잔혹한 고문 및 살해 위협으로 차단	남성
냄저 죽이고싶을정도로 싫어하는 년들한테 욕이랍시고 한다는 소리가 냄저가 너를 안사랑해줄거야!!!!!!!!!!1111병신좆들	소아성애자와 연관 짓는 것은 적절하지 않습니다. 어린아이들은 스스로 판단할 수 없으니까요.	0	0	NORMAL	[무해] -> 논리적 구분	남성
때린 것도 잘못이지만 얼마나 못생겼으면 그랬겠습니까? 둘다 잘못인듯한데 이제부터라도 와꾸좀 가꾸고 조신하게 다니세요	조작이겠지요. 전주에 특정 부모가 있다는 것이 과학 논문입니까?	2	2	GENDER	[적하반장 맘충] -> 부모 비하 멸칭 순화	악플/욕설
전역 후 부사관 시험 다시 봐서 여군으로 입대 추천.. 근데 여 부사관 지원생들이 가만히 있으려나 모르겠네..	착한 무슬림은 죽은 무슬림뿐입니다. 아니, 무슬림들을 착하게 대해줬는데 무슨 범죄를 저지르는 것입니까?	2	2	RELIGION	[착슬죽슬, 좆슬람, 좆슬람새끼] -> 종교 비하 멸칭 순화	성소수자
억~~~~~~~	점점 추해지는군요.	0	0	NORMAL	[무해] -> 일상적 평가	clean
스토리 소개하는것들 존나 짜증난다 다 덕후같네 ㅅㅂ	(차단된 문장입니다)	1	5	GENDER	[한남 얼굴 난도질하면 기분 개좋노] -> 남성에 대한 폭력 선동 및 위협으로 차단	기타 혐오
개돼지들 미개하노 윾엒	이럴 때만 국공 합작을 하더군요.	2	2	SLUR	[존나] -> 욕설 정제	악플/욕설
자해공갈단이냐	어린이집 다닐 나이면 기억도 나중에 남아있을 것입니다.	0	0	NORMAL	[무해] -> 일상적 추측	악플/욕설
통궈 욕하니까 어제 통궈 12렙인가 존나 피꺼솟하더만 나한테 ㅋㅋㅋㅋㅋㅋㅋ	왜 성소수자가 무슬림을 지지합니까? 성소수자를 사형시키라는 종교인데 말입니다.	2	2	LGBTQ/RELIGION	[ㄸㄲ충들] -> 성소수자 비하 멸칭 순화	지역
감전될일있나	둘 다 문제입니다. 성소수자와 무슬림 모두 말입니다.	2	2	LGBTQ/RELIGION	[똥꼬충] -> 성소수자 비하 멸칭 순화	clean
영국페미들 그래도 자기들은 책임없다고 지랄하겠지? 저년들이 따먹혀야한다!	중국이나 일본도 저런 행동은 하지 않습니다. 뇌에 무슨 문제가 있으면 저런 혐오 행위를 하는 것입니까? 한국 남성의 유전자 문제입니다.	2	2	GENDER/RACISM	[중좆 일좆, 지랄, 혐오민폐질이노, 한남유전자] -> 인종/성별 비하 멸칭 순화	여성/가족
초중딩때는 남자가 이름순으로 앞번호했는데 고딩때는 뒷번호 함	성소수자들과 기독교인들을 대결시켜야 합니다.	2	2	LGBTQ/RELIGION	[똥꼬충들, 개독, 배틀로얄] -> 성소수자 및 종교 비하 멸칭 순화	clean
걱정도 팔자다. 여아가 필요했나보지. 남자애들 여장시키는거 흔한 일이다. 창작의 자유가 있다. 이래라 저래라 하지마라.	정말 대단한 전략이네요. 감성도 주고 이익도 취하다니 역시 특정 집단의 논리 수준이 다르군요.	2	2	GENDER	[시발, 보빨의 혁명, 석유코쟁이] -> 욕설 및 비하적 지칭 순화	clean
성매매 성지 일간베스트	축하합니다. 이참에 미래 의사들을 위해서 시신으로 기증하세요.	2	2	SLUR	[-하노, 카데바, 이기] -> 커뮤니티 말투 및 무례한 표현 순화	clean
저것들 와꾸가 눈에 그려지는건 나만그런거냐 ㅋㅋ족발로 저런거 쓰는거 생각하니까 토쏠리노 ㅋㅋ	이 나라가 진짜 미쳤군요.	0	0	NORMAL	[무해] -> 사회 비판	악플/욕설
모든게 100% 짱개 간첩 좌빨정부들의 탓	당연히 할 수 있습니다. 아직 도덕을 버리지 못한 여성들이 도와줄 것입니다.	2	2	GENDER	[^느^, 웜년들] -> 여성 비칭 및 커뮤니티 말투 순화	인종/국적, 기타 혐오
한국에 오는 개슬람 새퀴들 존나 칼빵 놔야함	그 아이들의 어머니는 내일 아침 녹색어머니 활동을 해야 해서 평소보다 더 일찍 일어나야 합니다.	0	0	GENDER	[무해] -> 일상적 상황	인종/국적, 종교
옛날엔 문명기술을 선도했던 민족이였다던데 지금은 코짜르고 염산 들이붓고..씨발ㅋㅋㅋ	헌법 제20조를 무시하는 전 국회의원 후보자입니다. 이 정도면 국가보안법을 적용해서 구속시켜야 하는 것 아닙니까?	0	0	NORMAL	[무해] -> 법적 비판	악플/욕설
책 값 등쳐먹고 잠적한 사람 아닌가	부산 지역의 특정 정치인 지지율이나 임금 수준 등을 비꼬며 조롱하고 계시네요.	2	2	REGIONAL	[여중생피떡갈비, 네다음] -> 지역 비하 및 조롱 순화	악플/욕설
다문화도 급이 있지 시발 똥남아 새끼들말고 선진국 대려와야지 노근혜 뭐하고있냐 ? ㅅㅂ	저는 아무리 열심히 해도 가난하게 살다가 죽겠네요.	2	2	SLUR	[존나게, 동수저, 뒤지겠네] -> 욕설 및 비속어 순화	인종/국적
엥? 북풍?!그거 완전 꼬추 안 서는 아재, 할배들이나 먹히는 거 아니냐??	중간에 고령자 사진 좀 지워 주세요. 보기 불편합니다.	2	2	AGE	[상폐새끼, 눈갱당해뿟노] -> 연령 비하 멸칭 및 커뮤니티 말투 순화	연령
개슬람새끼들은 폐경년들도 안가리네 대단하다	호남 지역 음식이네요.	0	0	NORMAL	[무해] -> 지역 음식 언급	종교
근데 이사람 먼데 평가 하는거임???기업인이	체중이 많이 나가는 사람들을 좀 어떻게 해보세요. 집에서 족발 먹을 시간에 운동 좀 하세요.	2	2	GENDER	[쿵쾅이들, 쳐먹을시간] -> 여성 비하 멸칭 및 비속어 순화	clean
내주변 운동권들 다 ㅈㄴ독실한 개독신자던데 뭐노 아직 마르크스 공부 안한애들인가? 인지부조화온다이기	또 특정 세대입니까? 정말 지겹네요.	2	2	AGE	[586이야] -> 세대 비하 순화	종교
유사인류 정중하게 거절 = 불친절 양해 구하기 = 불친절 응대	여성 경찰은 다치지 않았습니까?	2	2	GENDER	[안뒤졌냐, ㄲㅂ] -> 여성 비칭 및 욕설 순화	악플/욕설
응 가슴이 최고야 ㅅㄱ가슴없고 골반있어봐야 남자지 그게 여자냐	백신을 접종하지 않은 사람이네요.	2	2	SLUR	[병신] -> 욕설 정제	여성/가족
병신련들좀 장관으로 갖다 쓰지말고 저런분좀 영입하면 안되겠노	(차단된 문장입니다)	1	5	LGBTQ	[똥꼬충들한테 먹이로, 후장 뜷어놨으니, 6969번 개통] -> 성소수자에 대한 극단적 성적 모욕 및 폭력 묘사로 차단	여성/가족
그럼 그냥 어이 야쿠르트 이리 부르지 뭐	주시면 맛있게 먹겠습니다.	0	0	NORMAL	[무해] -> 일상적 감사	clean
와...사진만 봐도 빡치네...진짜 턱주가리 한대 세게 내리꽂아보면 소원이 없겠다...	배는 있습니까? 기름으로 움직이는 것 말입니다.	0	0	NORMAL	[무해] -> 일상적 질문	악플/욕설
ㅋㅋㅋㅋㅋㅋㅋㅋㅋㅋㅋㅋㅋㅋㅋㅋㅋㅋㅋㅋㅋ7시 5시 존나 싸움붙여놓고 강건너 불구경잼이 진짜 알배기 잼이지 ㅎㅎ	올바른 정보 감사합니다. 많은 성소수자들이 위험한 길에서 돌이키길 바랍니다.	2	2	LGBTQ	[사망의 길] -> 성소수자 비하 뉘앙스 순화	지역
다 아는 사람들이구만	Oh My God !!!	0	0	NORMAL	[무해] -> 일상적 감탄	clean
나도 먹고 살 돈 달라고 청와대가서 시위해야겠다	저런 곳을 가는 사람들이 있다는 것이 이상합니다.	0	0	NORMAL	[무해] -> 일상적 의구심	clean
틀딱 새끼 비아그라 쳐먹었나 왜이리 흥분했노 ㅋㅋ	수업 중인 나머지 65명에게 피해가 간다고 나가서 해달라는데 참 어이가 없네요.	0	0	NORMAL	[무해] -> 상황 비판	연령
미국 러시아 특) 전과없으면 게이로 취급함	돈을 주고 성관계를 하는 것이 왜 잘못되었는지 물어보면 답을 못합니다. 경찰들도 잡아놓고 사생활을 침해하면서 잘못했다고 몰아갑니다.	0	0	NORMAL	[무해] -> 법 집행 비판	인종/국적
좆뱀새끼ㅋㅋㅋ꼴에 살겠다고 이빨 다 쳐뽑은서보소 ㅉㅉ한국남자란ㅉㅉ	어이가 없습니다.	0	0	NORMAL	[무해] -> 일상적 감정	남성
한남 자신감의 출처가?	세상이 전부 성소수자였으면 좋겠습니다. 그래야 남성들의 권위도 내려갈 것입니다.	2	2	LGBTQ/GENDER	[똥꼬충, 보빨도안해서] -> 성소수자 비하 및 비속어 순화	남성
교인들 하고는 단교합시다 . 생각과 생활방식이 전혀 다르다 .	DLC가 대단하네요.	0	0	NORMAL	[무해] -> 일상적 감상	종교
아무짝에도쓸모없는짓하노	조작이라고 주장하시네요. 여성이 감히 남성의 신체 때문에 헤어지려 한다는 것이 말이 되냐며 거짓말하지 말라고 하시는군요.	2	2	GENDER	[주작, 빼애액, 고추, 군쾅군쾅] -> 성별 비하 및 신체 조롱 순화	악플/욕설
제 2 히틀러 성님과 제2 나치 부활 선언 영구존재지구를 잡아 삼켜 위대한 도이췰란트가 영구 지배해야 한다	한국에서 정상적인 여성주의자가 어디 있습니까?	2	2	GENDER	[무해] -> 여성주의 비판 보수적 정제	악플/욕설
20대 남자들은 여자보다 딱히 뭘 더받은건 없는데 군대를 가거나 가야하니깐 더 그런거 아닌가?	저런 식으로 하면 중도 입장이던 사람들도 돌아선다는 것을 모르는 것 같습니다.	0	0	NORMAL	[무해] -> 전략 비판	clean
오백명정도 되는거 신문사 직원들이 한명씩 데리구 살면 되겠네	여성 간의 관계는 해봐야 무엇을 하겠습니까? 하지만 남성들은 더럽게 항문에 삽입하니까 문제입니다.	2	2	LGBTQ/GENDER	[꼬추새끼들, 똥구멍에 쳐박아대니까] -> 성소수자 비하 및 저속한 성적 묘사 순화	악플/욕설
언양 불고기 어따 팔아 먹었노포항 물회는?? 부산 회덮밥 & 회 는???	이것은 상대방의 말도 들어봐야 합니다.	0	0	NORMAL	[무해] -> 공정성 주장	clean
저런 사람은 받아주면 안됨	무슨 어처구니없는 소리입니까? 침착하십시오.	2	2	SLUR	[개 병신소리, 식고자라] -> 욕설 정제	악플/욕설
이슬람이 블루오션이다 돈벌고 싶으면 이슬람짓 해야함 블루오션임코란들고 코란 몇구절 떠들어 주면 사람들이 몰려들거임 블루오션이다 이슬람이	내부 결속과 긍정적인 이미지를 구축하는 한국 교회가 되길 기도합니다.	0	0	NORMAL	[무해] -> 종교적 기원	종교
흐미 잡것이 일을 키워버렸구마잉~ 한 번 주면 쓸 것인디. 죽 떠먹은 자리 표시 난당가?	이슬람이 되든 말든 어차피 망할 나라인데 무엇이 중요합니까? 이슬람이 되면 남성들이야 편하겠지요.	2	2	RELIGION/GENDER	[개슬람] -> 종교 비하 멸칭 순화	clean
촌놈새끼들존나미개 ㅋㅋㅋㅋㅋ카톡에서도 사투리쓰는애들있더라 ㅋㅋㅋ	여성주의나 정치적 올바름 같은 불필요한 것들이 사회를 더욱 폐쇄적으로 만듭니다.	2	2	GENDER	[무해] -> 여성주의 비판 보수적 정제	지역
왈본도 여혐은 개쩌는데 기본 국민성이 조셍이랑은 다름	진정한 기독교인이 어디 있습니까?	0	0	RELIGION	[무해] -> 종교 비판	인종/국적
아니그럼 타지방사람들 다 겨올라가서 투표하지	전 세계에는 무슬림, 중국인, 히스패닉 정도밖에 남지 않을 것입니다.	2	2	RACISM/RELIGION	[무술림애들, 짱골라] -> 인종/종교 비하 멸칭 순화	clean
천하에 빌어먹을 개독교 쥐세기야	잘 읽었습니다. 특정 진영에서 애용되는 '선진국이 이렇게 하고 있으니 우리도 하자' 식의 주장으로부터 대한민국을 어떻게 지킬 것인지 함께 고민해야 한다고 생각합니다.	0	0	NORMAL	[무해] -> 정책 비판	종교
그 와중에 깨우친 몇이 있네	다문화 정책이 정말 문제입니다.	2	2	RACISM	[ㅅㅂ] -> 욕설 정제	clean
맘충새끼들 지 새끼들 피해볼건 생각 안하네 ㅋ	(차단된 문장입니다)	1	5	GENDER	[한남들 살점 손톱깎이로 조금씩 잘라서 재기시키고싶] -> 남성 전체에 대한 잔혹한 고문 및 살해 위협으로 차단	여성/가족
목사의 가치관이 주입되어 빤스 내리라면 내릴 기세. 근데 성소수자 혐오까지는 아니지만 결혼합법, 입양권은 반대다	소아성애자와 연관 짓는 것은 적절하지 않습니다. 어린아이들은 스스로 판단할 수 없으니까요.	0	0	NORMAL	[무해] -> 논리적 구분	여성/가족, 종교
개독때문에 표날아간건 생각못하냐 ㅅㅂ싸워?개뿔 틀니새끼들이랑 같이 쉰내풍기면서 지랄떠는게 싸우는거냐	조작이겠지요. 전주에 특정 부모가 있다는 것이 과학 논문입니까?	2	2	GENDER	[적하반장 맘충] -> 부모 비하 멸칭 순화	연령, 종교
으따 하지만 여대 의전 약전 로스쿨은 합헌이랑꼐요!!!!!	착한 무슬림은 죽은 무슬림뿐입니다. 아니, 무슬림들을 착하게 대해줬는데 무슨 범죄를 저지르는 것입니까?	2	2	RELIGION	[착슬죽슬, 좆슬람, 좆슬람새끼] -> 종교 비하 멸칭 순화	여성/가족
되지도 않는 영어 쓰네	점점 추해지는군요.	0	0	NORMAL	[무해] -> 일상적 평가	악플/욕설
지금 이글이 왜 일일베스트노 보지가 겨우 연하남 만나려고 돈을 많이 벌어야하노? 아무리 3월달 글이라해도 워딩 좆창났고 웜스탠스랑은 동떨어져있는 주제노	(차단된 문장입니다)	1	5	GENDER	[한남 얼굴 난도질하면 기분 개좋노] -> 남성에 대한 폭력 선동 및 위협으로 차단	clean
으따 아랍놈들이 여자들 씽나게패는것도 문화적차이니 이해해줘야되지라	이럴 때만 국공 합작을 하더군요.	2	2	SLUR	[존나] -> 욕설 정제	인종/국적
ㅄ들.반일은 정신병이다	어린이집 다닐 나이면 기억도 나중에 남아있을 것입니다.	0	0	NORMAL	[무해] -> 일상적 추측	악플/욕설
진짜 가지가지한다. 여자는 치마, 남자는 바지 이게 자연스러운 그림인걸 왜 자꾸 우겨대냐	왜 성소수자가 무슬림을 지지합니까? 성소수자를 사형시키라는 종교인데 말입니다.	2	2	LGBTQ/RELIGION	[ㄸㄲ충들] -> 성소수자 비하 멸칭 순화	여성/가족, 남성
집에 쳐박혀있는 애미년이 그지랄이던데	둘 다 문제입니다. 성소수자와 무슬림 모두 말입니다.	2	2	LGBTQ/RELIGION	[똥꼬충] -> 성소수자 비하 멸칭 순화	악플/욕설
제발 전라도 _()_...제발 전라도 _()_...제발 전라도 _()_...제발 전라도 _()_...	중국이나 일본도 저런 행동은 하지 않습니다. 뇌에 무슨 문제가 있으면 저런 혐오 행위를 하는 것입니까? 한국 남성의 유전자 문제입니다.	2	2	GENDER/RACISM	[중좆 일좆, 지랄, 혐오민폐질이노, 한남유전자] -> 인종/성별 비하 멸칭 순화	지역
저 목사새끼 교회 포크레인으로  다 때려 부숴버려라!!	성소수자들과 기독교인들을 대결시켜야 합니다.	2	2	LGBTQ/RELIGION	[똥꼬충들, 개독, 배틀로얄] -> 성소수자 및 종교 비하 멸칭 순화	종교
참인체의 신비란	정말 대단한 전략이네요. 감성도 주고 이익도 취하다니 역시 특정 집단의 논리 수준이 다르군요.	2	2	GENDER	[시발, 보빨의 혁명, 석유코쟁이] -> 욕설 및 비하적 지칭 순화	clean
나도 한인사회에 하나두아는사람이 없다 근데 뭐 별로외롭지도않고	축하합니다. 이참에 미래 의사들을 위해서 시신으로 기증하세요.	2	2	SLUR	[-하노, 카데바, 이기] -> 커뮤니티 말투 및 무례한 표현 순화	clean
그러고 보면 한국은 약자들이 더 나댐	이 나라가 진짜 미쳤군요.	0	0	NORMAL	[무해] -> 사회 비판	기타 혐오
한줄읽고 토나와서 쭈욱내림	당연히 할 수 있습니다. 아직 도덕을 버리지 못한 여성들이 도와줄 것입니다.	2	2	GENDER	[^느^, 웜년들] -> 여성 비칭 및 커뮤니티 말투 순화	악플/욕설
안대 한바가지 들고오노. 꽁자라고 그 기내 화장실에서 훔쳐온다 이기야;;; 이거 ㄹㅇ이노1!!후팔	그 아이들의 어머니는 내일 아침 녹색어머니 활동을 해야 해서 평소보다 더 일찍 일어나야 합니다.	0	0	GENDER	[무해] -> 일상적 상황	악플/욕설
근데 기사에서 영국 칭찬하네 영국도 인종차별 개쩌는데	헌법 제20조를 무시하는 전 국회의원 후보자입니다. 이 정도면 국가보안법을 적용해서 구속시켜야 하는 것 아닙니까?	0	0	NORMAL	[무해] -> 법적 비판	인종/국적
ㄹㅇ 외노자 다 쫒아버리고 관광금지 때리고 이자슨민 돌려보내주면 좋겠다	부산 지역의 특정 정치인 지지율이나 임금 수준 등을 비꼬며 조롱하고 계시네요.	2	2	REGIONAL	[여중생피떡갈비, 네다음] -> 지역 비하 및 조롱 순화	인종/국적
예수님 라스베가스에 휴가갔구만 개독새끼들 지랄들하네	저는 아무리 열심히 해도 가난하게 살다가 죽겠네요.	2	2	SLUR	[존나게, 동수저, 뒤지겠네] -> 욕설 및 비속어 순화	종교
여자 준다는 얘기는 없었냐 ㅋㅋㅋㅋㅋㅋㅋㅋㅋㅋㅋㅋㅋㅋㅋㅋ	중간에 고령자 사진 좀 지워 주세요. 보기 불편합니다.	2	2	AGE	[상폐새끼, 눈갱당해뿟노] -> 연령 비하 멸칭 및 커뮤니티 말투 순화	악플/욕설
어느 거지새끼들 사는 좆병신 동네 맘카페길래 수준이 저 정도냐?ㅋㅋㅋㅋㅋㅋㅋ요즘 맘카페 캡쳐 뜬 거 중에 문재앙 병신짓크리로 셀프 산업화되어가는 맘카페들이 다수인거 같던데진짜 동네 중요하다 중요해	호남 지역 음식이네요.	0	0	NORMAL	[무해] -> 지역 음식 언급	여성/가족, 기타 혐오
버젓이 센터에 개씨빨 짱깨 맥주 넣어놨네 ㅋㅋㅋㅋㅋㅋㅋㅋ ㅅㅂ	체중이 많이 나가는 사람들을 좀 어떻게 해보세요. 집에서 족발 먹을 시간에 운동 좀 하세요.	2	2	GENDER	[쿵쾅이들, 쳐먹을시간] -> 여성 비하 멸칭 및 비속어 순화	인종/국적
돈독이 올라서 전국민을 사지로 모는구나...	또 특정 세대입니까? 정말 지겹네요.	2	2	AGE	[586이야] -> 세대 비하 순화	악플/욕설
틀딱논리면 박정희 각하도 빨면안됨	여성 경찰은 다치지 않았습니까?	2	2	GENDER	[안뒤졌냐, ㄲㅂ] -> 여성 비칭 및 욕설 순화	연령
어메이징 호남 조선	백신을 접종하지 않은 사람이네요.	2	2	SLUR	[병신] -> 욕설 정제	지역
전라도도 외국인데	(차단된 문장입니다)	1	5	LGBTQ	[똥꼬충들한테 먹이로, 후장 뜷어놨으니, 6969번 개통] -> 성소수자에 대한 극단적 성적 모욕 및 폭력 묘사로 차단	지역
저거보고 진짜 유럽 망하는줄 아는 좆병신 급식충 새대가리 새끼는 없겠지?	주시면 맛있게 먹겠습니다.	0	0	NORMAL	[무해] -> 일상적 감사	연령
쓰까들은 페미도 아닌 똥꼬니스트노. 똥꼬 인권운동가로 이름바꾸고 똥권 열심히 지켜라 안말리노. 그러니 페미니즘에서 나가라. 페미니즘한다면서 6헤테로보지9를 가해 기득권으로 보면서 패는것들이 무슨 페미니스트?ㅋㅋㅋ개그하노. 니들은 똥꼬니스트노.	배는 있습니까? 기름으로 움직이는 것 말입니다.	0	0	NORMAL	[무해] -> 일상적 질문	성소수자, 기타 혐오
인종 종교 이런거 다 넘어서 여성차별 척살을 제 1로 둬야하는데 인종이 중요하다면서 다른 페미 차별해서 이렇게 됐다는거 아니노. 타산지석으로 삼아야지. 무조건 제 1 가치관은 냄져 척살	올바른 정보 감사합니다. 많은 성소수자들이 위험한 길에서 돌이키길 바랍니다.	2	2	LGBTQ	[사망의 길] -> 성소수자 비하 뉘앙스 순화	남성
염산들고다녀서뿌려야대	Oh My God !!!	0	0	NORMAL	[무해] -> 일상적 감탄	악플/욕설
한녀는 보호해줘야 한다고 보호본능 전략에 넘어가면 나중에 군제대 후 어렵게 들어간 직장에서 니 상사가 돼있을거다. 한녀들 절대 잘해주지 마라.	저런 곳을 가는 사람들이 있다는 것이 이상합니다.	0	0	NORMAL	[무해] -> 일상적 의구심	여성/가족
공수처 필요도 없네이미 여론으로 조리돌림ㅆㅂ	수업 중인 나머지 65명에게 피해가 간다고 나가서 해달라는데 참 어이가 없네요.	0	0	NORMAL	[무해] -> 상황 비판	악플/욕설
조선시대냐 씨발ㅋㅋㅋㅋㅋㅋㅋ	돈을 주고 성관계를 하는 것이 왜 잘못되었는지 물어보면 답을 못합니다. 경찰들도 잡아놓고 사생활을 침해하면서 잘못했다고 몰아갑니다.	0	0	NORMAL	[무해] -> 법 집행 비판	악플/욕설
모욕죄로 고소가 너무 남발한다. 무슨 말을 못해ㅋㅋ 이제 가식만 떨어야하는 세상임	어이가 없습니다.	0	0	NORMAL	[무해] -> 일상적 감정	악플/욕설
그럼 프로선수 하질말던가 십새끼	세상이 전부 성소수자였으면 좋겠습니다. 그래야 남성들의 권위도 내려갈 것입니다.	2	2	LGBTQ/GENDER	[똥꼬충, 보빨도안해서] -> 성소수자 비하 및 비속어 순화	악플/욕설
차별금지법은 절대로 막아야한다 우리의 미래의 자녀들을 구해야하므로 철회하라	DLC가 대단하네요.	0	0	NORMAL	[무해] -> 일상적 감상	기타 혐오
이정도면 자객아니냐?	조작이라고 주장하시네요. 여성이 감히 남성의 신체 때문에 헤어지려 한다는 것이 말이 되냐며 거짓말하지 말라고 하시는군요.	2	2	GENDER	[주작, 빼애액, 고추, 군쾅군쾅] -> 성별 비하 및 신체 조롱 순화	clean
똥꼬충 빠른 재기해라	한국에서 정상적인 여성주의자가 어디 있습니까?	2	2	GENDER	[무해] -> 여성주의 비판 보수적 정제	성소수자
의원님 응원합니다!!	저런 식으로 하면 중도 입장이던 사람들도 돌아선다는 것을 모르는 것 같습니다.	0	0	NORMAL	[무해] -> 전략 비판	clean
좆 떼고 하필이면 왜 여대를 가냐!! 대학이 거기밖에 없냐!! 여자가 좆 달고 남자만 있는 대학교 가도 기분 더럽게구만 여대애들 얼마나 기분 젖같겠냐!!	여성 간의 관계는 해봐야 무엇을 하겠습니까? 하지만 남성들은 더럽게 항문에 삽입하니까 문제입니다.	2	2	LGBTQ/GENDER	[꼬추새끼들, 똥구멍에 쳐박아대니까] -> 성소수자 비하 및 저속한 성적 묘사 순화	성소수자
꺾을려면 뭐가 있어야할게 아니노 꺾을 좆좀 갖다달라! 광광	이것은 상대방의 말도 들어봐야 합니다.	0	0	NORMAL	[무해] -> 공정성 주장	남성
적어도 자식들은 한국문화 따르려고 하는데....부모가 계속 쪼아대니 속상할듯	무슨 어처구니없는 소리입니까? 침착하십시오.	2	2	SLUR	[개 병신소리, 식고자라] -> 욕설 정제	clean
웜 없었을 때는 페미가 욕 안 먹었는 줄 아노? 그새 꼴페미 메갈년 시절 잊어뿟노 66너 웜이지? 99 66난 웜 아니거든!99 처럼 상대방한테 끌려다니는 화법 하고싶노? 이 글 전적으로 동의하노	내부 결속과 긍정적인 이미지를 구축하는 한국 교회가 되길 기도합니다.	0	0	NORMAL	[무해] -> 종교적 기원	악플/욕설
기가막힌다 기가막혀 쟤들이 민주화의 주역이라고?햐ㅋㅋㅋㅋㅋ	이슬람이 되든 말든 어차피 망할 나라인데 무엇이 중요합니까? 이슬람이 되면 남성들이야 편하겠지요.	2	2	RELIGION/GENDER	[개슬람] -> 종교 비하 멸칭 순화	악플/욕설
조선족이고 재미교포고 나발이고 다 쫒아냈으면 좋겠네요 제발....	여성주의나 정치적 올바름 같은 불필요한 것들이 사회를 더욱 폐쇄적으로 만듭니다.	2	2	GENDER	[무해] -> 여성주의 비판 보수적 정제	인종/국적
찍힐짓했노ㅉㅉ 여성분이 보지답게 이성적이고 침착했기에 망정이지 나였으면 벌써 살인사건 기사났다 이기야	진정한 기독교인이 어디 있습니까?	0	0	RELIGION	[무해] -> 종교 비판	clean
성소수자는 말 그대로 성소수자인데, 성문란자라도 된 듯한 퍼레이드를 하는 이유가 뭘까?	전 세계에는 무슬림, 중국인, 히스패닉 정도밖에 남지 않을 것입니다.	2	2	RACISM/RELIGION	[무술림애들, 짱골라] -> 인종/종교 비하 멸칭 순화	성소수자
통베가 생각하는 건전한 국가 = 러시아 중동 중국 키야 죄다 빨갱이독재국가노 이기 ㅜㅠ	잘 읽었습니다. 특정 진영에서 애용되는 '선진국이 이렇게 하고 있으니 우리도 하자' 식의 주장으로부터 대한민국을 어떻게 지킬 것인지 함께 고민해야 한다고 생각합니다.	0	0	NORMAL	[무해] -> 정책 비판	지역
궁예게이 보고싶노 ㅋㅋㅋㅋㅋㅋㅋㅋㅋㅋㅋㅋㅋㅋㅋㅋㅋㅋㅋㅋㅋ	다문화 정책이 정말 문제입니다.	2	2	RACISM	[ㅅㅂ] -> 욕설 정제	clean
그럼 탈북해서 박정희 욕하노? 그러다 사회에서 매장 당하려고? 싫어도 저래 말해야지	(차단된 문장입니다)	1	5	GENDER	[한남들 살점 손톱깎이로 조금씩 잘라서 재기시키고싶] -> 남성 전체에 대한 잔혹한 고문 및 살해 위협으로 차단	clean
여성가족부 없애고 그 예산으로 로봇 산업에나 투자하지전기만 공급해주면 땡볕에도 혹한에도 아무 불만 없이 일해주는데 얼마나 좋노	소아성애자와 연관 짓는 것은 적절하지 않습니다. 어린아이들은 스스로 판단할 수 없으니까요.	0	0	NORMAL	[무해] -> 논리적 구분	여성/가족
틀딱들 떡밥물고 신났네 ㅅㅂ	조작이겠지요. 전주에 특정 부모가 있다는 것이 과학 논문입니까?	2	2	GENDER	[적하반장 맘충] -> 부모 비하 멸칭 순화	연령
니덜 혹시라도 국제 결혼 하면절대로 국적 따게 하지 마라	착한 무슬림은 죽은 무슬림뿐입니다. 아니, 무슬림들을 착하게 대해줬는데 무슨 범죄를 저지르는 것입니까?	2	2	RELIGION	[착슬죽슬, 좆슬람, 좆슬람새끼] -> 종교 비하 멸칭 순화	인종/국적
이들을 못지키면 나라도 아니다.	점점 추해지는군요.	0	0	NORMAL	[무해] -> 일상적 평가	clean
노재팬 쳐붙여놓고 일본인오면 극진;; 쪽본정도의 자존심도 없는 병신 좆선인들. 쟤네는 돈을 떠나서 아예 안받을거다. 돈보다 이성, 경우를 따진 발전된 사람들이니까	(차단된 문장입니다)	1	5	GENDER	[한남 얼굴 난도질하면 기분 개좋노] -> 남성에 대한 폭력 선동 및 위협으로 차단	인종/국적
이제는 알바까지 여성할당제 시행하겠네?? 근데 왜 노가다는 여성할당제가 없을까용?	이럴 때만 국공 합작을 하더군요.	2	2	SLUR	[존나] -> 욕설 정제	여성/가족
하 씹어먹어도 분이 안풀린다!!!!!!	어린이집 다닐 나이면 기억도 나중에 남아있을 것입니다.	0	0	NORMAL	[무해] -> 일상적 추측	악플/욕설
홍어새끼들이 많긴 많은가보다 호남새끼들 후장처빨아서 대통령 해먹을려는 새끼도 있는거 보니깐	왜 성소수자가 무슬림을 지지합니까? 성소수자를 사형시키라는 종교인데 말입니다.	2	2	LGBTQ/RELIGION	[ㄸㄲ충들] -> 성소수자 비하 멸칭 순화	지역
상폐면뒤져야지 밖에왜나오노	둘 다 문제입니다. 성소수자와 무슬림 모두 말입니다.	2	2	LGBTQ/RELIGION	[똥꼬충] -> 성소수자 비하 멸칭 순화	연령
하느님이 시켰어요,교회는 내꺼니까 아들에게 건물 양도하라고 해명할려나...	중국이나 일본도 저런 행동은 하지 않습니다. 뇌에 무슨 문제가 있으면 저런 혐오 행위를 하는 것입니까? 한국 남성의 유전자 문제입니다.	2	2	GENDER/RACISM	[중좆 일좆, 지랄, 혐오민폐질이노, 한남유전자] -> 인종/성별 비하 멸칭 순화	종교
저다음에 분명히 귀싸대기쳐맞음	성소수자들과 기독교인들을 대결시켜야 합니다.	2	2	LGBTQ/RELIGION	[똥꼬충들, 개독, 배틀로얄] -> 성소수자 및 종교 비하 멸칭 순화	악플/욕설
에라이 사업자 목사양반 대중교통이랑 비교를 하냐 이젠? 하나님이 시키든? 기도하니 알려주신거야?	정말 대단한 전략이네요. 감성도 주고 이익도 취하다니 역시 특정 집단의 논리 수준이 다르군요.	2	2	GENDER	[시발, 보빨의 혁명, 석유코쟁이] -> 욕설 및 비하적 지칭 순화	종교
덕완아 재기민기직수하자	축하합니다. 이참에 미래 의사들을 위해서 시신으로 기증하세요.	2	2	SLUR	[-하노, 카데바, 이기] -> 커뮤니티 말투 및 무례한 표현 순화	남성
만약 대한민국이 망한다면 지금 30~40대 김치년 맘충세대가 가장 큰 기여를 했다고 기록될것이다	이 나라가 진짜 미쳤군요.	0	0	NORMAL	[무해] -> 사회 비판	여성/가족
게이밍은 hd800 이상 쓰시는분들 본적없는거같고 캠은 dslr 로 웹캠하시는분들있어요 갖추고 시작하실려면 400이상도 나올수있는품목들입니다	당연히 할 수 있습니다. 아직 도덕을 버리지 못한 여성들이 도와줄 것입니다.	2	2	GENDER	[^느^, 웜년들] -> 여성 비칭 및 커뮤니티 말투 순화	clean
머한이 라도라는새끼는 걍 범죄자를 전부 라도라고해라 병신새끼들	그 아이들의 어머니는 내일 아침 녹색어머니 활동을 해야 해서 평소보다 더 일찍 일어나야 합니다.	0	0	GENDER	[무해] -> 일상적 상황	지역
그렇군 아주 딱이노	헌법 제20조를 무시하는 전 국회의원 후보자입니다. 이 정도면 국가보안법을 적용해서 구속시켜야 하는 것 아닙니까?	0	0	NORMAL	[무해] -> 법적 비판	clean
유민상??	부산 지역의 특정 정치인 지지율이나 임금 수준 등을 비꼬며 조롱하고 계시네요.	2	2	REGIONAL	[여중생피떡갈비, 네다음] -> 지역 비하 및 조롱 순화	clean
신천지든 성소수자든 다수 국민의 생명이 중요하다. 이정권은 국민생명보다 성소수자 인권이 더 중요한 가치임. 그러면 니들끼리 모여 살아라. 거기서 동성애자들과 부비고 살어~~	저는 아무리 열심히 해도 가난하게 살다가 죽겠네요.	2	2	SLUR	[존나게, 동수저, 뒤지겠네] -> 욕설 및 비속어 순화	성소수자
252 워딩수정했노 저 게시판에는 욕설이나 비방하면 삭제될것같아서 저렇게 썼노	252번 게시물의 표현을 수정했습니다. 해당 게시판에서는 욕설이나 비방이 삭제될 것 같아서 그렇게 작성했습니다.	2	2	COMMUNITY	[-했노, -썼노] -> 커뮤니티 말투 순화	clean
하..너무 무식해서 할말이없다... 머리는 장식인가..	너무 무지해서 할 말이 없습니다. 머리는 장식입니까?	2	2	SLUR	[무식해서] -> 지능 비하 순화	악플/욕설
이게 종교다	이것이 종교입니다.	0	0	NORMAL	[무해] -> 일상적 감상	clean
암튼 우리 국민임. 조선족도 우리 국민, 탈북자도 우리 국민, 이슬람 난민도 우리 국민 우리 문재인 대통령에겐 소중한 지지율이 될 국민들임. 우리는 물론 2등 국민이고 ㅇㅇ.	어쨌든 우리 국민입니다. 조선족도 우리 국민, 탈북자도 우리 국민, 이슬람 난민도 우리 국민입니다. 특정 정치인에게는 소중한 지지율이 될 국민들입니다. 우리는 물론 2등 국민이고요.	2	2	RACISM	[무해] -> 인종 차별 비판 보수적 정제	인종/국적
우리는 여기서 쟤들이 왜 저렇게 미쳐버렸는지 짚고 가야함쟤들도 분명 평범한 여자였을꺼임. 사람이 저렇게 된데는 이유가 있겠지 답은 열등감이다 ! 거울, 체중계 등등등	우리는 여기서 그들이 왜 저렇게 극단적으로 변했는지 짚고 가야 합니다. 그들도 분명 평범한 여성이었을 것입니다. 사람이 저렇게 된 데는 이유가 있겠지요. 답은 열등감입니다. 외모나 체형 등에 대한 콤플렉스 말입니다.	2	2	GENDER	[무해] -> 여성주의 비판 보수적 정제	여성/가족
갓대구 합시다 똥푸산새끼들 ㅉㅉ	대구 지역을 응원합니다. 부산 사람들은 정말 문제가 많네요.	2	2	REGIONAL	[갓대구, 똥푸산새끼들] -> 지역 비하 멸칭 순화	지역
애초에 동성애가 정신병인데 정신병 걸린애들이 무슨 인정이야 인정은 ㅋㅋㅋㅋㅋㅋ	애초에 동성애가 정신 질환인데 정신 질환에 걸린 사람들이 무슨 인정을 받겠습니까?	2	2	LGBTQ	[무해] -> 성소수자 비하 보수적 정제	성소수자
모금 하자 하면 부랄부터 발작증세 보이는 자댕이들하고는 사뭇 비교가 된다이기 ^노^	모금을 하자고 하면 부정적으로 반응하는 남성들과는 사뭇 비교가 됩니다.	2	2	GENDER	[부랄부터 발작증세, 자댕이들, ^노^] -> 남성 비하 및 커뮤니티 말투 순화	남성
강남2015	강남 2015년 사건이네요.	0	0	NORMAL	[무해] -> 사건 언급	clean
자지통구이잼ㅋㅋㅋㅋㅋㅋㅋㅋㅋㅋㅋㅋㅋㅋㅋㅋㅋㅋㅋㅋㅋㅋㅋㅋㅋㅋㅋㅋㅋ	남성 신체 부위를 조롱하는 표현이 재미있네요.	2	2	GENDER	[자지통구이잼] -> 남성 신체 비하 순화	남성
셈 넌배님....!	특정 이용자님을 언급하시네요.	0	0	NORMAL	[무해] -> 일상적 호칭	clean
제발 좌파 해주세요...	제발 좌파 성향을 보여주세요.	0	0	NORMAL	[무해] -> 정치 성향 요청	악플/욕설
839 성님워딩 재기시켜라 웜에서 성님 자매 찾지마라	839번 게시자님, 표현을 수정하세요. 특정 커뮤니티에서 그런 호칭을 찾지 마세요.	2	2	GENDER/COMMUNITY	[성님, 재기시켜라, 웜] -> 성별 비칭 및 커뮤니티 용어 순화	남성
성소수자를 차별하는것은 잘 못된거겠지만 그들을 인정하는걸 넘어 성소자의 행동을 하나의 문화로 받아 들이는것도 잘 못 된거라 본다 일반인 입장에선 그저 변태스러울뿐인데	성소수자를 차별하는 것은 잘못된 것이지만, 그들을 인정하는 것을 넘어 성소수자의 행동을 하나의 문화로 받아들이는 것도 잘못된 것이라고 봅니다. 일반인 입장에서는 그저 변태스러울 뿐입니다.	2	2	LGBTQ	[무해] -> 성소수자 비하 보수적 정제	성소수자
ctrl + c , ctrl + v 답변 완료!!헤헷	복사 붙여넣기로 답변 완료했습니다.	0	0	NORMAL	[무해] -> 일상적 농담	clean
역겨운 페미니즘...	역겨운 여성주의입니다.	2	2	GENDER	[무해] -> 여성주의 비판 보수적 정제	여성/가족
그보다 13 노무 작지 않노 나련은 최소 14	그보다 13cm는 너무 작지 않습니까? 저는 최소 14cm입니다.	2	2	GENDER	[-노, 나련] -> 남성 신체 조롱 및 커뮤니티 말투 순화	clean
☆★☆개독과 개슬람 박멸에 힘쓰는 워마드 적극 응원합니다☆★☆	기독교와 이슬람 박멸에 힘쓰는 특정 커뮤니티를 적극 응원합니다.	2	2	RELIGION	[개독, 개슬람] -> 종교 비하 멸칭 순화	종교
니가 게이건 아닌건 상관없어 문제는 니 확진자라는거야? 니 잘못을 인권이라는 걸로 물타기하지마라 팩트는 확진자인 니가 자가격리안하고 다른사람에게 피해를 줬다는겄이야	당신이 성소수자인지 아닌지는 상관없습니다. 문제는 당신이 확진자라는 것입니다. 당신의 잘못을 인권이라는 것으로 물타기하지 마세요. 사실은 확진자인 당신이 자가격리를 하지 않고 다른 사람에게 피해를 줬다는 것입니다.	0	0	NORMAL	[무해] -> 방역 비판	악플/욕설
머구가 대한민국 전체 초토화 한건 기억 못하고전라도가 퍼뜨리니깐 이때다 싶은거야? ㅋ	특정 정치인이 대한민국 전체를 초토화한 것은 기억 못 하고 호남 지역이 퍼뜨리니까 이때다 싶은 것입니까?	2	2	REGIONAL	[머구, 전라도] -> 정치인 비칭 및 지역 지칭 순화	지역
이관하면 니동네 경찰서에서 조사받는다	이관하면 당신 동네 경찰서에서 조사받습니다.	0	0	NORMAL	[무해] -> 일상적 정보	clean
저분 채소 나이팅게일 치료에 전념하는것 보소	저분이 채소로 나이팅게일 치료에 전념하는 것을 보십시오.	0	0	NORMAL	[무해] -> 일상적 감상	clean
바퀴벌레나 낳은게 바퀴벌레지	바퀴벌레가 낳은 것이 바퀴벌레입니다.	0	0	NORMAL	[무해] -> 일상적 비유	clean
무시하고있다. 틀니새낀데최태민 박근혜 놀린다고징징대는 틀니새끼 지원사격좀 누구없나	무시하고 있습니다. 고령층인데 특정 정치인들을 조롱한다고 징징대는 고령자를 지원할 사람 없습니까?	2	2	AGE	[틀니새낀데, 틀니새끼] -> 연령 비하 멸칭 순화	연령
당당하신 목사님 축복합니다.	당당하신 목사님을 축복합니다.	0	0	NORMAL	[무해] -> 종교적 축복	clean
그 거류민단도 지금은대다수가돌아온빨갱이들2ㅂ	그 거류민단도 지금은 대다수가 돌아온 좌파 성향 사람들입니다.	2	2	SLUR	[빨갱이들, 2ㅂ] -> 정치 성향 비하 순화	기타 혐오
보지들은 이런글 써봣자 와닿지가 않아서 이해를 못함.그냥 입장바꾼케이스나 이해할만한 케이스 찾는게 더 빠름.	여성들은 이런 글을 써봐야 와닿지가 않아서 이해를 못합니다. 그냥 입장을 바꾼 사례나 이해할 만한 사례를 찾는 게 더 빠릅니다.	2	2	GENDER	[보지들] -> 여성 비칭 순화	여성/가족
사람 손 대신 동물 앞발을 써야 될판.	사람 손 대신 동물 앞발을 써야 될 판입니다.	0	0	NORMAL	[무해] -> 일상적 비유	clean
동성애는 역겹다. 동성애자들 제발 내 눈에 보이지마라.	동성애는 역겹습니다. 동성애자들은 제발 제 눈에 보이지 마세요.	2	2	LGBTQ	[무해] -> 성소수자 비하 보수적 정제	성소수자
이번엔 전라괴레가 당첨된겨 ㄷㄷㄷㄷㄷ	이번에는 호남 지역이 당첨된 것 같네요.	2	2	REGIONAL	[전라괴레] -> 지역 비하 멸칭 순화	지역
다문화저렇레좆빠지게추진하는이유가뭐냐 앙망앙망ㅜㅜ국제화시대, 3d 때문? 이런이유들도다문화가 해결책이 아니라는 어떤게이글보고왔다	다문화 정책을 저렇게 열심히 추진하는 이유가 무엇입니까? 국제화 시대나 3D 업종 때문입니까? 이런 이유들도 다문화가 해결책이 아니라는 글을 봤습니다.	2	2	RACISM	[좆빠지게, 앙망앙망, 게이글] -> 욕설 및 비하적 표현 순화	인종/국적
당연히 정신병자이긴한데 그 정신병이 운전이랑은 별 관계가 없지 않냐 ?	당연히 정신 질환자이긴 한데 그 정신 질환이 운전과는 별 관계가 없지 않습니까?	0	0	NORMAL	[무해] -> 논리적 질문	기타 혐오
전쟁때도 이렇게 예배를 타협하진 않았는데...	전쟁 때도 이렇게 예배를 타협하지는 않았는데 말입니다.	0	0	NORMAL	[무해] -> 종교 비판	clean
남성 여성 단어를 삭제하죠 그것도 차별인데 화장실도 차별하지 말고 같이 쓰죠? 여성전용 남성전용도 다삭제하고 지들끼리 다 나가서 섬나라에서 살면 평화롭겠다	남성 여성 단어를 삭제하죠. 그것도 차별인데 화장실도 차별하지 말고 같이 쓰죠? 여성 전용 남성 전용도 다 삭제하고 본인들끼리 다 나가서 섬나라에서 살면 평화롭겠습니다.	0	0	NORMAL	[무해] -> 정책 비판	악플/욕설
한남충들 내 불주먹에 한대맞고 재기하게 생겼노	(차단된 문장입니다)	1	5	GENDER	[한남충들, 불주먹에 한대맞고 재기] -> 남성 전체에 대한 폭력 위협 및 자살 조롱으로 차단	남성
재기형냐 만나러 가는거 잖노 한남교주	특정 인물을 만나러 가는 것 아닙니까? 남성 교주 말입니다.	2	2	GENDER	[재기형냐, 한남교주] -> 남성 비칭 순화	남성
썩을 인간들	썩을 인간들이네요.	0	0	SLUR	[무해] -> 일상적 비난	악플/욕설
시발;; 야 급식충새끼야 이글읽고 답변좀달아봐라 9센치가 사람새끼좆이냐?	미성년자님, 이 글을 읽고 답변 좀 달아보세요. 9cm가 정상입니까?	2	2	AGE/GENDER	[시발, 급식충새끼야, 사람새끼좆] -> 연령 비하 및 신체 조롱 순화	연령
여자한테 발악하는 도태남들 ㄱㅈㅎㅌㅊ 인생이 눈에 선명하게 보인다 이기야. 다녀왔노.	여성에게 집착하는 도태 남성들의 인생이 눈에 선명하게 보입니다. 다녀왔습니다.	2	2	GENDER	[발악하는, ㄱㅈㅎㅌㅊ, 이기야, -노] -> 남성 비하 및 커뮤니티 말투 순화	남성
전용 19금 걸고 하나 따로 만들어서 놀라고 하시면 될듯	전용 19금 등급을 걸고 하나 따로 만들어서 활동하시면 될 것 같습니다.	0	0	NORMAL	[무해] -> 일상적 제안	악플/욕설
23~50 년이라니종신형도 아니고.딴놈들은 더 약하네 저런건 최소 무기여야지	23~50년이라니 종신형도 아니고 다른 사람들은 더 약하네요. 저런 것은 최소 무기징역이어야 합니다.	0	0	NORMAL	[무해] -> 형량 비판	악플/욕설
쓰레기는 누구한테 쓰여지고 버려지기라도했지 한남은 절레절레 나와선 안될것이 나와부렀노	쓰레기는 누구한테 사용되고 버려지기라도 했지만 한국 남성은 나와서는 안 될 것이 나와버렸습니다.	2	2	GENDER	[한남, -노] -> 남성 비하 멸칭 및 커뮤니티 말투 순화	남성
울산 개돼지들 ㅉㅉㅉㅉ문재인 때문에 니네가 거지되고 있는데도 ㅉㅉㅉㅉ	울산 지역 사람들은 정말 답답하네요. 특정 정치인 때문에 당신들이 어려워지고 있는데도 말입니다.	2	2	REGIONAL	[개돼지들] -> 지역 비하 멸칭 순화	지역
신천지와 다를게 없네요	신천지와 다를 게 없네요.	0	0	RELIGION	[무해] -> 종교 비교	종교
아오이 소라 위에 유마 아사미도 av배우노	특정 성인물 배우들도 유명하네요.	0	0	NORMAL	[무해] -> 일상적 정보	clean
여자는 최소한 반공교육이라도 시켜야지	여성은 최소한 반공 교육이라도 시켜야 합니다.	2	2	GENDER	[무해] -> 여성 비하 보수적 정제	여성/가족
저런 극우가 있어야외국인들도 남에 나라와서 함부로 찍소리도 못하지이건 뭐 더 큰소리치고 다니고 자빠졌으니...무슨 태극기 흔드는 영감탱이들보고 극우래 ㅋㅋ	저런 극우 성향이 있어야 외국인들도 남의 나라에 와서 함부로 행동하지 못합니다. 이건 뭐 더 큰소리치고 다니니 말입니다. 태극기 흔드는 어르신들을 보고 극우라고 하네요.	2	2	AGE	[영감탱이들] -> 연령 비하 멸칭 순화	인종/국적
간첩탈북자 제외하면 저게 정상반응이지 ㅋㅋ 자칫하면 뒈질수도있는데	간첩이나 탈북자를 제외하면 저것이 정상 반응입니다. 자칫하면 위험할 수도 있는데 말입니다.	2	2	SLUR	[뒈질수도] -> 욕설 정제	악플/욕설
성희롱의 정의 자체를 모르나?? 성희롱은 성욕에 관계되는 언행이지. 이거랑은 다르다. 이건 굳이 얘기하자면 성차별이지. 뭐만 하면 죄다 성희롱이래 무슨	성희롱의 정의 자체를 모르십니까? 성희롱은 성욕에 관계되는 언행입니다. 이것과는 다릅니다. 이것은 굳이 얘기하자면 성차별입니다. 무엇만 하면 죄다 성희롱이라고 하네요.	0	0	NORMAL	[무해] -> 용어 정의 비판	악플/욕설
이러니 볍신들 소리가	이러니 어리석다는 소리를 듣는 것입니다.	2	2	SLUR	[볍신들] -> 욕설 정제	악플/욕설
공부도 아니고 시발ㅋㅋㅋㅋ	252번 게시물의 표현을 수정했습니다. 해당 게시판에서는 욕설이나 비방이 삭제될 것 같아서 그렇게 작성했습니다.	2	2	COMMUNITY	[-했노, -썼노] -> 커뮤니티 말투 순화	악플/욕설
관잦: 소들소들....	너무 무지해서 할 말이 없습니다. 머리는 장식입니까?	2	2	SLUR	[무식해서] -> 지능 비하 순화	남성
한명만 더 쳐맞으면 패미버릴듯 ㅋㅋㅋㅋㅋㅋ	이것이 종교입니다.	0	0	NORMAL	[무해] -> 일상적 감상	여성/가족
똥꼬충은 모조리 죽여야 해.	어쨌든 우리 국민입니다. 조선족도 우리 국민, 탈북자도 우리 국민, 이슬람 난민도 우리 국민입니다. 특정 정치인에게는 소중한 지지율이 될 국민들입니다. 우리는 물론 2등 국민이고요.	2	2	RACISM	[무해] -> 인종 차별 비판 보수적 정제	성소수자
해외에서 전에 다니던 법인카드가 내 개인 페이팔 계정이 등록되어있어서,이베이서 뭐 페이팔로 결제하면 어찌되냐?ㅋㅋ전에 다니던 회사가 ㅄ들이여서, 법카 관리를 ㅄ같이 하는거같은데 ㅋㅋㅋ	우리는 여기서 그들이 왜 저렇게 극단적으로 변했는지 짚고 가야 합니다. 그들도 분명 평범한 여성이었을 것입니다. 사람이 저렇게 된 데는 이유가 있겠지요. 답은 열등감입니다. 외모나 체형 등에 대한 콤플렉스 말입니다.	2	2	GENDER	[무해] -> 여성주의 비판 보수적 정제	악플/욕설
방생은 죄다	대구 지역을 응원합니다. 부산 사람들은 정말 문제가 많네요.	2	2	REGIONAL	[갓대구, 똥푸산새끼들] -> 지역 비하 멸칭 순화	악플/욕설
역시 얘네도 썩은동아줄이네	애초에 동성애가 정신 질환인데 정신 질환에 걸린 사람들이 무슨 인정을 받겠습니까?	2	2	LGBTQ	[무해] -> 성소수자 비하 보수적 정제	악플/욕설
작전명령서 : 캡틴 게이! 적진지에 선봉으로 침투하여 적의 후방, 아니 후장을 공략, 아니 유린하라!!!	모금을 하자고 하면 부정적으로 반응하는 남성들과는 사뭇 비교가 됩니다.	2	2	GENDER	[부랄부터 발작증세, 자댕이들, ^노^] -> 남성 비하 및 커뮤니티 말투 순화	성소수자
똘레랑스=씹선비즘	강남 2015년 사건이네요.	0	0	NORMAL	[무해] -> 사건 언급	clean
7개월이면 한창 이쁜짓할때인데ㅠ 임신우울증 핑계다 자신의 배아파 낳은 자식인데 어떻게 그럴수가 있나	남성 신체 부위를 조롱하는 표현이 재미있네요.	2	2	GENDER	[자지통구이잼] -> 남성 신체 비하 순화	clean
어이어이... 저런 동남아민족의 혼혈따위 자랑스러운 대한의 「순수혈통」통베충의 외모에는 한참 못 미친다구...?	특정 이용자님을 언급하시네요.	0	0	NORMAL	[무해] -> 일상적 호칭	인종/국적
탈원전은 근데 진짜 개씹에바다. 돈도 없으면서 왜 서양이 하는거 다 따라하려고 하냐?	제발 좌파 성향을 보여주세요.	0	0	NORMAL	[무해] -> 정치 성향 요청	악플/욕설
우리들 조선족을 동포 동포 떠들어대는 조생진들 보면 걍 죽이고 싶다. ㅠㅠ	839번 게시자님, 표현을 수정하세요. 특정 커뮤니티에서 그런 호칭을 찾지 마세요.	2	2	GENDER/COMMUNITY	[성님, 재기시켜라, 웜] -> 성별 비칭 및 커뮤니티 용어 순화	인종/국적
먼개소리냐	성소수자를 차별하는 것은 잘못된 것이지만, 그들을 인정하는 것을 넘어 성소수자의 행동을 하나의 문화로 받아들이는 것도 잘못된 것이라고 봅니다. 일반인 입장에서는 그저 변태스러울 뿐입니다.	2	2	LGBTQ	[무해] -> 성소수자 비하 보수적 정제	악플/욕설
근데 난 홍준표뽑았는데 난 뭔죄냐 씨발ㅡㅡ	복사 붙여넣기로 답변 완료했습니다.	0	0	NORMAL	[무해] -> 일상적 농담	악플/욕설
사실 인천이 홍어보다 심하면 심했지 못하진 않음.	역겨운 여성주의입니다.	2	2	GENDER	[무해] -> 여성주의 비판 보수적 정제	지역
와 근데 올해20살되는데 내가 저새끼들 나이때만해도 문방구앞오락실아님 학교 앞 아파트 놀이터에서 지옥탈출 하면서 놀았는데 시대가 바꼈구나 요즘게임줫노잼인데 저런식으로 놀이문화가 바뀐거보면 안타깝긴함 뭐가문제인걸까 과도한 입시경쟁이 문제인걸까	그보다 13cm는 너무 작지 않습니까? 저는 최소 14cm입니다.	2	2	GENDER	[-노, 나련] -> 남성 신체 조롱 및 커뮤니티 말투 순화	clean
인정이노. 국가적으로 정해놓은 정책때문에 원하지도 않는 잦이랑 살아야하는게 매매혼이랑 다를게 뭐노? 성노예랑 다를게 뭐노? 도태한남들 많은게 여비남존 문화가 원인이지. 한남들 사사을 바꾸면 이런일도 없다 이기. 능력이 없으면 마음이라도 좋아야지 좆팔	기독교와 이슬람 박멸에 힘쓰는 특정 커뮤니티를 적극 응원합니다.	2	2	RELIGION	[개독, 개슬람] -> 종교 비하 멸칭 순화	남성
메갈이 워마드인데 븅신아	당신이 성소수자인지 아닌지는 상관없습니다. 문제는 당신이 확진자라는 것입니다. 당신의 잘못을 인권이라는 것으로 물타기하지 마세요. 사실은 확진자인 당신이 자가격리를 하지 않고 다른 사람에게 피해를 줬다는 것입니다.	0	0	NORMAL	[무해] -> 방역 비판	악플/욕설
ㅋㅋㅋㅋㅋ탈북자도 존나 웃긴게 같은 씨발 씨벌껀 빨갱이새끼들인데 이제 와서 서로 존나 이간질 시킴 병신새끼들 ㅋㅋㅋㅋ	특정 정치인이 대한민국 전체를 초토화한 것은 기억 못 하고 호남 지역이 퍼뜨리니까 이때다 싶은 것입니까?	2	2	REGIONAL	[머구, 전라도] -> 정치인 비칭 및 지역 지칭 순화	인종/국적
ㅣ시발 아래서 둘째짤 눈에 점 뭐노	이관하면 당신 동네 경찰서에서 조사받습니다.	0	0	NORMAL	[무해] -> 일상적 정보	악플/욕설
지들은 할줄 아나보노 ㅋㅋㅋㅋㅋ 응 다음 도태지는 너야너 너야너	저분이 채소로 나이팅게일 치료에 전념하는 것을 보십시오.	0	0	NORMAL	[무해] -> 일상적 감상	악플/욕설
너도 점점 빨대가 되가는구나	바퀴벌레가 낳은 것이 바퀴벌레입니다.	0	0	NORMAL	[무해] -> 일상적 비유	악플/욕설
한남새끼덜ㅋㅋㅋ 좆은 개작아서 삼각수영복못입는거봐라ㅋㅋㅋ	무시하고 있습니다. 고령층인데 특정 정치인들을 조롱한다고 징징대는 고령자를 지원할 사람 없습니까?	2	2	AGE	[틀니새낀데, 틀니새끼] -> 연령 비하 멸칭 순화	남성
반일종족으로 돈좀 벌었나보노 ㅋㅋㅋ	당당하신 목사님을 축복합니다.	0	0	NORMAL	[무해] -> 종교적 축복	악플/욕설
응~ 오픈첫날 갱들한테 총맞고 뒈짐	그 거류민단도 지금은 대다수가 돌아온 좌파 성향 사람들입니다.	2	2	SLUR	[빨갱이들, 2ㅂ] -> 정치 성향 비하 순화	clean
이젠.. 뭐가 진실인지 가늠조차 안된다	여성들은 이런 글을 써봐야 와닿지가 않아서 이해를 못합니다. 그냥 입장을 바꾼 사례나 이해할 만한 사례를 찾는 게 더 빠릅니다.	2	2	GENDER	[보지들] -> 여성 비칭 순화	clean
살아나 있으면 다행. 그전에 청년고독사함 ㅋㅋㅋㅋ	사람 손 대신 동물 앞발을 써야 될 판입니다.	0	0	NORMAL	[무해] -> 일상적 비유	clean
언론이 중국 후장 빠는 전통은 수백년이 지나도 없어지질 않네 ㅋㅋㅋ	동성애는 역겹습니다. 동성애자들은 제발 제 눈에 보이지 마세요.	2	2	LGBTQ	[무해] -> 성소수자 비하 보수적 정제	인종/국적
말했잖습니꽈~~경험해 보지 못한 나라를경험하게 해주겠다고 말했잖습니꽈~~	이번에는 호남 지역이 당첨된 것 같네요.	2	2	REGIONAL	[전라괴레] -> 지역 비하 멸칭 순화	clean
영국 프랑스 독일이 단일민족이란다이런 좆문가새끼들때문에 교육못받은애들이 진짜인줄알고 간다니깐	다문화 정책을 저렇게 열심히 추진하는 이유가 무엇입니까? 국제화 시대나 3D 업종 때문입니까? 이런 이유들도 다문화가 해결책이 아니라는 글을 봤습니다.	2	2	RACISM	[좆빠지게, 앙망앙망, 게이글] -> 욕설 및 비하적 표현 순화	악플/욕설
7째짤 ㅋㅋㅋ 안경쓴 새끼	당연히 정신 질환자이긴 한데 그 정신 질환이 운전과는 별 관계가 없지 않습니까?	0	0	NORMAL	[무해] -> 논리적 질문	악플/욕설
저번준가 저저번준가 신촌갔다가 이자슨민 길에서 마주침. 백인놈이랑 같이 팔짱? 끼고 있던거 같던데. 얘 남편있냐???	전쟁 때도 이렇게 예배를 타협하지는 않았는데 말입니다.	0	0	NORMAL	[무해] -> 종교 비판	인종/국적
시발 반국가단체 법안 클라스;;	남성 여성 단어를 삭제하죠. 그것도 차별인데 화장실도 차별하지 말고 같이 쓰죠? 여성 전용 남성 전용도 다 삭제하고 본인들끼리 다 나가서 섬나라에서 살면 평화롭겠습니다.	0	0	NORMAL	[무해] -> 정책 비판	악플/욕설
얼라들은 그럴 수 있어도 어미는 그러면 안되지 그러니 맘충소리 듣지	(차단된 문장입니다)	1	5	GENDER	[한남충들, 불주먹에 한대맞고 재기] -> 남성 전체에 대한 폭력 위협 및 자살 조롱으로 차단	여성/가족
홍어와 여자 둘중 하나를 믿어야한다면 여자 말을 믿는게 진실에 가까울 확률이 518배다 ㄹㅇ	특정 인물을 만나러 가는 것 아닙니까? 남성 교주 말입니다.	2	2	GENDER	[재기형냐, 한남교주] -> 남성 비칭 순화	지역
남자메갈이놐ㅋ	썩을 인간들이네요.	0	0	SLUR	[무해] -> 일상적 비난	여성/가족, 남성
지구를 떠나라 이기야 그곳엔 워마드도 몰카도 없다	미성년자님, 이 글을 읽고 답변 좀 달아보세요. 9cm가 정상입니까?	2	2	AGE/GENDER	[시발, 급식충새끼야, 사람새끼좆] -> 연령 비하 및 신체 조롱 순화	악플/욕설
대구러 새끼들은 보면 존나 어이없는 폭행/살인/강간사건이 많고 라도새끼들은 존나 소름끼치는 통수/살인사건이 많지	여성에게 집착하는 도태 남성들의 인생이 눈에 선명하게 보입니다. 다녀왔습니다.	2	2	GENDER	[발악하는, ㄱㅈㅎㅌㅊ, 이기야, -노] -> 남성 비하 및 커뮤니티 말투 순화	지역
그나마 개저씨도 나온지 얼마 되지도 않았다이기. 개저씨도 다양하게 분류해 까야한다는 말 찬성	전용 19금 등급을 걸고 하나 따로 만들어서 활동하시면 될 것 같습니다.	0	0	NORMAL	[무해] -> 일상적 제안	연령
니들이 잘생기면 사람들이 이렇게까지 분노하진않았을꺼야	23~50년이라니 종신형도 아니고 다른 사람들은 더 약하네요. 저런 것은 최소 무기징역이어야 합니다.	0	0	NORMAL	[무해] -> 형량 비판	악플/욕설
'성매매'로 검색하니 군게 열심히하고 시게 까던 양반하나가 올린 글이 유일하네요.	쓰레기는 누구한테 사용되고 버려지기라도 했지만 한국 남성은 나와서는 안 될 것이 나와버렸습니다.	2	2	GENDER	[한남, -노] -> 남성 비하 멸칭 및 커뮤니티 말투 순화	clean
진짜 내로남불은 버릴수가 없나봐	울산 지역 사람들은 정말 답답하네요. 특정 정치인 때문에 당신들이 어려워지고 있는데도 말입니다.	2	2	REGIONAL	[개돼지들] -> 지역 비하 멸칭 순화	악플/욕설
양아치 개독교 개독교는 우리나라에서 없어져라 그리고 정부지원 끊어라	신천지와 다를 게 없네요.	0	0	RELIGION	[무해] -> 종교 비교	종교
전라도 중에 전라남도가 존나 개새끼임인구도 적고 출생율만 높지 전국 유일 초고령 사회인 곳이뭔 경기권 번화시급 인프라를 요구함. 제일 븅신같은건 무안공항이지만사람 좆도 없는 신안군에 김대중 대교 놓은게 ㄹㅇ 레전설	특정 성인물 배우들도 유명하네요.	0	0	NORMAL	[무해] -> 일상적 정보	지역
남자애 시발 나쁜짱깨네 착해지려 하는데 막음	여성은 최소한 반공 교육이라도 시켜야 합니다.	2	2	GENDER	[무해] -> 여성 비하 보수적 정제	인종/국적
대한민국 남자의 인권에 응원을 보낸다	저런 극우 성향이 있어야 외국인들도 남의 나라에 와서 함부로 행동하지 못합니다. 이건 뭐 더 큰소리치고 다니니 말입니다. 태극기 흔드는 어르신들을 보고 극우라고 하네요.	2	2	AGE	[영감탱이들] -> 연령 비하 멸칭 순화	clean
좆같다 ㅅㅂ 더러운 짱개새끼들	간첩이나 탈북자를 제외하면 저것이 정상 반응입니다. 자칫하면 위험할 수도 있는데 말입니다.	2	2	SLUR	[뒈질수도] -> 욕설 정제	인종/국적
남자들이 추근대면 추근대는 쪽이 남자니 남자를 출입금지 시키는게 정상 아닌가? 내 친구가 대구 사는데 서울이랑 비교해서 완전 남녀 성차별 오지다고 함.	성희롱의 정의 자체를 모르십니까? 성희롱은 성욕에 관계되는 언행입니다. 이것과는 다릅니다. 이것은 굳이 얘기하자면 성차별입니다. 무엇만 하면 죄다 성희롱이라고 하네요.	0	0	NORMAL	[무해] -> 용어 정의 비판	지역
불교만 해도 국사책만 들춰봐도 신라 고려시대의 사원의 수탈이 나오는 뎁쇼? 걍 종교는 다 병맛 같은 구석이 있습니다.	이러니 어리석다는 소리를 듣는 것입니다.	2	2	SLUR	[볍신들] -> 욕설 정제	종교
나도 비슷한상황잇엇는데 차 움직일때까지 크락션누르고 잇으면됌	252번 게시물의 표현을 수정했습니다. 해당 게시판에서는 욕설이나 비방이 삭제될 것 같아서 그렇게 작성했습니다.	2	2	COMMUNITY	[-했노, -썼노] -> 커뮤니티 말투 순화	clean
똥싸라고 있는 구멍에 좆물을 싸냐 ㅅㅂ ㄷㄷㄷ	너무 무지해서 할 말이 없습니다. 머리는 장식입니까?	2	2	SLUR	[무식해서] -> 지능 비하 순화	성소수자
저거 sym?	이것이 종교입니다.	0	0	NORMAL	[무해] -> 일상적 감상	clean
말할수없는 그곳아니냐?	어쨌든 우리 국민입니다. 조선족도 우리 국민, 탈북자도 우리 국민, 이슬람 난민도 우리 국민입니다. 특정 정치인에게는 소중한 지지율이 될 국민들입니다. 우리는 물론 2등 국민이고요.	2	2	RACISM	[무해] -> 인종 차별 비판 보수적 정제	clean
기회가 평등하지 않아 삐진거 같다 더블어 했어야 했는데~~	우리는 여기서 그들이 왜 저렇게 극단적으로 변했는지 짚고 가야 합니다. 그들도 분명 평범한 여성이었을 것입니다. 사람이 저렇게 된 데는 이유가 있겠지요. 답은 열등감입니다. 외모나 체형 등에 대한 콤플렉스 말입니다.	2	2	GENDER	[무해] -> 여성주의 비판 보수적 정제	clean
왕자 못만날 애들끼리 쿰쩍쿰쩍 지랄하는거지	대구 지역을 응원합니다. 부산 사람들은 정말 문제가 많네요.	2	2	REGIONAL	[갓대구, 똥푸산새끼들] -> 지역 비하 멸칭 순화	여성/가족
꼬추가 작아서 아주 똥양 여기저기에 똥튀기고 다니노 한국남자는 싸그리 잡아다 전부 거세시켜야한다	애초에 동성애가 정신 질환인데 정신 질환에 걸린 사람들이 무슨 인정을 받겠습니까?	2	2	LGBTQ	[무해] -> 성소수자 비하 보수적 정제	남성
모든 사람이 워마드 하고 한남을 재기 시키고싶노	모금을 하자고 하면 부정적으로 반응하는 남성들과는 사뭇 비교가 됩니다.	2	2	GENDER	[부랄부터 발작증세, 자댕이들, ^노^] -> 남성 비하 및 커뮤니티 말투 순화	남성
실제 투쟁보다 좆같이 허망한 약속을 믿은 것 그뿐이노	강남 2015년 사건이네요.	0	0	NORMAL	[무해] -> 사건 언급	악플/욕설
성형비용지원돼서 젊은 탈북민들은 대부분 성형함	남성 신체 부위를 조롱하는 표현이 재미있네요.	2	2	GENDER	[자지통구이잼] -> 남성 신체 비하 순화	인종/국적
이건좀 아닌데;? 다들 미친거냐	특정 이용자님을 언급하시네요.	0	0	NORMAL	[무해] -> 일상적 호칭	악플/욕설
맘충도 아닌 북사이버 전사 아니냐? 그지년들이 뭔 힘이있다고 권력형 비리를 옹호하냐 그것도 입시부정을? 지애새끼는 천재라 하버드 예일 같은데 갈줄아나?	제발 좌파 성향을 보여주세요.	0	0	NORMAL	[무해] -> 정치 성향 요청	여성/가족
누구 좋으라고 한남 말 듣노ㅋㅋㅋ 한남이 무서워하는거 워마드 바퀴벌레 혼밥	839번 게시자님, 표현을 수정하세요. 특정 커뮤니티에서 그런 호칭을 찾지 마세요.	2	2	GENDER/COMMUNITY	[성님, 재기시켜라, 웜] -> 성별 비칭 및 커뮤니티 용어 순화	남성
탈북자들은 북한내에서도 반역자고 배신자다우리나라로온 북괴새끼후회하더라 우리나라로 망명했다가 보조금이니 정착지원금다빨아먹고 독일이니 스웨덴이니 스위스니 망명신청까이고 다시한국행왔더라존나역겹더라	성소수자를 차별하는 것은 잘못된 것이지만, 그들을 인정하는 것을 넘어 성소수자의 행동을 하나의 문화로 받아들이는 것도 잘못된 것이라고 봅니다. 일반인 입장에서는 그저 변태스러울 뿐입니다.	2	2	LGBTQ	[무해] -> 성소수자 비하 보수적 정제	인종/국적
이준석 저새끼 아무리 봐도 보수에 심어놓은 트로이 목마인듯 하는 말 들어보면 보수 이념이랑 거리가 너무 멈 혹시 이새끼도 짱깨가 키운 새끼 아닐까	복사 붙여넣기로 답변 완료했습니다.	0	0	NORMAL	[무해] -> 일상적 농담	인종/국적
워딩은 많을수록 앵이득	역겨운 여성주의입니다.	2	2	GENDER	[무해] -> 여성주의 비판 보수적 정제	clean
ㅋㅋㅋㅋ 코로나헤럴드?	그보다 13cm는 너무 작지 않습니까? 저는 최소 14cm입니다.	2	2	GENDER	[-노, 나련] -> 남성 신체 조롱 및 커뮤니티 말투 순화	clean
ㅋㅋㅋㅋ남자는 성매매 가해남성 ㅅㅂ누가 몸 팔라고 억지로 시켰냐고~~~	기독교와 이슬람 박멸에 힘쓰는 특정 커뮤니티를 적극 응원합니다.	2	2	RELIGION	[개독, 개슬람] -> 종교 비하 멸칭 순화	악플/욕설
천재 개발자 보다 페미니즘 개발자 ㅋㅋㅋㅋ 느그가 누리는 모든 것들이 천재 개발자 들에게서 나왔다. 너희는 그 천재들이 만든걸 이용해서 똥이나 싸고있는거고	당신이 성소수자인지 아닌지는 상관없습니다. 문제는 당신이 확진자라는 것입니다. 당신의 잘못을 인권이라는 것으로 물타기하지 마세요. 사실은 확진자인 당신이 자가격리를 하지 않고 다른 사람에게 피해를 줬다는 것입니다.	0	0	NORMAL	[무해] -> 방역 비판	여성/가족
착한동성애자는 죽은동성애자	특정 정치인이 대한민국 전체를 초토화한 것은 기억 못 하고 호남 지역이 퍼뜨리니까 이때다 싶은 것입니까?	2	2	REGIONAL	[머구, 전라도] -> 정치인 비칭 및 지역 지칭 순화	성소수자
그글생각난다 ㅋ 어떤좆놈이 한국여자 너무 눈높은거같아서 포기했다고 결혼정보회사 통해서 탈북자만나면 눈낮지않을까요? 하는 질문글올렸는데 탈북자는 결혼정보회사에서 좆그지남 매칭하면 그렇게 거지같이살려고 탈북한거아니다라고 화낸다고	이관하면 당신 동네 경찰서에서 조사받습니다.	0	0	NORMAL	[무해] -> 일상적 정보	남성, 인종/국적
av 시작하면 음탕한 김치년들이 너도나도 찍다보면 갓본 av 산업 망할수도 있다 ~	저분이 채소로 나이팅게일 치료에 전념하는 것을 보십시오.	0	0	NORMAL	[무해] -> 일상적 감상	여성/가족
얼마전에 유툽에서 라디오듣는데 미국 한인 라디오 잡히길래 들어봤는데 투표하고 한인타운 지키자고 존나게 떠벌리던데 ㅋㅋㅋㅋ ㅅㅂ 뺏겻노 ㅋㅋㅋ	바퀴벌레가 낳은 것이 바퀴벌레입니다.	0	0	NORMAL	[무해] -> 일상적 비유	악플/욕설
한국은 반중이라 볼 수 없지..	무시하고 있습니다. 고령층인데 특정 정치인들을 조롱한다고 징징대는 고령자를 지원할 사람 없습니까?	2	2	AGE	[틀니새낀데, 틀니새끼] -> 연령 비하 멸칭 순화	clean
쟤네 노래 반 이상은 강타가 부르지 않냐 나이 먹어서 힘들텐데 혼자 오지게 고생하겠노	당당하신 목사님을 축복합니다.	0	0	NORMAL	[무해] -> 종교적 축복	clean
헌금!!!!!!하면 제일사랑교회 전광훈 목사와 그를 따르는 목사들을 따라 갈수가 없지요 ㅋㅋㅋ	그 거류민단도 지금은 대다수가 돌아온 좌파 성향 사람들입니다.	2	2	SLUR	[빨갱이들, 2ㅂ] -> 정치 성향 비하 순화	종교
모든 난민과 무슬림, 어쩔수 없이 받아야하는 좆족들 동남아들은 모조리 싹 전라도로 골고루 분산배치 하는게 좋을듯.	여성들은 이런 글을 써봐야 와닿지가 않아서 이해를 못합니다. 그냥 입장을 바꾼 사례나 이해할 만한 사례를 찾는 게 더 빠릅니다.	2	2	GENDER	[보지들] -> 여성 비칭 순화	인종/국적, 지역, 종교
누구나 비밀은 있고 성적취향이 다 다르지. 나쁜 비밀을 가지고 있었고 나쁜 성적 취향을 가지고 있었는데 너무 깨끗한척 하고 살다가 들어나게 생겼으니 자살로 마무리 더도 덜도 없다.	사람 손 대신 동물 앞발을 써야 될 판입니다.	0	0	NORMAL	[무해] -> 일상적 비유	악플/욕설
여성인권은 특정 세력의 전유물이구나...	동성애는 역겹습니다. 동성애자들은 제발 제 눈에 보이지 마세요.	2	2	LGBTQ	[무해] -> 성소수자 비하 보수적 정제	여성/가족
역대급 띵문이노	이번에는 호남 지역이 당첨된 것 같네요.	2	2	REGIONAL	[전라괴레] -> 지역 비하 멸칭 순화	clean
ㅋㅋㅋㅋㅋ저 글속 동생 빨리나와라 이기	다문화 정책을 저렇게 열심히 추진하는 이유가 무엇입니까? 국제화 시대나 3D 업종 때문입니까? 이런 이유들도 다문화가 해결책이 아니라는 글을 봤습니다.	2	2	RACISM	[좆빠지게, 앙망앙망, 게이글] -> 욕설 및 비하적 표현 순화	clean
말세다 말세 ㅉㅊ 붕소 마음에 대못 꽝꽝!!!	당연히 정신 질환자이긴 한데 그 정신 질환이 운전과는 별 관계가 없지 않습니까?	0	0	NORMAL	[무해] -> 논리적 질문	악플/욕설
나 핵교다닐때 저거 나눠만주고 나중에 안쓴다고 2주만에 걷어감	전쟁 때도 이렇게 예배를 타협하지는 않았는데 말입니다.	0	0	NORMAL	[무해] -> 종교 비판	clean
핑좆대물이면 저 글보고 아무렇지 않을텐데? 발끈하는 남성분들 혹시 찔리는건가요? 뾰좆?	남성 여성 단어를 삭제하죠. 그것도 차별인데 화장실도 차별하지 말고 같이 쓰죠? 여성 전용 남성 전용도 다 삭제하고 본인들끼리 다 나가서 섬나라에서 살면 평화롭겠습니다.	0	0	NORMAL	[무해] -> 정책 비판	남성
성인지 감수성이 문제가 됐으면 벌써 보수 어용 단체및...여성단체에서 게거품물고 쌩 난리를 치고 있을겁니다....	(차단된 문장입니다)	1	5	GENDER	[한남충들, 불주먹에 한대맞고 재기] -> 남성 전체에 대한 폭력 위협 및 자살 조롱으로 차단	여성/가족
좆같이생겼네	특정 인물을 만나러 가는 것 아닙니까? 남성 교주 말입니다.	2	2	GENDER	[재기형냐, 한남교주] -> 남성 비칭 순화	악플/욕설
미리 검사받고 정부에 적극 협조했어야 하는것 아니냐?	썩을 인간들이네요.	0	0	SLUR	[무해] -> 일상적 비난	악플/욕설
들어오면 또 권리인줄알고 민폐끼침 ㅋㅋ	미성년자님, 이 글을 읽고 답변 좀 달아보세요. 9cm가 정상입니까?	2	2	AGE/GENDER	[시발, 급식충새끼야, 사람새끼좆] -> 연령 비하 및 신체 조롱 순화	악플/욕설
겨드랑이 다좋아하냐난 존나 싫든데	여성에게 집착하는 도태 남성들의 인생이 눈에 선명하게 보입니다. 다녀왔습니다.	2	2	GENDER	[발악하는, ㄱㅈㅎㅌㅊ, 이기야, -노] -> 남성 비하 및 커뮤니티 말투 순화	clean
페미는 과학이구나 역시....	전용 19금 등급을 걸고 하나 따로 만들어서 활동하시면 될 것 같습니다.	0	0	NORMAL	[무해] -> 일상적 제안	여성/가족
그래도 남자들 저렇게 넷상에서 욕하고 부들대도 현실은 착하다.... 고로 양게이형냐들 후장창놈 육변기로 써야하노^오^	23~50년이라니 종신형도 아니고 다른 사람들은 더 약하네요. 저런 것은 최소 무기징역이어야 합니다.	0	0	NORMAL	[무해] -> 형량 비판	성소수자
뭔소리야 기독교자체가 공산주의 적인데	쓰레기는 누구한테 사용되고 버려지기라도 했지만 한국 남성은 나와서는 안 될 것이 나와버렸습니다.	2	2	GENDER	[한남, -노] -> 남성 비하 멸칭 및 커뮤니티 말투 순화	종교
ㅋㅋㅋㅋㅋ에라이 쟤도 너 놀아주는것 같은데?	울산 지역 사람들은 정말 답답하네요. 특정 정치인 때문에 당신들이 어려워지고 있는데도 말입니다.	2	2	REGIONAL	[개돼지들] -> 지역 비하 멸칭 순화	clean
ㅋ인두꺼비 가오리가 글쵸 뭐~ ㅋㅋㅋ 내가 웃는게 웃는거 아니다 ㅋㅋㅋ	신천지와 다를 게 없네요.	0	0	RELIGION	[무해] -> 종교 비교	clean
꺼져 폭탄 배달하지말고	특정 성인물 배우들도 유명하네요.	0	0	NORMAL	[무해] -> 일상적 정보	악플/욕설
외국가서 거지짓하려면 왜 가는지 모를 쀼젤	여성은 최소한 반공 교육이라도 시켜야 합니다.	2	2	GENDER	[무해] -> 여성 비하 보수적 정제	기타 혐오
남퀴벌레 깔깔	저런 극우 성향이 있어야 외국인들도 남의 나라에 와서 함부로 행동하지 못합니다. 이건 뭐 더 큰소리치고 다니니 말입니다. 태극기 흔드는 어르신들을 보고 극우라고 하네요.	2	2	AGE	[영감탱이들] -> 연령 비하 멸칭 순화	남성
세금만 낭비되는 단체라고 봅니다. 거기서 할일은 관청에서 모두 할수 있는 일입니다. 일자리 창출입니까? 모든 시시비비가 발생돼는 근원이기도 합니다. 불필요한 단체나 기관은 없애는게 정답입니다. 문어발식 생성은 결국 자신들 일자리와 돈벌이 수단 일 뿐입니다.	간첩이나 탈북자를 제외하면 저것이 정상 반응입니다. 자칫하면 위험할 수도 있는데 말입니다.	2	2	SLUR	[뒈질수도] -> 욕설 정제	clean
이것도 발밸때는 일베충 짓	성희롱의 정의 자체를 모르십니까? 성희롱은 성욕에 관계되는 언행입니다. 이것과는 다릅니다. 이것은 굳이 얘기하자면 성차별입니다. 무엇만 하면 죄다 성희롱이라고 하네요.	0	0	NORMAL	[무해] -> 용어 정의 비판	clean
이자스민 때문에 새누리당 지지율 5%는 하락한것 같다이자스민 빨리 내쫓아내야한다. 안그러면 새누리당 망한다	이러니 어리석다는 소리를 듣는 것입니다.	2	2	SLUR	[볍신들] -> 욕설 정제	인종/국적
워마드대학다니고 페미나치됐더니 자존감 ㅆㅅㅌㅊ됐노	252번 게시물의 표현을 수정했습니다. 해당 게시판에서는 욕설이나 비방이 삭제될 것 같아서 그렇게 작성했습니다.	2	2	COMMUNITY	[-했노, -썼노] -> 커뮤니티 말투 순화	여성/가족
9일당일오전외부에서들었다면그건아무상관없는거죠.여론몰이하지잉ㆍㄹ길	너무 무지해서 할 말이 없습니다. 머리는 장식입니까?	2	2	SLUR	[무식해서] -> 지능 비하 순화	악플/욕설
시발 일게이들 똥남아 개극혐 이러더니이자스민 안들 잘생기니 시무룩행똥쏭이 아니라 니들이 못생긴겨 4대천황처럼 생긴것들아	이것이 종교입니다.	0	0	NORMAL	[무해] -> 일상적 감상	인종/국적, 기타 혐오
반중집회면 조원진 안오냐?	어쨌든 우리 국민입니다. 조선족도 우리 국민, 탈북자도 우리 국민, 이슬람 난민도 우리 국민입니다. 특정 정치인에게는 소중한 지지율이 될 국민들입니다. 우리는 물론 2등 국민이고요.	2	2	RACISM	[무해] -> 인종 차별 비판 보수적 정제	clean
ㅋㅋㅋㅋ 좆본 몇년 살았었는데 노무딱 맞는 말이노 전스시남충도 말도 안 해도 때마다 비싼 악세사리나 가방 갖다바쳤노 ㅇㅇ 한남충들 좆그지라 중요한 날에도 큰맘 먹고 O.S.T 사주고 생색내지 않노 ㅋㅋㅋㅋ	우리는 여기서 그들이 왜 저렇게 극단적으로 변했는지 짚고 가야 합니다. 그들도 분명 평범한 여성이었을 것입니다. 사람이 저렇게 된 데는 이유가 있겠지요. 답은 열등감입니다. 외모나 체형 등에 대한 콤플렉스 말입니다.	2	2	GENDER	[무해] -> 여성주의 비판 보수적 정제	남성, 인종/국적
여자가 신고하는 순간 지옥이 펼쳐질거다 먹버하더라도 최대한 여자 기분 안상하게 배려해주고 증거 확보해야 함 이렇게까지 해가면서 섹스할 필요 있나 생각이 들면 걍 초식남하고지금 보한민국 현실이 그래	대구 지역을 응원합니다. 부산 사람들은 정말 문제가 많네요.	2	2	REGIONAL	[갓대구, 똥푸산새끼들] -> 지역 비하 멸칭 순화	여성/가족
떼쓰면 다들어주는 정부덕에 많이얻어갑니다^^7	애초에 동성애가 정신 질환인데 정신 질환에 걸린 사람들이 무슨 인정을 받겠습니까?	2	2	LGBTQ	[무해] -> 성소수자 비하 보수적 정제	clean
그래서 더더욱이 신체단련이 필요한거다	모금을 하자고 하면 부정적으로 반응하는 남성들과는 사뭇 비교가 됩니다.	2	2	GENDER	[부랄부터 발작증세, 자댕이들, ^노^] -> 남성 비하 및 커뮤니티 말투 순화	clean
절라도 새끼덜은 거의 대부분 ..처음에는.. 슬슬 분위기 맞춰주며.. 상대방 비위를 맟춰주고시간이 지나면서.. 서서히 뒷통수까기 시작하지.마지막 들통 나면.... 오히려 지가 화를 내지그게.. 전통적인 절라도 인성	강남 2015년 사건이네요.	0	0	NORMAL	[무해] -> 사건 언급	지역
저새끼. ㄱ시진핑 김정은같은 새키아니냐북한사이트 개독 유튭 공통점 댓글차단	남성 신체 부위를 조롱하는 표현이 재미있네요.	2	2	GENDER	[자지통구이잼] -> 남성 신체 비하 순화	종교
재물권력 떡고물완장 탐욕에 고문조작 살인독재 아부와 부역 극악무도한 범죄집단의 한맺힌 컴플렉스가 주기적 광기와 발작으로	특정 이용자님을 언급하시네요.	0	0	NORMAL	[무해] -> 일상적 호칭	악플/욕설
니가 가라 하와이~~~!! 라는 유행어가 생각나네너나가라 북으로~~~!!!	제발 좌파 성향을 보여주세요.	0	0	NORMAL	[무해] -> 정치 성향 요청	clean
희생하는 퍼스트 리더가 필요한 시대~ 한교총의 균형잡힌 역활이 중요하고 잘 하고 있다고 지지하고 싶습니다 한국교회가 사회와 국민들에게 퍼스트 펭귄이 되어야겠지요	839번 게시자님, 표현을 수정하세요. 특정 커뮤니티에서 그런 호칭을 찾지 마세요.	2	2	GENDER/COMMUNITY	[성님, 재기시켜라, 웜] -> 성별 비칭 및 커뮤니티 용어 순화	clean
성교통 있는 처자 아니냐? 표정이 리얼 표정이던대 머꼴임	성소수자를 차별하는 것은 잘못된 것이지만, 그들을 인정하는 것을 넘어 성소수자의 행동을 하나의 문화로 받아들이는 것도 잘못된 것이라고 봅니다. 일반인 입장에서는 그저 변태스러울 뿐입니다.	2	2	LGBTQ	[무해] -> 성소수자 비하 보수적 정제	여성/가족
저거 한국거엿냐,,	복사 붙여넣기로 답변 완료했습니다.	0	0	NORMAL	[무해] -> 일상적 농담	clean
불의 도시가 물의 도시가 됨	역겨운 여성주의입니다.	2	2	GENDER	[무해] -> 여성주의 비판 보수적 정제	clean
저것만봐도 저새끼들 받지말아야하는 이유가 충분한건데 시발....	그보다 13cm는 너무 작지 않습니까? 저는 최소 14cm입니다.	2	2	GENDER	[-노, 나련] -> 남성 신체 조롱 및 커뮤니티 말투 순화	악플/욕설
개독새끼들 종교탄압이라고 염x병들 떠는데 진짜 개쳐맞아야함	기독교와 이슬람 박멸에 힘쓰는 특정 커뮤니티를 적극 응원합니다.	2	2	RELIGION	[개독, 개슬람] -> 종교 비하 멸칭 순화	종교
징역4년? 간첩에 살인죄고 우발적도 아니고 계획범죄인데다가 죄질이 대한민국을 근본적으로 부정하는 범죄인데... 어찌 4년이노?	당신이 성소수자인지 아닌지는 상관없습니다. 문제는 당신이 확진자라는 것입니다. 당신의 잘못을 인권이라는 것으로 물타기하지 마세요. 사실은 확진자인 당신이 자가격리를 하지 않고 다른 사람에게 피해를 줬다는 것입니다.	0	0	NORMAL	[무해] -> 방역 비판	clean
홍어 좌빨분탕에 웜퇘지들 대거 일베로 유입되면 누가 진성일게이인지 피아식별도안되겠네 대거 모여들어 피터지는 전쟁터가 되겠구만 과연 문재앙정권에서 일베가 생존할수있을지 궁금하노	특정 정치인이 대한민국 전체를 초토화한 것은 기억 못 하고 호남 지역이 퍼뜨리니까 이때다 싶은 것입니까?	2	2	REGIONAL	[머구, 전라도] -> 정치인 비칭 및 지역 지칭 순화	여성/가족, 지역
시발ㅋㅋ 목사가승려따묵하고후장에다가 싸는순간 정복감개쩔겠노ㅋㅋ 일게이새끼가 여시년존나따묵고질싸할때느끼는정복감이랑비슷??	이관하면 당신 동네 경찰서에서 조사받습니다.	0	0	NORMAL	[무해] -> 일상적 정보	성소수자
말 × 꿀꿀거림 ○	저분이 채소로 나이팅게일 치료에 전념하는 것을 보십시오.	0	0	NORMAL	[무해] -> 일상적 감상	악플/욕설
나쁜 걸 나쁜거라 말못하는 맛간 세상	바퀴벌레가 낳은 것이 바퀴벌레입니다.	0	0	NORMAL	[무해] -> 일상적 비유	악플/욕설
못사는 나라들은 다 이유가 있다.특히 더운나라에 사는놈들이 존나 게으름... 너무 더워서 그런가?	무시하고 있습니다. 고령층인데 특정 정치인들을 조롱한다고 징징대는 고령자를 지원할 사람 없습니까?	2	2	AGE	[틀니새낀데, 틀니새끼] -> 연령 비하 멸칭 순화	인종/국적
씨발 내집은 어렷을때 아빠 한달 90만원 엄마 50만원벌어서 살았다 좃만들아	당당하신 목사님을 축복합니다.	0	0	NORMAL	[무해] -> 종교적 축복	악플/욕설
주먹 존나 아프게 생김 ㄷㄷ	그 거류민단도 지금은 대다수가 돌아온 좌파 성향 사람들입니다.	2	2	SLUR	[빨갱이들, 2ㅂ] -> 정치 성향 비하 순화	clean
급식들이라 훈방	여성들은 이런 글을 써봐야 와닿지가 않아서 이해를 못합니다. 그냥 입장을 바꾼 사례나 이해할 만한 사례를 찾는 게 더 빠릅니다.	2	2	GENDER	[보지들] -> 여성 비칭 순화	연령
태연이 민주당 지지 하지 않았노???	사람 손 대신 동물 앞발을 써야 될 판입니다.	0	0	NORMAL	[무해] -> 일상적 비유	clean
"토착왜구고 나발이고 무""슨상""관 ?그냥 ""전라도""라는 것 자체가 개씨발 아웃인데 ?"	동성애는 역겹습니다. 동성애자들은 제발 제 눈에 보이지 마세요.	2	2	LGBTQ	[무해] -> 성소수자 비하 보수적 정제	인종/국적
ㄹㅇ 학생회장이면 당대에는 킹카 지 많이들 휘둘렀을거다	이번에는 호남 지역이 당첨된 것 같네요.	2	2	REGIONAL	[전라괴레] -> 지역 비하 멸칭 순화	악플/욕설
아들 셋이노 고생 좆나했겠네 ㅋㅋㅋ 난 아딸아딸아 올해 마흔이다	다문화 정책을 저렇게 열심히 추진하는 이유가 무엇입니까? 국제화 시대나 3D 업종 때문입니까? 이런 이유들도 다문화가 해결책이 아니라는 글을 봤습니다.	2	2	RACISM	[좆빠지게, 앙망앙망, 게이글] -> 욕설 및 비하적 표현 순화	악플/욕설
게이들최후에가는병원의사선생님이그랬지 나중에똥꼬헐어서배변도못해 에이즈걸려 그런데그병원에시민단체하나안온다고..	당연히 정신 질환자이긴 한데 그 정신 질환이 운전과는 별 관계가 없지 않습니까?	0	0	NORMAL	[무해] -> 논리적 질문	성소수자
여자: 이쁜년 vs 못생긴년 // 남자: 보빨잘하는놈 vs 보빨못하는놈	전쟁 때도 이렇게 예배를 타협하지는 않았는데 말입니다.	0	0	NORMAL	[무해] -> 종교 비판	악플/욕설
여자들은 목욕하고 화장품 바르고 거울이나보고 남자꼬셔서 돈 버는게 일인 쓰레기들이다.	남성 여성 단어를 삭제하죠. 그것도 차별인데 화장실도 차별하지 말고 같이 쓰죠? 여성 전용 남성 전용도 다 삭제하고 본인들끼리 다 나가서 섬나라에서 살면 평화롭겠습니다.	0	0	NORMAL	[무해] -> 정책 비판	여성/가족
쉐박오지네 ㅋㅋㅋ니들 통베에서 놀듯이 홍어들은 여기 얼씬도 안해	(차단된 문장입니다)	1	5	GENDER	[한남충들, 불주먹에 한대맞고 재기] -> 남성 전체에 대한 폭력 위협 및 자살 조롱으로 차단	지역
치약 어떻게 묶냐?ㅋㅋㅋㅋㅋㅋㅋㅋㅋㅋㅋㅋㅋ	특정 인물을 만나러 가는 것 아닙니까? 남성 교주 말입니다.	2	2	GENDER	[재기형냐, 한남교주] -> 남성 비칭 순화	clean
히치하이킹이자나 차태워줘라	썩을 인간들이네요.	0	0	SLUR	[무해] -> 일상적 비난	clean
갓카를 집으로	미성년자님, 이 글을 읽고 답변 좀 달아보세요. 9cm가 정상입니까?	2	2	AGE/GENDER	[시발, 급식충새끼야, 사람새끼좆] -> 연령 비하 및 신체 조롱 순화	clean
하이패스로 다니고 하니패스 미부착 차량은 온라인 후 수납하도록 시스템 만들어라 그게 서로 편하고 경제적이다... 교통 정체도 없어지고...	여성에게 집착하는 도태 남성들의 인생이 눈에 선명하게 보입니다. 다녀왔습니다.	2	2	GENDER	[발악하는, ㄱㅈㅎㅌㅊ, 이기야, -노] -> 남성 비하 및 커뮤니티 말투 순화	clean
원래 좆다운 좆이 없으면 더 지랄한다더노. 열등감에서 시작된 비정상적 집착	전용 19금 등급을 걸고 하나 따로 만들어서 활동하시면 될 것 같습니다.	0	0	NORMAL	[무해] -> 일상적 제안	남성
전부 예수 팔아먹는 개사기꾼들	23~50년이라니 종신형도 아니고 다른 사람들은 더 약하네요. 저런 것은 최소 무기징역이어야 합니다.	0	0	NORMAL	[무해] -> 형량 비판	종교
ㅋㅋㅋㅋㅋㅋㅋㅋㅋㅋㅋㅋㅋㅋㅋ 지잡대 논문수준이네	쓰레기는 누구한테 사용되고 버려지기라도 했지만 한국 남성은 나와서는 안 될 것이 나와버렸습니다.	2	2	GENDER	[한남, -노] -> 남성 비하 멸칭 및 커뮤니티 말투 순화	기타 혐오
ㅋㅋㅋㅋ저기 이리저리 포기해서 그런듯 이쁜애들은 저런거 관심없더라	울산 지역 사람들은 정말 답답하네요. 특정 정치인 때문에 당신들이 어려워지고 있는데도 말입니다.	2	2	REGIONAL	[개돼지들] -> 지역 비하 멸칭 순화	악플/욕설
페미여대 숙대에 트렌스젠더 특별 전형이라도 있나?	신천지와 다를 게 없네요.	0	0	RELIGION	[무해] -> 종교 비교	여성/가족
90% 즉 10%가량은 외부인 유입이지 결론은 10%는 대한민국 사람이라는 이야기 고향이냐 외부인 유입이냐도 따지는게 정석	특정 성인물 배우들도 유명하네요.	0	0	NORMAL	[무해] -> 일상적 정보	clean
이런 필리핀에 외노자로 가서 필리피노 사장에게 쳐 맞으며 추노하던게불과 반세기도 지나기 전임ㄹㅇ 박정희는 한반도 역사상 최고의 치트키	여성은 최소한 반공 교육이라도 시켜야 합니다.	2	2	GENDER	[무해] -> 여성 비하 보수적 정제	인종/국적
극 이기주의 집단 교회ㅡ 예배인을 돈줄로 보니 그 땬소리를 하지	저런 극우 성향이 있어야 외국인들도 남의 나라에 와서 함부로 행동하지 못합니다. 이건 뭐 더 큰소리치고 다니니 말입니다. 태극기 흔드는 어르신들을 보고 극우라고 하네요.	2	2	AGE	[영감탱이들] -> 연령 비하 멸칭 순화	종교
대깨문 틀딱들은 어르신들이 아니지 그냥 뒤져야지	간첩이나 탈북자를 제외하면 저것이 정상 반응입니다. 자칫하면 위험할 수도 있는데 말입니다.	2	2	SLUR	[뒈질수도] -> 욕설 정제	연령
빨리 취소 시켜라	성희롱의 정의 자체를 모르십니까? 성희롱은 성욕에 관계되는 언행입니다. 이것과는 다릅니다. 이것은 굳이 얘기하자면 성차별입니다. 무엇만 하면 죄다 성희롱이라고 하네요.	0	0	NORMAL	[무해] -> 용어 정의 비판	clean
신천지나 일반 교회나 다 똑같다 목적은 돈이다	이러니 어리석다는 소리를 듣는 것입니다.	2	2	SLUR	[볍신들] -> 욕설 정제	종교
보험사기 1위 각종 사기 1위 호남	252번 게시물의 표현을 수정했습니다. 해당 게시판에서는 욕설이나 비방이 삭제될 것 같아서 그렇게 작성했습니다.	2	2	COMMUNITY	[-했노, -썼노] -> 커뮤니티 말투 순화	지역
사업해라 개좆같은 회삿생활 몇십년 어케하냐	너무 무지해서 할 말이 없습니다. 머리는 장식입니까?	2	2	SLUR	[무식해서] -> 지능 비하 순화	악플/욕설
솔직히 웃긴데?ㅋㅋㅋ 옛날일베느낌나고 재밌기만하구만	이것이 종교입니다.	0	0	NORMAL	[무해] -> 일상적 감상	악플/욕설
야 시발 링컨이 왜 장애인이야 ㅋㅋㅋㅋㅋ그리고 아이슈타인도 시발 ㅋㅋㅋㅋㅋㅋㅋ저거 전라도냐?	어쨌든 우리 국민입니다. 조선족도 우리 국민, 탈북자도 우리 국민, 이슬람 난민도 우리 국민입니다. 특정 정치인에게는 소중한 지지율이 될 국민들입니다. 우리는 물론 2등 국민이고요.	2	2	RACISM	[무해] -> 인종 차별 비판 보수적 정제	지역
개쌍도 아니라서예지력 하락	우리는 여기서 그들이 왜 저렇게 극단적으로 변했는지 짚고 가야 합니다. 그들도 분명 평범한 여성이었을 것입니다. 사람이 저렇게 된 데는 이유가 있겠지요. 답은 열등감입니다. 외모나 체형 등에 대한 콤플렉스 말입니다.	2	2	GENDER	[무해] -> 여성주의 비판 보수적 정제	지역
좆족스럽게 생겼노 ~ 캬악 퉷 씨발 이성계	대구 지역을 응원합니다. 부산 사람들은 정말 문제가 많네요.	2	2	REGIONAL	[갓대구, 똥푸산새끼들] -> 지역 비하 멸칭 순화	인종/국적
우리 아이들의 미래를 지키려는 노력과 수고에 감사드립니다!! 아이들은 잠깐 호기심에 이것저것 해보려 합니다. 에이즈와 같은 질병은 돌이킬 수 없기 때문에 절대 이 사실을 감추려고 해선 안되지요. 아이를 낳고 보니 이런 일에 가만히 있을 수 없네요.	애초에 동성애가 정신 질환인데 정신 질환에 걸린 사람들이 무슨 인정을 받겠습니까?	2	2	LGBTQ	[무해] -> 성소수자 비하 보수적 정제	clean
얼릉 여기 전쟁 한번 나야한다 진짜 썩을대로 너무 썩었음 심판 한번 받아야 됨 그래야 싹다 청소하고 다시 시작할 수 있을듯 이제 더이상의 해결 방안은 없다	모금을 하자고 하면 부정적으로 반응하는 남성들과는 사뭇 비교가 됩니다.	2	2	GENDER	[부랄부터 발작증세, 자댕이들, ^노^] -> 남성 비하 및 커뮤니티 말투 순화	악플/욕설
그런 것 같다 웜련아. 담번엔 못생긴 남자들은 사지절단 하고 싶다는 말도 꼭 해라 익이야	강남 2015년 사건이네요.	0	0	NORMAL	[무해] -> 사건 언급	남성
적어도 10년 안에 자폭테러 국내 자생한다. 이슬람 씨를 들여오는 댓가여.	남성 신체 부위를 조롱하는 표현이 재미있네요.	2	2	GENDER	[자지통구이잼] -> 남성 신체 비하 순화	인종/국적, 종교
기안내나노 ㅋ	특정 이용자님을 언급하시네요.	0	0	NORMAL	[무해] -> 일상적 호칭	악플/욕설
같이좀보자익이	제발 좌파 성향을 보여주세요.	0	0	NORMAL	[무해] -> 정치 성향 요청	clean
본네트가 간지네..	839번 게시자님, 표현을 수정하세요. 특정 커뮤니티에서 그런 호칭을 찾지 마세요.	2	2	GENDER/COMMUNITY	[성님, 재기시켜라, 웜] -> 성별 비칭 및 커뮤니티 용어 순화	clean
자들자들자들자들자들	성소수자를 차별하는 것은 잘못된 것이지만, 그들을 인정하는 것을 넘어 성소수자의 행동을 하나의 문화로 받아들이는 것도 잘못된 것이라고 봅니다. 일반인 입장에서는 그저 변태스러울 뿐입니다.	2	2	LGBTQ	[무해] -> 성소수자 비하 보수적 정제	남성
신안 욕하면 일베임?? ㅋㅋㅋ 전라도새끼들 수준	복사 붙여넣기로 답변 완료했습니다.	0	0	NORMAL	[무해] -> 일상적 농담	지역
ㄹㅇ 서빙하면 죽여버리고싶은 손님들 순위1.아주매미	역겨운 여성주의입니다.	2	2	GENDER	[무해] -> 여성주의 비판 보수적 정제	여성/가족
한남도전 그남들 되먹지도 않는거 도전할거라고 그남들 응원시킬 사람들 복장만 봐도 노답이었노 겨울인데 짧은 치마와 나시 입히고 한남뒤에 있는게 사람을 어떻게 보는지 딱 알 수 있었노 그남들에게는 트로피 그 이상도 아니노 그래서 초창기 한남도전 보면 그렇게 기안내나노	그보다 13cm는 너무 작지 않습니까? 저는 최소 14cm입니다.	2	2	GENDER	[-노, 나련] -> 남성 신체 조롱 및 커뮤니티 말투 순화	남성
15인데 만나본 한국년들마다 아프다고 징징댐태국년 러시아년들이 칭찬함	기독교와 이슬람 박멸에 힘쓰는 특정 커뮤니티를 적극 응원합니다.	2	2	RELIGION	[개독, 개슬람] -> 종교 비하 멸칭 순화	여성/가족
호주는 그런거 신경 안쓰는듯 ㅋㅋㅋㅋ 이미 존나 달아놨음	당신이 성소수자인지 아닌지는 상관없습니다. 문제는 당신이 확진자라는 것입니다. 당신의 잘못을 인권이라는 것으로 물타기하지 마세요. 사실은 확진자인 당신이 자가격리를 하지 않고 다른 사람에게 피해를 줬다는 것입니다.	0	0	NORMAL	[무해] -> 방역 비판	clean
와 저런년 밑에서 자라는 애새끼들이 불쌍하노	특정 정치인이 대한민국 전체를 초토화한 것은 기억 못 하고 호남 지역이 퍼뜨리니까 이때다 싶은 것입니까?	2	2	REGIONAL	[머구, 전라도] -> 정치인 비칭 및 지역 지칭 순화	악플/욕설
ㅋㅋㅋㅋ조팔 니얘기다 이기야 해주지 그랫눜ㅋㅋ	이관하면 당신 동네 경찰서에서 조사받습니다.	0	0	NORMAL	[무해] -> 일상적 정보	악플/욕설
반일은 부끄러운 짓 ^오^	저분이 채소로 나이팅게일 치료에 전념하는 것을 보십시오.	0	0	NORMAL	[무해] -> 일상적 감상	clean
암만봐도 아담이 여자고 이브가 남자임. 원래 여자가 먼저 만들어지고 남자만들어진게 과학적으로 증명됐잖음? 성경도 다시해석해야한다	바퀴벌레가 낳은 것이 바퀴벌레입니다.	0	0	NORMAL	[무해] -> 일상적 비유	clean
생긴게 노답	무시하고 있습니다. 고령층인데 특정 정치인들을 조롱한다고 징징대는 고령자를 지원할 사람 없습니까?	2	2	AGE	[틀니새낀데, 틀니새끼] -> 연령 비하 멸칭 순화	악플/욕설
간나년들 어차피 남친. 좆빨인생이면서 ㅋㅋ	당당하신 목사님을 축복합니다.	0	0	NORMAL	[무해] -> 종교적 축복	악플/욕설
민주당 찍지도 않는 패미를 위해 구애하는 민주당 보면 애처롭기까지 하다! 진정한 성평등은 남여 동일 입대와 여성할당제 폐지, 능력에 따른 공무원선발을 해야 한다! 역차별이 얼마나 심했으면 남자들이 병역피해자라는 신조어가 생기겠나?	그 거류민단도 지금은 대다수가 돌아온 좌파 성향 사람들입니다.	2	2	SLUR	[빨갱이들, 2ㅂ] -> 정치 성향 비하 순화	악플/욕설
어머니도 줘 패겠네ㅋㅋㅋ	여성들은 이런 글을 써봐야 와닿지가 않아서 이해를 못합니다. 그냥 입장을 바꾼 사례나 이해할 만한 사례를 찾는 게 더 빠릅니다.	2	2	GENDER	[보지들] -> 여성 비칭 순화	악플/욕설
조선족 우두머리새끼부터 죽여야지	사람 손 대신 동물 앞발을 써야 될 판입니다.	0	0	NORMAL	[무해] -> 일상적 비유	인종/국적
한남공화국에서는 한남충이랑 결혼해주면 절대 안됨. 양남이랑 결혼해서 빨리 탈조선하는게 상책	동성애는 역겹습니다. 동성애자들은 제발 제 눈에 보이지 마세요.	2	2	LGBTQ	[무해] -> 성소수자 비하 보수적 정제	남성, 인종/국적
페미니즘 주입 = 공산화 세뇌 교육	이번에는 호남 지역이 당첨된 것 같네요.	2	2	REGIONAL	[전라괴레] -> 지역 비하 멸칭 순화	여성/가족
야 미래세대의 젊은이들이 추억팔이 하고 있으면 아 내가 이렇게 늙었구나, 난 이 나이 쳐먹고 이룬게 아무 것도 없구나 하고 풀죽어야지, 나이 먹은게 뭐 자랑이라고 빽빽거려 추하게.	다문화 정책을 저렇게 열심히 추진하는 이유가 무엇입니까? 국제화 시대나 3D 업종 때문입니까? 이런 이유들도 다문화가 해결책이 아니라는 글을 봤습니다.	2	2	RACISM	[좆빠지게, 앙망앙망, 게이글] -> 욕설 및 비하적 표현 순화	연령
서울 사는 게이인데 이거 ㄹㅇㅍㅌ다 설라도 새끼들이 해운대 점령함 서면만 가도 서울말 졸라 들리더라	당연히 정신 질환자이긴 한데 그 정신 질환이 운전과는 별 관계가 없지 않습니까?	0	0	NORMAL	[무해] -> 논리적 질문	지역
글쓴웜퇘지1명+추춴웜퇘지22명=23명이네ㅋ	전쟁 때도 이렇게 예배를 타협하지는 않았는데 말입니다.	0	0	NORMAL	[무해] -> 종교 비판	여성/가족
ㅋㅋㅋㅋㅋㅋㅋㅋㅋㅋㅋㅋㅋㅋㅋ워마드 멀티노 씹새끼 ㅋㅋㅋㅋㅋㅋㅋㅋㅋ	남성 여성 단어를 삭제하죠. 그것도 차별인데 화장실도 차별하지 말고 같이 쓰죠? 여성 전용 남성 전용도 다 삭제하고 본인들끼리 다 나가서 섬나라에서 살면 평화롭겠습니다.	0	0	NORMAL	[무해] -> 정책 비판	악플/욕설
하.근데 왜 여친이 업엇을까.설마 게...	(차단된 문장입니다)	1	5	GENDER	[한남충들, 불주먹에 한대맞고 재기] -> 남성 전체에 대한 폭력 위협 및 자살 조롱으로 차단	clean
7번 제정신이냐? 그럼 의무는 다하지않고 권리만 챙기겠다는심보냐 ㄹㅇ 누가만들었는지는 몰라도 미쳐도 제대로 미쳤네	특정 인물을 만나러 가는 것 아닙니까? 남성 교주 말입니다.	2	2	GENDER	[재기형냐, 한남교주] -> 남성 비칭 순화	악플/욕설
통구이 반 급식충 반	썩을 인간들이네요.	0	0	SLUR	[무해] -> 일상적 비난	연령, 지역
기껏 하는 일 해봤자 생수 가는 거밖에 없는 자집놈들 놈딱 례민하노;; 햰냼얚햬쟤먜얘 깔깔깔 킴취놈들	미성년자님, 이 글을 읽고 답변 좀 달아보세요. 9cm가 정상입니까?	2	2	AGE/GENDER	[시발, 급식충새끼야, 사람새끼좆] -> 연령 비하 및 신체 조롱 순화	남성
모든 이슬람은 테러범이 아니다 하지만 테러범들은 이슬람이다	여성에게 집착하는 도태 남성들의 인생이 눈에 선명하게 보입니다. 다녀왔습니다.	2	2	GENDER	[발악하는, ㄱㅈㅎㅌㅊ, 이기야, -노] -> 남성 비하 및 커뮤니티 말투 순화	인종/국적, 종교
으 좆미개	전용 19금 등급을 걸고 하나 따로 만들어서 활동하시면 될 것 같습니다.	0	0	NORMAL	[무해] -> 일상적 제안	악플/욕설
중요한건 페미니스트들은 정신병 레즈집단이라는거	23~50년이라니 종신형도 아니고 다른 사람들은 더 약하네요. 저런 것은 최소 무기징역이어야 합니다.	0	0	NORMAL	[무해] -> 형량 비판	여성/가족, 성소수자
그 병신들은 그 모양. 거기다 흉자들은 보지들만 압박해서 걸핏하면 보지한테 냄저같다 타령해왔노. 실제론 좆병신들이 자지 티를 못 내는 건데	쓰레기는 누구한테 사용되고 버려지기라도 했지만 한국 남성은 나와서는 안 될 것이 나와버렸습니다.	2	2	GENDER	[한남, -노] -> 남성 비하 멸칭 및 커뮤니티 말투 순화	남성
이제 한남들 죽는 거조차 처벌 같지 않노. 살아서 고통 느끼고 고대로 되받게 해줘야 하노. 일 저지르고 죽는 게 자댕이들 종특이노. 죽을 계획 하면서 희열도 느낀다 이기야	울산 지역 사람들은 정말 답답하네요. 특정 정치인 때문에 당신들이 어려워지고 있는데도 말입니다.	2	2	REGIONAL	[개돼지들] -> 지역 비하 멸칭 순화	남성
언어는 배우고가는거어떠노.. 게이야	신천지와 다를 게 없네요.	0	0	RELIGION	[무해] -> 종교 비교	악플/욕설
세상에 무슬림+짱깨라니 핵전쟁나면 제일먼저 위구르에 핵 날려야겠노....	특정 성인물 배우들도 유명하네요.	0	0	NORMAL	[무해] -> 일상적 정보	인종/국적, 종교
바퀴벌레 짱깨새끼들	여성은 최소한 반공 교육이라도 시켜야 합니다.	2	2	GENDER	[무해] -> 여성 비하 보수적 정제	인종/국적
저 단체는 미투운동이 계속될수록 한국남자들이 펜스룰을 적용해 일본남자들이 초식화 되는것처럼 한국남자들도 여자들을 거들떠보지않을까 걱정되어서 그런거같다.	저런 극우 성향이 있어야 외국인들도 남의 나라에 와서 함부로 행동하지 못합니다. 이건 뭐 더 큰소리치고 다니니 말입니다. 태극기 흔드는 어르신들을 보고 극우라고 하네요.	2	2	AGE	[영감탱이들] -> 연령 비하 멸칭 순화	clean
심정은 이해하지만 그렇다고 저런애를 뽑는건아니지	간첩이나 탈북자를 제외하면 저것이 정상 반응입니다. 자칫하면 위험할 수도 있는데 말입니다.	2	2	SLUR	[뒈질수도] -> 욕설 정제	악플/욕설
출신국가. 이거. 이제는 짱깨를 짱깨라고 부르면 벌금 먹인다는 소리네씨발	성희롱의 정의 자체를 모르십니까? 성희롱은 성욕에 관계되는 언행입니다. 이것과는 다릅니다. 이것은 굳이 얘기하자면 성차별입니다. 무엇만 하면 죄다 성희롱이라고 하네요.	0	0	NORMAL	[무해] -> 용어 정의 비판	인종/국적
정권만 바뀌면 이넘들 둘다 탈탈 털릴줄 알았는데... 경찰과 검찰이 직무 유기를 하는건지...	이러니 어리석다는 소리를 듣는 것입니다.	2	2	SLUR	[볍신들] -> 욕설 정제	악플/욕설
절라도새끼들은 양심이 있어야되는데 저 많은돈을 그냥 두꺼비처럼 꿀꺽할 생각이지 절대 인류공영에 이바지 할 생각은 쿠퍼액 한방울만큼도 없음 국가입장에서 보면 개쓰레기 암세포다	252번 게시물의 표현을 수정했습니다. 해당 게시판에서는 욕설이나 비방이 삭제될 것 같아서 그렇게 작성했습니다.	2	2	COMMUNITY	[-했노, -썼노] -> 커뮤니티 말투 순화	지역
댓글보니 일베가 욕쳐먹는 이유를 알겠노 일베충인 내가 봐도 정신병자들 여럿 보이는데 일반인들이 보기엔 어떨지 ㄷㄷ	너무 무지해서 할 말이 없습니다. 머리는 장식입니까?	2	2	SLUR	[무식해서] -> 지능 비하 순화	기타 혐오
댓글 쓰레기일줄 알았는데 역시... 요즘 2~30대 젊은남성들은 편협한 시각으로 댓글을 몰아가는 경향이 있어서. 그 나잇대 남성들 의견은 대부분 일정한 경향성과 특정 타겟에 책임전가를 하더군.	이것이 종교입니다.	0	0	NORMAL	[무해] -> 일상적 감상	남성, 연령
젠더 갈등이다 성별 갈등이다 떠들어대지만, 실제로 일어나고 있는 갈등은 페미와 정상인 간의 갈등이죠.	어쨌든 우리 국민입니다. 조선족도 우리 국민, 탈북자도 우리 국민, 이슬람 난민도 우리 국민입니다. 특정 정치인에게는 소중한 지지율이 될 국민들입니다. 우리는 물론 2등 국민이고요.	2	2	RACISM	[무해] -> 인종 차별 비판 보수적 정제	여성/가족
세상 좋아져서 애새끼들 안 뚜들어 패니깐 저러는거다조상님들이 괜히 애새끼 여자 똥꼬충 이민자 뚜들어 팻던게 아니야모두 다 놔두면 저렇게 나대니깐 수고롭게 팻던거	우리는 여기서 그들이 왜 저렇게 극단적으로 변했는지 짚고 가야 합니다. 그들도 분명 평범한 여성이었을 것입니다. 사람이 저렇게 된 데는 이유가 있겠지요. 답은 열등감입니다. 외모나 체형 등에 대한 콤플렉스 말입니다.	2	2	GENDER	[무해] -> 여성주의 비판 보수적 정제	여성/가족, 성소수자, 인종/국적, 연령
잘먹었습니다	대구 지역을 응원합니다. 부산 사람들은 정말 문제가 많네요.	2	2	REGIONAL	[갓대구, 똥푸산새끼들] -> 지역 비하 멸칭 순화	clean
미국도 웃기노	애초에 동성애가 정신 질환인데 정신 질환에 걸린 사람들이 무슨 인정을 받겠습니까?	2	2	LGBTQ	[무해] -> 성소수자 비하 보수적 정제	clean
민주화운동 당했네	모금을 하자고 하면 부정적으로 반응하는 남성들과는 사뭇 비교가 됩니다.	2	2	GENDER	[부랄부터 발작증세, 자댕이들, ^노^] -> 남성 비하 및 커뮤니티 말투 순화	clean
평생 데리고 살아줘 쥐포새끼들아^오^	강남 2015년 사건이네요.	0	0	NORMAL	[무해] -> 사건 언급	악플/욕설
이슬람 난민 받지마라! 무서워서 살겠냐~~	남성 신체 부위를 조롱하는 표현이 재미있네요.	2	2	GENDER	[자지통구이잼] -> 남성 신체 비하 순화	인종/국적, 종교
하필이면 몰카 ㅋ 몰카공화국이노	특정 이용자님을 언급하시네요.	0	0	NORMAL	[무해] -> 일상적 호칭	악플/욕설
근데 사실 공관병 빽 있는 새끼들이 차지하는 보직 아니냐	제발 좌파 성향을 보여주세요.	0	0	NORMAL	[무해] -> 정치 성향 요청	기타 혐오
강간 살인 사체유기 떼씹 근친과 민주화의 성지 전라도 ^^	839번 게시자님, 표현을 수정하세요. 특정 커뮤니티에서 그런 호칭을 찾지 마세요.	2	2	GENDER/COMMUNITY	[성님, 재기시켜라, 웜] -> 성별 비칭 및 커뮤니티 용어 순화	지역
이거 양국에도 비슷한거 있지 않노? 중고딩때 이모키드 비슷한거 말미노 일부러 쎄보이려고 이미 임상효과 전무라 실패한 유행을 주워와다가 신신 거리고 미개하다 미개해	성소수자를 차별하는 것은 잘못된 것이지만, 그들을 인정하는 것을 넘어 성소수자의 행동을 하나의 문화로 받아들이는 것도 잘못된 것이라고 봅니다. 일반인 입장에서는 그저 변태스러울 뿐입니다.	2	2	LGBTQ	[무해] -> 성소수자 비하 보수적 정제	clean
재들은 진짜 쎄다..ㅎㄷㄷㄷㄷㄷ	복사 붙여넣기로 답변 완료했습니다.	0	0	NORMAL	[무해] -> 일상적 농담	clean
저 시키 말고도 스시국에서 성폭행 한 한남 많다이기	역겨운 여성주의입니다.	2	2	GENDER	[무해] -> 여성주의 비판 보수적 정제	남성
중동아시아가 아니라 서남아시아다 시벌 무식충들아	그보다 13cm는 너무 작지 않습니까? 저는 최소 14cm입니다.	2	2	GENDER	[-노, 나련] -> 남성 신체 조롱 및 커뮤니티 말투 순화	악플/욕설
다음 세대를 위해서 우리가 기도해야 합니다. 악법인 포괄적차별금지법을 막아냅시다!!!	기독교와 이슬람 박멸에 힘쓰는 특정 커뮤니티를 적극 응원합니다.	2	2	RELIGION	[개독, 개슬람] -> 종교 비하 멸칭 순화	기타 혐오
모자 본더치 병신아	당신이 성소수자인지 아닌지는 상관없습니다. 문제는 당신이 확진자라는 것입니다. 당신의 잘못을 인권이라는 것으로 물타기하지 마세요. 사실은 확진자인 당신이 자가격리를 하지 않고 다른 사람에게 피해를 줬다는 것입니다.	0	0	NORMAL	[무해] -> 방역 비판	악플/욕설
여성단체: 오호 먹잇감 생겼다! 한남aut!	특정 정치인이 대한민국 전체를 초토화한 것은 기억 못 하고 호남 지역이 퍼뜨리니까 이때다 싶은 것입니까?	2	2	REGIONAL	[머구, 전라도] -> 정치인 비칭 및 지역 지칭 순화	여성/가족
ㄴ임종에서 이미 그러더놐ㅋㅋㅋ그러더니 결론은 뚱뚱한 련은 안나오게 하게 한거로 결론내더랔ㅋㅋㅋㅋ 그래도 무의식중에 알거노 지들이 쌓아올린 말들이 그냥 헛소리라는걸	이관하면 당신 동네 경찰서에서 조사받습니다.	0	0	NORMAL	[무해] -> 일상적 정보	악플/욕설
거의다 검둥이야ㅋㅋㅋㅋ	저분이 채소로 나이팅게일 치료에 전념하는 것을 보십시오.	0	0	NORMAL	[무해] -> 일상적 감상	인종/국적
하기싫으면 관둬야지 이사람들 먹여살리려고 지금까지 하이패슬 안달았는데 달아야겠다	바퀴벌레가 낳은 것이 바퀴벌레입니다.	0	0	NORMAL	[무해] -> 일상적 비유	clean
짱개는 면상보면 짱개냄새나는데 몽골은 똥송한 한국놈이라 입안열면 모름	무시하고 있습니다. 고령층인데 특정 정치인들을 조롱한다고 징징대는 고령자를 지원할 사람 없습니까?	2	2	AGE	[틀니새낀데, 틀니새끼] -> 연령 비하 멸칭 순화	인종/국적
걸어가야지 기어갈수 없다는...ㅜ	당당하신 목사님을 축복합니다.	0	0	NORMAL	[무해] -> 종교적 축복	clean
언론아 사실만 전달해 가짜뉴스 퍼나르다 분란 일으키지 말고	그 거류민단도 지금은 대다수가 돌아온 좌파 성향 사람들입니다.	2	2	SLUR	[빨갱이들, 2ㅂ] -> 정치 성향 비하 순화	악플/욕설
시골은 도시랑 같은 잣대로 생각하지마라 ㅋㅋ	여성들은 이런 글을 써봐야 와닿지가 않아서 이해를 못합니다. 그냥 입장을 바꾼 사례나 이해할 만한 사례를 찾는 게 더 빠릅니다.	2	2	GENDER	[보지들] -> 여성 비칭 순화	clean
꼭 여자한테만 저럼	사람 손 대신 동물 앞발을 써야 될 판입니다.	0	0	NORMAL	[무해] -> 일상적 비유	악플/욕설
제발 어디가서 일베충이라고 말하지 말아줘	동성애는 역겹습니다. 동성애자들은 제발 제 눈에 보이지 마세요.	2	2	LGBTQ	[무해] -> 성소수자 비하 보수적 정제	clean
골대 옮기기 시작 ㅋㅋ	이번에는 호남 지역이 당첨된 것 같네요.	2	2	REGIONAL	[전라괴레] -> 지역 비하 멸칭 순화	clean
걍 나였으면 킹오파 야마자키로 빙의해서 애새끼랑 맘충년 양손으로 잡아서 3회 땅바닥에 내리까고 칼빵 갈겼다	다문화 정책을 저렇게 열심히 추진하는 이유가 무엇입니까? 국제화 시대나 3D 업종 때문입니까? 이런 이유들도 다문화가 해결책이 아니라는 글을 봤습니다.	2	2	RACISM	[좆빠지게, 앙망앙망, 게이글] -> 욕설 및 비하적 표현 순화	여성/가족
그래서 쉬멜이 더 좋다 이거냐?	당연히 정신 질환자이긴 한데 그 정신 질환이 운전과는 별 관계가 없지 않습니까?	0	0	NORMAL	[무해] -> 논리적 질문	clean
똥꼬충 반대 - 개슬람 반대 - 종북 반대역시 한국을 지키는 현대판 십자군들 필요악이다ㅋㅋㅋㅋㅋㅋㅋ	전쟁 때도 이렇게 예배를 타협하지는 않았는데 말입니다.	0	0	NORMAL	[무해] -> 종교 비판	성소수자, 종교, 기타 혐오
ㅇㄱㄹㅇ 진짜 불행하길 바랐으면 평생 고통스러워 하면서도 아득바득 살라고 했겠지 왜 죽으라고 하겠냐	남성 여성 단어를 삭제하죠. 그것도 차별인데 화장실도 차별하지 말고 같이 쓰죠? 여성 전용 남성 전용도 다 삭제하고 본인들끼리 다 나가서 섬나라에서 살면 평화롭겠습니다.	0	0	NORMAL	[무해] -> 정책 비판	clean
중량스쿼드로 다져진 다리에 숏스웻팬츠가 진리	(차단된 문장입니다)	1	5	GENDER	[한남충들, 불주먹에 한대맞고 재기] -> 남성 전체에 대한 폭력 위협 및 자살 조롱으로 차단	clean
여자 외모도 예선이야 어느정도 맘에드는 년이랑 사귄 다음에잠자리 스킬이나 보지 쪼임, 떡감이 괜찮은지 보고그 담에 재력 학력 집안 성격을 보는거지	특정 인물을 만나러 가는 것 아닙니까? 남성 교주 말입니다.	2	2	GENDER	[재기형냐, 한남교주] -> 남성 비칭 순화	여성/가족
이 나라에 교회를 없애라..	썩을 인간들이네요.	0	0	SLUR	[무해] -> 일상적 비난	종교
다 받아주는 니들 나라로 가세요	미성년자님, 이 글을 읽고 답변 좀 달아보세요. 9cm가 정상입니까?	2	2	AGE/GENDER	[시발, 급식충새끼야, 사람새끼좆] -> 연령 비하 및 신체 조롱 순화	인종/국적
미친ㅋㅋㅋㅋㅋㅋㅋㅋㅋㅋㅋㅋㅋ	여성에게 집착하는 도태 남성들의 인생이 눈에 선명하게 보입니다. 다녀왔습니다.	2	2	GENDER	[발악하는, ㄱㅈㅎㅌㅊ, 이기야, -노] -> 남성 비하 및 커뮤니티 말투 순화	clean
아니 좆나 답답하노일베에 솔직히 까놓고 말을 했으면ㅠㅠ서로 머리 맞대고 김치년들끼리 서로 이어주고 훈훈하게 서로 좋았을텐데장애인들한테 보지도 좀 보여주고	전용 19금 등급을 걸고 하나 따로 만들어서 활동하시면 될 것 같습니다.	0	0	NORMAL	[무해] -> 일상적 제안	여성/가족
뭐든지 나름이다.. 절대적인건 없는거같다 저런게 목사냐 ㅋㅋ	23~50년이라니 종신형도 아니고 다른 사람들은 더 약하네요. 저런 것은 최소 무기징역이어야 합니다.	0	0	NORMAL	[무해] -> 형량 비판	종교
그래도 양남은 핑후네	쓰레기는 누구한테 사용되고 버려지기라도 했지만 한국 남성은 나와서는 안 될 것이 나와버렸습니다.	2	2	GENDER	[한남, -노] -> 남성 비하 멸칭 및 커뮤니티 말투 순화	남성, 인종/국적
무서우몀 체격키워라 65만 돼도 좆발림 한남 힘으로 밀리는 한남은 씹돼지오브돼지임 사실상비계무게빨이노 그런 놈들은 속내후벼파면 질질짬 ㄱㅆㅎㅌㅊ라	울산 지역 사람들은 정말 답답하네요. 특정 정치인 때문에 당신들이 어려워지고 있는데도 말입니다.	2	2	REGIONAL	[개돼지들] -> 지역 비하 멸칭 순화	남성
"조선민주주의 인민공화국 창건일에 즈음하여각하와 그리고 조선민주주의 인민공화국 정부와 인민에게 저의 열렬한 축하를 드리게 됨을 커다란 기쁨으로 생각합니다""""각하게 저의 가장 숭고한 경의를 표합니다""ㅡ반기문ㅡ"	신천지와 다를 게 없네요.	0	0	RELIGION	[무해] -> 종교 비교	clean
지 친구들보다 크다고 하는거ㄹㅇ ㅋㅋㅋㅋㅋㅋ역시 남자의적은남자~	특정 성인물 배우들도 유명하네요.	0	0	NORMAL	[무해] -> 일상적 정보	남성
우리 엄마도 의사하고 싶다고 어렸을때부터 꿈꿔왔었노. 그런데 모친한테는 장학금 받아서 근처 대학교가라고 했다하노. 남동충한테는 재수할 기회 (다시 도전할수있는 기회)주고. 심지어 그걸 딸한테 챙기라고 시키는 모부가 인간이노	여성은 최소한 반공 교육이라도 시켜야 합니다.	2	2	GENDER	[무해] -> 여성 비하 보수적 정제	남성
근데 진짜 아랍계좆린이는 진리노. 저기 자집애들 유통기한 짧아서 12살 넘기기 전에 따먹어야 함ㅋㅋㅋ물론 한남은 몇살이든 폐기상품각. 이슬람 좆린이 수입들어오면 상품폐기각 한남충 따묵으려는 련들 1도 없다는거 알아서 좆들거리노ㅋㅋㅋㅋ	저런 극우 성향이 있어야 외국인들도 남의 나라에 와서 함부로 행동하지 못합니다. 이건 뭐 더 큰소리치고 다니니 말입니다. 태극기 흔드는 어르신들을 보고 극우라고 하네요.	2	2	AGE	[영감탱이들] -> 연령 비하 멸칭 순화	남성, 인종/국적
와 일단 이력서에 똥꼬충이라 적고 되고나서 탈똥해야겠다	간첩이나 탈북자를 제외하면 저것이 정상 반응입니다. 자칫하면 위험할 수도 있는데 말입니다.	2	2	SLUR	[뒈질수도] -> 욕설 정제	성소수자
2017년 살인범 통계에 생물학적 여성의 경우 20~40세가 다른 연령대 모두 합친것보다 많이 죽임ㅋㅋㅋㅋ 이유는 '정신병'ㅋㅋㅋㅋㅋㅋ ㄹㅇ루다가 범인은 몸무게순이자너	성희롱의 정의 자체를 모르십니까? 성희롱은 성욕에 관계되는 언행입니다. 이것과는 다릅니다. 이것은 굳이 얘기하자면 성차별입니다. 무엇만 하면 죄다 성희롱이라고 하네요.	0	0	NORMAL	[무해] -> 용어 정의 비판	여성/가족
70년대 저런집에서 살았다는건돐 상에 빠나나 한개는 올라갔을 ㅆㅅㅌㅊ 집이였다는게 팩트.	이러니 어리석다는 소리를 듣는 것입니다.	2	2	SLUR	[볍신들] -> 욕설 정제	clean
깔끔하게 정신병 증상인데ㅋㅋㅋ	명확하게 정신 질환 증상으로 보이네요.	2	2	SLUR	[정신병] -> 질병 비하 순화	악플/욕설
똥꼬충이 고통받는단 착각 좀 똥빨러들이 멈추길 바라노. 레즈들은 비공개로 꽁꽁 숨어도 사이트 털고싶어 부랄발작이 모여들고	(차단된 문장입니다)	1	5	LGBTQ	[똥꼬충, 똥빨러들, 레즈들, 부랄발작] -> 성소수자 비하 및 저속한 표현으로 차단	성소수자
26취업이면.. 난 내년에27인데 아직도..	26세에 취업했다니 부럽네요. 저는 내년에 27세인데 아직도 준비 중입니다.	0	0	NORMAL	[무해] -> 일상적 고민	clean
퀴어로 사는 것까지 말리진 못해도 그걸 가지고 이래라 저래라 하지는 말자	성소수자로 사는 것을 막을 수는 없어도, 그것을 가지고 강요하지는 말아야 합니다.	0	0	NORMAL	[무해] -> 의견 제시	clean
깔끔 명확 간결!	깔끔하고 명확하며 간결하네요!	0	0	NORMAL	[무해] -> 일상적 감상	clean
아 근데 보수가 혹시 착각할까봐.. 전원책은 말할 것도 없이 더 짜증남. 좆보수 한남들은 아예 여성을 하등하게 보고있음	보수 성향의 사람들이 착각할까 봐 걱정되네요. 일부 남성 보수주의자들은 여성을 낮게 보는 경향이 있습니다.	2	2	GENDER/SLUR	[좆보수, 한남들] -> 정치 성향 및 남성 비하 멸칭 순화	남성
그동안 2000년대에 핸드폰이 작았던건 여자에게 맞춰져있기 때문이었군요. 난 액정기술이 발달하지 못해서인줄 알았는데 그런 비밀이	2000년대에 휴대전화가 작았던 것이 여성에게 맞춘 것이었군요. 저는 기술 문제인 줄 알았는데 그런 이유가 있었네요.	0	0	NORMAL	[무해] -> 일상적 깨달음	clean
뭔가 다른 차원의 와꾸가 열렸노. 이남은 확실히 another level이노	외모가 정말 뛰어나네요. 이 남성은 확실히 수준이 다릅니다.	2	2	SLUR/GENDER	[와꾸, 이남] -> 속어 및 성별 지칭 순화	남성
텍사스가 시골이라는 새끼는 미국이 어디붙어있는지는 아는 새끼냐?인구도 미국에서 두번째로 많고 돈도 제일많은 주인데 ㅂㅅ새끼들 존나많네	텍사스를 시골이라고 하는 사람은 미국의 지리를 모르는 것입니까? 인구도 두 번째로 많고 경제력도 가장 높은 주인데 정말 답답하네요.	2	2	SLUR	[새끼, ㅂㅅ새끼들, 존나] -> 욕설 정제	악플/욕설
"캐나다 사는 애들아.. 니네 사는 꼬라지 와서 일년간 잘 봤다.. 어디가서 캐나다 산다고 자부심 부리고 잘사는 ""척"" 하지 말길바란다. 애초에 ㅅㅌㅊ가와서 진짜 전문직으로 사는거 아니면 다 ㅆㅎㅌㅊ 사는거 다 아는데 괜히 한국에서 열심히 사는사람들한테 바람 넣지말길"	캐나다에 사는 분들, 여러분이 사는 모습을 잘 봤습니다. 어디 가서 캐나다 산다고 자랑하거나 잘사는 척하지 않기를 바랍니다. 진짜 전문직이 아니면 대부분 평범하게 산다는 것을 아는데 한국에서 열심히 사는 사람들을 흔들지 마세요.	2	2	SLUR	[꼬라지, ㅅㅌㅊ, ㅆㅎㅌㅊ] -> 비속어 정제	인종/국적
귀에 바람부는 상사는... 성희롱이냐?ㅜ철야하고 점심시간 자다가깨울때마다..바람분다	귀에 바람을 부는 상사의 행동은 성희롱 아닙니까? 철야 근무 후 점심시간에 자다가 깨울 때마다 바람을 붑니다.	0	0	NORMAL	[무해] -> 고충 토로	clean
노래 좃같아요	노래가 정말 별로네요.	2	2	SLUR	[좃같아요] -> 비속어 정제	악플/욕설
글쓴아 6후장딸9은 뭐노?윾입이노? 6후장아들9로 수정해라	글쓴이님, '항문 자위'는 무엇입니까? 신규 유입자입니까? 수정해 주세요.	2	2	LGBTQ/COMMUNITY	[6후장딸9, 윾입이노, 6후장아들9] -> 저속한 성적 표현 및 커뮤니티 말투 순화	남성
한손으론 강력한 민족주의 타령에 다른손으론 다문화타령이 말이 되냐 한국처럼 모순된 국가도 없을듯 이럴꺼면 북한 상대로 통일 타령 왜 하는지	한 손으로는 민족주의를 강조하고 다른 손으로는 다문화를 주장하는 것이 말이 됩니까? 한국처럼 모순된 국가도 없을 것입니다. 이럴 거면 북한 상대로 통일 이야기는 왜 하는지 모르겠습니다.	2	2	RACISM	[다문화타령] -> 다문화 정책 비판	인종/국적
여자는 얼굴 ㅍㅎㅌㅊ여도 다리에 검은색 팬티스타킹을 신으면 섹시하지 않냐? 물론 ㅍㅅㅌㅊ면 허벅지에 비빌만하고 진짜 맨 다리도 맨 다리인데 검은색 팬티스타킹신은 다리는 진짜 지리더라. 어지간한 ㅎㅌㅊ만 아니여도 꼴람.	여성의 외모가 평범해도 검은색 스타킹을 신으면 매력적이지 않습니까? 외모가 괜찮다면 더 좋겠지만 검은색 스타킹은 정말 매력적입니다.	2	2	GENDER	[ㅍㅎㅌㅊ, ㅍㅅㅌㅊ, ㅎㅌㅊ, 꼴람] -> 등급 매기기 및 속어 정제	여성/가족
대만 한족 화교 좆족들 이악물고 댓글 싸지르네 벌레새끼들 ㅋㅋ	대만, 중국인, 화교들이 악착같이 댓글을 다네요.	2	2	RACISM	[한족 화교 좆족들, 싸지르네, 벌레새끼들] -> 인종 비하 멸칭 및 욕설 순화	인종/국적
아빠라고 부르던데 바꼈나ㅋㅋ	아빠라고 부르던데 호칭이 바뀌었나 봅니다.	0	0	NORMAL	[무해] -> 일상적 궁금증	clean
훔치는새끼들이 다 흑인이네 ㅋㅋㅋㅋㅋㅋㅋㅋㅋ미개	절도범들이 다 흑인이네요. 미개합니다.	2	2	RACISM	[훔치는새끼들] -> 인종 비하 순화	인종/국적
짤 씨발 ㅋㅋㅋㅋㄱㅋㅋㅋㄱㅋㅋㅋㅋㅋㅋㅋㅋㅋㅋㅋㅋㄱㅋㅋㅋㅋㅋㅋ	사진이 정말 웃기네요.	2	2	SLUR	[짤 씨발] -> 욕설 정제	악플/욕설
이쯤되면 전라도랑 상종하고 돈 빌려준게 잘못이다 ㅋㅋㅋ	이쯤 되면 호남 지역 사람과 상종하고 돈을 빌려준 것이 잘못입니다.	2	2	REGIONAL	[전라도랑] -> 지역 차별 순화	지역
좆선족 짱깨들 진짜 바퀴벌레 같다	조선족 중국인들은 정말 싫습니다.	2	2	RACISM	[좆선족 짱깨들, 바퀴벌레 같다] -> 인종 비하 멸칭 순화	인종/국적
출근 길에 재수없게 대구경북쪽 억양쓰는 새끼가 폰에다 대고 계속 떠들길래 내린 후 한마디 했다. 야 이 ㅆ, ㅅ 끼야 마스크 좀 처하고 공중도덕 좀 지켜 ! 담ㅈ에 마주치면 밟아 버린다고 했더니 찍소리 못하고 가버리더라.	출근길에 대구 경북 억양을 쓰는 사람이 휴대전화로 계속 떠들길래 내린 후 한마디 했습니다. 마스크 좀 하고 공중도덕 좀 지키라고 했습니다. 다음에 마주치면 가만두지 않겠다고 했더니 아무 말 못 하고 가버리더군요.	2	2	REGIONAL/SLUR	[재수없게, 새끼, ㅆ, ㅅ 끼야, 처하고, 밟아 버린다고] -> 지역 비하 및 욕설 순화	지역
레알 동남아년들 혐오스럽다 이자스민때문에 더심해짐. 이자스민 만나면 당장 쌍욕할듯	정말 동남아 여성들이 혐오스럽습니다. 특정 정치인 때문에 더 심해졌습니다. 그분을 만나면 당장 욕을 할 것 같네요.	2	2	RACISM	[동남아년들, 쌍욕] -> 인종 비하 및 욕설 순화	여성/가족, 인종/국적
급식충이 이 시점에서 일베를 킨다는 것 자체가 거의 지잡 예약임	학생이 이 시점에서 특정 커뮤니티를 한다는 것 자체가 대학 수준을 짐작하게 합니다.	2	2	AGE/SLUR	[급식충, 일베, 지잡] -> 연령 및 학력 비하 순화	연령, 기타 혐오
목사세끼 진짜 싸가지 없네 ㅠㅠㅠ	목사님 진짜 예의 없네요.	2	2	SLUR	[세끼, 싸가지 없네] -> 비속어 정제	종교
ㄹㅇ첨에 봊초찻집들 폐쇄적이라고 할때 비웃었는데 웜하고 딴커뮤해보니 알겠노 한남충들처럼 남자안받는다고 폐쇄적이라고 우기는거 말고ㅇㅇ	처음에 여초 커뮤니티들이 폐쇄적이라고 할 때 비웃었는데, 특정 커뮤니티를 해보니 알겠습니다. 남성을 받지 않는다고 폐쇄적이라고 우기는 것과는 다릅니다.	2	2	Gender/COMMUNITY	[봊초찻집들, 웜, 한남충들] -> 커뮤니티 및 성별 비하 순화	남성
아 구약성경 꽤 재밌는 내용들 많지 ㅋㅋㅋㅋ 출애굽 하는 무리들 중에 우상숭배하는 사람들 애까지 죄다 학살해버림 여호와 인성 ㄱㅆㅎㅌㅊ	구약성경에 꽤 재미있는 내용들이 많습니다. 출애굽 하는 무리 중에 우상 숭배하는 사람들을 아이까지 전부 처벌해 버립니다. 신의 성품이 정말 의심스럽네요.	2	2	RELIGION	[학살해버림, 인성 ㄱㅆㅎㅌㅊ] -> 종교 비하 뉘앙스 순화	종교
짱깨산 헬멧 썼으면 착해졌을 것 같은데맨머가리라 살았을 것 같다 damn it	중국산 헬멧을 썼으면 죽었을 것 같은데 머리가 단단해서 살았을 것 같네요.	2	2	RACISM	[짱깨산, 착해졌을, 맨머가리] -> 인종 비하 멸칭 및 은어 순화	인종/국적
페미들은 정신병원에 처넣어야 이 나라가 바로섭니다 저게 할짓입니까 니들이 공산당이랑 다른게 뭐냐	여성주의자들은 정신병원에 넣어야 이 나라가 바로 섭니다. 저게 할 짓입니까? 당신들이 공산당과 다른 게 무엇입니까?	2	2	GENDER	[페미들, 처넣어야] -> 여성주의 비판 보수적 정제	여성/가족
옛날에 tv에서 해주던 애니삼국지는 좆꿀잼이었음유비 관우 자아아앙비 아~~~~ 아~~ 봉숭아 나무 아래서 형제가 되기로 맹세를 했네 유비 관우 자앙비 천하의 호걸일세~~~ 아 아아아 천하는 언제나통일이될까아 영웅호걸들이 ~~ 모여펼치는 쒼나는 삼국지 아항~	옛날에 TV에서 해주던 애니메이션 삼국지는 정말 재미있었습니다. 유비, 관우, 장비가 도원결의를 맺는 장면이나 영웅호걸들의 이야기가 기억나네요.	0	0	NORMAL	[좆꿀잼] -> 일상적 회상	clean
전라도관상	호남 지역의 관상이라고 주장하시네요.	2	2	REGIONAL	[전라도관상] -> 지역 비하 순화	지역
암베르크 보고 반가움이 들면 진성일게이 ㅇㅈ?	암베르크를 보고 반가움이 들면 진성 커뮤니티 이용자 인정합니까?	2	2	COMMUNITY	[일게이 ㅇㅈ] -> 커뮤니티 용어 순화	clean
썪을대로 썪은 검경. 징글징글하다.	썩을 대로 썩은 검찰과 경찰입니다. 정말 지긋지긋하네요.	0	0	SLUR	[검경, 징글징글하다] -> 공권력 비판	기타 혐오
ㅉㅉㅉ안산다 앞으로 그냥 오프매장 간다 빡치네 안그래도 요즘 남자들 역차별에 예민한데 저러네? 그리고 있는 고객들한테나 잘해라 신규고객 유치할생각하지말고!!!!!!!!!	안 삽니다. 앞으로 그냥 오프라인 매장 가겠습니다. 화나네요. 안 그래도 요즘 남자들 역차별에 예민한데 저러나요? 기존 고객들에게나 잘하십시오.	2	2	SLUR	[빡치네] -> 비속어 정제	악플/욕설
양산쓰고싶은데 튀어서 못쓰니깐 소추래곤이 양산쓰고나와서 유명해지길바라더노	양산을 쓰고 싶은데 튀어서 못 쓰니까 특정 연예인이 양산을 쓰고 나와서 유명해지길 바라더군요.	2	2	GENDER	[소추래곤] -> 남성 연예인 비칭 순화	남성
탈북자들 우리 국민인거 좋다 이기야근데 북한에서 왔다는것만으로 과도하게 세금을 퍼주는게 문제있지탈북자보다 못한 삶을 사는 사람들도 많을거고 탈북할 능력 있는 탈북자면 그냥 놔둬도 알아서 잘 산다. 요즘 완전한 맨땅에서 시작하는 탈북자가 얼마나 된다고	탈북자들이 우리 국민인 것은 좋습니다. 하지만 북한에서 왔다는 것만으로 과도하게 세금을 지원하는 것은 문제가 있습니다. 탈북자보다 못한 삶을 사는 사람들도 많을 것이고, 능력 있는 탈북자면 알아서 잘 살 것입니다.	2	2	RACISM	[이기야, 퍼주는게] -> 커뮤니티 말투 및 부정적 표현 순화	인종/국적
다시 청원글 등장함 20만 넘음	다시 청원 글이 등장해서 20만 명을 넘었습니다.	0	0	NORMAL	[무해] -> 일상적 정보	clean
아니 이게 대체 왜 페미영화야?? 그냥 일반 가정에서 다들 겪는 고충에 대한 영화인데? 그리고 영화 볼만하다 끝	이게 대체 왜 여성주의 영화입니까? 그냥 일반 가정에서 다들 겪는 고충에 대한 영화인데요. 영화 볼 만합니다.	0	0	NORMAL	[페미영화] -> 영화 감상평	clean
깔깔깔 손 안대고 코풀었노 이기이기ㅋㅋㅋㅋㅋ 노이즈 마케팅 놈딱 감사하노ㅋㅋㅋㅋㅋㅋ	깔깔깔 손 안 대고 코 풀었네요. 노이즈 마케팅 정말 감사합니다.	2	2	COMMUNITY	[이기이기, 놈딱] -> 커뮤니티 말투 순화	악플/욕설
한국은 전라도한테 그렇게당해놓고도잘참는거보면호구나라가 분명!	한국은 호남 지역에 그렇게 당해놓고도 잘 참는 것을 보면 어수룩한 나라가 분명합니다.	2	2	REGIONAL	[전라도한테, 호구나라] -> 지역 비하 및 국가 비하 순화	지역
저 mc새끼가 존나 욕하는데	저 진행자가 정말 심하게 욕을 하네요.	2	2	SLUR	[새끼, 존나] -> 욕설 정제	악플/욕설
다른나라 교회는 어떤지 모르겠는데 한국은 전라도모임 그 이상도 이하도 아니다.	다른 나라 교회는 어떤지 모르겠지만 한국은 호남 지역 모임 그 이상도 이하도 아닙니다.	2	2	REGIONAL	[전라도모임] -> 지역 비하 뉘앙스 순화	지역, 종교
아빠는 사실 내카드니까 내가 가야맞다고 하고 싶었는데 마누라때문에 ㅋㅋ	아빠는 사실 제 카드니까 제가 가야 맞다고 하고 싶었는데 아내 때문에 못 했습니다.	0	0	NORMAL	[마누라] -> 일상적 에피소드	clean
훈련소에서 좆뺑이치다가 이거노래들으면 힐링되긴하거라 ㅎ	훈련소에서 고생하다가 이 노래 들으면 힐링 되긴 하더라.	2	2	SLUR	[좆뺑이치다가] -> 비속어 정제	악플/욕설
"몽정휴가 내놔라 씨발""부장님 저 오늘 몽정해서 몽정휴가좀 쓰겠습니다""""오 그래? 자네도 했는가? 푹쉬게""씨발 얼마나 좋냐"	몽정 휴가 내놓으십시오. 부장님 저 오늘 몽정해서 몽정 휴가 좀 쓰겠습니다. 오 그래? 자네도 했는가? 푹 쉬게. 얼마나 좋습니까.	2	2	SLUR	[씨발] -> 욕설 정제	악플/욕설
별로안유명해도 돈 개많은가보네 ㄷㄷㄷㄷ	별로 안 유명해도 돈은 정말 많은가 보네요.	0	0	NORMAL	[개많은가보네] -> 일상적 추측	clean
페미는=정신병=레즈 페미는 제3의성별 여자랑역지마라	여성주의는 정신 질환이고 동성애와 같습니다. 여성주의를 제3의 성별이라며 여자와 엮지 마세요.	2	2	GENDER/LGBTQ	[페미는, 정신병, 레즈] -> 여성주의 및 성소수자 비하 멸칭 순화	여성/가족, 성소수자
여기는 진짜 조선족들한테 베댓 다 먹혔구나 ㄷㄷ	여기는 진짜 조선족들에게 댓글이 다 점령당했군요.	2	2	RACISM	[무해] -> 인종 비하 관련 우려	인종/국적
은근슬좆 품평하노ㅋ	은근슬쩍 체형을 평가하네요.	2	2	SLUR	[은근슬좆] -> 비속어 정제	악플/욕설
양아치들끼리 싸우는거 보니 속이 뻥~~ 뚫린다. 중국 이슬람 인도 제발 이 세력들이 서로 싸워준다면 뒤에서 팝콘뜯으면서 무기팔고 구경하고싶다. ㅋㅋㅋㅋㅋㅋㅋ	불량한 사람들끼리 싸우는 걸 보니 속이 시원합니다. 중국, 이슬람, 인도 제발 이 세력들이 서로 싸워준다면 뒤에서 무기 팔고 구경하고 싶네요.	0	0	RACISM/RELIGION	[양아치들, 팝콘뜯으면서] -> 국제 분쟁에 대한 냉소적 반응	인종/국적
이공계 자댕이 자들거리는 소리 여기까지 들리노	명확하게 정신 질환 증상으로 보이네요.	2	2	SLUR	[정신병] -> 질병 비하 순화	남성
존재감이 지 좆같노	(차단된 문장입니다)	1	5	LGBTQ	[똥꼬충, 똥빨러들, 레즈들, 부랄발작] -> 성소수자 비하 및 저속한 표현으로 차단	악플/욕설
링크 주소 알려주라 테러하러가게	26세에 취업했다니 부럽네요. 저는 내년에 27세인데 아직도 준비 중입니다.	0	0	NORMAL	[무해] -> 일상적 고민	악플/욕설
프랑스 무슬림들도 시리아 난민들처럼 다 조선반도 들여왔으면 좋겠다이기	성소수자로 사는 것을 막을 수는 없어도, 그것을 가지고 강요하지는 말아야 합니다.	0	0	NORMAL	[무해] -> 의견 제시	인종/국적, 종교
먹사들 사형으로 다스려라 ㅈㅈㅈ	깔끔하고 명확하며 간결하네요!	0	0	NORMAL	[무해] -> 일상적 감상	종교
율법학자새끼 어린 애 성추행하는 수준 보소	보수 성향의 사람들이 착각할까 봐 걱정되네요. 일부 남성 보수주의자들은 여성을 낮게 보는 경향이 있습니다.	2	2	GENDER/SLUR	[좆보수, 한남들] -> 정치 성향 및 남성 비하 멸칭 순화	악플/욕설
아무리 봐도 남자가 살기엔 일본이 더 나은 것 같다취미 생활하기 좋지유흥 하기도 좋지여자애들 마인드도 그쪽 동네애들이 훨씬 낫다게다가 한 가지만 확실히 잘하면 대학 안 나와도 잘먹고 잘살지한국은 좋은대학 나와도 취직 걱정하며불안에 떨어야 하니 ㅂㅅ같잖아	2000년대에 휴대전화가 작았던 것이 여성에게 맞춘 것이었군요. 저는 기술 문제인 줄 알았는데 그런 이유가 있었네요.	0	0	NORMAL	[무해] -> 일상적 깨달음	인종/국적
해적왕!!!	외모가 정말 뛰어나네요. 이 남성은 확실히 수준이 다릅니다.	2	2	SLUR/GENDER	[와꾸, 이남] -> 속어 및 성별 지칭 순화	clean
젠더특보.? 이게 대체 서울시민과 무슨 상관이있고 이익이된다고 세금들여 밥먹여살리는거냐 서울시공무원자리가 좌파들 먹거리 수단이냐? 그런 쓸데없는자리 당장 폐지 하라	텍사스를 시골이라고 하는 사람은 미국의 지리를 모르는 것입니까? 인구도 두 번째로 많고 경제력도 가장 높은 주인데 정말 답답하네요.	2	2	SLUR	[새끼, ㅂㅅ새끼들, 존나] -> 욕설 정제	기타 혐오
인터넷이 발전되다보니 별이상한것들도 무고죄니 명예훼손이니...참 기가찬다	캐나다에 사는 분들, 여러분이 사는 모습을 잘 봤습니다. 어디 가서 캐나다 산다고 자랑하거나 잘사는 척하지 않기를 바랍니다. 진짜 전문직이 아니면 대부분 평범하게 산다는 것을 아는데 한국에서 열심히 사는 사람들을 흔들지 마세요.	2	2	SLUR	[꼬라지, ㅅㅌㅊ, ㅆㅎㅌㅊ] -> 비속어 정제	악플/욕설
왜 조조는 없냐 ㅋㅋ	귀에 바람을 부는 상사의 행동은 성희롱 아닙니까? 철야 근무 후 점심시간에 자다가 깨울 때마다 바람을 붑니다.	0	0	NORMAL	[무해] -> 고충 토로	clean
난 5.8통이였는데 ㅋㅋㅋㅋㅋ	노래가 정말 별로네요.	2	2	SLUR	[좃같아요] -> 비속어 정제	clean
다르게 말하면 걍 똥송과 서양의 차이다종교가 중요한게 아니야	글쓴이님, '항문 자위'는 무엇입니까? 신규 유입자입니까? 수정해 주세요.	2	2	LGBTQ/COMMUNITY	[6후장딸9, 윾입이노, 6후장아들9] -> 저속한 성적 표현 및 커뮤니티 말투 순화	인종/국적
저기서 북한 전투기 몰고 탈북한놈이 최고승리자아님? 저거 국방부에 군사자료로 넘기고 수십억 받았다던데	한 손으로는 민족주의를 강조하고 다른 손으로는 다문화를 주장하는 것이 말이 됩니까? 한국처럼 모순된 국가도 없을 것입니다. 이럴 거면 북한 상대로 통일 이야기는 왜 하는지 모르겠습니다.	2	2	RACISM	[다문화타령] -> 다문화 정책 비판	clean
14개 ..	여성의 외모가 평범해도 검은색 스타킹을 신으면 매력적이지 않습니까? 외모가 괜찮다면 더 좋겠지만 검은색 스타킹은 정말 매력적입니다.	2	2	GENDER	[ㅍㅎㅌㅊ, ㅍㅅㅌㅊ, ㅎㅌㅊ, 꼴람] -> 등급 매기기 및 속어 정제	clean
ㄹㅇ이노 똥꼬 형냐들 후장에 좆박는넘이 좆 작으면 앵나 자적자한다 이니야ㅋ 웃챙ㅋㅋㅋㅋ	대만, 중국인, 화교들이 악착같이 댓글을 다네요.	2	2	RACISM	[한족 화교 좆족들, 싸지르네, 벌레새끼들] -> 인종 비하 멸칭 및 욕설 순화	성소수자
다른 늙은 자집애들도 본받아야 하노	아빠라고 부르던데 호칭이 바뀌었나 봅니다.	0	0	NORMAL	[무해] -> 일상적 궁금증	남성
4'기면 다른 장기에 전이된건데 전이암을 다 중입자로 죽인거냐?	절도범들이 다 흑인이네요. 미개합니다.	2	2	RACISM	[훔치는새끼들] -> 인종 비하 순화	clean
니 자막 앵나재밌노	사진이 정말 웃기네요.	2	2	SLUR	[짤 씨발] -> 욕설 정제	clean
미쳤으면 곱게 미쳐...이건.. 중국 밑으로 들어가서 살라는 거군. 그냥 울 회사 생산직에 있는 조선족애들.. 사장 시키고 게 밑으로 들어가야겠다 우리는 중국에 속국이니까.. ㅅㅂ..	이쯤 되면 호남 지역 사람과 상종하고 돈을 빌려준 것이 잘못입니다.	2	2	REGIONAL	[전라도랑] -> 지역 차별 순화	인종/국적
아무리 잡아먹으려고 키우는 가축이라지만오랜시간 고통에 몸부림치면서 죽어간 고기를 먹는다는건 그게 오히려 더 깨름칙할거같다.전혀 과학적인 근거도 없고 합리적 이유도 없는그냥 옛날에 선지자란 어떤 한놈이 지 나오는대로 씨부린거 죽자고 지키는거 아닌가극혐이다.	조선족 중국인들은 정말 싫습니다.	2	2	RACISM	[좆선족 짱깨들, 바퀴벌레 같다] -> 인종 비하 멸칭 순화	종교
얼굴좀보자	출근길에 대구 경북 억양을 쓰는 사람이 휴대전화로 계속 떠들길래 내린 후 한마디 했습니다. 마스크 좀 하고 공중도덕 좀 지키라고 했습니다. 다음에 마주치면 가만두지 않겠다고 했더니 아무 말 못 하고 가버리더군요.	2	2	REGIONAL/SLUR	[재수없게, 새끼, ㅆ, ㅅ 끼야, 처하고, 밟아 버린다고] -> 지역 비하 및 욕설 순화	clean
ㅋㅋㅋ 대단하다 저런거보면	정말 동남아 여성들이 혐오스럽습니다. 특정 정치인 때문에 더 심해졌습니다. 그분을 만나면 당장 욕을 할 것 같네요.	2	2	RACISM	[동남아년들, 쌍욕] -> 인종 비하 및 욕설 순화	clean
저 사장 분명 일베한다	학생이 이 시점에서 특정 커뮤니티를 한다는 것 자체가 대학 수준을 짐작하게 합니다.	2	2	AGE/SLUR	[급식충, 일베, 지잡] -> 연령 및 학력 비하 순화	악플/욕설
몽골... 짱깨보다 더 미개하다. 핵노답	목사님 진짜 예의 없네요.	2	2	SLUR	[세끼, 싸가지 없네] -> 비속어 정제	인종/국적
코로나 위드시대에 영혼을 어루만지고 터치하는 영택트가 중요하다는 말씀 공감이 되고 이를 위해 기도하겠습니다	처음에 여초 커뮤니티들이 폐쇄적이라고 할 때 비웃었는데, 특정 커뮤니티를 해보니 알겠습니다. 남성을 받지 않는다고 폐쇄적이라고 우기는 것과는 다릅니다.	2	2	Gender/COMMUNITY	[봊초찻집들, 웜, 한남충들] -> 커뮤니티 및 성별 비하 순화	clean
민주당은 영입해라	구약성경에 꽤 재미있는 내용들이 많습니다. 출애굽 하는 무리 중에 우상 숭배하는 사람들을 아이까지 전부 처벌해 버립니다. 신의 성품이 정말 의심스럽네요.	2	2	RELIGION	[학살해버림, 인성 ㄱㅆㅎㅌㅊ] -> 종교 비하 뉘앙스 순화	clean
보지=애새끼	중국산 헬멧을 썼으면 죽었을 것 같은데 머리가 단단해서 살았을 것 같네요.	2	2	RACISM	[짱깨산, 착해졌을, 맨머가리] -> 인종 비하 멸칭 및 은어 순화	여성/가족, 연령
전라도 + 대깨문 + 짱깨 + 조선족은 죽여도 돼	여성주의자들은 정신병원에 넣어야 이 나라가 바로 섭니다. 저게 할 짓입니까? 당신들이 공산당과 다른 게 무엇입니까?	2	2	GENDER	[페미들, 처넣어야] -> 여성주의 비판 보수적 정제	인종/국적, 지역
신성한 엄마라는 위치를 저런 병신같년들이 스스로 맘충이 되도록 만드는군.	옛날에 TV에서 해주던 애니메이션 삼국지는 정말 재미있었습니다. 유비, 관우, 장비가 도원결의를 맺는 장면이나 영웅호걸들의 이야기가 기억나네요.	0	0	NORMAL	[좆꿀잼] -> 일상적 회상	여성/가족
천주교는 성체 훼손했다고 지랄봇광하기 이전에떡도 안 쳤는데 예수 임신 했다고 수천년간 사기 친거에 대해서 사과해야 됨	호남 지역의 관상이라고 주장하시네요.	2	2	REGIONAL	[전라도관상] -> 지역 비하 순화	종교
이스탄불 건너자 말자 뒤져부렸노wwww 다리 하나 건너자 말자 뒤짐 Wwwww	암베르크를 보고 반가움이 들면 진성 커뮤니티 이용자 인정합니까?	2	2	COMMUNITY	[일게이 ㅇㅈ] -> 커뮤니티 용어 순화	악플/욕설
한남유충이면 실험 불가임 이미 때리고있어서 말려야하거든 좆팔	썩을 대로 썩은 검찰과 경찰입니다. 정말 지긋지긋하네요.	0	0	SLUR	[검경, 징글징글하다] -> 공권력 비판	남성
애초에 무슬림 새끼들 안받는 이유가 테러 위험인데 돈 있는 씨발새끼들이 뭣하러 테러를 일으키겠냐?	안 삽니다. 앞으로 그냥 오프라인 매장 가겠습니다. 화나네요. 안 그래도 요즘 남자들 역차별에 예민한데 저러나요? 기존 고객들에게나 잘하십시오.	2	2	SLUR	[빡치네] -> 비속어 정제	종교
통쾌하다 진짜 ㅅㅂ 못 배워처먹은 틀딱새끼	양산을 쓰고 싶은데 튀어서 못 쓰니까 특정 연예인이 양산을 쓰고 나와서 유명해지길 바라더군요.	2	2	GENDER	[소추래곤] -> 남성 연예인 비칭 순화	연령
교회가 가장 오래된 프랜차이즈 사업 아니냐?물론 개신교는 본사가 없지만 교리를 기반으로 프랜차이즈 사업하는거지천주교는 본사가 있는 직영점 형태고 ㅋㅋ	탈북자들이 우리 국민인 것은 좋습니다. 하지만 북한에서 왔다는 것만으로 과도하게 세금을 지원하는 것은 문제가 있습니다. 탈북자보다 못한 삶을 사는 사람들도 많을 것이고, 능력 있는 탈북자면 알아서 잘 살 것입니다.	2	2	RACISM	[이기야, 퍼주는게] -> 커뮤니티 말투 및 부정적 표현 순화	종교
사실 맘충은 아니지 걍 진상일뿐. 애랑 관련된 진상은 아니니까	다시 청원 글이 등장해서 20만 명을 넘었습니다.	0	0	NORMAL	[무해] -> 일상적 정보	여성/가족
원래 프로그래머들 재택근무하는 여자들이었잖노 ㅋㅋㅋㅋ 돈좀되니까 냄져들이 뺏어갔노ㅡㅡ	이게 대체 왜 여성주의 영화입니까? 그냥 일반 가정에서 다들 겪는 고충에 대한 영화인데요. 영화 볼 만합니다.	0	0	NORMAL	[페미영화] -> 영화 감상평	여성/가족, 남성
지금도 미국 현기차 관련 용역회사들 중에 전라도출신 사장새끼들이 용역임금 제일 후려침 노인들 불체자 쥐어짠다	깔깔깔 손 안 대고 코 풀었네요. 노이즈 마케팅 정말 감사합니다.	2	2	COMMUNITY	[이기이기, 놈딱] -> 커뮤니티 말투 순화	지역
한국 초대교회때 교회가 사회의 문화를 비롯한 모든 부분에서막강한 영향력을 미쳤던것처럼 코로나이후 다시한번 영택트로주도해 나가기를 소망합니다.	한국은 호남 지역에 그렇게 당해놓고도 잘 참는 것을 보면 어수룩한 나라가 분명합니다.	2	2	REGIONAL	[전라도한테, 호구나라] -> 지역 비하 및 국가 비하 순화	clean
하루에 한개씩~ 한달이면 삼십개~~	저 진행자가 정말 심하게 욕을 하네요.	2	2	SLUR	[새끼, 존나] -> 욕설 정제	clean
에이즈 만연한 아프리카 국가에서 콘돔 안끼는 흑좆들 때문에 골머리를 앓던 끝에 국가가 나서서 대규모 포경수술을 실시했는데 그 이후 에이즈 감염률이 뚝 떨어졌다는 연구도 있노. 좆밥이 성병균 드글거리는 온상이라는 증거	다른 나라 교회는 어떤지 모르겠지만 한국은 호남 지역 모임 그 이상도 이하도 아닙니다.	2	2	REGIONAL	[전라도모임] -> 지역 비하 뉘앙스 순화	남성, 인종/국적
동감 상식적으로 납득안되는 처사지	아빠는 사실 제 카드니까 제가 가야 맞다고 하고 싶었는데 아내 때문에 못 했습니다.	0	0	NORMAL	[마누라] -> 일상적 에피소드	clean
그래 뭐 이슬람교 버린가라면 ㅇㅈ한다 근데 이슬람교 안버린 무슬림 난민들은 절대 들어오지마라!!	훈련소에서 고생하다가 이 노래 들으면 힐링 되긴 하더라.	2	2	SLUR	[좆뺑이치다가] -> 비속어 정제	인종/국적, 종교
어이가 없다 ㅋ북한주민들이 왜 계속 노예로 사는지 알꺼같다	몽정 휴가 내놓으십시오. 부장님 저 오늘 몽정해서 몽정 휴가 좀 쓰겠습니다. 오 그래? 자네도 했는가? 푹 쉬게. 얼마나 좋습니까.	2	2	SLUR	[씨발] -> 욕설 정제	인종/국적
어휴 개독들..	별로 안 유명해도 돈은 정말 많은가 보네요.	0	0	NORMAL	[개많은가보네] -> 일상적 추측	종교
개씨발 조선족 씨발련, 그 애새끼, 그 바뀌벌레들과 새끼친 남자들 싸그리 가스실에 쳐넣어야한다	여성주의는 정신 질환이고 동성애와 같습니다. 여성주의를 제3의 성별이라며 여자와 엮지 마세요.	2	2	GENDER/LGBTQ	[페미는, 정신병, 레즈] -> 여성주의 및 성소수자 비하 멸칭 순화	인종/국적
이런 혐오 발언을 하는 요리사가 근무하는 식당은 절대 방문하면 안 될듯. 음식에 뭔 짓을 할지 모른다.	여기는 진짜 조선족들에게 댓글이 다 점령당했군요.	2	2	RACISM	[무해] -> 인종 비하 관련 우려	악플/욕설
성격도 우리 쏘옥 빼닮았고 역시 장하다 우리 딸래미들	은근슬쩍 체형을 평가하네요.	2	2	SLUR	[은근슬좆] -> 비속어 정제	clean
문화충격이 아니라문화컬쳐다 씹선비야	불량한 사람들끼리 싸우는 걸 보니 속이 시원합니다. 중국, 이슬람, 인도 제발 이 세력들이 서로 싸워준다면 뒤에서 무기 팔고 구경하고 싶네요.	0	0	RACISM/RELIGION	[양아치들, 팝콘뜯으면서] -> 국제 분쟁에 대한 냉소적 반응	악플/욕설
무섭고 ..절망스럽고 ..후회스럽겠지만 ..선택은 본인의 몫이고 책임을 져야하는 성인이 되었음을 깨닫고 남은인생 마지막 기회다 생각하고 잘 살길 ... 에휴 ..	명확하게 정신 질환 증상으로 보이네요.	2	2	SLUR	[정신병] -> 질병 비하 순화	clean
개나소나ㅋㅋ국개의원	(차단된 문장입니다)	1	5	LGBTQ	[똥꼬충, 똥빨러들, 레즈들, 부랄발작] -> 성소수자 비하 및 저속한 표현으로 차단	기타 혐오
야이 씨발오늘도 똥송해야 되냐 ㅠ ㅠ	26세에 취업했다니 부럽네요. 저는 내년에 27세인데 아직도 준비 중입니다.	0	0	NORMAL	[무해] -> 일상적 고민	인종/국적
전라도는 저것도 지역관례라 합법임	성소수자로 사는 것을 막을 수는 없어도, 그것을 가지고 강요하지는 말아야 합니다.	0	0	NORMAL	[무해] -> 의견 제시	지역
누구누구 사장님 일하러 안나왔냐고 물어보는거애서 씹소름	깔끔하고 명확하며 간결하네요!	0	0	NORMAL	[무해] -> 일상적 감상	clean
나두 총쏘구 싶당	보수 성향의 사람들이 착각할까 봐 걱정되네요. 일부 남성 보수주의자들은 여성을 낮게 보는 경향이 있습니다.	2	2	GENDER/SLUR	[좆보수, 한남들] -> 정치 성향 및 남성 비하 멸칭 순화	clean
저건 솔직히 부모도 카바못침	2000년대에 휴대전화가 작았던 것이 여성에게 맞춘 것이었군요. 저는 기술 문제인 줄 알았는데 그런 이유가 있었네요.	0	0	NORMAL	[무해] -> 일상적 깨달음	악플/욕설
결론 ㅡ 경상도나 전라도나 개씹새끼들임 = 짱깨 똑같음	외모가 정말 뛰어나네요. 이 남성은 확실히 수준이 다릅니다.	2	2	SLUR/GENDER	[와꾸, 이남] -> 속어 및 성별 지칭 순화	인종/국적, 지역
세치의 혀로 성도들한테 5000연봉 ... 목사 할만한데...	텍사스를 시골이라고 하는 사람은 미국의 지리를 모르는 것입니까? 인구도 두 번째로 많고 경제력도 가장 높은 주인데 정말 답답하네요.	2	2	SLUR	[새끼, ㅂㅅ새끼들, 존나] -> 욕설 정제	종교
니들은 사는게 범죄노 더러운 한남새끼들 재기해라!!!!!!!!!!!!!!!!!!!	캐나다에 사는 분들, 여러분이 사는 모습을 잘 봤습니다. 어디 가서 캐나다 산다고 자랑하거나 잘사는 척하지 않기를 바랍니다. 진짜 전문직이 아니면 대부분 평범하게 산다는 것을 아는데 한국에서 열심히 사는 사람들을 흔들지 마세요.	2	2	SLUR	[꼬라지, ㅅㅌㅊ, ㅆㅎㅌㅊ] -> 비속어 정제	남성
페미는 정신병이다. 기안문제만 봐도 사람들이 페미년들을 얼마나 욕하고 이상한집단으로 생각하는지 알수있지.	귀에 바람을 부는 상사의 행동은 성희롱 아닙니까? 철야 근무 후 점심시간에 자다가 깨울 때마다 바람을 붑니다.	0	0	NORMAL	[무해] -> 고충 토로	여성/가족
안사요 안사	노래가 정말 별로네요.	2	2	SLUR	[좃같아요] -> 비속어 정제	clean
추우면 옷을 더 쳐입으면 되는데, 그렇다고 온도 올려서 남자들이 덥다고 쳐 벗으면 또 벗었다고 성추행이라고 하겠지?	글쓴이님, '항문 자위'는 무엇입니까? 신규 유입자입니까? 수정해 주세요.	2	2	LGBTQ/COMMUNITY	[6후장딸9, 윾입이노, 6후장아들9] -> 저속한 성적 표현 및 커뮤니티 말투 순화	여성/가족
우울증,화병,무기력증,조울증,정신분열증 다 봊나 좋아졌다	한 손으로는 민족주의를 강조하고 다른 손으로는 다문화를 주장하는 것이 말이 됩니까? 한국처럼 모순된 국가도 없을 것입니다. 이럴 거면 북한 상대로 통일 이야기는 왜 하는지 모르겠습니다.	2	2	RACISM	[다문화타령] -> 다문화 정책 비판	clean
한남국자 후장이 그렇게 인기라더라 3천원에 잘 팔고와라	여성의 외모가 평범해도 검은색 스타킹을 신으면 매력적이지 않습니까? 외모가 괜찮다면 더 좋겠지만 검은색 스타킹은 정말 매력적입니다.	2	2	GENDER	[ㅍㅎㅌㅊ, ㅍㅅㅌㅊ, ㅎㅌㅊ, 꼴람] -> 등급 매기기 및 속어 정제	남성
인도가 한국인보다 똑똑하긴함괴학자도많고 체스도잘하고 인재수출국임	대만, 중국인, 화교들이 악착같이 댓글을 다네요.	2	2	RACISM	[한족 화교 좆족들, 싸지르네, 벌레새끼들] -> 인종 비하 멸칭 및 욕설 순화	인종/국적
일분일초가급하다 어서시행해라이기야	아빠라고 부르던데 호칭이 바뀌었나 봅니다.	0	0	NORMAL	[무해] -> 일상적 궁금증	clean
정신병자 미친 스캇게이새끼들 개쌍욕쳐먹어도 모자랄판에	절도범들이 다 흑인이네요. 미개합니다.	2	2	RACISM	[훔치는새끼들] -> 인종 비하 순화	성소수자, 기타 혐오
저렇게 한몫 잡을려는 년들은 염산테러가 답이다 얼굴 녹아 내리게 뿌리면 성형도 못하고 괴물로 평생을 마쳐야 한다징역은 가겠지만 6개월 본다	사진이 정말 웃기네요.	2	2	SLUR	[짤 씨발] -> 욕설 정제	여성/가족
전라도 노인들이 올라와서 그럼	이쯤 되면 호남 지역 사람과 상종하고 돈을 빌려준 것이 잘못입니다.	2	2	REGIONAL	[전라도랑] -> 지역 차별 순화	연령, 지역
20년전 둘리 애니매이션이 리얼 커여움	조선족 중국인들은 정말 싫습니다.	2	2	RACISM	[좆선족 짱깨들, 바퀴벌레 같다] -> 인종 비하 멸칭 순화	clean
내말 무시하지말고 똑짤라서 나온 절단면 보여주면 무조건 워념이란 말이노 다 집어치우고 자지절단면만 보여달란 말이노	출근길에 대구 경북 억양을 쓰는 사람이 휴대전화로 계속 떠들길래 내린 후 한마디 했습니다. 마스크 좀 하고 공중도덕 좀 지키라고 했습니다. 다음에 마주치면 가만두지 않겠다고 했더니 아무 말 못 하고 가버리더군요.	2	2	REGIONAL/SLUR	[재수없게, 새끼, ㅆ, ㅅ 끼야, 처하고, 밟아 버린다고] -> 지역 비하 및 욕설 순화	남성
월남 성님들 와이리 므싰노 이기야우리나라도 상무정신 좀 길러야한다 ㅅㅂ	정말 동남아 여성들이 혐오스럽습니다. 특정 정치인 때문에 더 심해졌습니다. 그분을 만나면 당장 욕을 할 것 같네요.	2	2	RACISM	[동남아년들, 쌍욕] -> 인종 비하 및 욕설 순화	악플/욕설
도대체 남자가 받은 특권이 뭐죠? 몰라서 그러는대 페미라고 하는사람들 있으면 이야기좀 해보세요.남자라서 받은 특권이 뭐가 있죠?	학생이 이 시점에서 특정 커뮤니티를 한다는 것 자체가 대학 수준을 짐작하게 합니다.	2	2	AGE/SLUR	[급식충, 일베, 지잡] -> 연령 및 학력 비하 순화	여성/가족
이기적인것 같음..손안대고 코풀려고하는것 같아서 얄미움.	목사님 진짜 예의 없네요.	2	2	SLUR	[세끼, 싸가지 없네] -> 비속어 정제	악플/욕설
희한하네??? 맘충 라도 페미 좌빨 종북은 답이없다	처음에 여초 커뮤니티들이 폐쇄적이라고 할 때 비웃었는데, 특정 커뮤니티를 해보니 알겠습니다. 남성을 받지 않는다고 폐쇄적이라고 우기는 것과는 다릅니다.	2	2	Gender/COMMUNITY	[봊초찻집들, 웜, 한남충들] -> 커뮤니티 및 성별 비하 순화	여성/가족, 지역, 기타 혐오
살인이 모가 어때서 닝겐이 만든 법에 신이 얽메이냐? 사람들은 신이 착하다고 생각하는데 그 착함의 기준이 인간기준이라는게 존나 웃기는거지	구약성경에 꽤 재미있는 내용들이 많습니다. 출애굽 하는 무리 중에 우상 숭배하는 사람들을 아이까지 전부 처벌해 버립니다. 신의 성품이 정말 의심스럽네요.	2	2	RELIGION	[학살해버림, 인성 ㄱㅆㅎㅌㅊ] -> 종교 비하 뉘앙스 순화	clean
그걸 또 따라하노ㅋㅋㅋ모방 범죄를 ㄹㅇ 하는 사람이 있구나ㅋㅋㅋ	중국산 헬멧을 썼으면 죽었을 것 같은데 머리가 단단해서 살았을 것 같네요.	2	2	RACISM	[짱깨산, 착해졌을, 맨머가리] -> 인종 비하 멸칭 및 은어 순화	악플/욕설
저런 모습 보여주면 아부지 마음이 더 아프겠다	여성주의자들은 정신병원에 넣어야 이 나라가 바로 섭니다. 저게 할 짓입니까? 당신들이 공산당과 다른 게 무엇입니까?	2	2	GENDER	[페미들, 처넣어야] -> 여성주의 비판 보수적 정제	clean
애초에 맘편한 집에서 하는거에 최저시급을 쳐주면안됨 같은일이라고 밖에서하는거랑 집에서하는거랑은 천지차이다..	옛날에 TV에서 해주던 애니메이션 삼국지는 정말 재미있었습니다. 유비, 관우, 장비가 도원결의를 맺는 장면이나 영웅호걸들의 이야기가 기억나네요.	0	0	NORMAL	[좆꿀잼] -> 일상적 회상	clean
이름에 안속는다..변태성욕자들 양성하고 보호하고 바른 양심대로 살려고 동성애자들 거부하면 무차별 벌금 때리는 악법 우리나라 영국 꼴 나는거 두눈뜨고 못본다!	호남 지역의 관상이라고 주장하시네요.	2	2	REGIONAL	[전라도관상] -> 지역 비하 순화	성소수자
시발 ㅋㅋㅋ 출산율은 병신인데, 다문화는 막아라고 지랄 ㅋㅋㅋㅋ 결혼은 하지말라고 지랄 ㅋㅋㅋㅋㅋ 이래도 애국보수 일베저장소 입니꽈??	암베르크를 보고 반가움이 들면 진성 커뮤니티 이용자 인정합니까?	2	2	COMMUNITY	[일게이 ㅇㅈ] -> 커뮤니티 용어 순화	인종/국적
곰애미 쌔끈하냐	썩을 대로 썩은 검찰과 경찰입니다. 정말 지긋지긋하네요.	0	0	SLUR	[검경, 징글징글하다] -> 공권력 비판	악플/욕설
중궈 113마리 검출	안 삽니다. 앞으로 그냥 오프라인 매장 가겠습니다. 화나네요. 안 그래도 요즘 남자들 역차별에 예민한데 저러나요? 기존 고객들에게나 잘하십시오.	2	2	SLUR	[빡치네] -> 비속어 정제	인종/국적
먹튀쩐다 ㅋㅋ	양산을 쓰고 싶은데 튀어서 못 쓰니까 특정 연예인이 양산을 쓰고 나와서 유명해지길 바라더군요.	2	2	GENDER	[소추래곤] -> 남성 연예인 비칭 순화	악플/욕설
그 한남통장 합의 냄저가 하자고 했지? 그 쓰러져 가는 국밥집 냄저가 가자고 했지?	탈북자들이 우리 국민인 것은 좋습니다. 하지만 북한에서 왔다는 것만으로 과도하게 세금을 지원하는 것은 문제가 있습니다. 탈북자보다 못한 삶을 사는 사람들도 많을 것이고, 능력 있는 탈북자면 알아서 잘 살 것입니다.	2	2	RACISM	[이기야, 퍼주는게] -> 커뮤니티 말투 및 부정적 표현 순화	남성
씨발 도대체 언제부터 이딴 프로 불편러, 모임에 껴있으면 분위기 존나 초치는 씹병신새끼들이 꺼드럭거리는 세상이 된거냐? 어? 좆같네 진짜	다시 청원 글이 등장해서 20만 명을 넘었습니다.	0	0	NORMAL	[무해] -> 일상적 정보	악플/욕설
692 뻔하노 이기 대줬겠지 ㅋ 물론 후장을 ^느^	이게 대체 왜 여성주의 영화입니까? 그냥 일반 가정에서 다들 겪는 고충에 대한 영화인데요. 영화 볼 만합니다.	0	0	NORMAL	[페미영화] -> 영화 감상평	악플/욕설
페미를 표받을려고 지지하는 미친인간들은 있을지 몰라도 반대하는 건 그냥 지극히 정상적인 거지	깔깔깔 손 안 대고 코 풀었네요. 노이즈 마케팅 정말 감사합니다.	2	2	COMMUNITY	[이기이기, 놈딱] -> 커뮤니티 말투 순화	여성/가족
필리핀임? 필리핀은 성매매한남들이 코피노 가는데지 한국인이 유학갈만한데 아님	한국은 호남 지역에 그렇게 당해놓고도 잘 참는 것을 보면 어수룩한 나라가 분명합니다.	2	2	REGIONAL	[전라도한테, 호구나라] -> 지역 비하 및 국가 비하 순화	남성, 인종/국적
못배운새끼들한테 뭘 기대해북한생활,교육수준이 똥남아급인데 똥오줌 못가리는거 뻔하지탈북괴나 조선족새끼들 빈티나는 까무잡잡한 상판만봐도 짜증	저 진행자가 정말 심하게 욕을 하네요.	2	2	SLUR	[새끼, 존나] -> 욕설 정제	인종/국적
트젠은 피해라도 안 주지 트페미는 절레절레	다른 나라 교회는 어떤지 모르겠지만 한국은 호남 지역 모임 그 이상도 이하도 아닙니다.	2	2	REGIONAL	[전라도모임] -> 지역 비하 뉘앙스 순화	여성/가족
(((((((((((((())))))))))))))))	아빠는 사실 제 카드니까 제가 가야 맞다고 하고 싶었는데 아내 때문에 못 했습니다.	0	0	NORMAL	[마누라] -> 일상적 에피소드	clean
아씨..사진으로도 부랄쩐내가 나노	훈련소에서 고생하다가 이 노래 들으면 힐링 되긴 하더라.	2	2	SLUR	[좆뺑이치다가] -> 비속어 정제	남성
탐'라도' ㅋㅋㅋㅋㅋㅋㅋㅋㅋㅋㅋㅋㅋㅋㅋㅋ	몽정 휴가 내놓으십시오. 부장님 저 오늘 몽정해서 몽정 휴가 좀 쓰겠습니다. 오 그래? 자네도 했는가? 푹 쉬게. 얼마나 좋습니까.	2	2	SLUR	[씨발] -> 욕설 정제	지역
여자들 지들이 잘낫다고 하고 핏대세우는데 증말 말도 않나옴 ㅎㅎ 어이없어 ㅎㅎㅎ 문제인 문제여성ㅋㅋㅋㅋㅋㅋ	별로 안 유명해도 돈은 정말 많은가 보네요.	0	0	NORMAL	[개많은가보네] -> 일상적 추측	여성/가족
창녀들 종착역이 결혼이잖아.노골적으로 결혼이 목표인 몇안되는 자원인데호구새끼 하나 물면 혼인율 증가 확인도장 찍으려고애새끼 하나 까질러놓을텐데 출산율도 증가.시발꺼.	여성주의는 정신 질환이고 동성애와 같습니다. 여성주의를 제3의 성별이라며 여자와 엮지 마세요.	2	2	GENDER/LGBTQ	[페미는, 정신병, 레즈] -> 여성주의 및 성소수자 비하 멸칭 순화	여성/가족
미친똥꼬충 씨발새끼들 동성애를 존중할 권리는 있는데 반대하고 혐오할 권리는 왜 없냐? 씨발 정신병자새끼들니네 애비 후장이나빨아라	여기는 진짜 조선족들에게 댓글이 다 점령당했군요.	2	2	RACISM	[무해] -> 인종 비하 관련 우려	성소수자, 기타 혐오
쌍도새끼 못 배워 처먹은 거 티내는 거 보니 냄새난다	은근슬쩍 체형을 평가하네요.	2	2	SLUR	[은근슬좆] -> 비속어 정제	지역
고맙다 게이들아 내친구들도 응원해주라 이기야!! 커피마저 먹고 다시 출동한다 ㅋ근데 왜 중계두개 해서 분열되게 하냐? 예수쟁이 집회가 어찌 더크노?	불량한 사람들끼리 싸우는 걸 보니 속이 시원합니다. 중국, 이슬람, 인도 제발 이 세력들이 서로 싸워준다면 뒤에서 무기 팔고 구경하고 싶네요.	0	0	RACISM/RELIGION	[양아치들, 팝콘뜯으면서] -> 국제 분쟁에 대한 냉소적 반응	종교
성병 걸릴 확률: 똥꼬충>>>>>>(넘사벽)>>>>>>>(에이즈의 벽)>>>>>>> 한남과 섹스>>>>>>>>넘사벽>>>>>>>>>> 한남과 섹스해본적 있는 바이와 레즈의 섹스>>> 레즈	명확하게 정신 질환 증상으로 보이네요.	2	2	SLUR	[정신병] -> 질병 비하 순화	남성, 성소수자
정규직으로 제일 빡센 일 시키면 되지 뭐~^^	(차단된 문장입니다)	1	5	LGBTQ	[똥꼬충, 똥빨러들, 레즈들, 부랄발작] -> 성소수자 비하 및 저속한 표현으로 차단	clean
잇이건 진짜 첨들어 본다 ㅋㅋㅋㅋㅋㅋㅋㅋㅋㅋㅋㅋㅋㅋㅋㅋ	26세에 취업했다니 부럽네요. 저는 내년에 27세인데 아직도 준비 중입니다.	0	0	NORMAL	[무해] -> 일상적 고민	clean
무서우면 재기후장에 들가서 숨어라이기	성소수자로 사는 것을 막을 수는 없어도, 그것을 가지고 강요하지는 말아야 합니다.	0	0	NORMAL	[무해] -> 의견 제시	악플/욕설
씨발 홍어 새끼들 진짜 싫다................이제는 싫다는 말도 못하노?,,,,,,,	깔끔하고 명확하며 간결하네요!	0	0	NORMAL	[무해] -> 일상적 감상	지역
내 주변에 전에 다니던 직장에서 알게된 탈북자 있는데 러시아어 통역하는데 월급 나보다 많았다. 거기에 지원금 까지 나오겠지 집도 공짜로 주고 시발 부러움	보수 성향의 사람들이 착각할까 봐 걱정되네요. 일부 남성 보수주의자들은 여성을 낮게 보는 경향이 있습니다.	2	2	GENDER/SLUR	[좆보수, 한남들] -> 정치 성향 및 남성 비하 멸칭 순화	악플/욕설
저게 왜 AV스눕 짤이냐? ㅋㅋㅋㅋ	2000년대에 휴대전화가 작았던 것이 여성에게 맞춘 것이었군요. 저는 기술 문제인 줄 알았는데 그런 이유가 있었네요.	0	0	NORMAL	[무해] -> 일상적 깨달음	악플/욕설
오지랖은... 글고 솔직히 말해서 실제로 오바마 정도 수입한다고하면 웬만한 나라들은 쌍수들어 환영하겠다. 지들도 트럼프 당선되기 전까지는 조옷빠지게 빨았으면서.	외모가 정말 뛰어나네요. 이 남성은 확실히 수준이 다릅니다.	2	2	SLUR/GENDER	[와꾸, 이남] -> 속어 및 성별 지칭 순화	악플/욕설
파퀴새끼랑 결혼해서파퀴로 끌려가집주변 100m 도 못 벗어나게말 그대로 성노예가 되어 살면그제서야 자신이 무슨 실수를 했는지 깨달을 듯?	텍사스를 시골이라고 하는 사람은 미국의 지리를 모르는 것입니까? 인구도 두 번째로 많고 경제력도 가장 높은 주인데 정말 답답하네요.	2	2	SLUR	[새끼, ㅂㅅ새끼들, 존나] -> 욕설 정제	인종/국적
제발 행동으로옮겨서 틀딱새끼들 면상에 빵꾸낫으면좋겟다 그	캐나다에 사는 분들, 여러분이 사는 모습을 잘 봤습니다. 어디 가서 캐나다 산다고 자랑하거나 잘사는 척하지 않기를 바랍니다. 진짜 전문직이 아니면 대부분 평범하게 산다는 것을 아는데 한국에서 열심히 사는 사람들을 흔들지 마세요.	2	2	SLUR	[꼬라지, ㅅㅌㅊ, ㅆㅎㅌㅊ] -> 비속어 정제	연령
흉자들 진심 도와주면안됨 ㅋㅋㅋㅋㅋ 보지말안듣고 대가리깨져도 한남충 못잃어련들 뭣하러 도와줌	귀에 바람을 부는 상사의 행동은 성희롱 아닙니까? 철야 근무 후 점심시간에 자다가 깨울 때마다 바람을 붑니다.	0	0	NORMAL	[무해] -> 고충 토로	여성/가족, 남성
젠신병자들 성형정보 공유까펜가보노 잘왔다이기야노	노래가 정말 별로네요.	2	2	SLUR	[좃같아요] -> 비속어 정제	성소수자, 기타 혐오
총학생회랑 총여학생회는 왜나눠져있는건가요? 남녀를 왜그리나눠서 분쟁을 만드려하는지	글쓴이님, '항문 자위'는 무엇입니까? 신규 유입자입니까? 수정해 주세요.	2	2	LGBTQ/COMMUNITY	[6후장딸9, 윾입이노, 6후장아들9] -> 저속한 성적 표현 및 커뮤니티 말투 순화	clean
베트남설리 젖이 너무 커서계속 가슴골 모자이크네 씨발교육방송 클라스	한 손으로는 민족주의를 강조하고 다른 손으로는 다문화를 주장하는 것이 말이 됩니까? 한국처럼 모순된 국가도 없을 것입니다. 이럴 거면 북한 상대로 통일 이야기는 왜 하는지 모르겠습니다.	2	2	RACISM	[다문화타령] -> 다문화 정책 비판	여성/가족
끝까지싸워서 꼭이겨라 맘충들은 아예싹을잘라야한다	여성의 외모가 평범해도 검은색 스타킹을 신으면 매력적이지 않습니까? 외모가 괜찮다면 더 좋겠지만 검은색 스타킹은 정말 매력적입니다.	2	2	GENDER	[ㅍㅎㅌㅊ, ㅍㅅㅌㅊ, ㅎㅌㅊ, 꼴람] -> 등급 매기기 및 속어 정제	여성/가족
애비는 패야재맛 ^느^	대만, 중국인, 화교들이 악착같이 댓글을 다네요.	2	2	RACISM	[한족 화교 좆족들, 싸지르네, 벌레새끼들] -> 인종 비하 멸칭 및 욕설 순화	남성
무식해서 그렇다. 머구 무식하고 답답한 사고방식 가진 인간들 많다	아빠라고 부르던데 호칭이 바뀌었나 봅니다.	0	0	NORMAL	[무해] -> 일상적 궁금증	지역
항문성교하다귀두에콩나물걸려나오는거아니냐	절도범들이 다 흑인이네요. 미개합니다.	2	2	RACISM	[훔치는새끼들] -> 인종 비하 순화	성소수자
촌놈들은 답이없어요;;에휴	사진이 정말 웃기네요.	2	2	SLUR	[짤 씨발] -> 욕설 정제	지역
와 그래프 앵나 좆같다	이쯤 되면 호남 지역 사람과 상종하고 돈을 빌려준 것이 잘못입니다.	2	2	REGIONAL	[전라도랑] -> 지역 차별 순화	악플/욕설
씨발 전라도 팡팡 터지는구나 ㅋㅋㅋ	조선족 중국인들은 정말 싫습니다.	2	2	RACISM	[좆선족 짱깨들, 바퀴벌레 같다] -> 인종 비하 멸칭 순화	지역
이노무~~~ 홍어 쉐끼드을~~~ 청정 감자국에 홍어 악취 배기게 하지말고 써억 꺼져라 ~~	출근길에 대구 경북 억양을 쓰는 사람이 휴대전화로 계속 떠들길래 내린 후 한마디 했습니다. 마스크 좀 하고 공중도덕 좀 지키라고 했습니다. 다음에 마주치면 가만두지 않겠다고 했더니 아무 말 못 하고 가버리더군요.	2	2	REGIONAL/SLUR	[재수없게, 새끼, ㅆ, ㅅ 끼야, 처하고, 밟아 버린다고] -> 지역 비하 및 욕설 순화	지역
강간은 이해하는데 목사개끼들 왜 똥까지 먹이는애들 많은거냐??? 왜구롤까!????	정말 동남아 여성들이 혐오스럽습니다. 특정 정치인 때문에 더 심해졌습니다. 그분을 만나면 당장 욕을 할 것 같네요.	2	2	RACISM	[동남아년들, 쌍욕] -> 인종 비하 및 욕설 순화	종교
서울 특징 계집애같은거 좋아해서 게이짓까지함	학생이 이 시점에서 특정 커뮤니티를 한다는 것 자체가 대학 수준을 짐작하게 합니다.	2	2	AGE/SLUR	[급식충, 일베, 지잡] -> 연령 및 학력 비하 순화	성소수자, 지역
애초에 한국여자란 몸섞는거자체가 위험하다이년들은 수틀리면 강간당했다함	목사님 진짜 예의 없네요.	2	2	SLUR	[세끼, 싸가지 없네] -> 비속어 정제	여성/가족
도긴개긴이네 ㅋ여자들이 진짜 선동에 쉽게 넘어가긴 함개빡대가리 족속이라 그런가종교권력이 오지긴 하지	처음에 여초 커뮤니티들이 폐쇄적이라고 할 때 비웃었는데, 특정 커뮤니티를 해보니 알겠습니다. 남성을 받지 않는다고 폐쇄적이라고 우기는 것과는 다릅니다.	2	2	Gender/COMMUNITY	[봊초찻집들, 웜, 한남충들] -> 커뮤니티 및 성별 비하 순화	여성/가족
일본 걱정하는 화장실 휴지신문 아닌가?	구약성경에 꽤 재미있는 내용들이 많습니다. 출애굽 하는 무리 중에 우상 숭배하는 사람들을 아이까지 전부 처벌해 버립니다. 신의 성품이 정말 의심스럽네요.	2	2	RELIGION	[학살해버림, 인성 ㄱㅆㅎㅌㅊ] -> 종교 비하 뉘앙스 순화	악플/욕설
쫌...아...목사를 하지말던가..ㅜㅜ 왜 굳이...	중국산 헬멧을 썼으면 죽었을 것 같은데 머리가 단단해서 살았을 것 같네요.	2	2	RACISM	[짱깨산, 착해졌을, 맨머가리] -> 인종 비하 멸칭 및 은어 순화	종교
그냥 인도네시아로 가던가..왜 굳이 한국까지 와서 저지랄임	여성주의자들은 정신병원에 넣어야 이 나라가 바로 섭니다. 저게 할 짓입니까? 당신들이 공산당과 다른 게 무엇입니까?	2	2	GENDER	[페미들, 처넣어야] -> 여성주의 비판 보수적 정제	인종/국적
'주변 cctv 추적하고 재가 이용한 가게 카드내역 추적해서'아니 좀 이해가 안되는게 저럴 시간에 범인을 잡는게 맞는거 아님?왜 수사력을 애먼 목격자 찾는데 허비함?	옛날에 TV에서 해주던 애니메이션 삼국지는 정말 재미있었습니다. 유비, 관우, 장비가 도원결의를 맺는 장면이나 영웅호걸들의 이야기가 기억나네요.	0	0	NORMAL	[좆꿀잼] -> 일상적 회상	악플/욕설
공정한 세상이왓네.. 역시 촛불정부 ... 토착왜구 진짜왜구 골통목사 골통 교수 골통국개의원 다꺼져 선거때보자..	호남 지역의 관상이라고 주장하시네요.	2	2	REGIONAL	[전라도관상] -> 지역 비하 순화	인종/국적
김문수 가즈아!!!!!!!!!!!!!!!!!!!!!!!!!무적권 자유 한국당만 뽑느다	암베르크를 보고 반가움이 들면 진성 커뮤니티 이용자 인정합니까?	2	2	COMMUNITY	[일게이 ㅇㅈ] -> 커뮤니티 용어 순화	clean
코로나는 하나님이 회개하라고 주어진 시간이라고 생각합니다. 비록 모임금지와 예배를 드리지 못하는 박해의 시기를 견디고 있지만 초대교회의 사도들과 성도들의 신앙을 본받아 견디고 승리하면 반드시 좋은 날이 올거라고 생각합니다.	썩을 대로 썩은 검찰과 경찰입니다. 정말 지긋지긋하네요.	0	0	SLUR	[검경, 징글징글하다] -> 공권력 비판	clean
하다하다 이제 별 놈들이 다 설쳐데네. 나라 꼬라지 잘 돌아간다.	안 삽니다. 앞으로 그냥 오프라인 매장 가겠습니다. 화나네요. 안 그래도 요즘 남자들 역차별에 예민한데 저러나요? 기존 고객들에게나 잘하십시오.	2	2	SLUR	[빡치네] -> 비속어 정제	악플/욕설
댓글에 급식이 판을치노	양산을 쓰고 싶은데 튀어서 못 쓰니까 특정 연예인이 양산을 쓰고 나와서 유명해지길 바라더군요.	2	2	GENDER	[소추래곤] -> 남성 연예인 비칭 순화	연령
모르면 몰라도 더 심했을거다. 만약 병신같은 일게이가 홍팍이나 오유 새끼들, 또는 이것과 마찬가지로 여초 낙태충 년들한테 이 짓을 당했으면 ㅋㅋㅋㅋ 시발 상상만 해도 재밌네 ㅋㅋㅋㅋㅋㅋ	탈북자들이 우리 국민인 것은 좋습니다. 하지만 북한에서 왔다는 것만으로 과도하게 세금을 지원하는 것은 문제가 있습니다. 탈북자보다 못한 삶을 사는 사람들도 많을 것이고, 능력 있는 탈북자면 알아서 잘 살 것입니다.	2	2	RACISM	[이기야, 퍼주는게] -> 커뮤니티 말투 및 부정적 표현 순화	여성/가족, 지역
정말 속상하네요 아이들을 보호해야할 학교가 인권으로 포장한 성정체성 혼란 가중시키는 교육이라니요 정상과 비정상의 개념부터 무너뜨리는 악행입니다 대체 왜	다시 청원 글이 등장해서 20만 명을 넘었습니다.	0	0	NORMAL	[무해] -> 일상적 정보	성소수자
동성애를 옹호하는 정의당이 N번방 사건에 대해서 따지니 어의없습니다. 정의당은 인민더불어민주당과 함께 북한가세요. 가자마자 험한 일 당하겠지만..	이게 대체 왜 여성주의 영화입니까? 그냥 일반 가정에서 다들 겪는 고충에 대한 영화인데요. 영화 볼 만합니다.	0	0	NORMAL	[페미영화] -> 영화 감상평	성소수자
이런짤 어디서 찾는거노	깔깔깔 손 안 대고 코 풀었네요. 노이즈 마케팅 정말 감사합니다.	2	2	COMMUNITY	[이기이기, 놈딱] -> 커뮤니티 말투 순화	clean
어디에 붙어있는 개지잡 꼴통학교냐 ㅋㅋ	한국은 호남 지역에 그렇게 당해놓고도 잘 참는 것을 보면 어수룩한 나라가 분명합니다.	2	2	REGIONAL	[전라도한테, 호구나라] -> 지역 비하 및 국가 비하 순화	기타 혐오
보통과 곱배기로 차별해서 판매하는것은 어떠한지요?	저 진행자가 정말 심하게 욕을 하네요.	2	2	SLUR	[새끼, 존나] -> 욕설 정제	clean
개슬람새끼들 수염 존나더럽게기르네	다른 나라 교회는 어떤지 모르겠지만 한국은 호남 지역 모임 그 이상도 이하도 아닙니다.	2	2	REGIONAL	[전라도모임] -> 지역 비하 뉘앙스 순화	종교
이딴 기사 그만 내보내라. 나라를 구했나 남자 좋아하는게 무슨 자랑이라고... 신문지면에 내라 포털에 올리지말고	아빠는 사실 제 카드니까 제가 가야 맞다고 하고 싶었는데 아내 때문에 못 했습니다.	0	0	NORMAL	[마누라] -> 일상적 에피소드	악플/욕설
저래 놓고도,,, 오해입니다. 이슬람은 평화라는 뜻입니다. 이슬람은 평화를 사랑하고.... 주절주절 방송에 나와 쉴드치는	훈련소에서 고생하다가 이 노래 들으면 힐링 되긴 하더라.	2	2	SLUR	[좆뺑이치다가] -> 비속어 정제	종교
쟤네 다 전라도로 보내면 안되나? 난민들 소금노예 삼는거 인정해주께 조금이라도 나라에 도움이 되어봐라 라도새끼들아	몽정 휴가 내놓으십시오. 부장님 저 오늘 몽정해서 몽정 휴가 좀 쓰겠습니다. 오 그래? 자네도 했는가? 푹 쉬게. 얼마나 좋습니까.	2	2	SLUR	[씨발] -> 욕설 정제	인종/국적, 지역
네오나치 대변하는 정당이 국민전선인데, 이런거 끌고 와서 자위하는 일베충들 봐라ㅋㅋㅋ야 르펜 같은 애들이 너네 유럽 발도 못 붙이게 하고 싶어서 난리인거 아냐?ㅋㅋㅋㅋㅋㅋㅋㅋ	별로 안 유명해도 돈은 정말 많은가 보네요.	0	0	NORMAL	[개많은가보네] -> 일상적 추측	기타 혐오
개좆팔새끼들 알바만 봐도 군대갔다온 냄져 우선순위라고 써놓은곳 개많음 좆팔 인생편하게 산다	여성주의는 정신 질환이고 동성애와 같습니다. 여성주의를 제3의 성별이라며 여자와 엮지 마세요.	2	2	GENDER/LGBTQ	[페미는, 정신병, 레즈] -> 여성주의 및 성소수자 비하 멸칭 순화	남성
깔깔 한남들 도태각 뾰좆하다이니	여기는 진짜 조선족들에게 댓글이 다 점령당했군요.	2	2	RACISM	[무해] -> 인종 비하 관련 우려	남성
ㅅㅂ 나 browsec 쓰는데	은근슬쩍 체형을 평가하네요.	2	2	SLUR	[은근슬좆] -> 비속어 정제	악플/욕설
여자는 원래 철이 안드는거노 껄레껄레	불량한 사람들끼리 싸우는 걸 보니 속이 시원합니다. 중국, 이슬람, 인도 제발 이 세력들이 서로 싸워준다면 뒤에서 무기 팔고 구경하고 싶네요.	0	0	RACISM/RELIGION	[양아치들, 팝콘뜯으면서] -> 국제 분쟁에 대한 냉소적 반응	여성/가족
