line_id	source	true_label	pred_label	is_correct	confidence	category	tags
3	아동성범죄와 페도버는 기록바 끊어져 영원히 고통 받는다. 무슬림 50퍼 근친이다. 10 16까지 IQ 떨어지고 출산 위험은 400% 다.	1	2	False	0.5689	RELIGION	N/A
10	출산청같은 소리하네. 우리나라 계집들 다 의무적으로 군대보내면 해결될 일이다. 정신개조부터 시켜야지. 지할꺼 다하고 무슨 애를 낳고 무슨 자식교육을 하냐?	1	2	False	0.8246	GENDER	N/A
16	AICPA 따고 넘어갔나보네	2	0	False	0.5362	COMMUNITY	N/A
17	원 리더십, 원 메시지로 내부 결속을 더 강화하고 외부로 리마커블(remarkable)한 이미지를 구축하여 다시 교회로 모일수 있기를 소망하고 기도합니다	2	0	False	0.5366	RELIGION	N/A
26	이슬람이고 뭐고 그냥 종교충들은 다 죽었으면 좋겠어	1	2	False	0.589	RELIGION/VIOLENCE	N/A
27	홍어무침 ㅋㅋㅋㅋㅋㅋㅋㅋㅋㅋㅋㅋㅋㅋㅋ	1	2	False	0.7906	REGIONAL	N/A
30	홍들 피들 폭들 ㅎㅎㅎ	1	2	False	0.7342	REGIONAL/COMMUNITY	N/A
35	사망이후 조사받기 전까지 이 분 통화내역 확인 필요	2	0	False	0.635	SLUR	N/A
40	돈고는 질병이다 이기야	1	2	False	0.9166	LGBTQ/COMMUNITY	N/A
42	오세라비님은 페미니스트 아닙니다만 ^^;;	2	0	False	0.5494	SLUR	N/A
43	뉴스 보니까 길이 낯설지 않더라.	2	0	False	0.6132	SLUR	N/A
50	할카스가 머임?상폐보지중 부패한보지임?	1	2	False	0.5186	AGE/GENDER/SLUR	N/A
51	솔직히 패 죽일 수 있다 정당방위 상황에서 어디를 어떻게 쳐서 병신 만들지 시뮬레이션 많이 해보노	1	2	False	0.7229	VIOLENCE/COMMUNITY	N/A
55	지금 이미 난리남	2	0	False	0.5273	SLUR	N/A
63	로봉순 젠신병자니까 맘껏패라 사람아님	1	2	False	0.6885	LGBTQ/VIOLENCE	N/A
77	엔두스타일! 엔 엔 엔 엔 엔! 엔두스타일~!	1	2	False	0.5267	COMMUNITY/POLITICAL	N/A
82	이새끼 똥꼬충인거같은데 똥꼬충새끼들이 양성애자들 존나 고깝게 보더라글제목부터가 성소수자 라고 대우해주는게 이새끼 똥꼬충으로 추정된다	1	2	False	0.7874	LGBTQ/SLUR	N/A
85	여자는 자고로 남자 좃을 물고 살아야 하는 뱁이여!	1	2	False	0.6857	GENDER/SLUR	N/A
86	국산남특징 정확하노ㅋㅋㅋㅋ지잘못 인정안한다 일찍이 애비뒤진놈들이라 상도덕이 없다이기	1	2	False	0.7178	GENDER/COMMUNITY	N/A
87	기도가 뭐 그렇게 대단하다고	2	0	False	0.5208	RELIGION	N/A
89	관음자지들 인생 ㅆㅎㅌㅊ라서 저거 중에 살자밖에 못하노 풉ㅋㅋㅋ	1	2	False	0.7075	GENDER/VIOLENCE/COMMUNITY	N/A
95	저기다가 밤꽃냄세 나는액채를 살며시 발라줘라 그럼 냄세 더욱 ㅅㅌㅊ 될꺼다 이기야	1	2	False	0.6067	GENDER/SLUR/COMMUNITY	N/A
96	진짜 버러지 기생충이다사회암이다인권/복지고 나발이고 저런것들은 삼청교육대에서 정신 개조가 필요하다	1	2	False	0.7393	VIOLENCE/SLUR	N/A
99	대구븅신들	1	2	False	0.9059	REGIONAL/SLUR	N/A
112	가까운 신안으로 보낸다. 세상 그 누구도 찾지못한다	1	2	False	0.8366	REGIONAL/VIOLENCE	N/A
118	아따 제목만봐도 키부니 놈딱 조아지놐ㅋㅋㅋㅋㅋㅋ 담에 또 마주치면 후장에 우산 접었다폈다 하는거 잊지말아라익이	1	2	False	0.5538	VIOLENCE/COMMUNITY	N/A
120	일단 후장은 뚫어라 고분해진다이기	1	2	False	0.5315	LGBTQ/VIOLENCE/COMMUNITY	N/A
130	사전 오프모임은 할 필요도 없고	2	0	False	0.5698	SLUR	N/A
133	맘충 = 진상 거지년이 애낳은 것	1	2	False	0.8653	GENDER/SLUR	N/A
136	개좆같네 씨발 ㅋㅋㅋㅋㅋㅋㅋㅋ	1	2	False	0.8729	SLUR	N/A
137	단속안하나 이씨발	1	2	False	0.917	SLUR	N/A
140	전라도세끼들은 딱봐도 뭔가 혐오감있게 생김 유전자가 다른 종족인건 확실함	1	2	False	0.6819	REGIONAL/RACISM	N/A
144	예수는 개쓰레기 버러지 애미창렬 허벌 사기꾼이지 예수 그 쓰레기새끼 ㅎㅎ	1	2	False	0.5438	RELIGION	N/A
150	우리가 납치했나왜 가고 싶어 할 사람이 있을 거라는 생각을 하냐가고 싶으면 중국으로 가서 넘어 갈수 있다 이년아아구창 강냉이 다 털리게 패고 싶네	1	2	False	0.4957	VIOLENCE/SLUR	N/A
153	아 진심 보자마자 조팔 육성으로 욕했노 진짜 좆국갈잦들 못생겼지만 이새끼는 그중에서도 ㅆㅆㅎㅌㅊ노 와 후팔 어떻게 저렇게생기노?	1	2	False	0.7847	GENDER/RACISM/COMMUNITY	N/A
156	죶나 역겹다 산업폐기물보다 못한새끼들ㄷ오유충등 일베와서 민주화주고가노	1	2	False	0.6685	COMMUNITY/SLUR	N/A
169	점마 아직 재기 안햇노?	1	2	False	0.7374	GENDER/VIOLENCE/COMMUNITY	N/A
171	글좀 잘써라	2	0	False	0.5004	SLUR	N/A
172	ㅇㅈ 짱구 드래곤볼 심지어지금도 넷플에서 애니보면서 반일하는 절라도는 자살 ㄱ	1	2	False	0.7469	REGIONAL/VIOLENCE	N/A
175	한남충 이새끼들은 그냥 좆질할려고 사는것 같다이기	1	2	False	0.5807	GENDER/COMMUNITY	N/A
176	이런 씨발 딱 이거랑 똑같은 스토리의 야동이나 망가 야애니 추천받는다 씨발 빨리 고추섯다	1	2	False	0.7642	SLUR	N/A
179	대구게이는 일베 글쓰지 마라 IP타고 우한폐렴 전파된다	1	2	False	0.8662	REGIONAL/RACISM/COMMUNITY	N/A
186	꼭 저런거 버리는 년들 보면 뚱뚱한 맘충이더라 돈까스 시켜먹는데 적게나왔다고 따질년들	1	2	False	0.8788	GENDER/SLUR	N/A
188	한남충 피싸개 같이 쓰면 어떻게 되지??한피남싸충개 이렇게 하면 어떻게 될까??	1	2	False	0.5938	GENDER/COMMUNITY	N/A
200	보릉내 진동하겠네;	1	2	False	0.9037	GENDER/SLUR	N/A
201	삼일한 정신이 알라에게도 있었노?	1	2	False	0.661	GENDER/RELIGION/COMMUNITY	N/A
203	이게 왜 차금법이랑 연결이 되는지 이해안되는건 저뿐인가요???	2	0	False	0.5238	SLUR	N/A
209	병신들 많노 자지가 꼴릴때는 편의점가서 박카스 한병 사들고 동네 어슬렁거리면 박카스아줌마가 딱 보고 눈치까고 함 대줌 대신에 박카스 상납해야됨	1	2	False	0.5361	GENDER/AGE/SLUR	N/A
211	미군오빠는 그런말안해 ^좆^ 10분짜리 고기방패남들아 ^좆^	1	2	False	0.6908	GENDER/VIOLENCE	N/A
215	심지어 여성분이 더 나이 많아보여요.	2	0	False	0.6247	AGE	N/A
223	순수한 풀스윙	2	0	False	0.5097	SLUR	N/A
230	다문화걱정하지마 kkk단결성해서 쓸어버리면되	1	2	False	0.8839	RACISM/VIOLENCE	N/A
232	백신개발에 박차를 가하는 좋은 소식이네요 하루속히 코로나의 위협으로 부터 안전해질 그날이 오길 기대합니다 대한민국 홧팅입니다!!!	2	0	False	0.5434	SLUR	N/A
233	필리핀여자랑 결혼하는 남자는 얼마나한국여자에게 인기가 없으면 흑인이랑 결혼하니 한심해 애들 자동 검둥이 ...	1	2	False	0.7353	RACISM/GENDER	N/A
234	그래서 신도시 맘충년들이 유독 진성맘충년들인데 그 중에서도 맘충대장이 동탄맘년들임.	1	2	False	0.816	GENDER/REGIONAL	N/A
236	우린 전라도 있어서 튀기새끼들한테 질 일 없다	1	2	False	0.8375	REGIONAL/RACISM	N/A
239	게이나치 새끼들	1	2	False	0.8125	LGBTQ/POLITICAL	N/A
240	려자가 례쁘게 안 꾸미고 지한테 잘 보일 노력 1도 안하면 국산남은 쥐좆이 쪼그라든다 이기야	1	2	False	0.5133	GENDER/COMMUNITY	N/A
253	혐오스럽게 하던, 보기좋게 하던지간에 동성애자들은 가능한 다 살처분하는게 공익차원에서 바람직한 대안임	1	2	False	0.6331	LGBTQ/VIOLENCE	N/A
254	ㅋㅋㅋㅋㅋㅋㅋ니미 시발 동남아새끼를 왜 비례대표로 꼽아줬는지 이해가안가네 씨발진짜	1	2	False	0.8584	RACISM/SLUR	N/A
260	후팔 시력재기해뿟노 쇼린이사진 내놔라이기	1	2	False	0.7204	COMMUNITY/SLUR/VIOLENCE	N/A
262	김치녀는 능력있는 여자라 좆거지 고추작은 한남 안만난다 이기야	1	2	False	0.6579	GENDER/COMMUNITY	N/A
263	힝. 불쌍해.	2	0	False	0.6055	SLUR	N/A
270	보지 자리에 세월호 리본이 들어가야 진정한 페미니즘 빤스임 큨ㅋ	1	2	False	0.6325	GENDER/SLUR	N/A
271	솔직히 일베 모쏠아다들 워마드년들이 대준다면 보빨할놈들 대부분임 ㅇㅈ?	1	2	False	0.6174	GENDER/COMMUNITY	N/A
272	여자라서 부럽다	2	0	False	0.5882	SLUR	N/A
279	진압당하고 쳐발리면 홍통일체라며 양비론으로 해버리고 날라버림, 졸렬한 홍어새끼들 ㅋㅋ	1	2	False	0.8051	REGIONAL/SLUR	N/A
280	남자가 페미하면 일단 한남이니 선재기 해야하는데....	1	2	False	0.5769	GENDER/VIOLENCE/COMMUNITY	N/A
284	디져서 너 좋아 하는 주님 곁으로 쳐가라	1	2	False	0.5568	RELIGION/VIOLENCE	N/A
285	북딱딱 기분딱!조타다같이 망해보자 이기야!!	1	2	False	0.8068	COMMUNITY/SLUR	N/A
287	자릉내에 비하면 질염냄새는 향기수준이다.	1	2	False	0.4979	GENDER/SLUR	N/A
289	중동새끼들은 냄새 때문에라도 안됨존나 냄새 암내 시발	1	2	False	0.7759	RACISM/SLUR	N/A
291	나 뉴질랜드 사는데	2	0	False	0.5201	SLUR	N/A
292	걍 서로 인정하고 선을 그으면 될 문제를 왜 니들끼리 지적하고 니가잘났니 내가 잘났니 싸우고 있노 내가 한남국자면 이거 보고 3번은 사정했다 이기	1	2	False	0.8126	GENDER/COMMUNITY	N/A
298	ㄴㄴ 걍 경찰들 죄다 보지년들로 바꾸고 치안 좆돼봐야 시발년들이 정신차릴듯	1	2	False	0.5118	GENDER/SLUR	N/A
306	경상도 - ....경기도 - ...강원도! - ...충청도!! 멍청도! - ...?전..ㄹ.. - 젓갈로 만들어버릴까잉	1	2	False	0.6532	REGIONAL	N/A
308	히잡을 쓴 페미니스트의 모습이다	0	2	False	0.5251	NORMAL	N/A
311	국물없노 씨발련아 라면이라도 끓여	1	2	False	0.8638	GENDER/SLUR	N/A
315	현기 준중형급 중형급이네 딱봐도 저정도도 컨트롤이 안되는거보니 스팅어랑 지칠공 제외 솔직히 쉐보레 말리부도 저정도는 커버침	0	2	False	0.7223	NORMAL	N/A
323	전라도에 대중목욕탕 졸라많다	0	2	False	0.6047	REGIONAL	N/A
324	1일에 3천??? 사건터지고 준거아님??? 왜 한꺼번에 몰아줬지??	0	2	False	0.5483	NORMAL	N/A
325	이노오오옴!!!!!!!!!!! 감히 이따구 글에 사진을 이렇게 매치를 하다니!!!!!!! 천벌을,,받을것이야!!!!!!!!!!!!!!!	0	2	False	0.7544	NORMAL	N/A
326	사병 50:50은 말은 없냐?	0	2	False	0.5602	NORMAL	N/A
331	찬수야 정신차려라	0	2	False	0.5354	NORMAL	N/A
334	ㅇㅇ발 ㅇㅇ때문에...  라고 하기엔 지하철 식당 카페 극장 휴양지 학원 술집.. 가는 곳마다 사람많았는데..  이렇게 기사쓰고 사람들 욕하니 속이 후련하시겠습니다. 하지만...	0	2	False	0.7813	NORMAL	N/A
337	개슬람=전라도 반박시 홍어인정	1	2	False	0.8218	RELIGION/REGIONAL	N/A
340	갓럼프보소..	0	2	False	0.872	NORMAL	N/A
341	우와 명문중의 명문이다 ㅋㅋㅋㅋ	0	2	False	0.5987	NORMAL	N/A
344	아가리를 때려 버리고 싶네. 조랄 싫어하는거 티를 내는데 왜케 지저분거리냐?	1	2	False	0.7985	VIOLENCE/SLUR	N/A
348	중딩 말고는 잘 없어요ㅋㅋ 정신승리 계속 하세요ㅎㅎ	0	2	False	0.5985	NORMAL	N/A
349	대구에 메갈퇘지보지가 젤 만ㅎ다는건 정설 아니노	1	2	False	0.6183	REGIONAL/GENDER/SLUR	N/A
350	모부 생일선물도 안사주면서 롤,오버워치에 현질 쳐해대고 명품시계탐내는 된장남은 도살이 답ㅇㅇ	1	2	False	0.6653	GENDER/VIOLENCE	N/A
351	강용석이 말을 저렇게 해서 그렇지사실 어떻게보면 맞는말 아니냐	0	2	False	0.5988	NORMAL	N/A
353	역시나 ㅎㅎ 죽어랏!	1	2	False	0.6354	SLUR/VIOLENCE	N/A
354	명불허전이네 ㅉㅉ	0	2	False	0.7769	SLUR	N/A
355	ㄹㅇ 개좃같은 페미민국 진짜요즘 좌좀 달창 분탕년들 남초에 오지게 풀었더만애국하면서 노예처럼 살아가라고 ㅋㅋㅋㅋㅋㅋㅋㅋㅋㅋ	1	2	False	0.8332	GENDER/COMMUNITY	N/A
356	다 늙은 상폐좆놈들이 어린 쇼린이한테 질투해서 그러는거 아니겠노	1	2	False	0.7488	GENDER/AGE	N/A
359	소수자 차별하지 않는 차별금지법 만들겠다는 인간들이 당론과 안 맞는 의원님의 소수 의견은 왜 존중하지 않고 차별하나?? 진짜 모순적이고 자가당착적이다.	0	2	False	0.8654	SLUR	N/A
363	진짜 저건 너무했다ㅋㅋ	0	2	False	0.5163	NORMAL	N/A
364	착한 자적자 린정하^노^ 한남이 또 지 좆같은 일 저질렀을 게 불보듯 뻔한 일아니노? 영국 남자는 그에 따른 즉각적인 행동을 한 것으로 보이노 한남의 와꾸만 봐도 폭력성이 올라오는 것은 당연한 일 아니노? 그져 영국냄져는 적절한 행동을 했을 뿐이노.	1	2	False	0.7417	GENDER/COMMUNITY	N/A
365	냄져연예인들 보지돈털어가기바쁘노.	1	2	False	0.6867	GENDER/COMMUNITY	N/A
367	이거 날조자료라 욕먹기 딱 좋은 건데	0	2	False	0.8643	NORMAL	N/A
368	폰으로 작게보다가 황세미 폭파원으로 봤네ㄷㄷ	0	2	False	0.5424	NORMAL	N/A
373	고작 10위밖에 안되나?보니까 고위직 여성비율 영향도 있어보이는데이거, 차별이 아니라 남성의존 때문이라는한국의 내부사정을 알아야한다.이거 반영되면 난 1위 찍는다고 본다.	0	2	False	0.6677	SLUR	N/A
374	ㄹㅇㅋㅋㅋㅋㅋㅋ뚱뚱해갖고 뒤뚱거리는 유충보면 속으로 너도 작겠구나라고 생각하는쀼젤	1	2	False	0.5292	GENDER/SLUR	N/A
377	이거 재미있겠다이기 남괘미랍시고 블로그에 글 쓰면서 깝치는 새끼 있는데 신상 털어봐야겠노	1	2	False	0.8391	GENDER/COMMUNITY	N/A
388	근데 나만 그런지 모르겠는데 디씨 히어로들은 정이 안가. 매력이 너무 없음 다 그냥 ㅈㄴ쎄. 아이언맨처럼 어떻게 히어로가 됬는지. 어떤 단점, 트라우마를 끌어안고 있는지 전혀 입체적이지 않음	0	2	False	0.9138	SLUR	N/A
392	판검사 공부한분들은 이런사람위해 잘쓰길... 그 아내랑 동생이 제일악질인듯	0	2	False	0.7437	NORMAL	N/A
393	개만도못한 전라도 시바	1	2	False	0.5639	REGIONAL/SLUR	N/A
395	진지하게여성의존재가치가뭐냐?성욕구해결과출산아니냐?지몸을 화장하고 꾸미는거 자체가 자기 자신의 성적매력을높일려고하는거지	1	2	False	0.8953	GENDER	N/A
396	한남죽이기 힘조!!!	1	2	False	0.5171	GENDER/VIOLENCE/COMMUNITY	N/A
401	이슬람 다른건 몰라도 피싸개들 때려 잡는건 마음에 든다	1	2	False	0.5382	GENDER/VIOLENCE/RELIGION	N/A
402	반대로 일남충이 김치년 강간했으면강간범 일본남자 피해자 한국여자 로 오질나게 국적 부풀려서 반일선동에 써먹을텐데 ㅋㅋㅋㅋㅋㅋ	1	2	False	0.784	GENDER/RACISM	N/A
403	똑같은 성경을 갖고 설교해도 목사가 어떤 가치관을 갖고있냐에 따라 코에 걸면 코걸이 귀에 걸면 귀걸이	0	2	False	0.4947	RELIGION	N/A
407	깜빵에 같힌 모습 졸라 멋지노.	0	2	False	0.941	NORMAL	N/A
408	ㄹㅇ 그거보고 컬쳐쇼크 신안군 경찰보는줄 ㅋㅋㅋㅋ우덜식감싸기ㅋㅋㅋㅋㅋㅋ홍통일체	1	2	False	0.8897	REGIONAL	N/A
412	PC사상 아웃아웃아웃	0	2	False	0.6614	OTHERS	N/A
416	???? 뭔소리를 하는거냐?	0	2	False	0.5149	SLUR	N/A
419	그냥 너네 동네로 가라.누가 잡냐?	0	2	False	0.8349	SLUR	N/A
422	경상도 여자 만나고 싶노...	0	2	False	0.9157	NORMAL	N/A
426	상폐남ㅇㅣ 안죽고 어델 기웃거리노?ㅋ	1	2	False	0.7853	GENDER/AGE/SLUR	N/A
428	아싸~~헬렐레야~~	0	2	False	0.6988	NORMAL	N/A
431	그러네 경북인데 창문열어보니 집안보다 따뜻하노	0	2	False	0.7717	NORMAL	N/A
437	개슬람새끼들 싹다 쓸어버리자	1	2	False	0.6551	RELIGION/VIOLENCE	N/A
441	오메 일베갔노ㄷㄷ근데 댓글에 홍어 새끼들 분위기에 안맞게 다짜고짜 경상도 대구 통구이!!! 이 지랄하는거 보니 어지간히 부들부들 거리나보네 ㅋㅋ	1	2	False	0.8451	REGIONAL/COMMUNITY	N/A
442	이슬람과 무슬림으로 인한 문제점만 보지 마시고 왜 그들이 이슬람을 믿고 사는지 한 번 알아보는 것도 좋을듯 합니다 제 생각엔 분명 뭔가가 있습니다 교회나 성당가고 절에 다니는 사람들처럼 그들에게도 이슬람이 뭔가 의미 있기에 믿겠죠	0	2	False	0.5893	NORMAL	N/A
444	박원순이 기획했다고 보면 마즘...참여연대 정보력	0	2	False	0.5347	NORMAL	N/A
450	닉존나 커여운대 왜그렛냐 안다갑다	0	2	False	0.9477	NORMAL	N/A
453	또 유튜브 규제하려고 시동거네	0	2	False	0.7158	NORMAL	N/A
455	홍어새끼들 물타기 지리노	1	2	False	0.8678	REGIONAL/SLUR	N/A
463	봐라 애들아.	0	2	False	0.4993	NORMAL	N/A
467	의학적지식이 얼마나 있는지 모르겠지만, 선 무당의 말이 이렇게 언론에 타는 게 그리 좋아 보이지 않네요	0	2	False	0.4986	NORMAL	N/A
473	고소 당하고 빨간줄 그어져도 정신슨리 할 수 있으려나?	0	2	False	0.9257	NORMAL	N/A
474	세상에서 젤 찌질한 한남 ㅉㅉ 여성할당제 지랄하면서 실상은 지들이 자지달린걸로 혜택 젤 많이 받노 으엑	1	2	False	0.5753	GENDER/SLUR	N/A
479	아무런 미래도 소득도 없으면서 애새끼를 10명씩 싸지르고유럽에 난민이라는 명목으로 들어가서 강간해서 유럽 정복할 거다 이러는 새끼들을 보고도 좌파 물고 빠는 유럽 병신들	1	2	False	0.739	RACISM/SLUR/VIOLENCE	N/A
481	아 입이 근질근질한데	0	2	False	0.5691	NORMAL	N/A
490	박시장은 어쨌든 죄가 없다고 해라 그게 더불당 입장 이라는거   말안해도 안다	0	2	False	0.7041	NORMAL	N/A
491	요 씨발 짱깨새끼 보소1등국민 한족이란다 개씹짱퀴벌레새끼야짱퀴나 좆족이나 다 똑같은 씹버러지지 뭐가 다르냐은근 짱퀴 빠는거 딱 걸렸노	1	2	False	0.7321	RACISM/SLUR	N/A
496	고자인가보네 ㅋㅋㅋㅋㅋ 아님 좆장애나 좆이 없거나. 진짜 못생기고 도태놈일수록 여혐수치 올라감	1	2	False	0.5642	GENDER/SLUR	N/A
498	자댕이새끼ㅋㅋㅋㅋ그러게 지하철 탔으면 조신하게 다녔어야지 왜 박제당할짓하고 뻘뻘 돌아다니노	1	2	False	0.6776	GENDER/COMMUNITY	N/A
501	종교의 자유늘 지켜주세요. 착한 종교인입니다.개신교보다 순합니다.	0	2	False	0.5156	NORMAL	N/A
504	아픔 씻어주는 축제 좋아하네 더러운 쓰레기장이다 동성애자들은 저주받은 사단의 도구일뿐이다 세상에 태어나지 않는게 조핬을걸 살가치가없는것들	1	2	False	0.6903	LGBTQ/RELIGION/VIOLENCE	N/A
505	쌍도 연쇄살남 기머하노 이기	1	2	False	0.7513	REGIONAL/GENDER/VIOLENCE	N/A
508	야 저거 현대차 포터키 아니냐	0	2	False	0.5996	NORMAL	N/A
509	내 주변에도 목욕탕몰카짤 카톡으로 다돌았는지 전부 그이야기뿐이놐ㅋㅋㅋㅋㅋ자기가 그냥 좆작은 애들만 걸린 건 줄 알았는데 그게 아니었다고 광광하는 련도 있노 이제 내친구련들 한국남자 안먹겠다고 양잦만 먹겠다고 다짐하고 있노	1	2	False	0.7369	GENDER/SLUR	N/A
511	자 이제 5천만원 들인 얼굴을 좀 보여줘봐라	0	2	False	0.5761	NORMAL	N/A
512	역시 자댕이는 자댕이다 이기야	1	2	False	0.5707	GENDER/COMMUNITY	N/A
513	식당도 식당인데 데드풀 친구랑 보러갔는데 옆에서 뽀로로 틀어주던 옆자리 생각난다.....파스슷.....	0	2	False	0.5924	NORMAL	N/A
519	우리 보영이외에는 관심없다	0	2	False	0.5671	NORMAL	N/A
523	봤는데 여자 흑발 존나 예쁨	0	2	False	0.8221	NORMAL	N/A
525	ㄹㅇ 아무리 ㅎㅌㅊ저능흉자라도 부모빚 상속은 안하것다	1	2	False	0.8495	GENDER/SLUR	N/A
526	또 아니면 모... 알고 들어간거 맞죠?... 대박이든 쪽박이든 결과도 스스로 다 가지시면 됩니다...	0	2	False	0.6296	NORMAL	N/A
527	너 부산에서 알바하지 게이새끼야저 사진에 있는 트젠 부산 서면에서 자주 출몰한다;트젠들은 어쩔수 없이 몸 팔아야 된다던데겜방서 봤는데 세이클럽 하구 있더만ㅋㅋ	1	2	False	0.8626	REGIONAL/LGBTQ/SLUR	N/A
528	나 신혼여행 핀란드로 다녀왔는데 존나 좋았는데 인종차별도 없었고 존나 친절하던데;;	0	2	False	0.8296	NORMAL	N/A
531	똥꼬충들..	1	2	False	0.7569	LGBTQ/SLUR	N/A
539	아기방패~~ 베이비 퍼스트(다이)	1	2	False	0.8775	VIOLENCE/SLUR	N/A
545	근데 애가 임신하고 출산하는 동안 할머니는 뭐하다가 그제서야 신고하노	0	2	False	0.7402	SLUR	N/A
547	저분 진심 국가요인이자 북한이 제일 벼르고있는인물이지 싶다 진짜 철통경호 해드려야된다	0	2	False	0.6441	NORMAL	N/A
548	존나 패버리고싶네	1	2	False	0.6917	VIOLENCE/SLUR	N/A
550	겁먹고 빌빌대는꼴이 버러지만도 못하노^느^	1	2	False	0.8251	SLUR/COMMUNITY	N/A
553	와 야애니 그리면 대성하겠다.	0	2	False	0.5076	NORMAL	N/A
557	어쩌라고 니일기장이냐 일베가 탈북자 새끼 여친 따먹은썰 아니면 올리지마라 병신아	1	2	False	0.79	RACISM/SLUR	N/A
562	ㅋㅋㅋㅋㅋ 이래놓고 자기들이 피해자랜다 어휴 진짜 다 쓸어버리고 싶네 개독들 ㅉㅉㅉ	1	2	False	0.8709	RELIGION/VIOLENCE	N/A
563	뭐레 자지맛 한번보여주면 빌빌 기는거지	1	2	False	0.5975	GENDER/SLUR	N/A
565	정육점 갔더니 원산지:한국산 이거떠있겠네	0	2	False	0.5327	NORMAL	N/A
568	저런데 홍보할 돈으로 생계 유지해야하는 거 아니노?ㅋㅋㅋ	0	2	False	0.9298	NORMAL	N/A
575	약자 보호는 커녕 반대로 약자에게 괘씸죄를 붙이는 ㅋㅋ 병신 트위스트 추잡한 벌레종족 한남	1	2	False	0.783	GENDER/SLUR	N/A
576	암튼 화류계 씨발년들은 전라도랑 동급이니깐? 이 아니라 실제로 하프홍어나,전라도 출신들이 많은게 사실. 지방에서 올라와서 금전적인 도움이 필요하니까 결국 ㅂㅈ파는게 가장 빠르지	1	2	False	0.5259	REGIONAL/GENDER/SLUR	N/A
583	기념으로 앱충 자라니를 드리겠습니다. ^느^	1	2	False	0.6725	GENDER/COMMUNITY	N/A
587	좆중에서도 ㅆㅎㅌㅊ좆들이노	1	2	False	0.8531	GENDER/SLUR	N/A
588	무슨 수익률을 1년가지고만 하냐 ㅋㅋㅋㅋ최소 10년은 봐야지	0	2	False	0.6661	NORMAL	N/A
590	죽을려고 일부러 그러는거같은데 치료하지말고 뒈지게 냅둡시다	1	2	False	0.7592	VIOLENCE/SLUR	N/A
591	일관된진술 하나면 유죄확정인데 참고인이 필요하냐 ㄹㅇ ㅋㅋ	0	2	False	0.7489	NORMAL	N/A
597	냅도 하면 안돼?	0	2	False	0.5332	NORMAL	N/A
600	관잦도 할수있다! 정치적 명예자살남!!!^느^ 힘내라 이기야!!	1	2	False	0.6766	GENDER/SLUR/COMMUNITY	N/A
603	그럼ㅋㅋ 절대 안 넣어야지ㅋㅋㅋㅋ	0	2	False	0.5354	NORMAL	N/A
604	애초에 성매매가 좆국에서는 완전불법행위 아니노? 사이트 위법 소지는 좆팔 범죄자지들 신상이 그렇게 소중하더노 알탕연대좆잡이새끼들 느그 정의구현은 소라넷이나 가서 해라. 놈딱 화난다 이기야노	1	2	False	0.7358	GENDER/COMMUNITY/SLUR	N/A
607	그래 우파는 너무 솔직해서 문제고 좌는 반대라 문제지,흥미로운데	0	2	False	0.7645	POLITICAL	N/A
608	애조에 남자둘이 영화보러 가는게 희박한데 저딴 영화를 보러가자고??ㅋㅋㅋ	0	2	False	0.8426	SLUR	N/A
609	다행히도 시간이 약2~3년은 남은 것같다 2~3년내로 언제든지 튈준비 하고 기다리다 미군이 떠날 때 떠나면 된다 미군이 떠나는 때가 2~3년 남았다	0	2	False	0.7272	NORMAL	N/A
610	생각해보니 전문직 종사하는 여성분이 입는 유니폼들 허리라인 딱 붙고 위에 셔츠는 엄청 타이트 교복도 줄여서 나오고 있고 업무볼때 넘나 불편하겠다...	0	2	False	0.6347	NORMAL	N/A
611	신안이면 성골중의 성골아니냐	1	2	False	0.9159	REGIONAL	N/A
612	쌍도새끼들이랑 라도새끼들이랑 싸우면 누가 이기져?	1	2	False	0.8387	REGIONAL/SLUR	N/A
617	말하는거 보니 주차해도 되겠다	0	2	False	0.5031	NORMAL	N/A
620	이씨발새끼가 가만 생각하이 존나 씨발열받노 개새끼가 갔이뭐노 무식한 씨발년이	1	2	False	0.7707	SLUR	N/A
624	이걸 실드라고 치다니 ㅋㅋㅋㅋㅋㅋㅋㅋㅋㅋㅋㅋㅋㅋㅋㅋㅋㅋㅋㅋ 저거 우리편 아님? ㅋㅋㅋㅋㅋㅋ	0	2	False	0.8855	SLUR	N/A
631	좆노잼 씹틀딱새끼들땜에 좆망한 일베 시발	1	2	False	0.8611	AGE/SLUR	N/A
633	이슬람도 평화 기독교도 평화 불교도 평화 맞습니다 다만, 그렇지 않은 기독교인, 이슬람, 불교인도 많은거죠	0	2	False	0.5791	NORMAL	N/A
645	물랑루즈 개꿀	0	2	False	0.7406	NORMAL	N/A
647	어이없군. 뭔 앙금을 남겨? 악의적인 제목 보소	0	2	False	0.8576	NORMAL	N/A
648	강간 좀 하면 어떨노?? 업보인 것을... 김치녀도 버릇좀 뜯어 고치게 도입이 시급한듯...	1	2	False	0.4982	GENDER/VIOLENCE	N/A
649	무조건 대법원 갈것같은데대법원 가서 부정선거 명백하게 못밝히면 질 듯	0	2	False	0.5695	NORMAL	N/A
651	소추라 한남은 정조대도 못찰듯 하노ㅋㅋㅋㅋㅋ	1	2	False	0.6144	GENDER/SLUR	N/A
652	ㅋㅋㅋㅋㅋㅋ2베	0	2	False	0.537	NORMAL	N/A
658	정당하지 않은 댓가와 제도를 요구한다면 정치적 세력의 노조라면 한치도 물러나지 말고 요구에 응해서는 되지 않는다 노조는 정치관계 없이 정당할 때 그 의미가 있음이다	0	2	False	0.5812	NORMAL	N/A
662	이 와중에 샘숭 묻으려고 터뜨린 거라며 윗똥꼬 벌름거리는 창놈새끼들 진심 죽여버리고 싶노 ㅋㅋ 둘 다 창놈새끼들 집단인데 한쪽을 묻어봤자 기별이나 간다노 ㅋㅋㅋ 더구나 좆국에서 성폭행 피해자가 얼굴 까고 나오는 게 어떤 일인데 조옺팔~	1	2	False	0.6814	GENDER/SLUR	N/A
663	역시 김치맘충은 답이 없다	1	2	False	0.729	GENDER/SLUR	N/A
664	바퀴벌레 퀴어 추방한다는 사람 시장으로 찍는다. 퀴어가 사람이냐? 그런데 퍼레이드를 하게 하냐? 꼴도 보기 싫다. 바퀴벌레들일뿐~~!!	1	2	False	0.7511	LGBTQ/VIOLENCE	N/A
665	머라고 썻길래 1500이나 부름? 애초에 일반 악플글 민사로 그리 많이 부를수도 있었냐?	0	2	False	0.7279	NORMAL	N/A
666	저런게 홍어마인드다. 당장 눈앞의 이익만 쫓으면서 사는 좆버러지인생들	1	2	False	0.825	REGIONAL/SLUR	N/A
673	중국이 하는 짓이랑 IS 가 했던 짓이 뭐가 다르냐?	0	2	False	0.8826	RACISM	N/A
676	프로보빨러	1	2	False	0.916	GENDER/SLUR	N/A
677	일남들 후장 빨라고 작아진거 아니노ㅋㅋㅋㅋㅋㅋ 식민지남성성은 소추에 깃든 한남 종특이노	1	2	False	0.5905	GENDER/RACISM/SLUR	N/A
679	똥꼬충 더럽다 역겹다 웩	1	2	False	0.7693	LGBTQ/SLUR	N/A
680	어흐흥... 날 가져요~	0	2	False	0.5457	NORMAL	N/A
684	아직 발의상태라 적극적인 반대운동 벌여야할듯국민들 반감 큼 통과되기 힘들다지금 계류중인 난민법개정안이나 이주아동법도 폐기될 확률 높다드만 통과되기가 힘듦	0	2	False	0.6503	NORMAL	N/A
685	풉킥 얌전히 도태될것이지 발광하노. 마 빻은 와꾸	1	2	False	0.7432	SLUR	N/A
687	저렇게 여대생은 대놓고 모집하는데 저거 말고도신도의 딸인 초등학생, 여중생도 따먹따먹 했다던데 개씹 부럽노 ㅋㅋ	1	2	False	0.7083	SLUR/VIOLENCE	N/A
688	존나 불쌍하다.., 난 혼자 살아서 낮에 집 계속 비는데 낮에만이라도 집에 있으라 하고 싶네 애휴..안 됐다 애미는 그렇다쳐도 애는.. 좋은 환경에서 좋은거 먹고 좋은거 보면서 자라야 하는데..	0	2	False	0.7835	SLUR	N/A
691	게이들 퍼레이드할때 나랑같이 복면쓰고 철빠따 들고 진압할사람 구한다	1	2	False	0.7318	LGBTQ/VIOLENCE	N/A
692	요금징수원 다 없애도 된다 기술이 안되는것도 아니고 너네 일자리 지켜줄려고 불편 감수하고 톨게이트 운영하는건데	0	2	False	0.7749	NORMAL	N/A
694	진용진이 저번에 무슨 스토커 사건 터진 그애야?	0	2	False	0.603	NORMAL	N/A
697	사회과학대학인데 남자 한 명도 없고 한남충만 있음 안경버무리는 물론이고 그냥 존나 못생기고 키작고 더러움	1	2	False	0.6625	GENDER/SLUR	N/A
704	마져 수간호사까지 가면 연봉 장난 아니라카더라 ㅉㅉ지보다 돈 마니벌어서 부랄쪼글햇노? 간호사보다 못버는 자지는 재기해라	1	2	False	0.5744	GENDER/SLUR	N/A
707	호남이 원래 곡창지대고 해서 인구 존나 많았으니가 호남 비율이 높긴 높제	0	2	False	0.7596	NORMAL	N/A
708	인터넷 초창기에 개초딩	0	2	False	0.8924	NORMAL	N/A
709	아침에 일어나서 출근했다. 도 소수자 모욕이냐? 밤에 일나가는 사람 차별하는??	0	2	False	0.6883	OTHERS	N/A
710	느그뷔페니즘좀 강요하지말라고요 씹돼지년들아	1	2	False	0.807	GENDER/SLUR	N/A
718	종교는 아편이다.	0	2	False	0.5322	NORMAL	N/A
719	ㅇㅈ 근데 이젠 평범수 나오는 소설은 절대 못보노. 또 외국인공하고 한국인수 나오면 웃기기만 하노 ㅋㅋㅋㅋㅋㅋ	0	2	False	0.9445	NORMAL	N/A
722	자지들은 왜 본인들이 전세계적으로 못생긴걸 인지못하노 껄껄	1	2	False	0.5607	GENDER/SLUR	N/A
723	그럼 요구르트 아줌씨	0	2	False	0.5361	NORMAL	N/A
725	솔직히 n번방이랑 코로나는 정보 접근자체가 달라서그래. 코로나는 현실인데  번방은 이번에 알게된게 대다수라	0	2	False	0.527	NORMAL	N/A
726	여초발 도태된 쿵쾅이들 진압완료-	1	2	False	0.8727	GENDER/SLUR	N/A
728	더러운 홍어새끼들	1	2	False	0.7442	REGIONAL/SLUR	N/A
729	저건 회충 비벼논거여 시방??으따 그넘들 실하구마잉	0	2	False	0.8653	NORMAL	N/A
732	일부러 못생긴포즈 하고 덜 모쌩기게 보이려는 그남의 속내 잘 보았노. 노무딱 여혐하게 생겼다 이기야	1	2	False	0.7542	GENDER/COMMUNITY	N/A
741	민사소송으로 걸레짝이된 맘충들입니다	1	2	False	0.6536	GENDER/SLUR	N/A
743	😠😠교회가면 여자는 목사에게 몸부터 바 치네 더럽다😓강간ㆍ성폭행ㆍ모든 종교가 인간을 타락시킨다ㅡ목사ㆍ중놈들 종교팔이해 돈뜯고ㅡ룸살롱 도박질ㅡ국민세금 수백억지원 중단하고 종교과세하라ㅡ 마누라 딸을 교회에 보내지마라 ㅡ목사의 먹이다	1	2	False	0.7237	RELIGION/GENDER/SLUR	N/A
744	이때도 애엄마가 무시한게 많은 화제가 돼서 너도 나도 신상 파악 한다고 매체에도 희생자 사이드로 보도 되고는 했는데 이제는 세월이 흐르니 애엄마들 오토케가 너무나도 많아 가십거리만 되버린게 씁쓸하다.. 외상 씹으로 싸지른 씨벌년;)	1	2	False	0.6928	GENDER/SLUR	N/A
746	여자는 핑보핑두 따지고 음순모양따지고 귀모양보고 질크기까지 따지면서 지럴이들이노	1	2	False	0.5266	GENDER/SLUR	N/A
747	대체 뭔 논리회로길래 미국 두둔했더니 친일논리가 나오는지ㅋㅋㅋㅋㅋㅋㅋㅋㅋㅋ	0	2	False	0.8244	NORMAL	N/A
750	이십대 남청년이 취업에서 손해??ㅋㅋㅋㅋ 대기업신입사원 성비 본 적있냐?? 진짜 기함을 한다 대기업이 이러는데 중소기업은 어쩔거같냐??	0	2	False	0.841	NORMAL	N/A
753	무슬림 = 돌대가리 쓰레기 정신병자 ㅉㅉ뭘 배운게 있어야 저런게 귀한줄 알지처먹고 자살테러밖에 모르노	1	2	False	0.8101	RELIGION/RACISM/SLUR	N/A
760	기사가 남자들 까는글 같은데. 웃기지도 않는군.	0	2	False	0.8277	NORMAL	N/A
761	ㅇㄱㄹㅇ 개돼지 좆창놈들	1	2	False	0.7518	SLUR	N/A
766	흉자들 다 갈아버리고 나야 대동단결 가능 니 맘은 알겠으나 현실을 즉시해라	1	2	False	0.7729	GENDER/VIOLENCE	N/A
767	개인적인 생각이지만 여군으로 지원하는 것도 불공평하다 생각합니다  정신적으로는 여성일지 모르나 신체조건은 다른 여성들보다 유리한 위치에 있는 남성성을 가지고 있기에 다른 여군들과 같은 조건으로 여군시험을 통과시키는 것도 오히려 다른 여군들에게 불공정한것 아닐까 ..	0	2	False	0.5161	NORMAL	N/A
770	샘물교회 특별법 제정하라 !!!!	0	2	False	0.6618	NORMAL	N/A
772	도대체 니가 말하는 주류사회가 뭐냐?	0	2	False	0.6699	NORMAL	N/A
775	바로 확 차버리고 유충아니고 한남충인 줄 알았다 말하면 꿀잼이겠노ㅋㅋㅋㅋ	1	2	False	0.6773	GENDER/SLUR	N/A
779	목사 인게 문제가 아니라 남자가 잘생겼으면 고소도 안했을듯 레알 원빈이 뽀뽀 했어봐라 고소당했겠냐?	0	2	False	0.8276	NORMAL	N/A
783	이래서 민주당이 국가보안법 폐지할려고 하는거임	0	2	False	0.5866	NORMAL	N/A
790	짱깨 좋아하는 놈들은좆족아니면 홍어 둘밖에 없다	1	2	False	0.7825	RACISM/REGIONAL/SLUR	N/A
794	뭐냐...반전이냐	0	2	False	0.5423	NORMAL	N/A
796	아 ㅅㅂ 저건진짜 아니지	0	2	False	0.8313	SLUR	N/A
798	ㅁㅊ년들 아니냐? 아무리 소아성애자라도 보지에 넣을정도는 되야지 ㅋㅋㅋㅋㅋ	1	2	False	0.4945	GENDER/SLUR	N/A
801	바구니 과일이 위에는 크고 속에는 작길래.. 이거 왜이래요? 속이지 마셔야지 하니까 아래도 크면 탑이 안 쌓아져요 하길래탑 쌓지 마시라 하고 지나감	0	2	False	0.5382	NORMAL	N/A
802	설교할때 목사님들마스크안씀	0	2	False	0.5155	NORMAL	N/A
804	보지들한테 대들면 이꼴나노 자댕이들아 잘봐둬라 니들의미래노	1	2	False	0.6214	GENDER/SLUR	N/A
806	물론 성소수자 존중되어야 합니다.  하지만 보편화는 절대적으로 막아야합니다.  성정체성이 확립되지도 않은 어린아이들이 유행처럼, 또는 빈번한 접촉으로 인해 왜곡되게 영향을 받는것은 정말 큰문제입니다. 이것은 보수적이고 시대에 뒤떨어진것과는 차원이 다른 문제 입니다.	0	2	False	0.568	NORMAL	N/A
808	요즘 한남발 주작 자료들 보면 유독 스시남이랑 조사치 바꿔치기 함 ㅋㅋㅋ 한남충들 하나같이 ㅋㅋ 세계 여러나라 중에서도 진심 스시남한테 자격지심 유독 앵나 심해 ㅋㅋㅋㅋ	1	2	False	0.8405	GENDER/RACISM/SLUR	N/A
815	마스크쓰고 걸었구마. 뭐가 문젠데	0	2	False	0.6043	NORMAL	N/A
817	ㅋㅋㅋㅋㅋㅋㅋㅋㅋㅋㅋㅋㅋㅋㅋㅋ 시급제 장기매매씨발ㅋ ㅋㅋㅋㅋㅋㅋㅋㅋㅋㅋㅋㅋㅋㅋㅋㅋㅋㅋㅋㅋㅋㅋㅋㅋㅋㅋㅋㅋㅋㅋㅋㅋㅋㅋㅋㅋㅋㅋ	1	2	False	0.8156	VIOLENCE/SLUR	N/A
818	잃을거 없는 놈들이 무섭지	0	2	False	0.6818	NORMAL	N/A
822	ㅎ ㅆㅂㅅㄲ들	1	2	False	0.9052	SLUR	N/A
823	시발 돈고충으로 가즈아!!!!!!!!!!	1	2	False	0.5042	LGBTQ/SLUR	N/A
825	태국갔을때 게이쇼 본적있다남자라고 가이드가 귀뜸해주기 전까진 진짜 다 여잔줄;	0	2	False	0.6696	NORMAL	N/A
826	개쌍도 도둑넘들 보소 ㅋㅋㅋㅋㅋㅋㅋㅋㅋㅋㅋㅋㅋㅋㅋㅋㅋㅋㅋㅋ	1	2	False	0.8211	REGIONAL/SLUR	N/A
830	후팔....쌍도 실화노.....	1	2	False	0.834	REGIONAL/SLUR	N/A
833	예쁘고 잘난 여자가 ㅆㅎㅌㅊ 냄져한테 후려쳐져서 사는 현실 보고도 그런말이 나오냐고해봐라 지금 현실이 그렇게 도덕못잃고 코르셋 조여 살아서 얻는 결과가 결국 루저한남충이라는걸 깨달아야된다. 그말조차 안통하면 ㄹㅇ 지맘대로 살라하고 상종 말라이기야	1	2	False	0.7982	GENDER/SLUR	N/A
835	똥꼬충은 지들끼리 똥꼬나 쑤시지 왜 엄한사람한테 피해주냐	1	2	False	0.6075	LGBTQ/SLUR	N/A
838	어차피 특이점 오면 공산주의 비슷하게 감. 고로 기독교 필요없고 신은 있지만 야훼는 아님	0	2	False	0.846	NORMAL	N/A
839	이봉원 신고 안하냐	0	2	False	0.6913	NORMAL	N/A
841	역시 키작은 드워프새끼들은 어딜가나 무시받고 처맞으며 사는구나 183이라서 다행	1	2	False	0.7479	SLUR	N/A
844	진술 조서에 잉크도 마르지 않았는데   누가 유출시킨건지 성역없이 조사해 주세요	0	2	False	0.4986	NORMAL	N/A
846	자꾸 이슈화 하려 하지 말고, 각자 부르고 싶은 대로 불러~~ 기자가 떠든다고 바뀌는거 아니잖어~~	0	2	False	0.7546	NORMAL	N/A
850	서양충입장에서는 우리랑 교미하는게 우리가 똥남이랑 교미하는것과 똑같이 느낄듯	1	2	False	0.6583	RACISM/SLUR	N/A
853	전라도랑 경상도 남쪽 지방이 진짜 답 없음 쓰레기 인간 개 많음 신안이랑 부산 이런곳은 진짜 너무 쓰레기들이라 믿기 힘들정도임 전북이랑 경북이 좀 정상이고 서울 경기도, 충북이 제일 나음	1	2	False	0.8261	REGIONAL/SLUR	N/A
855	막짤 아휴 진짜	0	2	False	0.5282	NORMAL	N/A
862	천조국같았으면 바로 총알받이이넫 아숩 ㅋㅋㅋㅋㅋㅋㅋㅋㅋㅋㅋㅋㅋ무슬림시발세키덜	1	2	False	0.761	RELIGION/VIOLENCE/SLUR	N/A
863	그러면서 일베에도 일까들이 있는데 무슨	0	2	False	0.8553	NORMAL	N/A
865	냄져들 다 백치아다다에 글 읽기 쓰기 개빻았는데 무슨 작가질? 군대 힘 다 바질때까지 짱박아두고 노예처럼 쓰는게 답	1	2	False	0.6507	GENDER/SLUR	N/A
869	깔갈깔깔깔깔~~~	0	2	False	0.824	NORMAL	N/A
871	착한 인종청소 인정합니다	1	2	False	0.5726	RACISM/VIOLENCE	N/A
877	세인트 고재기	0	2	False	0.7235	NORMAL	N/A
881	줄서있는 애들보면 다리부러트리고 싶은데 정상임?	1	2	False	0.5583	VIOLENCE	N/A
883	말이좋아 성소수자지 저것들 시발 병균만들어내는 쓰레기들 아니냐	1	2	False	0.884	LGBTQ/SLUR	N/A
884	고거 상황지켜보려고그런거래나뭐래나~	0	2	False	0.4987	NORMAL	N/A
885	역시 보지인생은 50부터. 사실 저 대장 나이가 몇살인지 몰라서 대충찍었다이기야 자지하나 죽이고 27년 복역해도 공부할거 다하고 잘살수 있노 깔깔깔	1	2	False	0.5047	GENDER/SLUR/VIOLENCE	N/A
889	보지 쪽내드렸습니다	1	2	False	0.5594	GENDER/SLUR	N/A
894	냄져는 왜 급소를 밖으로 내놓고다니노? 미개한거같노...	1	2	False	0.6468	GENDER/SLUR	N/A
898	냄새나면 벌금물려야함 후팔 인간재떨이 재기	1	2	False	0.5422	SLUR/VIOLENCE	N/A
899	그래... 성 소수자 비난 하지 맙시다. 동성의 똥구녕이 단지 그리워하는 사람들 일 뿐입니다... 남탕 가기도 싫다..	1	2	False	0.7548	LGBTQ/SLUR	N/A
902	북따라딱딱은뭐노 흑좆나 쇼타응디마냥 입에 착착 감기노 북따라딱딱북딱딱	1	2	False	0.7795	GENDER/COMMUNITY/SLUR	N/A
903	제발 다 삭발해주세요ㅠㅠ 믿고 거르게 시발년들아	1	2	False	0.8167	GENDER/SLUR	N/A
906	궁금한게 있는데 똥꼬충보다 여자똥꼬에 쑤시는 섹스가 10배는 많을텐데 에이즈는 똥꼬충이 많이 걸리는거냐?	1	2	False	0.5529	LGBTQ/SLUR	N/A
908	댓개빻았노 재기남들 개많노 재기시켜버려야하노	1	2	False	0.5615	GENDER/SLUR/VIOLENCE	N/A
914	뭐노 나만 안뜨노?	0	2	False	0.8345	NORMAL	N/A
917	한남문한남답	1	2	False	0.8848	GENDER/SLUR	N/A
918	졸리 끔찍하네	0	2	False	0.8137	NORMAL	N/A
919	이슬람은 그나마 동남아 똥송 인종보다 이뻐서 인종개량 가능을 노릴 수 있음	1	2	False	0.5784	RACISM/SLUR	N/A
922	조선족+민주당권리당원+전라도+맘충개돼지들 혼종임	1	2	False	0.8081	REGIONAL/RACISM/GENDER/SLUR	N/A
924	질이 않조아..	0	2	False	0.5005	NORMAL	N/A
925	ㅋㅋㅋㅋㅋㅋ유잼예상	0	2	False	0.6186	NORMAL	N/A
926	고스트바둑왕 개꿀잼이었는데	0	2	False	0.8543	NORMAL	N/A
927	표준어가 괜히 표준어냐?	0	2	False	0.5852	NORMAL	N/A
928	죽어라 빨갱이년	1	2	False	0.7467	GENDER/SLUR/VIOLENCE	N/A
929	수영장 오는 틀딱들 진심 죽이고싶다	1	2	False	0.7837	AGE/VIOLENCE	N/A
932	게이새끼들시발 나가처뒤져라좀;근데 레즈는예술^오^	1	2	False	0.5357	LGBTQ/VIOLENCE/SLUR	N/A
937	경상도 새끼나 전라도 새끼나 겪어보면 두새끼다 좆같다. 경기 서울>>>>>>>>>>>>>>>>>>>>>>>>>>충북강원>>>>>>>>>>>충남>>>>>가축>>>>>>>>경상>>전북>>>>>>>>>>>>>>>>제주>>>>>>>>>>>>>>>>>>전남	1	2	False	0.7928	REGIONAL/SLUR	N/A
940	전라도는 중국 짱깨 미만임 ㅇㅇ전라도인이 13억 존재한다 상상해 봐라	1	2	False	0.5883	REGIONAL/RACISM/SLUR	N/A
943	번탈남컨셉 아주 참신하놐ㅋㅋㅋㅋ 프로젝트로 밀어야한다이기	1	2	False	0.8351	GENDER/SLUR	N/A
945	니네들 정신적 지주인 이국주도 음식 시킬때 많이 시키는거 쪽팔려서 친구 있는척 하잖아 ㅋㅋㅋㅋ 미친년들아	1	2	False	0.8432	GENDER/SLUR	N/A
947	말이 되노?	0	2	False	0.8298	NORMAL	N/A
949	머구가 그런데 어디냐?혹시 일베 사무실이 위치해있다는그 통구이 인간 백정들만 산다는 그곳이냐?	1	2	False	0.7187	REGIONAL/SLUR/VIOLENCE	N/A
950	볼만하노. 근데 웜년들 입맛엔 안 맞노. 근데 이거라도 어디냐. 안그래도 요즘 볼거 없었는데. 그래도 허벌워추는 삼가해라 이기야 ㅋㅋㅋ	1	2	False	0.7988	GENDER/SLUR	N/A
951	저년때문에 동남아년들은 사람으로 안보인다	1	2	False	0.7708	RACISM/GENDER/SLUR	N/A
955	조팔 저게 18년도 선진국에서 일어나는 일이라니 믿을수가없노 내조국 좆되기전에 무슬람 좆새끼들 막아야하노 전세계가 지구상 어디도없는 한남을 이긴 여혐좆들한테 정복당하게생겼노	1	2	False	0.7181	RELIGION/GENDER/SLUR	N/A
956	879 아가씨 패러디 문구노 찾아봐라이니	0	2	False	0.621	NORMAL	N/A
957	역시 갓순신 하는 이유가 있어외쳐 갓순신	0	2	False	0.7602	NORMAL	N/A
958	이쁜애가 생각도 바르노	0	2	False	0.9399	NORMAL	N/A
959	노키즈존 노맘충존	1	2	False	0.6686	GENDER/SLUR	N/A
960	아 옆에 씨발년 깔짝대는거 존나 짜증나네 버러지같은창년이 진짜 ㅡㅡ	1	2	False	0.6762	GENDER/SLUR	N/A
961	왜 걍 박근혜라 했을때 거슬리는가 했노. 자댕이들은 재기놈도 성재기님 웅앵 이러는데 박근혜 대통령님도 박근혜 띡 이렇게 부르지말고 최초의 대통령이시니만큼 봊나 올려쳐야하노.	1	2	False	0.7217	GENDER/SLUR	N/A
967	gta 빙의해서 차로 싹 쓸어버렸으면 좋겠다	1	2	False	0.499	VIOLENCE	N/A
968	잡히는 사람들 중에서 유명인이 있는 경우에 그 사람들 성향도 여론 향방에 영향주겠지미투 때는 우파 잡으려고 터트렸는데 좌파들이 많이 걸렸었는데. 이번은 어떨지	0	2	False	0.7135	NORMAL	N/A
969	똑같이 동등하게 기회를 주는데 이년들이 결과가 존나 안좋아서 달성률이 떨어짐...그래서 108위 결론은 김치녀 수준이 108위인거지 여자들 지들 얼굴에 침뱉는 꼴	1	2	False	0.8376	GENDER/SLUR	N/A
970	유대인들 보면 다 답이 나오지 않냐? 세계 문화를 전부 하나님 믿는 민족들인 유태인들이 세상을 바꿨는데 안 믿을 이유가 있냐?	0	2	False	0.767	NORMAL	N/A
975	한국년들 가격 개비싸고 갯수제한이니 뭐 안돼요 뭐 안돼요 몸파는 곳에서조차 존나 까다로움그리고 몸파는 것도 하기 싫어서 센슈얼이라는 딸딸방에 보지년들 존나 많음 ㅋㅋ그러나 중국여자는 한국년들보다 가리는 거 없음	1	2	False	0.5801	RACISM/GENDER/SLUR	N/A
977	적그리스도	0	2	False	0.4941	NORMAL	N/A
979	그래서 홍준연 구의원을 민주당에서 제명시킨게 자한당인가봅니다?	0	2	False	0.501	NORMAL	N/A
982	폭동유공자탈북년놈들돈회수바람닭재인띠	1	2	False	0.799	RACISM/REGIONAL/SLUR	N/A
983	동성애 남자끼리 항문성교 구강성교 여지끼리 구강성교 더러운 짖이다 그냥 변태들이다 할려면 너희끼리 해라 인정해달라고 하지 마라	1	2	False	0.8506	LGBTQ/SLUR	N/A
988	김치년들도 진성 빨갱남들한테는 상대가 안되요잇!	1	2	False	0.8102	GENDER/SLUR	N/A
990	남자의 올바른 표본 쿨제이!!!!!!필 굿!!!!!!!	0	2	False	0.5842	NORMAL	N/A
992	망가가 최고징	0	2	False	0.5193	NORMAL	N/A
994	저런 한남새끼들 때문에 더 울화가 치밀고 빡친다이니야	1	2	False	0.8912	GENDER/SLUR	N/A
995	ㅋㅋㅋㅋㅋ 아 생각해보니 개웃기노ㅋㅋㅋㅋ 경엽이형도 밤마다 막대기 꼽고 잤을까 갑자기 궁금해지노 그걸 옆에서 본 한남충은 키부니 어땠겠노^오^	1	2	False	0.6091	GENDER/SLUR	N/A
996	연세대였으면 뺴박 관X원교였을텐데정X장애인이 샤대였나? 이미 졸업했겠노 ㅇㄱㅇㄱ 동성애자들이 우기고 우겨서 몇십년만에 정상인 인증받아낸것처럼앞으론 동물성애자나 아동성애자들도 정상인으로 취급받을 날이 올거다 말세지 말세 ㅉㅉ	1	2	False	0.8262	LGBTQ/SLUR	N/A
1001	다른 전략으로 똥냐사이트에 똥냐인척 자지들 몰카 올려서 퍼뜨리는 것을 생각했노. 사실 이미 똥냐사이트에 자지 몰카 많은데	1	2	False	0.5333	LGBTQ/SLUR/VIOLENCE	N/A
1002	--------------------------5마리검거--------------------------------	0	2	False	0.6732	NORMAL	N/A
1003	차별금지법안이 철회되길 기도합니다	2	0	False	0.6536	LGBTQ	N/A
1006	아 똥내나~~~~형냐 오늘 센조이 안한거야?	1	2	False	0.8974	LGBTQ/SLUR	N/A
1020	바지로 바꿔도 스스로 핏하게 입을려고 바꿔서 어차피 불편할걸?	0	2	False	0.558	NORMAL	N/A
1030	...? 200..? 2억을 잘못봤나 쓱쓱.. 200... 하.	0	2	False	0.553	NORMAL	N/A
1032	어린시절 성장과정 좀 털어봐야함동네아줌마 보지맛을 일찍 본거냐ㅋㅋ	1	2	False	0.707	SLUR	N/A
1035	증오와 혐오에 사로잡힌 광기의 이념으론 그저 퇴보만이 있을 뿐입니다.	0	2	False	0.6858	NORMAL	N/A
1038	김태훈 : 합부르크왕가 턱이라 별명 턱후니. 함몰자지. 좆스쿨다니는 상폐자지 상폐인데 미필이라 열폭감에쩔어있음. 피부에 좆드름남. 170cm	1	2	False	0.5363	SLUR	N/A
1054	우리나라는 진짜 살기 겁나 좋은나라입니다. 국뽕이아니고 외국나오면 느끼는거	0	2	False	0.6604	NORMAL	N/A
1059	뭐 수만명이 오고가는 커뮤니티사이트에 범죄자 몇명 있다고 폐쇄하나요 그럼 옛날 성범죄 일으킨 오유도 진작에 폐지 했어야죠	0	2	False	0.7798	NORMAL	N/A
1060	회개는 자신과 신의 관계죠. 그리고 자신과 타인의 관계를 정리하지못한 사람이 신과의 관계를 말한다는것은 사깁니다. 예수께서 말씀하셨죠 너희가 예물을 주님께 드리려 하다가 원망들을 만한 일이 생각나는 줄 알거든 먼저 예물을 내려놓고, 형제와 화목하라.	0	2	False	0.5294	NORMAL	N/A
1068	오히려 잘 된거 아님?평생 육노예로 만들수 있는거 아니노?	1	2	False	0.6797	VIOLENCE/SLUR	N/A
1075	이슬람교 포기하는 조건으로 난민 받아주면 안되나	0	2	False	0.7268	NORMAL	N/A
1080	젠신병자는 뒤져야된다 이기야	1	2	False	0.6413	LGBTQ/VIOLENCE	N/A
1085	ㅋㅋㅋㅋ 클럽위치물어보니 10대양키들도 김치년들 보지가 프리패스인걸 아는듯. ㅋㅋㅋ 어맛!! 나 갓양남 애기따먹었긔!!하고 여시에 올라오겠지 ㅋㅋㅋㅋㅋㅋㅋㅋㅋㅋㅋㅋㅋ	1	2	False	0.5867	GENDER/RACISM	N/A
1101	486아재들 군대썰만 들으면 평균전투력 71sdw	0	2	False	0.8835	NORMAL	N/A
1115	바르지 못한 악한 교육 으로 멸망의 길로 가는구나	0	2	False	0.7114	NORMAL	N/A
1116	어렵게 생각하실거 없어요 신천지인들이 명성교회 잠입했겠죠 사람들 빼가려고	0	2	False	0.6066	NORMAL	N/A
1118	????당연히 주작이지	0	2	False	0.5664	NORMAL	N/A
1122	애비시벌 한남새끼들 얼마나 편하게 살면 저런 기본 상식도 안지켜서 살인하노? 살인자새끼 지가 살인해놓고도 sns에서 그 부랄 떤거노? 좆뱅 대성이 음주운전으로 로드킬한 것보다 죄질 심각하노	1	2	False	0.6573	GENDER/VIOLENCE	N/A
1124	재기성님 국회의원출마하면 뽑아줄텐데..국회는 저런 강력한 추진력이있는 사람이 들어가야한다.재기갑은 충분히 뱃지달 자격이있음.좀 나와라제발,,	0	2	False	0.878	NORMAL	N/A
1126	탈북자를 보면 전라도 보는 느낌이다지들이 아주 잘난 줄 안다지들이 아주 똑똑한 줄 안다지들이 아주 능력이 많은 줄 안다그걸 몰라주는 남조선 인간들이 증오스럽고 죽이고 싶다전라도가 우리를 보고 가지는 열등감과 어쩜 이리 똑같노?	1	2	False	0.7218	RACISM/REGIONAL/VIOLENCE	N/A
1134	잘생긴 형아들이 내입에 싸주면 흥분되고좋은데..	1	2	False	0.5061	SLUR	N/A
1142	너 메갈하니? 쿰~척 뱃살에 자짓살 다 파묻혔을듯 하노	2	1	False	0.5623	GENDER/SLUR	N/A
1143	국민학교 ㅋㅋㅋ 병신이 쉰내나는 상폐 자지가 저런짓 하고싶냐 ㅋㅋㅋ 상폐 짜장부랄새끼가 결혼도 못하고 도태된 노가다구만	1	2	False	0.5468	GENDER/AGE/SLUR	N/A
1145	난 근데 술맛을 몰라서 비싼술이나 싸구려술이나 다 쓴맛 나서 맛없던데가끔 수면제 용도로 마시긴 하는데 나같은 놈도 외국술 마셔야 하냐?	0	2	False	0.8643	NORMAL	N/A
1148	우리나라가 민주주의국가 아니었나? 대통령 뽑아줬더니 독재정치하고 앉았네 국민이 이렇게 싫다는데 임명하겠다?? 문재인씨 그렇게 안봤는데 배신감 쩐다..	0	2	False	0.8772	NORMAL	N/A
1150	좆팔 두놈이 ^커플룩^이노? 딱보니 둘이 1+1으로 후장팔이 하는게 틀림없노 한마리 사면 옆마리는 공짜겠노	1	2	False	0.6129	GENDER/LGBTQ/SLUR	N/A
1151	부모들땜에 노키즈존이 생긴겁니다	0	2	False	0.5269	NORMAL	N/A
1158	쥬지로 입막 가능	0	1	False	0.6204	NORMAL	N/A
1159	일부~일부우~ 그놈의 일부~~~~~~너거들 인생의 1부는 막을 내렸고 2부는 마포대교에서 대롱대롱 매달아 놓고 시작할 것이다 이기야~삼기야~ 사기야~~~~^오^	1	2	False	0.6383	VIOLENCE	N/A
1161	글쓴게이야 김정은보다 림종석 후장빠는게 더 치욕적일거라고 조언댓글 달아	1	2	False	0.8509	LGBTQ/SLUR	N/A
1164	안받아들여도 테러는남	0	2	False	0.6741	NORMAL	N/A
1165	존나 역겹다 전라도 개병신새끼들존나 많노 여기에 좀 꺼지면 안되나민증 까봐 븅신들아 난 학생증 깔텡까틀딱들 말 뒤지게 많아 걍 틀니 착용하고입 좀 쳐닫으면 안되나 애미디진년들아	1	2	False	0.6491	REGIONAL/AGE/SLUR	N/A
1170	뭐만하면 일재잔재 ㅋㅋ 우리 고유 말이 있었어야 일재 잔재지 근대 문면을 일본이 들여왔는데 당연히 대부분 일본식 단어가 정칙한거지	0	2	False	0.7877	NORMAL	N/A
1172	그래서 광주의 혁명 정신이 필요한 것 아니겠냐... 광주 시민들이 일어날 때다.	0	2	False	0.6918	NORMAL	N/A
1173	남자의 격을 올려주는 존재다, 까지말고 저걸보고 딸치는 여자보고 딸치자 ㅂㄷㅂㄷ	1	2	False	0.7057	GENDER/SLUR	N/A
1176	똥꼬충들 에이즈약값 세금으로 대주는거 당장 집어치워라. 빨리 죽게 나둬라.	1	2	False	0.6933	LGBTQ/VIOLENCE	N/A
1180	정말김사하네요~^^ 표현의 자유막는 차별금지법..반대합니다!! 대다수의 국민들의 입을 막으려하는 역차별법.. 평등하지 않습니다	0	2	False	0.5225	NORMAL	N/A
1182	콩으로 메주를 만든다고 해도 못믿겠다 이것도 쇼로 보인다 지지율 뚝 떨어지니 급하긴 급했구나 공유라고? ㅋ 애쓴다	0	2	False	0.7958	NORMAL	N/A
1189	읽어보니 젊은이들의 의식변화가 문제가 아니라 자기네 왕들이 잘못해서 군주제 폐지 얘기가 나온거네. 콩 심은데 콩 나는거임	0	2	False	0.6595	NORMAL	N/A
1194	얘 진짜 무슬림 맞아?	0	2	False	0.6043	NORMAL	N/A
1196	정말이지 이 나라가 뭔가를 하긴하는데.. 왜이리 속는 기분일까나 누구를 위한 우쭈쭈우쭈쭈 뒤에  보이지 않는 거대한 재갈장전	0	2	False	0.7094	NORMAL	N/A
1199	여자가더 많이 영화보러오는데 차별드립 ㄴㄴ해	0	2	False	0.8803	NORMAL	N/A
1203	김치년들 성형할꺼면 저래하든가 무슨 씨발 사진 찍어도 나오는? 또렷한 이목구비?? 이딴걸 고료해서 좆병신 자발적 성괴되고 있어 미친년들	1	2	False	0.6846	GENDER/SLUR	N/A
1206	불체자 조선족들 연행할 때 목에 줄을 감아서 개돼지처럼 데리고 가야지 ㅇㅇ 손묶어서 사람처럼 데리고 다니니 저런 미친소리 나오는거 같아	1	2	False	0.5343	RACISM/VIOLENCE	N/A
1219	탈영이 휴가 되는 나라~ 가진자의 특권이 보장된 나라	0	2	False	0.6484	NORMAL	N/A
1222	세계인구억제정책에 희생당하는 국민들.. 인종주의 남여혐오주의 등등..	0	2	False	0.7627	NORMAL	N/A
1227	생리충, 여자찌개, 피싸개	1	2	False	0.5483	GENDER/SLUR	N/A
1228	ㅅㅂ 면봉보다 작은것들이 일본야동만 오질라게 쳐보니까 여자가 무슨 감각 장애있는줄아노 한남 다 죽으면 크린해진다	1	2	False	0.6377	GENDER/VIOLENCE	N/A
1230	할거면 그냥 서서치던가 저건 뭔 아크로바틱자세여 ㅋㅋ	0	2	False	0.7952	NORMAL	N/A
1240	저거 이슈되고 욕처먹으니까 게시물내렷더라빼박이지 ㅋㅋㅋ	0	2	False	0.9377	NORMAL	N/A
1259	국제통계결과 20대 한국남성 5명중 1명이 약 6한달에 네번9 성매매에 돈을 쓴다	0	2	False	0.6786	NORMAL	N/A
1277	니들이 능력껏 해야지 싸고 질좋으면 소비자가 찾아간다	0	2	False	0.5943	NORMAL	N/A
1281	태극기 집회때 호남 아줌마들 몇몇 봄.그분들은 더 열혈적이셨음.	0	2	False	0.5907	NORMAL	N/A
1290	이들을 정규직화 하는게 촛불정신입니다!! 촛불시민이라면 이들의 정규직화 비용을 기꺼이 부담해야죠!!	0	2	False	0.5339	NORMAL	N/A
1295	스키보드 잘못 타다가 사망할 수도 있냐 내가 겁 많음	0	2	False	0.5592	NORMAL	N/A
1298	이년 도덕 못버렸노 습도도 높은데 한국남자 배때지에서 피 빼서 인체 습도 낮춰주는 친절을 베푸노 ㅋㅋㅋㅋㅋ 찌르고 나서 6냄져들이 기분나쁘게 쳐다보고 무시했다9고 하면 되노 그럼 용서완료다 이기	1	2	False	0.5106	GENDER/SLUR/COMMUNITY	N/A
1302	흑마술사는 ㅇㅊ	0	2	False	0.9383	NORMAL	N/A
1303	이쯤되면 유영철 재평가 해야 하는거 아니냐	0	2	False	0.7247	NORMAL	N/A
1305	명예훼손 고소 안했냐?	0	2	False	0.5189	NORMAL	N/A
1306	이쯤되면 장애3급정도로 인정해야하지않을까?	2	0	False	0.5901	SLUR	N/A
1311	인류멸망에 지름길~	0	2	False	0.8406	NORMAL	N/A
1321	근데 불교에서는 계란은 어떻게 생각하냐?	0	2	False	0.5377	NORMAL	N/A
1323	미국 아시안이 살만하냐?? 인종차별이라든가...	0	2	False	0.6886	NORMAL	N/A
1326	의사는 왜 씀??.. 친구면 친구지 직업보고 친구하는거임??	0	2	False	0.5255	NORMAL	N/A
1334	다음 더블타켓인가	0	2	False	0.5602	NORMAL	N/A
1335	뉴질랜드 보통집안에서 애들 학창시절 사고치면 도피유학 보내는곳아니냐?	0	2	False	0.6318	NORMAL	N/A
1345	이정도면 병인듯 2019년부터 ㅋㅋㅋㅋ	0	2	False	0.6199	NORMAL	N/A
1355	로마에선 로마 법을 한국애선 한국법을 따르라 싫으면 떠나라 ㅡ	0	2	False	0.6783	NORMAL	N/A
1359	항문성교 군형법 폐지는 딸을 군대에 보내는것과 같다 내 아들 군대 못보낸다	0	2	False	0.7087	NORMAL	N/A
1363	이거 별거아닐꺼같죠? 대답잘못하면 이번 지선도 영향받아요 그러니 조심조심해야함 2030남자들지금 인내심이 폭발직전입니다.	0	2	False	0.6875	NORMAL	N/A
1365	아 진짜 똥꼬충들 다죽이고싶다 으어어어어어이어어어	1	2	False	0.5092	LGBTQ	N/A
1369	세상을 망치는 지름길입니다 아이를 낳지 않고 인구가 줄고 대리모라는게 자신의 (남자)의 엄마가 대신 낳아주고도 멀쩡한 세상이라니요 대중매체물들이 퍼뜨리는 성문란 사상이 마치 그래야되는냥 요즘 사람들은 받아 들입니다! 다음세대가 참으로 걱정되고 두렵습니다	0	2	False	0.7509	NORMAL	N/A
1375	교회가 문제야!! 하나님의 벌이닷 받아랏!!!!! 사이비를 처내는구나	0	2	False	0.9352	NORMAL	N/A
1378	괜히 어슬렁거렸다가는 자기가 화풀이대상될텐데	0	2	False	0.5	NORMAL	N/A
1380	타임즈 떴다~! 글 보고 와라~	0	2	False	0.5451	NORMAL	N/A
1381	자지레이터 발동!!!!! 자드르르르르르르르르르르르르를르르르르	1	2	False	0.546	GENDER/SLUR	N/A
1388	다문화를 묵인하지 말고 순수 한국인들의 자식을 많이 낳도록 정책을 펴는 게 급선무~	0	2	False	0.6285	NORMAL	N/A
1393	국민의 힘이 질 수가 없는 환경이구나. 20대 남자만 들고 일어나는게 아니라 40대 남자들도 들고 일어날 듯..	0	2	False	0.6107	NORMAL	N/A
1394	방역을 어떻게 하나..... 무지의 끝판왕	0	2	False	0.5834	NORMAL	N/A
1397	저번 총선때 싹망하고 다시시작하자고 궤변을 하던 사람들이 몇있었는데 이젠 별걸 다 망하자고 하는사람도 나오네요 비공 야무지게 하나 드려봅니다	0	2	False	0.9417	NORMAL	N/A
1399	남자는 듬직해야하고, 져줘야하고, 돈 잘벌어야 하는 존재가 아니니까, 남자 능력 따지지마라. 남혐이다.	0	2	False	0.8606	NORMAL	N/A
1404	너 고소미 당첨아청법 위반	0	2	False	0.8916	NORMAL	N/A
1410	개신교는 대체로 우파 성향임...날라리 신자들 중에 좌파가 많은편 ...독실한 신자는100% 우파임	0	2	False	0.7122	NORMAL	N/A
1411	대한민국 정치 정말 지저분하다. 순수하고 깨끗하신 분이 저리 되시다니...	0	2	False	0.6174	NORMAL	N/A
1414	에이즈나 퍼트리는 쓰레기 변실금 새끼들 ㅡㅡ	1	2	False	0.5144	LGBTQ	N/A
1415	이미 김정은 일당에게 포섭된 사람이라서 화낼 필요가 없다	0	2	False	0.7125	NORMAL	N/A
1417	트젠새키들은정신병치료른해야지 자지를짜르냐 ㅋㅋ	2	1	False	0.5749	LGBTQ/SLUR	N/A
1421	경상도 출신이 전남와서 술마신 거나대구 번화가 술집 이거나 둘중에 하나 겠지 ㅇㅇ	0	2	False	0.6912	NORMAL	N/A
1425	난 이번 계기로 미국이 문화적으로 탈종교했으면 좋겠다 이슬람을 기독교로 대처하는것도 현명하지못하고 종교에는 무교 불가지론이 답이다	0	2	False	0.7991	NORMAL	N/A
1428	어릴때 성폭력 경험 기억해보면 딱 저거였노 그야말로얼어붙는현상을 보이노. 눈만떴을뿐 아무생각도못하고 그대로 얼어붙는거노	0	2	False	0.9309	NORMAL	N/A
1429	정답은 아베탄핵 암만 원숭이라도 그정도는 알지않나??	0	2	False	0.936	NORMAL	N/A
1431	저거 대로라면 불체자들 어떡해서든 한국에서 애 놓을려고 기승을 부리겠네! 나라 꼬라지가 정치인들 밥 그릇 싸움 하는 동안 저런법안이 만들어지고 입법을 기다리고 있으니 참으로 가관이다!	0	2	False	0.9022	NORMAL	N/A
1438	인권침해..참 말이좋다이 그럴꺼면 더 조심하고 다니든가 자긴 인권침해면 그로인해 감염된 사람들은 어쩔	0	2	False	0.7822	NORMAL	N/A
1444	페라리 향수 쓴다조타	0	2	False	0.5984	NORMAL	N/A
1447	일베 논란 예약꼭 성공해라 ㅋㅋ	0	2	False	0.8481	NORMAL	N/A
1457	주식부자 이재명도 전라도 기업 주식은 하나도 없더라	0	2	False	0.9097	NORMAL	N/A
1460	잘가라~~	0	2	False	0.4991	NORMAL	N/A
1467	강간당하구좋지머	1	2	False	0.838	SLUR	N/A
1468	너도 가해자다. 책임지고 낱낱이 사실 밝혀라. 변호사 대동해서 피해갈 생각 하지말고. 공무원으로써 소명을 다하길	0	2	False	0.6488	NORMAL	N/A
1477	한남충들 군무 더럽노 방법은 하나다 재기해라	1	2	False	0.5306	GENDER/SLUR	N/A
1479	한국인이 일본인들 보고 속을 알 수 없는 사람들 이런 말이 넌센스지	0	2	False	0.7934	NORMAL	N/A
1485	이야~ 경향 ㅋㅋㅋㅋㅋㅋㅋㅋㅋㅋ	0	2	False	0.7327	NORMAL	N/A
1490	의사들 수가 목사들 수 절반만 되어도 의료공백은 없을텐데	0	2	False	0.5309	NORMAL	N/A
1491	강원도는 빙결 저항경상도는 화상 저항전라도는 냄새 저항	0	2	False	0.8917	NORMAL	N/A
1515	ㅋㅋㅋㅋㅋ미친놈아니놐ㅋㅋㅋㅋㅋㅋ와 진심 빨리 재기 좀	1	2	False	0.734	SLUR/COMMUNITY	N/A
1523	작년 10월에 바이러스 시뮬레이션 왜 했는지 부터가 궁금하다. 아직 바이러스 알려지지도 않았을 때인데 말야.	0	2	False	0.5019	NORMAL	N/A
1527	웃음만 나와   왜그럴까 이유를 알기때문이지	0	2	False	0.4985	NORMAL	N/A
1535	강제북송 시켜야된다 저새끼들은 총살을 당하던 벌집이돼서 거름이되던 상관할빠아님	2	1	False	0.6417	SLUR/RACISM	N/A
1541	사회적 합의와 정확한 통계와 근거를 가지고 법적인 절차를 공정하게 이해하여 학생인권조례재정해라. 성소수자의 범위와 통계를 제시 하고 문제점도 제시하라.	0	2	False	0.64	NORMAL	N/A
1549	저거 시계야 지금 7시네 ㅋㅋㅋㅋ	0	2	False	0.6204	NORMAL	N/A
1559	이런거 안보고 싶은데 그냥 조용히 키워라. 뭐 애같고 장사하는것도 아니고. 쯧	0	2	False	0.7853	NORMAL	N/A
1560	제발목사부부는죽게하여주시옵소서!	1	2	False	0.5562	RELIGION/SLUR	N/A
1579	한국에서 오래 살아서 한국 시민권 얻으면저사람이 고소 가능할텐데 말 아껴서 쓰자	0	2	False	0.5032	NORMAL	N/A
1584	은지원 표정 ㅋㅋㅋㅋㅋㅋㅋㅋㅋㅋㅋㅋㅋㅋ	0	2	False	0.6136	NORMAL	N/A
1593	우리도 이슬람 받아들이고 난민받아들이고해서 보지들 좀 힘들게 만들어야됨	2	1	False	0.5871	GENDER/SLUR/RELIGION	N/A
1594	몸매는 웬만한 김치녀 씹바르는데~ 뒤치기 하면서 털뽑아주면 환장할듯~	2	1	False	0.615	GENDER/SLUR	N/A
1595	씁쓸하다. 페미니 메갈이니 꼴보기싫어서 저렇게 행동했다는게 시원하다고 느끼는 지금 이런 감정자체가 씁쓸하다. 범죄를 보고도 신고를 안하는게 당연시 되다니...정신차려야되 여자든 남자든 상식적인 세상으로 돌아왔으면 좋겠다.	0	2	False	0.7243	NORMAL	N/A
1601	집엔 사랑하는 아빠와 오빠, 남동생이 있건만. . . 혐오를 넘어 질서를 세우자.	0	2	False	0.6063	NORMAL	N/A
1604	으 소름 불반도 한남충들싹 재기해버려라익이 내가졸업한머학도 성추행교수놈 있다던데 으ㅡㅡ	1	2	False	0.5458	GENDER/SLUR/COMMUNITY	N/A
1615	하트감성 무시ㄴㄴ	0	2	False	0.8949	NORMAL	N/A
1620	부모는 자식의 거울이다 훌륭한 부모님께 사랑 많이 받고 자라서인지 자존감이 월등하군요 30호님 매력이 넘쳐요 팬 됐쓰요	0	2	False	0.6343	NORMAL	N/A
1624	통찰 ㅅㅌㅊ 글은 워추노 냄져들 몰살시키고 보토피아를 구축하여 행복한 나와 그 행복에 보탬이 되는 환경을 만들어야 하노	1	2	False	0.582	GENDER/SLUR/COMMUNITY	N/A
1627	은행창구에는 리얼돌 세워놔도 수입변화 지장없자너피싸개들 왜뽑음?	1	2	False	0.7448	GENDER/SLUR	N/A
1633	중간에 재기아니냐ㅋ 자지들은 늙어도 후장임신도 잘되고 대체 어딜봐서 저출산국가노	2	1	False	0.5687	GENDER/SLUR	N/A
1648	Vote Nigger Again!	1	2	False	0.6632	RACISM	N/A
1653	그냥 하지마........ 욕 안 하고 안 하면 될 것을..............	0	2	False	0.593	NORMAL	N/A
1664	좋은 정보 ㄱㅅ	0	2	False	0.5749	NORMAL	N/A
1667	저건 뭐 피해주는것도 아닌데 하든가 말든가	0	2	False	0.5244	NORMAL	N/A
1675	아니 그보다 지갑에 마카롱이 들어가...? 지갑이 무슨... 지갑이 아니라 가방 아닐까..	0	2	False	0.561	NORMAL	N/A
1698	1:10 끝장토론 함보자... 주의원 한번 해보겠다며?	0	2	False	0.6132	NORMAL	N/A
1702	쌍도멸망소취	2	1	False	0.4949	REGIONAL/SLUR	N/A
1705	만화 용오 에서 비슷한 장면이 온갖 고문에도 난 절대 입을 열지 않겠다고 여기서 죽으면 난 천국에 간다고 버티던 사람을 고기스튜 떠서 먹이겠다고 하니깐 사람이 변함...	0	2	False	0.9116	NORMAL	N/A
1708	왐마 전남이여? 솔찮헐시	0	2	False	0.5547	NORMAL	N/A
1722	걍 벌금 ㄱㄱ	0	2	False	0.6485	NORMAL	N/A
1725	행동력보소ㅋㅋ ㄱㅆㅅㅌㅊ 피싸개들이 예전부터 이것저것 행동력은 좋아	1	2	False	0.8189	GENDER/SLUR	N/A
1736	아이폰은 miracamfree 이거 쓰면 됨	0	2	False	0.5545	NORMAL	N/A
1739	난 개안아요	2	0	False	0.516	NORMAL	N/A
1740	좀만더크면 좆집으로쓰려고하는거임 게이새끼들	1	2	False	0.7478	LGBTQ/SLUR	N/A
1762	부부 모두 구속시켜라. 미살인죄로다	0	2	False	0.7726	NORMAL	N/A
1767	충분히 모를수가 있다고 생각하는데?여행사를 이용해서 갔기 때문에 근데 아마 여행사측에서는 알고있었겠지참고로 저지역에서 성지순례를 하는개 아니라 이스라엘도 들어가는 길목이라고 하더라	0	2	False	0.4965	NORMAL	N/A
1771	90년대 초반까지는 흔하게 쓰이던 말인데 어느순간 사라짐	0	2	False	0.505	NORMAL	N/A
1774	앞똥놈들 좆물로 소설쓰고 있노 현실은 부랄쪼그라들어서 보지 눈도 못쳐다보는 ㅈㅎㅌㅊ 좆놈들이ㅋㅋ	2	1	False	0.5575	GENDER/SLUR/COMMUNITY	N/A
1776	이얘기 10 년 전으로 가서 우리 집사람 한테 좀 해줘라	0	2	False	0.6525	NORMAL	N/A
1787	홍어들 쟤네들 강간할려다가 쳐맞음ㅊ쟤네들은 지네들이 원하는 섹스가 아니면 여전사 빙의해서 칼들고 설친다 홍어들 강간못함	2	1	False	0.511	REGIONAL/SLUR	N/A
1798	독방 ㅇㅈ?	0	2	False	0.5471	NORMAL	N/A
1800	30대 초중반 애엄마 특징 젖골 안가려서 훔쳐보기 개꿀	1	2	False	0.9004	GENDER/SLUR	N/A
1801	이춘식(98) 세뱃돈 줫다뺏어 추태	0	2	False	0.8915	NORMAL	N/A
1817	그냥 나라 없애자	0	2	False	0.745	NORMAL	N/A
1830	차별금지법의 내용을 모르는 사람이  너무 많아요~~ 내용을 모르니 뭐가 문제인지도 모르고  왜 반대하는지도 모르고 오히려 왜  반대하냐고 ...ㅜ	0	2	False	0.5215	NORMAL	N/A
1837	전라도 = 광주 = 인천 = 부산 = 대구 ㄹㅇㅍㅌ ㅂㅂㅂㄱ	0	2	False	0.911	NORMAL	N/A
1852	착한 팀킬 ^오^	0	2	False	0.9148	NORMAL	N/A
1853	다른곳에 잘못 흘러가는 세금이나 잡으세요. 좋은일하는분들한테 더 주지는 못할망정!!애하나 하루 키우기도 힘들다!	0	2	False	0.598	NORMAL	N/A
1859	어떻게 먹으면 45분 동안 급하게 먹냐? ㅋㅋㅋㅋㅋㅋㅋ특별한 곳도 아닌거 같은데 45분동안 밥먹는 사람이 식당 손님 걱정해주면 터질만 하겠네 ㅋㅋㅋ	0	2	False	0.6932	NORMAL	N/A
1864	근데 진짜다.혈통주의 완화 검색해봐라.애만 낳으면 전부 대한민국 국적 주는거 이미 추진 중.	0	2	False	0.6616	NORMAL	N/A
1866	지금 법 제정하려는 차별금지법은 개인의 자유까지 침범하려는 악법 중의 악법이잖아요... 절대 안돼 정말...	0	2	False	0.6155	NORMAL	N/A
1869	아 씨발 저새끼들 다 죽여 버리고 싶다. 가뜩이나 여자 짱짱맨으로 변하는 것도 짜증나 죽겠는데 똥꼬충 까지 나오면 씨발 안본다	1	2	False	0.5537	LGBTQ/SLUR	N/A
1871	버닝썬vip룸에서 약먹이고 성폭행한 가해자는 수사한다는말이 아예없네 쓸데없는 연예인만 잡냐! 공수처설치해서 수사권과기소권으로 고위공직자범죄도 처벌하라	0	2	False	0.8407	NORMAL	N/A
1873	음...젠더가 나쁜건아닌데 굳이 여대? ㅜ 여대면 너무 편하게 생각될것같은데 편견있는 사람들은 속는기분? 기숙사라던지 친구들과 여행이라던지 등등 여대라 편하게 생각할 학우들에게는 좀 실례아닌가 입학후 난 트렌스젠더야! 라고 알리고 다닐것 아니면 좀 ...	0	2	False	0.6631	NORMAL	N/A
1883	남성도 태아초기에는 전부 여성인데 남성이 여성일 때의 기질을 버리는 게 쉽지 않지.	0	2	False	0.5155	NORMAL	N/A
1895	ㅇㄱㄱㅆㄹㅇ이노..후팔 사이 안좋은 자댕이 새끼 하나 있었는데 그 회사내에서도 왕따였노 일때문에 어쩔 수 없이 말 걸어줬더니 지한테 관심있는줄 알더노... 진짜 한남들 거울 좀 보고 한강이나 가라 좆팔	1	2	False	0.697	GENDER/SLUR/COMMUNITY	N/A
1896	일부다처제 해서 부인들끼리 합심으로 죽이면 재밌겠노 ㅋㅋㅋㅋ완전범죄 가능할거같다고 보노 하용가?	1	2	False	0.7447	SLUR/COMMUNITY	N/A
1902	수술로 자궁 적출한 여성이 남성이 되는 게 아닌것은 당연한데 왜 냄져가 고자되면 여자취급을 해줘야하노? 흑좆나 웃기노ㅋㅋㅋㅋ다 죽여버려야한다 이기	1	2	False	0.5181	LGBTQ/GENDER/SLUR/COMMUNITY	N/A
1905	어지간하다 ㅎㅎ 적당히 하자	0	2	False	0.5175	NORMAL	N/A
1907	그래도 지잡ㄷㅐ 나온 년 보다는 이대 나온년 따먹고 싶다 이기	1	2	False	0.7468	GENDER/SLUR/COMMUNITY	N/A
1914	네들은 됐고 난민 로린이만 데리고 오고 싶다 일게이들한테 하나씩 나눠주면 맛있는것도 먹여가면서 잘키울건데	1	2	False	0.7539	AGE/RACISM/SLUR/COMMUNITY	N/A
1935	홍홍따리 홍홍따~	0	2	False	0.7039	NORMAL	N/A
1941	후장친구가 하다가 죽는 걸 봐도 그 맛을 못잊어서... 참 미개하다 똥꼬충들이 에이즈 동물들한테 옮아서 인류한테 아직도 옮기고 다니고 있다	1	2	False	0.5311	LGBTQ/SLUR	N/A
1953	난민 찬미가이구만,	0	2	False	0.5669	NORMAL	N/A
1973	<위험> 당신은 지금 전라도 작전 제2장'경상도나 전라도나' 전술에 선동당하고 있습니다	0	2	False	0.9294	NORMAL	N/A
1977	"""헐리우드 로맨스 영화 보는 여자한테 문둥병자 남자가 나타나서 """"나도 남자니까 나 좋아해야하는데 왜 안 좋아하냐 영화보는 여자 싫다"""" 이러는 식 ㅋㅋ"""	0	2	False	0.9127	NORMAL	N/A
1982	저 자리 가기엔 너무 젊은데시장은 미어터지게 좁고 통번대 출신은 예전보다 많은데 1세대가 아직도 현역이라 교수 연줄 아니면 절대로 못 간다어디 얼굴 좀 비출 정도면 채소 40대 후반이 보통임	0	2	False	0.6554	NORMAL	N/A
1988	개독이나이슬람이나한국은 개독 새끼들 부터 싸그리 말살해야한다	1	2	False	0.6791	RELIGION/SLUR	N/A
1990	대단하긴 하다 멀 어케 구워 삼길래	0	2	False	0.6191	NORMAL	N/A
1991	보지때리면 고추때린것처럼아프냐?	2	1	False	0.5694	GENDER/SLUR	N/A
1998	#Prayforkorea	0	2	False	0.4924	NORMAL	N/A
2005	애새끼 면상보니. 파오후한테 강간당했네	1	2	False	0.7869	SLUR	N/A
2019	이젠 목사가 하나님 믿는자로 안보인다 사이비 집단 교주로만 보인다	0	2	False	0.6894	NORMAL	N/A
2023	뜰딱 = 짱깨	1	2	False	0.8836	AGE/RACISM	N/A
2031	예수님 안 믿으면 지옥간다 기독교를 열심히 믿는 나라는 선진국 된다	0	2	False	0.6141	RELIGION/NORMAL	N/A
2035	가명을 알려주는게 불리하게 작용할 수도 있지 않나?가명을 썼다는거 자체가 성추행 또는 성폭행 의도가 있었다 라고 할 수도 있잖아	0	2	False	0.5294	NORMAL	N/A
2037	이 나라의 미래를 보려거든 고개를 들어 서두원을 보라	2	0	False	0.558	NORMAL	N/A
2040	남자에게 능력을 갖추라고 하는것이나 여자에게 예뻐지기 위해 노력하라는거나! 재밌게 살기 위해서는 둘다 맞는 말임	0	2	False	0.6013	NORMAL	N/A
2043	....니보지 허벌보지라는 생각은 안했노?	1	2	False	0.603	GENDER/SLUR	N/A
2052	퀴어는 무슨. 씹faggot 새끼들	1	2	False	0.8547	LGBTQ	N/A
2070	야 너련 능력자다 저 글 올라온지 을매나 됐다고 벌써 이런 쌉고퀄리티 로고가 나와벌이노 보지들 스피드가 한남 도태하는 스피드 따라잡노 껄껄	1	2	False	0.7357	COMMUNITY/GENDER	N/A
2072	하여간 무슬림이랑 짱깨는 인종청소라는 개념이 왜 있는 것인지 설명해주는 인류말종들	1	2	False	0.5665	RACISM	N/A
2073	일반화의 오류를 범하네 개슬람 병신 모자란 알라씨발노무 새끼가 ㅋ	1	2	False	0.7811	RELIGION	N/A
2087	근데 탈북하면 남아있는 탈북자 가족은 다 사형아니냐?	0	2	False	0.7245	NORMAL	N/A
2088	천주교부터 다 학살하자	1	2	False	0.5275	RELIGION	N/A
2092	진심 한남들 심각하게 운동안하노 진짜 근육있는 새낄 제대로 못봤노 그나마 예전엔(원빈 똥방신끼 세대) 남배우 좆돌 안가리고 초콜릿 복근 식스팩 뭐뭐 열풍이기까진 했는데 요샌 무작정 착즙의 향연에 평균수준이 갈수록 더 구려지는거 같노 도태각이 몹시 날카롭다 이기	1	2	False	0.7599	GENDER/COMMUNITY	N/A
2101	ㅎㅎㅎㅎㅎ오윾남 니 주변 다 웜련~~~ 지가 마치 여자를 만날 수 있는 줄 착각하는 한남충 독백글 잘봤노	1	2	False	0.8763	COMMUNITY/GENDER	N/A
2107	ㄹㅇ 한남틀딱이 딸 냄편으로 한남보다 대만계를 더 좋아한다고 한 뉴스도 있었노	1	2	False	0.8387	GENDER/AGE/COMMUNITY	N/A
2108	이 분 개쌍도쌍도 까면 홍어인데, 홍어 까는 건 쌍도가 아닐 수도 있음기적의 쌍도논리 ㄷㄷ	1	2	False	0.8561	REGIONAL	N/A
2109	저 유충들 커봐야 지금40대 개좆같은병신될꺼 뻔하노	1	2	False	0.7137	AGE/COMMUNITY	N/A
2117	저런 좃병신 새끼들은 어디가면 보냐?아직 내 주위에선 못봐서 궁금하다이기	1	2	False	0.8585	COMMUNITY/SLUR	N/A
2125	첫번째 자댕놈 비위상하노	1	2	False	0.7107	GENDER/COMMUNITY	N/A
2130	논리로 안될거다이기 감정이 이미 그런것을... 위엣련이 말한것처럼 니가 안이쁘고 안잘나봤기때문에 막연히 그렇게 생각하는거라고 말해주고 더이상 연락하지마라	1	2	False	0.9164	COMMUNITY/GENDER	N/A
2131	한국은 이런 어려운 문제를 그냥 불법으로 묶어두고 덮어버리는 경향이 있는 것 같습니다... 성 산업 역시 양지로 끌고와서 법의 테두리 안에 두어야 한다고 봅니다.	0	2	False	0.6329	NORMAL	N/A
2133	아니 보복부에서 마한걸 가짜뉴스라니..	2	0	False	0.4966	NORMAL	N/A
2140	죽여버리고싶노 저딴걸영화라고만드냐	1	2	False	0.7918	SLUR/COMMUNITY	N/A
2141	주작이 아니라면짱개+그 성별+워마드 ㄹㅇ 혼돈의 카오스 그 자체네 ㅋㅋㅋ	1	2	False	0.889	RACISM/GENDER	N/A
2142	주 예수보다 더 귀한 것은 없네 이 세상 명예와 바꿀 수 없네 이전에 즐기던 세상일도 주 사랑하는 맘 뺏지 못해세상 즐거움 다 버리고 세상 자랑 다 버렸네주 예수보다 더 귀한 것은 없네 예수밖에는 없네	0	2	False	0.7757	NORMAL	N/A
2144	동성애자같은 사회적 변태소수자들 봐주면 안되는이유가교제허용하면 결혼허용해달라하고, 결혼 허용해주면 또 입양도 허용해달라고하는 정신병자들임Pc충들은 그냥 다 정신병자야	1	2	False	0.7954	LGBTQ	N/A
2151	워마드도 너무 소프트하노 페미코인 페미딥웹 만들어서 자지들처럼 쇼린이 포르노 살인청부 여혐 사이트 해킹도 해야되는데 미러링이 아직 원본을 못따라가노	1	2	False	0.5478	COMMUNITY/GENDER	N/A
2152	무슬림 장애력 ㅍㅌㅊ?	1	2	False	0.8797	RELIGION/SLUR/COMMUNITY	N/A
2154	개독이 아무리 쌍욕을 먹어도 호모새끼들 절대 인정 안하는것 하나만큼은 킹정해줘야됨	1	2	False	0.9	RELIGION/LGBTQ	N/A
2160	대한민국의 미래 급식베츙이 응원한다	1	2	False	0.902	AGE/COMMUNITY	N/A
2164	한국인이면 짱깨한테 좋은감정이 잇을리가 있냐 전라도는 외국이니 제외하고	1	2	False	0.8845	RACISM/REGIONAL	N/A
2169	아군이였네.	2	0	False	0.5542	NORMAL	N/A
2173	자지들은 왜 저렇게 멍청할까?	1	2	False	0.5084	GENDER	N/A
2175	재기영기민기 ㄲㄲㄲ 다음은 상기 가자 이니야	1	2	False	0.4978	COMMUNITY	N/A
2177	보지년들 존나 무식한거보소 ㅋㅋㅋㄱㅋ	1	2	False	0.7431	GENDER	N/A
2179	제발 방구석 일베에서만 지랄하지말고 나가서 기름이라도 몸에 부어 바꾸고 싶으면 !!!!!!	1	2	False	0.776	COMMUNITY/SLUR	N/A
2180	저게 어쩌면 저들이 살아남는 법일지도 모름	2	0	False	0.5017	NORMAL	N/A
2181	존나 어거지전라도 홍어 새끼들의 한계	1	2	False	0.8045	REGIONAL	N/A
2187	인도냐? 미간에 꿈꿈파우더 쳐바르고 손으로 쳐먹는거	1	2	False	0.7175	RACISM	N/A
2188	인천 = 짱깨	1	2	False	0.9269	RACISM/REGIONAL	N/A
2197	1. 보지값존나비쌈. 2. 인력부족이 아니고 걍 단속 안하는거. 관청이 또 거짓말하네.ㅋ 3. 한국남자들이 이용하는 매춘은 존나 처벌 단속 하면서 외국남자들이 하는건 처벌안하고 단속안함. ㅋㅋ 이게 남한.ㅋㅋ	1	2	False	0.7965	GENDER/RACISM	N/A
2209	그러케 당하고도 모르냐 결국 홍어본색 드러 낼꺼다	1	2	False	0.927	REGIONAL	N/A
2210	이슬람은 정신병으로 안내하는 개잡교리이고, 무슬림은 정신병자들이다.	1	2	False	0.8168	RELIGION	N/A
2217	작년에 그렇게 아묻따 보지뽑으랬는데도 정신못차리고 쌍도틀딱 이니뽑은 것들 때문에 완벽한 자지독재국됐노. 뒤늦게나마 쎄한거 눈치챈년들이라도 끌어모아서 좆불시위 열어야된다이기 재앙이 탄핵시켜야되노	1	2	False	0.5722	COMMUNITY/GENDER/REGIONAL	N/A
2218	이목구비 진한 게 왜 인기 없는지아냐?김치년들 지들이 모두 무쌍꺼풀인데 쌍수해서 나중에 애낳으면무쌍꺼풀 실눈을 남편탓하기 좋아서 그래 ㅋㅋㅋㅋㅋㅋㅋ순진하네 한남들ㅋㅋㅋㅋ	1	2	False	0.7649	GENDER	N/A
2220	SNS에서의 표현은 현실보다 공연성이 있고 정확한 증거가 되므로 법적 처벌을 강화해야 된다고 봅니다.	0	2	False	0.5034	NORMAL	N/A
2223	그리고 일본페미가 망햇댜는것도 뇌피셜이지 ㅋㅋㅋㅋ 김치국보다 앞서있노 일본도 페미의 승리로 고용차별금지법 통과되고 김치국보다 봊성인권 높은데 김치국 주제파악좀 ㅋㅋㅋㅋㄴ	1	2	False	0.8356	GENDER/RACISM	N/A
2225	지랄똥싸고 자빠졌노 이제껏 몰카는 남들일이었다가 갑자기 눈깔 벌개서 관음이노? 캬악 퉷	1	2	False	0.8235	SLUR/COMMUNITY	N/A
2227	휴 다행이다 성매매말고 본인능력으로 갱뱅하는놈들 존나부럽더라..	1	2	False	0.847	SLUR	N/A
2231	아니 시발 동성애자들이 티 안내고 있으니까 호모포비아들이 많지 않은거지 대놓고 저렇게 해버리면 시발 나라도 존나 동성애자 씹 극혐 스킨헤드된다	1	2	False	0.8246	LGBTQ	N/A
2235	웅앵웅앵..페미무쪄워용웅앵웅앵... 어휴..ㅂㅅ..	1	2	False	0.8028	COMMUNITY/SLUR	N/A
2236	아니시발 현실에선 머구니 창원이니 이딴곳 어디붙어있는지도 모르는사람들이 대부분인데;; 제발 서울 부산빼고는 동네이름 쓰지마진짜 특히 대구개새끼들보면 일부러지들동네 홍보하고싶어함ㅡㅡ	1	2	False	0.8655	REGIONAL/SLUR	N/A
2237	어떤구멍이든 맛만좋으면된다	1	2	False	0.5606	SLUR	N/A
2241	귀엽게 생겼는데	2	0	False	0.5718	NORMAL	N/A
2242	뭐가 맘충이야 그냥 및치ㄴ련이지	1	2	False	0.795	GENDER	N/A
2244	한남군대동아리는 좆둥이클럽이 아니노. 탄알세면서 좆전쟁소꼽장난이나 연습하는 좆둥아리 유치원이노. 대마리화나나 빨면서 비웃어줘야겠노	1	2	False	0.515	GENDER/COMMUNITY	N/A
2248	나...먼저 보지좀...	1	0	False	0.5716	GENDER	N/A
2251	즌라도에선 성희롱이 아니랑깽	1	2	False	0.9146	REGIONAL/COMMUNITY	N/A
2253	얼굴이 개씹이면 당연히 꾸미는데 많이들지 근데 그건 남자문제가아니지 시벌년아	1	2	False	0.867	GENDER/SLUR	N/A
2255	난 6.9 한남 조카만 봐도 기부니가 나쁜데 저건 어떡하노 웅앵웅	1	2	False	0.5623	GENDER/COMMUNITY	N/A
2259	전라도 뒤통수는 과학이다. 절대 믿지 마라	1	2	False	0.8473	REGIONAL	N/A
2261	역시 짱깨는 미개함 그 자체 ㅋㅋㅋ 공공장소에서 똥오줌 가릴줄도 모르노	1	2	False	0.8228	RACISM/COMMUNITY	N/A
2262	한남충들 군가 부르는거 보면 진짜 기괴함 ㅋㅋㅋ 집단 정신병 걸린거 같음	1	2	False	0.8137	GENDER	N/A
2263	틀딱들 냄새 오지네... 옆에만 가도 코가 썩는 기분	1	2	False	0.9139	AGE	N/A
2264	페미년들 다 죽었으면 좋겠노 ㅋㅋㅋㅋ 이기야	1	2	False	0.5122	GENDER/COMMUNITY	N/A
2266	경상도 통구이들 지랄하네 ㅋㅋㅋ 어묵 먹고 싶냐?	1	2	False	0.7981	REGIONAL/COMMUNITY	N/A
2270	전라도 홍어 새끼들 통수 조심해라 ㅋㅋㅋ	1	2	False	0.8048	REGIONAL	N/A
2273	한남충들 웅앵웅 하는거 보면 개웃김 ㅋㅋㅋ 피해의식 지림	1	2	False	0.8764	GENDER/COMMUNITY	N/A
2275	전라도는 외국이다. 기미도 보이지 마라	1	2	False	0.7857	REGIONAL	N/A
2280	전라도 사람들은 통수가 기본 패시브인듯 ㅋㅋㅋ	1	2	False	0.8711	REGIONAL/COMMUNITY	N/A
2282	틀딱들 냄새 오지네... 옆에만 가도 코가 썩는 기분	1	2	False	0.9139	AGE	N/A
2291	한남충들 또 시작이네 ㅋㅋㅋ 지들이 무능해서 도태된걸 왜 여자 탓을 함?	1	2	False	0.9076	GENDER/COMMUNITY	N/A
2292	역시 전라도는 홍어의 땅 ㅋㅋㅋ 뒤통수 조심해야지	1	2	False	0.7727	REGIONAL	N/A
2294	정게 틀딱, 박사모들 워마드 보빨한다고 페미니즘 옹호하기 시작했다	1	2	False	0.8429	AGE/COMMUNITY/GENDER	N/A
2301	조금만 검색해봐도 시기가 안 맞다는 거 알 수 있는데 선동되는 것들은 무뇌충이지	1	2	False	0.9361	SLUR	N/A
2302	남녀관계 폭행은 초범에 골절이나 영구 장애안생기는 범위안에는 훈방때려야 저년들이 한대씩 처맞어본 경험이 생겨 안깝치지남자한테..	1	2	False	0.7768	GENDER	N/A
2303	병신들 이순신도 충남 아산 출신이다 어휴 라도수준하곤	1	2	False	0.8916	REGIONAL/SLUR	N/A
2306	들어간이유는?	2	0	False	0.5965	NORMAL	N/A
2307	진짜 지들이 애기 건들생각 좆도없는 범죄유혹으로부터 자유로운 인간이면 저딴소리 할수가없지않노? 한남이 아무리 한남이라지만 후팔ㅋㅋㅋㅋ저건 ㄹㅇ그냥 지들이 ^나도언젠가 당할일^이라며 피해자 꽃뱀만들고 가해자에 빙의하는 클라스,,,,^^ 자혐 풀충전하고감니다.....^^	1	2	False	0.8354	GENDER/COMMUNITY	N/A
2310	실..화냐?.... 후팔..후팔..후파아아아알	1	2	False	0.8055	COMMUNITY/SLUR	N/A
2314	눈에는 눈 이에는 이~~일단 인분부터 먹이고 시작합시다~~	1	2	False	0.7648	SLUR	N/A
2320	워마드를 누가 페미사이트라 말하노 페미는 이미 온갖 꿘충에 먹혔노 만만한게 여자라 젠신병자며 게이며 다 들러붙는데 후팔 절대 안되노	1	2	False	0.8022	COMMUNITY/LGBTQ/GENDER	N/A
2322	에휴 급식충 새끼들 저런 새끼들 밥도 아깝다	1	2	False	0.875	AGE	N/A
2323	허구언날 보지가 어쩌고 자지가 어쩌고하는 니들하고 똑같은데 뭘ㅋㅋㅋㅋㅋㅋㅋ	1	2	False	0.6223	GENDER	N/A
2324	언론에서도 동성애에 대해 더 자세하게 알려줘야 합니다. 동성애는 인류애가 결코 아닙니다.	0	2	False	0.5603	LGBTQ	N/A
2327	뽐뿌 남커뮤노? 워마드 주소는 무서워서 안써놨노?ㅋㅋㅋㅋ 주소 좀 써주려고 들어갔더니 죄 한남댓글이노	1	2	False	0.9288	GENDER/COMMUNITY	N/A
2330	웃챙ㅋㅋㅋㅋㅋㅋ써먹어야겠노^느^	1	2	False	0.8875	COMMUNITY	N/A
2334	🐕판아 월급으로 🐕 똥이나 사무라~	1	2	False	0.8884	SLUR	N/A
2339	이건 개독교인이 문젠거냐? 전라디언이 문젠거냐????? 헷갈리네	1	2	False	0.9116	RELIGION/REGIONAL	N/A
2344	전라도 IP 는 볼 수 없는 글입니다	1	2	False	0.9168	REGIONAL	N/A
2345	후벌창이라고 해야맞다	1	2	False	0.5013	LGBTQ/SLUR	N/A
2351	야이 ㅂㅅ아 반일=우파다 ㅂㅅ아 우피의 근본은 우리나라를 사랑하는 애국심이있어야한다 근데 다른나라도 아니고 식민지배했던 일본을 처 빨아댄다??? 그냥 조선족 빨갱이새끼라고 보면된다	1	2	False	0.9011	RACISM/COMMUNITY	N/A
2359	영자가 틀린 말 한거 없는거 맞음 한국 사람들이 좆족, 짱개라고 하는건 짱개국 탈출해서한국이나 그 외 지역에 기생하면서 똥물 퍼뜨리는 새끼들은얘기하는거지아 화교 새끼들 포함	1	2	False	0.7938	RACISM	N/A
2360	정상인애들은 잘만 남자만나고댕기던데... 쿵쾅이들 사랑못받아봐서 오또케ㅠ	1	2	False	0.8761	GENDER/COMMUNITY	N/A
2361	운지왕이라면서 왜 운지안하노ㅋㅋ 그와중에 창조주가 사준 내복입고 찍은거보소 ㅋㅋㅋ	1	2	False	0.6104	COMMUNITY	N/A
2362	차별금지법을 막는게 진정으로 성소수자들을 위하는 거란걸 모르시나요? 그들을 정죄하려는게 아니라 죄로부터 깨닫게 하려는 겁니다. 4천년동안 변하지 않았고 앞으로도 변하지 않을 성경의 진리를 왜곡하지 마세요.	0	2	False	0.5597	LGBTQ	N/A
2367	한국여자는 다 김치녀라는 말은 잘 하다가 한국여자는 다 메갈이라는 말은 곧뒈져도 안함 ㅋㅋㅋㅋㅋ 김치녀=김치좆이 못가져서 짜증냈던 여자	1	2	False	0.6647	GENDER	N/A
2368	지들을 코르셋. 흉자라고 했다고 화내는거다익이 코르셋 흉자소리 들으면 열받아한다익이 역시 ㄹㅇ좆빨러 탈출은 지능문제	1	2	False	0.799	GENDER/COMMUNITY	N/A
2369	홍어가 몸에좋고 맛도좋당게요~ㅋㅋㅋㅋㅋㅋㅋㅋㅋㅋ	1	2	False	0.7594	REGIONAL	N/A
2373	저렇게 까지해서 쳐먹는건 뚱뚱한 몸땡이 아니노? 한남 가축보다 못한듯	1	2	False	0.7776	GENDER/SLUR	N/A
2376	외국인을 없애자 외국인을 없애자 한국에는 한국인만 남기자	1	2	False	0.8135	RACISM	N/A
2377	김치년들 개좆같거 다 아는데 인간적으로 짱깨년 쉴드는 치지마라 중국인들 종종 보이네 중국남자들도 거르는 짱깨년들을ㅋㅋㅋ 중국인이랑 결혼하면 애새끼도 짱깨화되어서 민도낮고 중화사상 좆됨 마인드는 스시김치짱깨 순	1	2	False	0.6902	GENDER/RACISM	N/A
2379	저씨발 개홍어니미 좆같은년 얼마나 한국이 우습게 보일까 씨발후라질년	1	2	False	0.5567	REGIONAL/GENDER/SLUR	N/A
2382	군도에서 멋있게 나오더라	2	0	False	0.5844	NORMAL	N/A
2383	로봉순 매니저한테 모텔에서따먹힘 ㅋㅋㅋ매니저가 모텔대려다주고 나갈렜는데 로봉순이 옷벗길레 아 대주는건가보다 하고따먹었다함 ㄹㅇ 인방갤에 글쌈	1	2	False	0.634	GENDER/SLUR	N/A
2387	아다창련이 나가신다 길을 비켜라 퍄퍄퍄	1	2	False	0.6774	GENDER	N/A
2389	행동보지 봊나 멋지고 앵나오노. 수고했다 이기야. 나도 하고싶노.	1	2	False	0.6629	GENDER/COMMUNITY	N/A
2390	좀 꺼져라 개슬람 씨발년들아	1	2	False	0.7649	RELIGION/SLUR	N/A
2392	잘했다 세상에 쓸모없는 생명이 1 줄어들었구나 니가 큰일을했다	1	2	False	0.9201	SLUR	N/A
2400	하여간 헬조센 개돼지들 남한테 앵나 관심많노ㅋㅋ	1	2	False	0.8761	SLUR/COMMUNITY	N/A
2403	퀴어들이 근데 왜 좌파냐? 페미들은 사상자체가 사회주의자들인데 퀴어는 그냥 정신병자들인데	1	2	False	0.9154	LGBTQ/GENDER	N/A
2407	병신 일본새끼들은 사이코 패스 기질가진 언제 통수 칠지 모르는 정신병자 민족들이다 ㅋㅋㅋㅋㅋ 중국은 우리에게 문물을 전해준 어머니같은 나라고일본을 믿느니 중국을 믿는게 백배는 더 낫지	1	2	False	0.8412	RACISM	N/A
2408	조임 지렸다 구멍이 한남에게 딱이노	1	2	False	0.627	GENDER/SLUR	N/A
2409	통일부, 여성가족부는 없애야 할 부서들	0	2	False	0.6269	NORMAL	N/A
2414	요시! 북에서 알아서 게이들 산업화 시켜주노 ㅋㅋㅋ 병신북괴들 이건 예상 못했겠지	1	2	False	0.7847	LGBTQ/RACISM/COMMUNITY	N/A
2415	네다쌍ㅋㅋㅋㅋㅋㅋㅋㅋㅋㅋㅋㅋ	1	2	False	0.823	REGIONAL/COMMUNITY	N/A
2419	남창도 도도해야 돈번다ㅋㅋㅋ	1	2	False	0.8963	GENDER	N/A
2421	모래알 뭉친거지. 딴건 몰라도 게이들 박쥐같다고 바이 좋나 싫어한다 바이 애들도 이거 알고 이반 좆나 싫어함	1	2	False	0.8596	LGBTQ	N/A
2423	페미니즘은 더욱 철저히 짓밟아서 다시는 싹트지 못하게 해야 한다. 코로나만큼이나 사회를 병들게 하는 아주 못된 사상이다	1	2	False	0.7064	GENDER	N/A
2424	주님 개슬람옹호하는 이쓰레기들을 용서해주세요 이새끼들은 지들이 뭔죄를 짓고있는지도 모릅니다	1	2	False	0.87	RELIGION	N/A
2435	그와중에도 부자냄져랑 결혼한 여자 눈꼴사나와서 못봐가지고 김치녀라고 존나까댐 시발번탈 자짓놈들이 .ㅉ 영앤리치핸섬 여자한테 헌신하는 자댕이한테 결혼해도 손해인거슬.....	1	2	False	0.5715	GENDER	N/A
2436	보지민국 하루이틀 보냐?대신 보지년들 의무는 남자들이 독박쓰고 청춘 허비해야하지 ^^여자는 약대~ 남자는 군대~	1	2	False	0.6405	GENDER	N/A
2438	메갈 사실상 딴나라..전라도급	1	2	False	0.8082	GENDER/REGIONAL	N/A
2439	맞구만. 20대까지는 그냥 발정난 짐승임	1	2	False	0.8407	AGE	N/A
2441	와 진짜 집안에 저런 개집냔 하나 있으면 답도 없을듯 연 끊는것이 정답이다.	1	2	False	0.8507	GENDER	N/A
2444	법이 허용한다면 제가 저 미혼모를 마구 때려 숨지게 해보고 싶습니다. 될까요 ?	1	2	False	0.7399	GENDER/SLUR	N/A
2453	S펜 분리 드립치는 새끼들 똥꼬에다 S펜 쏙 박아버리고 싶다	1	2	False	0.6474	SLUR	N/A
2464	메오후 쿰척쿰척	1	2	False	0.8822	GENDER	N/A
2465	응 좆까 ^^	1	2	False	0.7915	SLUR	N/A
2466	페미니즘이나 기독교나 천주교나 똑같은 정신병이지판타지 소설이랑 현실이랑 구분 못하는게 정신병이지 그럼 뭐냐의게이들 등판 안하노	1	2	False	0.8988	GENDER/RELIGION/COMMUNITY	N/A
2468	생명의 위협을 느껴서	2	0	False	0.5909	NORMAL	N/A
2470	한국인들이 한남에게 당하고 산다는 뉘앙스로 말하면 ㅎㅌㅊ되노. 어차피 걔네 아시아 여권 좆창난거 다 아노. 한남 실체 뿐만이 아니라 내가 복수해줬단 식으로 추가적으로 말해야 6쟤는 그냥 당하는 년이 아니구나 보복이라도 한다9는 이미지를 구축할 수 있다 이기야	1	2	False	0.8106	GENDER/COMMUNITY	N/A
2471	그러게요..무슨 상식으로 이 혼란의 시기에 퀴어축제를 개최한답니까?? 당신들의 뇌는 안녕하십니까??	1	2	False	0.7912	LGBTQ/SLUR	N/A
2472	나 웜창인생인데 왜 이거 처음 보노? 앵나 면상 갈렸노	1	2	False	0.834	COMMUNITY/SLUR	N/A
2473	여자들이 돼지면 여자라고 칠수가없음자기관리를 못하면 인간이하. ^슨^	1	2	False	0.734	GENDER	N/A
2474	문신늘어날텐데	2	0	False	0.5577	NORMAL	N/A
2480	더 웃긴건 개독교 교리상 목사 좆구멍에 십일조니 감사헌금이니 축복헌금이니 돌헌금이니 건축헌금이니 주일헌금이니 선교헌금이니대략 지월급 20프로이상을 쑤셔다 받쳐야함 ㅋㅋ목사는 그걸로 또 창녀에게 유흥즐기고일석이조 ㅆㅅㅌㅊㅋㅋ	1	2	False	0.7129	RELIGION	N/A
2482	보력가라 후팔 몰카한남충 재기해	1	2	False	0.5936	COMMUNITY/GENDER	N/A
2488	미개한 새끼들이라 좆도 아닌 거에 집착하노 ㅋㅋㅋ 자고있을 때 자른 건 빡칠만하긴 한데 수염이 명예?ㅋㅋㅋㅋㅋㅋ	1	2	False	0.8306	RACISM/SLUR/COMMUNITY	N/A
2489	정확히는 K 즌라 잼민 이잖아	1	2	False	0.8948	REGIONAL/AGE	N/A
2490	그만 좀 살려 ㅅㅂ놈아	1	2	False	0.9091	SLUR	N/A
2494	사스가 똥꼬충 클라스 ^똥^	1	2	False	0.8061	LGBTQ	N/A
2496	개독 씹새끼들 총출동했네.. 있지도 않은 사막잡신 야훼씹새끼 믿는 졷센징 수준..졷센징들 있지도않은 단군믿는거랑 개독새끼들 있지도 않은 야훼믿는거랑 다른게 뭐냐?	1	2	False	0.7462	RELIGION/RACISM	N/A
2504	나만 아니면 돼;'의 상징 ..	2	0	False	0.5476	NORMAL	N/A
2510	이렇기 때문에 전라도사람들을 싫어하는어른들의 말이 더 신빙성이 있다는거다왜냐면 7시에 거주하는 홍어는 상대하지 못했지만상경한 홍어들을 직접 겪어봤기 때문에전라도사람을 욕하는거다	1	2	False	0.7933	REGIONAL	N/A
2511	경상도 씹새끼들 실망이다.	1	2	False	0.8357	REGIONAL/SLUR	N/A
2512	캐나다도 좋겠다	2	0	False	0.5682	NORMAL	N/A
2519	짱골라 vs 베트콩 재현하盧 ㅋㅋㅋㅋ 짱깨새끼들이 동남아에서 하는짓만 봐도 뻔한데 친중정책하는 좆반도 클라스 키아	1	2	False	0.8232	RACISM/COMMUNITY	N/A
2520	내가 겪어 본 전라도 홍어들보면그런 것 같다초보 사기꾼전라도 홍어들은사람 데리고 가스라이팅 하듯사람 심리를 계속 알려고 함질문도 자주하고말도 많음이주 귀챦게 함	1	2	False	0.7192	REGIONAL	N/A
2522	부랄찜 부랄전골 부랄볶이	1	2	False	0.6225	GENDER	N/A
2527	뉴스앤조이는 기독언론 아닌듯	2	0	False	0.5544	NORMAL	N/A
2531	캣맘충들 유튜브에서도 영상 올리더라사람들 몰래 새벽에 활동함 개 병신들	1	2	False	0.8834	GENDER/SLUR	N/A
2533	차별금지법은 망국의 악법입니다!	0	2	False	0.5712	LGBTQ	N/A
2535	딴거 다필요없고 여성의 권리를 위협하는 성별 변경에 반대한다. ㅋㅋㅋㅋㅋㅋ 여성의 권리ㅋㅋ 어휴 펨나치들ㅋㅋ 성별이 벼슬이냐 ㅂ8ㅕㅇ신들ㅋ	1	2	False	0.7744	GENDER/SLUR	N/A
2539	아직도 시진핑 좆빨아주는 요 씹새낀 정체가 뭐냐?	1	2	False	0.8296	RACISM/SLUR	N/A
2540	존나게 홍어 쉐리들 많다.안그런척 하면서 은근 홍어 쉴드치고 상도 깔때는 존나 앞장서는,ㅋ1.5세대 서울, 경기, 경상도권에 사는 혼혈홍어인듯.	1	2	False	0.8046	REGIONAL	N/A
2542	서울은 서울이여니가 사는 동네가 홍어밭임	1	2	False	0.8948	REGIONAL	N/A
2549	광주 민주화 시키러 가노 ㅋㅋㅋ	1	2	False	0.8805	REGIONAL/COMMUNITY	N/A
2555	기간제 교사라 짤릴까봐 대처도 못하고 저러는거 존나 가슴아프다자식들이 지네 아버지가 저러는거 봐쓰면 피눈물 흘릴듯	0	2	False	0.8116	NORMAL	N/A
2556	솔직히 이건 정상참작이다	2	0	False	0.5581	NORMAL	N/A
2559	그냥 하느님한테 돈주고 치료 받으세요 헌금으로~	0	2	False	0.7515	RELIGION	N/A
2562	글쓴 새끼 홍어 틀딱	1	2	False	0.877	REGIONAL/AGE	N/A
2563	그래서 오히려 정상인을 역차별 하자는거야.싫은걸 싫타고 하는게 민주주의야. 외국도 성소수자를 다 이해해주지 않아.다름을 인정해야지. 정상인을 바보로 만드는 법을 왜 만들어	0	2	False	0.8118	LGBTQ	N/A
2566	쌍도가또. ..	1	2	False	0.8911	REGIONAL	N/A
2567	일단 기득권은 무조건 추진하고 싶은데 토론하면 반대하는 소리 나오니까 토론을 안하는거지 ㅋㅋㅋ직관적으로 생각하면 간단한건데 뭘 이상하게 생각함?	0	2	False	0.7448	NORMAL	N/A
2568	한남충!!!	1	2	False	0.7436	GENDER	N/A
2569	어서어서 하나님곁으로 가도록 치료해주지 마세요...그렇게 원하는데...정신이상자들	1	2	False	0.9151	RELIGION	N/A
2575	단순히 소수 취향의 문제만이 아니고, 하는 행동이 상식에서 벗어난 피해 행동이 많은데, 정상집회라고 이렇게 포장하기에는 무리가 있지 않나? 본인들도 좀 자중하지 참...	0	2	False	0.7217	LGBTQ	N/A
2576	역으로 남초가서 지은이형 야동합성하고 성희롱하고 악플다는 남자들 신고히면 한남들 다 고소 당할거노ㅋㅋㅋㅋㅋ	1	2	False	0.9327	GENDER	N/A
2577	울산에서 노팬티 여자본적있다ᆞ식당 입구에서 두세번째 정도 ᆞ입구에 들어서면 그여자 다리가 정면에서 보이는위치에 앉아 있엇는데 ᆞ미니스커트에 ㅉ	1	2	False	0.8655	GENDER/SLUR	N/A
2578	동성애 물리치료사는 있는데 무슬림 물리치료사는 없노	1	2	False	0.5566	LGBTQ/RELIGION	N/A
2582	한국 교회는 다 사이비다. 목사들은 돈 때문에 하는 사탄	1	2	False	0.9323	RELIGION	N/A
2584	예수가 얼마나 악랄한새낀지 즈그들만 모름ㅋㅋ	1	2	False	0.9076	RELIGION	N/A
2585	ㄴㄴ 오우....예지력 상승이래... 완전 아줌마 냄새... 그거 한 10년전에 쓰던 말인데...	1	2	False	0.9279	GENDER/AGE	N/A
2587	토착왜구 새끼들 부터 제거해야 바른 사회 된다	1	2	False	0.8477	RACISM/SLUR	N/A
2588	어유 냄새난다 진짜 이제 걍 노가다베스트저장소 다된것같다 진심으로 ㅋㅋ 한두번이어야 적당히 웃기지 뭔 매번 김씨드립아니면 노가다얘기만 판치네 틀딱 쉰내도 오지고	1	2	False	0.8915	AGE/SLUR	N/A
2589	동성애가 보호 권장해야할 사항인가......동성애를 법적으로 보호 조장하려는 포괄적차별금지법 절대반대!!	0	2	False	0.7329	LGBTQ	N/A
2591	정신병꼴페미 = 나치 + 빨갱이	1	2	False	0.8609	GENDER/COMMUNITY	N/A
2592	근데 로리대장 변호인이 여자고? ㅋㅋㅋㅋ 믿을 사람한테 맡겨야지ㅋㅋㅋ	1	2	False	0.9468	GENDER/SLUR	N/A
2593	애미디진 똥꼬충들진짜	1	2	False	0.5095	LGBTQ/SLUR	N/A
2594	김치녀보다 더 악독하다 새끼낳아놓고 아다라고 우김;; 그거 믿어준 요셉도 참 호구...	1	2	False	0.7484	GENDER/RELIGION	N/A
2595	맞노 시골이 밤엔 껌껌하고 돌아댕기는 사람도 없지 주변에 논밭많고 산도 가까이 있지 자댕이 하나 죽이고 묻기에 제격이노	1	2	False	0.5468	GENDER/COMMUNITY	N/A
2596	봊빵은 왜 없냐? 성차별하네 시발년들이	1	2	False	0.7689	GENDER	N/A
2597	TK 저것들은 왜구종자다 사람아니다	1	2	False	0.8183	REGIONAL/RACISM	N/A
2600	대주러 간거야?	1	2	False	0.895	GENDER/SLUR	N/A
2606	하기사 둘째 고모랑 망혼한 좆편도 뉴질랜드에서 영주권까지 딴 한남새끼였는데 굳이 고모 갈아서 펜션에서 놀고먹는것만 봐도 한남들 수준 알겠노ㅉㅉ	1	2	False	0.7622	GENDER	N/A
2610	목소리 성형 가능하다.. 다만 너무 비싸서 금수저 아니면 못한다고 봐야지.. 트렌스젠더는 진짜 피해만 안주면 상관없는데.. 나중에 남편될분 부모님이 받을 충격과 분노는 상관안해줄수가 없다..자기 부모도 마찬가지지만..	0	2	False	0.6637	LGBTQ	N/A
2612	고등생물이 한평생을 한사람과 살아야 한다는 결혼관습..비혼주의자는 아니지만 솔직히 한사람만 보며 평생 살 자신은 없다.	0	2	False	0.5916	NORMAL	N/A
2617	사실상 여자가 남자를 이길 수 있는 신체활동은 섹스뿐 ㄹㅇ	1	2	False	0.9103	GENDER	N/A
2620	그쵸.돈주는 사용자를 욕해야지. 노동자의 인종을 욕하면 안되죠.	0	2	False	0.5576	NORMAL	N/A
2624	그 피싸개들이 싫어하는 빨간 줄 두줄 그어라 이기야!	1	2	False	0.5835	GENDER	N/A
2627	친일파 처단 이용하는 애들보면 야권애들이 더 많더라 ㅋㅋㅋ친일파는 처단해야되지만그렇다고 친중할 이유는 없자나? 개같은 짱깨랑 친중파 새끼들아	1	2	False	0.9158	RACISM	N/A
2628	숨쉴한 ㅋㅋㅋㅋㅋㅋㅋㅋㅋㅋㅋㅋㅋㅋㅋㅋㅋㅋㅋㅋㅋㅋㅋㅋㅋㅋㅋㅋㅋㅋㅋ귀엽노 ㅋㅋㅋㅋㅋㅋㅋㅋㅋㅋㅋㅋㅋㅋㅋㅋㅋㅋㅋㅋㅋㅋㅋㅋㅋㅋㅋㅋㅋㅋㅋㅋㅋㅋㅋㅋㅋㅋㅋㅋㅋㅋㅋㅋㅋ	1	2	False	0.8947	GENDER/COMMUNITY	N/A
2633	사회자 십새끼	1	2	False	0.8901	SLUR	N/A
2637	홧김에 울분에 이런거 경상도. 태연하게 뻔뻔하게 계획적으로 이런건 전라도.	0	2	False	0.9085	REGIONAL	N/A
2638	됌.. 여자알바생 시급 6500원주면서 강간해도됌	1	2	False	0.7661	GENDER	N/A
2640	자릉 자릉 자르르르르르르르르르르르릉	1	2	False	0.8187	GENDER	N/A
2641	그러다 서희씨 배경 밝혀지고 또 자들자들 하더노... 그들의 빻음에 절로 탄식이 나오노	1	2	False	0.813	GENDER	N/A
2643	홍어들에게 겪는 고통, 그 고통에 몇십배가 저런 외국인에게 권력을 갖게 하는 것이다. 지금처럼 애국이 병신이 되는 시대에는 이 땅에 살아가는 평범한 사람들에게는 제 나라에서 병신되는 꼴이 오고 말 것이다.	1	2	False	0.7887	REGIONAL/RACISM	N/A
2646	부자에 판검사의사면 뭐하노ㅋㅋ 상폐에 와꾸 좆창나면 관심도 없다이기	1	2	False	0.7978	AGE/SLUR	N/A
2651	나는 페미를 혐오한다 메갈쿵쾅이 멧퉤지년들 꺼져라	1	2	False	0.6836	GENDER	N/A
2654	좆팔 앱충 옵충 다 뒤질 년이노. 정상에서 만나자 이년아	1	2	False	0.6506	GENDER	N/A
2656	남자들은 우리는 군대간다라는말을한다. 여자들은 출산한다한다. 그럼 군대가는사람과 출산하는사람만 국가에서 확실하게 법적으로 해택을 더 주면 되는거임. 군대 안간사람과 출산안한사람 보다 국가에 큰도움을 준건 사실이니깐.	0	2	False	0.5597	NORMAL	N/A
2657	아따 유작이노.ㅋ 근데 좆놈새끼 와꾸는 한남벌레새끼노 칵퉤 씨부랄	1	2	False	0.701	GENDER	N/A
2658	너련이 본건 아무것도 아니노. 내가 아는 한남충은 납치당한 아이가 죽어서 엄마가 오열하는거 보고 웃더노.. 유사인류그 자체노.	1	2	False	0.8001	GENDER	N/A
2660	정말 신기하다. 파도파도 끝이없네	2	0	False	0.5601	SLUR	N/A
2661	전라도는 24시간 조심 안하면 언제 뒤통수칠지 모르기 때문에 항상 조심해야 한다.	1	2	False	0.8265	REGIONAL	N/A
2665	뒈짓 안자노 ㅇㅊ ㅍ ㅑ ㅍ ㅑ	1	2	False	0.8031	SLUR/COMMUNITY	N/A
2666	오젔다 개독들 또설친다 시발 창조설믿는 머가리 랩터보다 못한새끼들 또날뛰네 시발 마굿간콜걸 아들새끼 왜빠는지몰라	1	2	False	0.708	RELIGION	N/A
2668	안철수 말에 공감하는이가 많다는건 성소수자들의 인격과 취향을 존중하지만 남녀노소 전부가 보는 광장에서 하는건 아이들의 정서발달에 악영향을 줄수있다는 판단이다 성소수자들의 권리도 중요하지만 반대로 보고싶지않은 이들의 권리도 있다는게 옳은말아닌가	0	2	False	0.6515	LGBTQ	N/A
2672	페미니즘할거면 대체 결혼은 왜한거야 걍 이혼해야 하는거 아닌가	0	2	False	0.7086	GENDER	N/A
2674	코로나 바이러스 걸린 사람이 죽으면 그 사람을 화장하면 코로나도 같이 삭제됨?	0	2	False	0.5822	NORMAL	N/A
2678	솔직히 대통령 누가 되던 다문화 밀꺼같은데 인구감소, 고령화 해결되도 계속 파퀴랑 똥남아쓰레기들 수입하는게 현정치 패러다임이다. 난 그래서 그냥 북미로 이민왔음	1	2	False	0.8709	RACISM	N/A
2679	근데 좌석차등제도 기업보이들이 돈더 뜯어낼라고 만든거아니노?ㅋㅋ 결국 자적자노 이기이기	1	2	False	0.8645	GENDER/COMMUNITY	N/A
2687	후팔 이게 나라노? ㄹㅇ 좆본 욕할게 없노 좆국만한 성진국이 없다이기 저딴걸 당당히 게재해놓다니 미친거아니노	1	2	False	0.7895	RACISM/COMMUNITY	N/A
2688	짤 저거 닭발임?	0	2	False	0.6529	NORMAL	N/A
2690	지들 스스로도 게이라고 못밝히는것들이 무슨 인권을 논하노 걍변태 똥꼬충 그이상 그이하도 아님	1	2	False	0.7469	LGBTQ	N/A
2691	으 생각하는거 좆나 한남같노	1	2	False	0.8892	GENDER/COMMUNITY	N/A
2692	웜년들 웃창 답변 올라오면 캡쳐해서 올릴 웜년 없노? 나이제한이 내 길을 막아뿟노 좆팔	1	2	False	0.8406	GENDER/COMMUNITY	N/A
2695	범죄자들 도피처가 목사 전도사 되는길. 신원조회하면 전과자비율이 제일 높은 직업군이 개신교일거다	0	2	False	0.8454	RELIGION	N/A
2696	ㄱㆍ개독 특징유대사람이 쓴 망상 판타지를 진리라고하는정신병ㅈ자	1	2	False	0.903	RELIGION	N/A
2697	불쌍하네요 소중한 아이들이 제일우선이죠 쌍둥이 는 혼자서 못키워요 누군가의 도움이 필요한데 기관에 맡기든가 아빠를 찿아 넘기든가 부모님의 도움을 받든가 했어야죠 혼자서 3명의 아이를 어찌 키운답니까 힘들게	0	2	False	0.5336	NORMAL	N/A
2698	편도결석 냄새 개꼴림한번 맡으면 헤어나오지 못해서다음 결석은 언제 생기나 기다려짐	1	2	False	0.7319	SLUR	N/A
2699	진리네좆족 + 홍어 ㅂㄷㅂㄷ	1	2	False	0.8031	RACISM/REGIONAL	N/A
2706	캬 명불허전 쌍도저장소	1	2	False	0.8272	REGIONAL/COMMUNITY	N/A
2707	김일성이 적화후에 더 이상 쓸모가 없어진전라도를 말살 시키라고 유언을 남겼었지 ㅇㅇ	1	2	False	0.4944	REGIONAL	N/A
2708	똥꼬충 페스티벌을 저딴식으로 하니까 인식이 더 좆되는거지 장애인들	1	2	False	0.7921	LGBTQ	N/A
2710	오버워치 하는 애들 신고해저거 초딩들 못한다며경찰서에 신고하면 바로 출동한다던데 ㅋㅋㅋ	0	2	False	0.6192	NORMAL	N/A
2711	아들 군대보내기 싫음... 고생하는건 맘아프지만 나라지키는 거니까...그러나 군대내 동성애 상관에게 당하는건 절대 용서못한다. 이성애자의 인권도 절대보호해라!	0	2	False	0.7906	LGBTQ	N/A
2713	박원순 시장은 대권을바라보는 차기 후보라고 보는데 여직원 에게 못할짓을 햇으면 떳떳 하게 사과하고 물러날것이지 비겁하게 죽음을 택하다니 이런분이 대통령이됏으면 답이 안나온다	0	2	False	0.7732	SLUR	N/A
2714	와우 ㅋㅋㅋㅋ	0	2	False	0.5015	NORMAL	N/A
2721	맘충들 씨발 남편이 싸대기 한대 때리면 뒤도 안 보고 이혼할 년들이김정은한테는 아주 포용력이 태평양이네ㅋㅋㅋ	1	2	False	0.8152	GENDER	N/A
2727	"""XXXL사이즈의 거구 간호사曰""""(합숙소)만 아니었으면 확 죽여버리는건데""""ㅋㅋㅋㅋㅋ"""	1	2	False	0.8393	SLUR	N/A
2729	김치녀들 어떻노이렇게 여자가 살기 좋은 나라가 또 어딨다고 차별이니 뭐니 발악을 하지 않냐?답은 뭐다? 보검이 카와이♡	1	2	False	0.8021	GENDER/COMMUNITY	N/A
2732	아무말안하는게 좋음	2	0	False	0.5982	NORMAL	N/A
2734	병신인가?튀기가 비하로 들리냐?잡종새끼가 더 비하로 들릴텐데	1	2	False	0.8294	RACISM/SLUR	N/A
2736	죠죠죠죠죠죠죠죠죠죶죠죠죠죠죠죠죠죶죠죶죠죠죠	1	2	False	0.6273	SLUR	N/A
2737	남자라서 군대가야되는거 언제 까지 해야돼요?? 페미니즘이 이런건 아니잖아요?	0	2	False	0.591	GENDER	N/A
2741	영국자체가 eu와 크게 관련없어서 저런거다 일단 섬나라에 독자적인화폐 파운드가 생각보다 쌔고 ,굳이 유로화 바꿀필요도없었으며 과거부터 툭하면 탈퇴하겠다고 떠들던나라임 ㅇㅇ 묶여있는것도없고 공동방위니뭐니해도 육상으로묶인나라도아니여서 이점도크게없었다	0	2	False	0.7084	NORMAL	N/A
2742	아직도 애 낳는 거랑 군대랑 비교하는 새우 대가리만도 못 한 년들이 있냐?	1	2	False	0.8512	GENDER/SLUR	N/A
2743	완전 개념남이노 끝까지 개념남 타이틀 지키려면 마 딱 재기해라ㅋㅋ	1	2	False	0.747	GENDER/COMMUNITY	N/A
2746	그나라가면 그나라 법을 따라야지 당연한거 아닌감 이슬람 사람들 가뜩이나 테러자들이 많은데 말이야	1	2	False	0.7378	RELIGION	N/A
2748	남친 성매매 이력 발견돼서 헤어지면 그 여자분들은 성매매 한번도 안 한 저 같은 오징어를 바라봐 주나요?	0	2	False	0.8684	NORMAL	N/A
2749	국방의 의무를 분담하라고 요구해야 돼. 여성부 패미 메갈돼지들을 잡는 가장 좋은 방법이다.	1	2	False	0.6981	GENDER	N/A
2750	홍어가 만선이다.	1	2	False	0.8196	REGIONAL	N/A
2752	틀딱은 좌좀임	1	2	False	0.9149	AGE/COMMUNITY	N/A
2757	975 고추도 없거니와 고추 달려서 저런거노 자집애들이란 원래 미개하고 야비한 종특 밖에 없노	1	2	False	0.645	GENDER	N/A
2759	41살이면 백수질하고있으면 자괴감 안오냐 ? 중년틀딱새갸 ? ㅋㅋㅋㅋㅋㅋ 시발 2030도아니고 40대가 백수면 느낌이 어떤걸까?	1	2	False	0.9149	AGE	N/A
2760	40대는 ㄹㅇ 쓰래기통이누	1	2	False	0.9143	AGE	N/A
2763	감자채볶음에 김치 넣어서 밥 비벼먹어라 호박도 있고 풍성하네	0	2	False	0.8488	NORMAL	N/A
2764	ㅇㄱㄹㅇ 자지새끼들 좆렬	1	2	False	0.5216	GENDER	N/A
2767	약오리 이새끼 씹 병신이네.	1	2	False	0.9068	SLUR	N/A
2769	사생아 예수새끼 믿는거랑 기타령하는 한무당 믿는거랑 뭐가다르냐 ㅋㅋㅋㅋ바퀴벌레랑 구더기랑 싸운다고 구더기 지지해주냐? 걍 둘다 불로 지지고말지 ㅋ	1	2	False	0.6831	RELIGION	N/A
2776	He라고 부르는 것도 이상한데...본인이 남자로 사는 게 어떤 건지 알기나하나...	0	2	False	0.6159	NORMAL	N/A
2780	평균 아이큐 73에 키 161 열등 토인 필리피노한태 죽어나가는 한국인이 한해 몇명인지나 알고 말하는건가?	1	2	False	0.6794	RACISM	N/A
2781	스시녀도 대단하다 베트콩남을 만나다니	1	2	False	0.7987	RACISM	N/A
2782	그래서 조선시대는 노예취급 받아 혹사됨. 왜란때승병들도 싸웠는데 아오안	0	2	False	0.7192	NORMAL	N/A
2783	한남들 시끄러울 때=여혐 할 때노; 여혐하러 도퇘지들 쿵쾅대며 달려오느라 땅이 울리노	1	2	False	0.7641	GENDER	N/A
2784	중간에 분홍걸레 뒤집어쓴사람 누구냐자살충동만 느끼지말고 그냥 죽었으면 좋것다	1	2	False	0.7092	SLUR	N/A
2786	오 고맙노이기야 한남충이랑 말섞게되면 꼭써보겟노 ㅋㅋㅋ	1	2	False	0.8608	GENDER/COMMUNITY	N/A
2789	역시 중심은 팡주다	1	2	False	0.9242	REGIONAL/COMMUNITY	N/A
2790	중국동포는 씨발 중국 짱깨지. 그좋은 중국 놔두고 왜 우리나라 와서 지랄들이냐.	1	2	False	0.8323	RACISM	N/A
2791	안철수가 바른말 했다.	2	0	False	0.5164	NORMAL	N/A
2796	박근혜가 아니고 보지신이 환생해서 정치한다고 해도 지지하고 말고는 내 마음이다. 니가 뭔데 박근혜안지지=\=페미니스트 아님,개머지라고 주장하노? 부랄이 풍년이네아주	1	2	False	0.7024	GENDER/SLUR	N/A
2798	밑에 주소들도 들어가서 읽어보는걸 추천하노 지적장애인들의 심각성을 알수있노	1	2	False	0.943	SLUR	N/A
2800	저새끼 패고싶다...	1	2	False	0.8065	SLUR	N/A
2801	역시 한국뉴스보다 일베가 빠름	0	2	False	0.7974	NORMAL	N/A
2802	유럽으로 따지면 한큐에 2천만명넘게 난민받는다고 생각하면됨 그냥 개쓰레기 민폐 그자체지 자원,노동력 이지랄ㅋㅋㅋㅋㅋㅋㅋㅋㅋㅋㅋㅋㅋㅋㅋㅋ양심종범 전라도같은새끼들	1	2	False	0.8235	REGIONAL/COMMUNITY	N/A
2804	촌놈새끼들 나이는 나이대로 쳐먹어놓고 똥남아 병신년 사먹지좀 마라	1	2	False	0.7895	RACISM/REGIONAL	N/A
2806	언능 세금으로 한강 물 다 빼고 해양경찰 투입해서 핸폰 찾아서 박물관에 보관후 크래인 출동시켜서 옆으로 눞혔다 세우고 돌리고 넘기고 하자 ㅋㅋㅋㅋ 촛불시위도 잊지말고 진행하자	0	2	False	0.8009	NORMAL	N/A
2807	성폭행은 그쪽의 전통이지관행이어서 봐주는거 아니었냐.섬 강강범들은 존나 봐주더민	1	2	False	0.9002	REGIONAL	N/A
2811	외국인 성병검사 확실히 하고 국내에 있는 사람들 학교나 직장에서 성병검사 의무적으로 실행해서 에이즈있는 사람들은 입국금지, 사회적 격리해야한다 얼마없는 에이즈환자들 때문에 다수의 사람들이 피해를 보게되는건 아니라고 본다	0	2	False	0.7616	COMMUNITY	N/A
2814	차별이 아닌 응당한 댓가다. 여자화장실에 남자가 들어가면 범죄로 처벌받는데 멀쩡한 신체 절단하는 정신병 남자가 여자화장실 들어가는건 당연한거고 못하게하면 차별이냐?이게 무슨 괴논리냐	1	2	False	0.9296	LGBTQ	N/A
2815	수고많았다 난 9일에 한다 여긴 달서구 상인동 오바~	0	2	False	0.659	NORMAL	N/A
2827	목사=악마=사탄 고로교회는 하나님성전이 아니라 악마와 사탄에소굴이다 그러기땜 신도들도 사탄에 자식들이다	1	2	False	0.9098	RELIGION	N/A
2828	니손이큰거냐??책이작은거냣??	0	2	False	0.5886	NORMAL	N/A
2829	닉이 진짜 ㅋㅋㅋㅋㅋㅋㅋㅋㅋ	0	2	False	0.6472	NORMAL	N/A
2830	사람이 먼저다.. 그러나 남자는 사람이 아니다..	1	2	False	0.5394	GENDER	N/A
2831	진짜 외국살면서 저런 어메이징한년들 본적이없다.. 좆빨러다니기 바빠서 그런지 남자한테 순종적임	1	2	False	0.7767	GENDER/SLUR	N/A
2833	실제상황 이거 잼있음 일요일 낮에 재방하는거 가끔 보는데 꿀잼	0	2	False	0.5248	NORMAL	N/A
2834	첫짤 원본 첨보네ㅋㅋㅋ	0	2	False	0.5987	NORMAL	N/A
2835	뿌리는 한국 개좆같은 소리를 하고 있네 씨발새끼들중국에 있는 에미애비 아직 안 썩고 살아있으면 물아봐라 육이오때 누구편애서 누구한테 총질했었는지	1	2	False	0.7341	RACISM/SLUR	N/A
2836	통구이들이겠지...	1	2	False	0.8267	REGIONAL	N/A
2837	세계로 번지는 바이러스 짱깨,개슬람, 전라도	1	2	False	0.6112	RACISM/RELIGION/REGIONAL	N/A
2838	참 좋은 얘기인데 너무 대놓고 얘기해서 표 좀 깎일 덧..	0	2	False	0.5321	NORMAL	N/A
2841	여자가 아니다 이런 발언은 좀 시대에 뒤떨어지긴 했음	0	2	False	0.5097	NORMAL	N/A
2843	저 기사는 새빨간 '거짓' 이다. 전라도가 그럴리 없다. 전라도가 12살짜리 의붓딸에게 농사 '만' 시켰을리 없다. 내가 보증한다	0	2	False	0.911	REGIONAL	N/A
2845	피해망상 (페미) 정신병은 유전될 수 있으니,,, 되도록이면,,, 자연도태시키는게 맞다.	1	2	False	0.7408	GENDER	N/A
2846	무개념 틀딱에겐 몽둥이가 약인데 세상 잘만나서 안쳐맞고 다니는걸 고맙게 생각을 못하네	1	2	False	0.8364	AGE	N/A
2848	봊나맞는말이노 현실하고 괴리를 머릿속에서 쓰까쓰까 이유만들어서 갖다붙이고 합리화시키노 그냥 인정하고 고쳐나가면 되는거슬..보지들이 과한 도덕코르셋끼고 살아서 항상 옳고 정당해야한다는 압박을 받아서 그러는거같노 이게 다 항남충때문이다	1	2	False	0.71	GENDER	N/A
2851	여자에게 안 퍼주면 여자가 하는 일 - 한남 안 만나고 유충 안 까고 인구 줄고 좆국 경제 좆창	1	2	False	0.5495	GENDER/AGE/COMMUNITY	N/A
2854	한녀충보센징	1	2	False	0.7152	GENDER/RACISM	N/A
2858	나는 리버럴 패앱니스트다 애비를 몽둥이로 찜질하는 건 내 자유니 효도코르셋이라 하지말라이기!!!	1	2	False	0.6012	GENDER/COMMUNITY	N/A
2860	입술존나 섹시하다. 핫바물려도되냐	1	2	False	0.8999	SLUR	N/A
2868	말도 못알아듣고 힘만 써대고 생각없이 피해만주고 사는 장애좆=한남 아니노?	1	2	False	0.7278	GENDER/COMMUNITY	N/A
2869	사회가아니라 숙대.	2	0	False	0.5729	NORMAL	N/A
2871	씹선비국가클라스네 이시발새끼들ㅋㅋ 창녀좀사먹었다고 직위해제시켜뿌노	1	2	False	0.8642	GENDER/SLUR	N/A
2875	자지들은 애초에 뭘 하려고 하질 마라. 좀. 다시 말한다. 좆들은 감히 목표란 것을	1	2	False	0.5163	GENDER	N/A
2877	저거 메뉴화면보면 꼭 내가 저기 장난감가게에 들어온느낌들더라자동차박스보면서 왠지 사는느낌들고	0	2	False	0.5523	NORMAL	N/A
2881	좆같이생걋네 ㅋㅋㅋ일본년ㅋㅋㅋㅋ	1	2	False	0.8529	RACISM/SLUR	N/A
2888	쌍도존나많은데 묻히고싶구나?	1	2	False	0.9355	REGIONAL	N/A
2889	블박영상 어디서 봐요?	2	0	False	0.6151	NORMAL	N/A
2891	개쌍도딸딸이 ㅋㅋㅋㅋㅋㅋㅋㅋㅋㅋㅋㅋㅋㅋㅋㅋㅋㅋ	1	2	False	0.7973	REGIONAL	N/A
2895	틀송장 위장보수 새끼들 패미까지 쳐빠는 쓰레기들임 ㅋㅋㅋㅋㅋㅋㅋㅋ	1	2	False	0.8593	AGE/SLUR	N/A
2906	도퇘남이라서 페이강간하는 더러운 새끼들ㅋㅋㅋㅋㅋ쪽팔리지도 않노 ㅋㅋㅋㅋㅋㅋ	1	2	False	0.6036	GENDER/SLUR	N/A
2910	일본 살바에 대한민국 산다.일본에서 4년제 대학 졸업한 친구 있는데 많은 이야기 나눠봤는데결론만 말하면 평균적인 능력이면 한국,일본에서 사는건 비슷하다.그럴바에는 그냥 자기가 태어난 나라에서 사는게 훨씬 낫다는게 결론이다.	0	2	False	0.5917	NORMAL	N/A
2912	진짜 뷔페년들 자기 마음에 안들면 여혐 이란다  의무는 0도 안하면서 권리는 100 다찾아 먹을 려는 얌체보다 더한 지 집들이다	1	2	False	0.8504	GENDER	N/A
2914	역시 한남충 앱새끼들 사회악이노	1	2	False	0.8185	GENDER/SLUR	N/A
2915	화목하고 부유한 집안의 가정에서는 성소수자가 나올 수 없다는 연구결과가 있다. 성소수자들은 자신들이 그러고 싶어서 그러는줄 아냐? 혐오를 멈추고 치료가 필요한 상황이다.	1	2	False	0.7786	LGBTQ	N/A
2921	나련은 지금 페미사이클 끼고 굴러다니는 중이노 ^느^ 뽀송하니 노무딱 좋다 익이야!	1	2	False	0.7318	GENDER/COMMUNITY	N/A
2924	한녀들 개꿀 빠네	1	2	False	0.8807	GENDER/SLUR	N/A
2927	게이 아웃 레즈 아웃	1	2	False	0.8508	LGBTQ	N/A
2928	나도 장난인줄 알앗는데성향이라는게 진짜 있더라	0	2	False	0.5196	NORMAL	N/A
2935	흑좆나 빡치노 나중에 워마드 업적만 쏠랑 빼먹을 거면서ㅋㅋㅋㅋ 워마드 지우기 오지노	1	2	False	0.8705	GENDER/COMMUNITY	N/A
2936	기자분 이글 내리세요. 논리도 없고 트랜스젠더까지 뭘 어쩌란거예요. 자신이 선택했으니 저신이 껴안고가야지 왜 우리가 껴안아라 마라 차별이니 하고 있나요? 기자라면 이런 기사를 올리기전 역겨워하는 대다수를 배려했었어야죠	1	2	False	0.8322	LGBTQ	N/A
2938	트레이 위에 맘충터치 볼때마다 좆같네	1	2	False	0.8854	GENDER/SLUR	N/A
2939	동성애자 ㅈㄴ싫음 가장싫은게 차별금지법 만들어서 나같은사람 입막으려는게 가장 혐오스럽다	1	2	False	0.9309	LGBTQ	N/A
2940	왜 저리도 경상도정권을 무너트리려고 평생을싸워 왔는지 저 사진 한장이 모든걸 설명해주네	0	2	False	0.6303	REGIONAL	N/A
2941	페미니즘과 뷔페미니즘은 구분해야 함. 페미니즘 오염시킨 번식탈락 워마드 메갈 여시 암퇘지들은 제발 너희끼리 살길.	1	2	False	0.6397	GENDER	N/A
2943	한국 개신교도 직접 살해만 안했지 정신적으로 성소수자들한테 엄청난 압박과 스트레스를 줘서 자살로 몰아가고 있음. 그냥 다른 유형의 종교살해가 한국에도 존재.	0	2	False	0.8572	RELIGION	N/A
2948	한군데서만 했겠냐. 다 저모양이니 보도가 되지.	0	2	False	0.6765	SLUR	N/A
2950	미친냔 늘거두 추하게 늙어야 할꼬 아냐 ㅎ; 즈그애비 김밥천국 국그릇 가지고 컬링하다가 머가리 쪽박날 쀼젤인 주제에 ^^ ;	1	2	False	0.5484	AGE/SLUR	N/A
2954	~다노 좆팔 ㅋㅋㅋ 제갈공명ㅋㅋㅋㅋㅋㅋ 웃챙이노 ㅋㅋ	1	2	False	0.8228	SLUR/COMMUNITY	N/A
2956	좆족이라 부르지 말고 그냥 짱개새끼라 부르면 되는데 아니면 북조선족이라 하던가	1	2	False	0.7871	RACISM	N/A
2957	뭔가 틀딱 알고리즘맞는거같노... 시발 홍어새끼들 틀딱새끼들 죄다 잡아서 바이든 후장에 넣으면 해결되는거냐?	1	2	False	0.5018	AGE/REGIONAL/SLUR	N/A
2960	좋노 행갓ㅊㅣ는 ㅇㅊ야	1	2	False	0.8544	COMMUNITY	N/A
2962	편순이, 식당아줌마들도 젊은남성손님한테는 불친절한데틀딱손님오면 오줌지리고 새끼양으로 바뀜	1	2	False	0.7554	GENDER/AGE	N/A
2963	사회에 경종을 울리는 사건이다. 잘죽었다 저건.	1	2	False	0.9021	SLUR	N/A
2964	"웹툰 만화판 미술 예술 예체능 전부다 홍어 518%	"	1	2	False	0.9061	REGIONAL	N/A
2967	좆팔 ㅇㄱㄹㅇ이노 클리자위하는게 최고다 이기야노 냄져새끼들은 미개해서 지 좆만 흡입당하면 끝이지 클리는 신경도 안쓰노 ㅋㅋㅋㅋ조옷팔~~	1	2	False	0.5079	GENDER/COMMUNITY	N/A
2970	너련 말이 맞노 중국도 개돼지 많아서 유행 타는 시기가 좆국처럼 빠르노 중국홍콩 있으면서 한류 때문에 코르셋 하나씩 주워드는꼴보고 기함했노 현재 여자 아이돌 위주 한류 같은것도 사실상 사라져야하노	1	2	False	0.8751	GENDER/COMMUNITY	N/A
2973	제발 한남민국 오지 않기를 바라노 나도 곧 탈조한다 이기 이제 꼬레아하면 몰카다 이기 한남충들 나라 망신 다시키노 좆팔 애비뒤진 새끼들	1	2	False	0.6076	GENDER/COMMUNITY	N/A
2975	ㅋㅋㅋ통까홍 씨발 ㅋㅋㅋㅋㅋ부산은 야채다 병신들아 부산이랑 대구랑 동급 취급하지마라 씨발 나도 통구이 새끼들 개좆같다 홍통일체 ㄹㅇ	1	2	False	0.7236	REGIONAL	N/A
2977	말세네요..... 쯧쯧	2	0	False	0.5102	SLUR	N/A
2978	제주도는 딱 자전거타기만 좋지 다른건 그닥...자전거로 전체한바퀴 4~5일 게스트하우스 숙박하면 돈 많이안든다매년 갔는데 올해는 못가네...ㅡㅜ	0	2	False	0.6728	NORMAL	N/A
2984	이래서 맘충이라고 부르는구나.-	1	2	False	0.9307	GENDER	N/A
2986	"게임할시간에 독서,스포츠(쇠질을말하는게아님),악기연주 하는게인생에도움됨	"	0	2	False	0.766	NORMAL	N/A
2988	퀄리티 조공짤 ㅇㅊ 조공짤에 ㅈㄷㅈㄷ하는 좆놈들 많으니 많이 써라이기야	1	2	False	0.852	GENDER/COMMUNITY	N/A
2989	응 김길태 조두순 한남 ㅅㄱ	1	2	False	0.8297	GENDER	N/A
2994	홍들홍들 ㅋㅋㅋㅋ	1	2	False	0.8143	REGIONAL	N/A
2996	국가보안법으로 잡아넣주쇼 이적행위	0	2	False	0.8414	SLUR	N/A
2997	게이게이 쳐 지랄할 때부터 마음에 안 듬. 난 예전부터 '게시판이용자'라고 게이라고 씨부리던거 자체가 똥꼬충들 수작이라고 생각했다	1	2	False	0.8714	LGBTQ	N/A
3001	고생한다.	2	0	False	0.5703	NORMAL	N/A
3002	젠데사상으로 인한 쾌락의 끝은 결국 죄이고 죄의 삯은 사망이다.	1	2	False	0.863	LGBTQ	N/A
3003	흰가운보이가 제일가는 챙롬이노 특기는 냄저교수후장빨기다	1	2	False	0.6306	GENDER	N/A
3015	코로나백신 임상 실험결과 그나마 노바가 제일 안전한거 같은데 정식승인 받으면 빈민국 상대로 저렴하게 백신공급해서 다행이네요.. 백신 나온대도 인도같은 빈민국들은 비싸서 백신공급 못받을줄 알았는데 노바같은 회사가 있어서 다행이네요.	0	2	False	0.5692	NORMAL	N/A
3020	북유럽빠는 병신새끼들은 걍 머가리 오함마로 찍으면 된다	2	1	False	0.6026	SLUR	N/A
3024	동성애가 질병을 유발한다는 건 이미 많이 밝혀졌는데 아직도 모르고 우긴다고 하는 사람들 정말 제대로 알아보고 하시는 말씀인지 모르겠습니다	0	2	False	0.6188	LGBTQ	N/A
3025	*** 말로만 바꿨네요,,,,,, 행복하다고 말하지만 실제로는 행복하기 힘들어요.,,,, 말 그대로 성 정체성을 상실한 겁니다. ,,, 안타깝습니다. ,,,, 우리 사회에서 저들을 긍정적으로 미화해서는 절대로 안돼겠습니다.	0	2	False	0.5286	LGBTQ	N/A
3030	돌아가신 울 아부지 생각나네.....	2	0	False	0.504	NORMAL	N/A
3034	가구, 가전 배송기사 중 전라도 아닌사람 본적이 없다.	0	2	False	0.9136	REGIONAL	N/A
3038	서로 돌아가면서 박고 서로 그걸 빨아주노 구웨에에엑 한남충들똥찌린내 토나온다이기	1	2	False	0.624	GENDER	N/A
3041	ㅎㄷㄷ 고대 생활모습을 유지하고 있군	2	0	False	0.5247	NORMAL	N/A
3044	도ㅔ 지 년 한테는 홍발정체가 약이다	1	2	False	0.5729	GENDER	N/A
3050	시진핑 개새끼!한국인한테 빌 붙어서 돈 벌어먹는 개 그지새끼들아 제발 니네 나라로 꺼져^^	1	2	False	0.7151	RACISM	N/A
3057	SCUM교의 스캄드 신께선 이 땅에 있는 남성을 많이 죽여야 천국으로 이끌어 주신다 했다이기야	1	2	False	0.5389	GENDER	N/A
3089	팔이잘리면장애인입니다.또한다리을잘려도우리는장애인이라부릅니다. 그런데자기스스로자신의성기을자르고남자가여자라고인정해달라고하는사람들을정신장애인이라부릅니다. 즉정신병을가진사람입니다. 이런사람들은정신병원에가두고치료해야합니다. 그리고완치을시켜서당당한사회인으로복귀시켜야합니다.	1	2	False	0.8095	LGBTQ	N/A
3093	맞말이노 한남들 능력좆도없는 좆거지병신소추들이 지들이 뭐라도 된 줄알고 흑좆나 맨스플레인 하고 설치고 다니노.	1	2	False	0.591	GENDER	N/A
3102	김치년들은그냥답이없다 천성임	1	2	False	0.7034	GENDER	N/A
3105	쟤 좆 작은 거 세상사람 다 아는 쀼젤인데 왜 저러노ㅋ	1	2	False	0.6711	GENDER	N/A
3109	마자마자! 서현 사는뎅 우리들한테 어렸을때부터 야탑 너머 모란쪽 가지두 말라구 했어! 구성남 쪽 언덕에 조선족들 많다던뎅 정작 거기 전라도 출신 한국 아조씨들두 앰생들에 독기 올라서 좆족들 쪽도 못쓴댕 ㅋㄷㅋㄷ	1	2	False	0.8047	RACISM/REGIONAL	N/A
3111	력시 한남들은 가성비가 엥나온다니까ㅋㅋㅋㅋㅋㅋ 가성비 더 찾으려면 재기해라 한남들아!!! 그게 한국 가성비 올리는 지름길이다ㅋㅋㅋ	1	2	False	0.5915	GENDER	N/A
3118	어이구 시바 생쇼를 해요 양키새끼가	1	2	False	0.8837	RACISM	N/A
3120	이 씨발것이 그럼 너너 나라가서 여긴 왜 교회가 없나요 이럼 교회 만들어주냐 씨발꺼개독같은 소리하고 자빠졌네. 너네 나라 쳐가서 할랄짜장집을 차리든가 말던가하고 ㄲㅈ	1	2	False	0.8333	RELIGION/RACISM	N/A
3121	내 여친 스시인데 페미니즘 남자들 괴롭히는거라고 싫어함ㅋㅋㅋㅋ 자기는 예쁜 사람될거라고 요즘 홈트레이닝 하는데 김치년보다 낫다	1	2	False	0.7272	GENDER/RACISM	N/A
3124	어휴 개슬람 쉽종자들 ㅋㅋ짱개와 더불어 지구 에 악의 축이다 ㅋㅋ자폭테러는 왜 그렇게 시키냐 ㅋㅋ	1	2	False	0.6491	RELIGION/RACISM	N/A
3126	으엑 창놈걸레새끼들때문인갑노 후팔 여행가도 기안내 여행은 자제해야겠노	1	2	False	0.6898	GENDER	N/A
3137	행복하시길 ~	2	0	False	0.6687	NORMAL	N/A
3141	불고기자지 거름망이노 ㅆㅅㅌㅊ ㅋㅋㅋㅋㅋㅋ	1	2	False	0.5519	GENDER	N/A
3145	이따가 저녁에 모 먹지?	2	0	False	0.5321	NORMAL	N/A
3146	깜둥이=홍어	1	2	False	0.7642	RACISM/REGIONAL	N/A
3148	알면 알수록 한남충은 뭔가가 엄청나게 결여된 빼액충같다는 생각이드노. 영원히 발전못하는 도태각인 생물. 진짜 쎄고 진짜 강한게 뭔지 모르는 영원한 하류 개돼지인생 한남충들.	1	2	False	0.728	GENDER	N/A
3151	이럼에도 동성애를 아름답게 인권이란 이름으로 포장하는 미디어와 언론에 그대로 청소년들이 노출돼 있으니 걱정입니다ㅠㅠ	0	2	False	0.5891	LGBTQ	N/A
3152	시발 용어만 다 붙이면 똑똑해보이는 줄 아네 보지들은겉멋만 존나게 들어가지고 시발 허1지웅이냐	1	2	False	0.7081	GENDER	N/A
3159	왜 욕 얻어 쳐먹는지 진짜 모르는건가?짱개들 장애가 많네.	1	2	False	0.9018	RACISM	N/A
3162	왼쪽새끼는 똥양남 피가 섞였노ㅋㅋ 앵나 작다ㅋㅋ	1	2	False	0.8137	RACISM/GENDER	N/A
3163	전라도여자특징:전국팔도에서제일맛있음 섹스제일 잘함 한번먹고버리는거 추천	1	2	False	0.5918	REGIONAL/GENDER	N/A
3166	동성혼?남자끼리 섹스하고 에이즈걸리고 자살하고..그것이 아름다운 가족이더냐? 절대 대한민국에서 받아들여서는 안된다그찮아도저출산이 심각한데 무슨 개짖는소리니?	1	2	False	0.8178	LGBTQ	N/A
3168	생리컵= 저 큰거라니..	2	0	False	0.5383	NORMAL	N/A
3171	트젠들은 강간당하는게 소원이라는것에서 이미 여자가 아니다 겉도 속도 유전자도 뼛속까지 냄져임	1	2	False	0.6027	LGBTQ/GENDER	N/A
3177	좆팔 신문 받아보는데 대선후보라고 나와있는거 보면 심상정 껴주지도 않는거 꿘련들은 눈가리고 아웅 하는거냐? 우리집에서 받아보는 신문 두개 다 심상정은 껴주지도 않는다	1	2	False	0.9081	GENDER	N/A
3178	뭐야:? 북한이 더 잘먹고 잘산다고? 확실함? 씨발롬들이 뱃때지 기름기 쳐 들어가서 헛소리 하는게 아니고? 씨발련들...믿을 수가 없어..전라도 새끼들 보다 더 뒷통수 때리는 빨갱이 새끼들이...	1	2	False	0.8049	RACISM/REGIONAL	N/A
3179	걔걔쟬쟬 얘럔먤얘얘~~~~^좆^ㅗ	1	2	False	0.7691	SLUR	N/A
3181	이건 교육당국문제가 아니여	2	0	False	0.5553	NORMAL	N/A
3182	ㅅㅅ1 bal 교회댕기지마라  ㅅㅅㅅㅅ짜증나죽겠네 디질새끼들	1	2	False	0.8114	RELIGION	N/A
3184	방구석에서 애미 등골이나 빼먹는 병신일게이들이 일본이 어러쿵 저러쿵 지랄하고자빠졌다 에휴 ㅋㅋㅋ 인스티즈 한남더힐 사는 개좆병신 피싸개년들이랑 너네랑 다를게 뭐냐 ㅋㅋㅋ	1	2	False	0.6946	GENDER/COMMUNITY	N/A
3187	새미 저 시발새끼 비정상에서 제일 비호감임 개 좆같은 새끼추방시켜 버려야 함 저런 반흑 개슬람종자 새끼는 ㅇㅇ맨날 개슬람 옹호나 하고 시바새끼	1	2	False	0.6799	RELIGION/RACISM	N/A
3188	원장님 응원합니다	2	0	False	0.6651	NORMAL	N/A
3191	돈없는 한남 ^사람^만 보고 망혼하지마라 그새끼들 좆초에 진가 재산 어떻게 자기 명의로 돌릴지 궁리하는 글 6969696969개 올리노 니네집 재산 노리고 후장팔 각오로 덤비는 새끼들인데 뭔들 못하겠노 대걸레 군무새 한남이 자집애 종특이다	1	2	False	0.6026	GENDER	N/A
3201	재밌네 얼굴 하얗고 머리 까만단발한 성님 위화감 보소... 왠만한 김치녀 다 쳐바르네	1	2	False	0.7941	GENDER	N/A
3207	한번식 보건소 가는데 동남아 시발련들 돈 좆도 안내고 혜택은 혜택대로 다 받아가더라 시발^^	1	2	False	0.8683	RACISM	N/A
3208	동생얼마?	2	0	False	0.5871	NORMAL	N/A
3209	1년동안 관계해 왔다는대 강간은 아닌거같은대 똥꼬충임원과 오카마연예인이 몰래 사귄거지	1	2	False	0.808	LGBTQ	N/A
3212	다정한부부	2	0	False	0.5869	NORMAL	N/A
3222	결국 이렇게 트이타를 하게 되는구만.....할미보지 앵나온다 앵	1	2	False	0.6646	GENDER	N/A
3226	상위권에 포진한 여대의 존재자체그로인한 약대정원 여성우위당장튀어나오는것만해도 이건데 씨발아 일베헛햇냐?	1	2	False	0.9377	GENDER	N/A
3229	사카시도 해주네ㅋㅋㅋㅋㅋㅋ	1	2	False	0.9186	SLUR	N/A
3233	전라도에 사는 홍어 vs 전라도에 사는 똥남아 몽골인	1	2	False	0.7645	REGIONAL/RACISM	N/A
3245	착한짱개 뒈진ㅉ 짱개인데 대중이는 뒈져도 안 착하다	1	2	False	0.5087	RACISM	N/A
3247	원래 이슬람 별로 안나쁘게 생각했는데이제는 존나 싫다개씨발년들	1	2	False	0.8554	RELIGION	N/A
3254	남들보다 몇년늦을까봐 벌벌떨었던거 앵나빡치노 나이코르셋은진짜 한남 후장에처넣어야하노	1	2	False	0.6365	GENDER/COMMUNITY	N/A
3257	천주교새끼들 아동.신도들 성폭행하는건 ㄹㅇ팩트아니냐? 성범죄자 소굴인데 일베보다 더한놈들	1	2	False	0.8715	RELIGION	N/A
3259	단지 자신이 좋아서 립스틱을 바르는 여성 개인이 비난의 대상이 되면 안 된다며 탈코르셋 운동으로 인한 여성 간의 갈등을 경계했다. 이게 뭔 부랄 볼스트레쳐로 쪼아서 터뜨릴소리노	1	2	False	0.6137	GENDER	N/A
3261	쟤네는 아마 친미성향일 확률이 높은데 좀 아쉽다	2	0	False	0.5182	NORMAL	N/A
3265	6이미 좆국 윗자리 웜이 먹었다구? 그럴리업쏘 쿵쾅쿵쾅9 하는 자집애들 앵앵소리에 넘어가다니 뭐하는거로	1	2	False	0.8429	GENDER/COMMUNITY	N/A
3266	홍콩이 반환후에도 이전처럼 자치구 형태로 굴러간단말이냐?	2	0	False	0.5023	NORMAL	N/A
3269	증국몽 하는새끼 후빨하면서 짱깨욕ㅋㅋㅋㅋㅋㅋㅋ갓센징들의 아이덴티티 끝판왕을 보여주넼ㅋㅋㅋㅋㅋㅋㅋ	1	2	False	0.864	RACISM	N/A
3271	씨발 전라도는 끼여야하지만 오늘도 홍어가 만선이구나 ??? 네다틀 네다틀	1	2	False	0.7996	REGIONAL	N/A
3272	맘충년들이 대부분이니까	1	2	False	0.92	GENDER	N/A
3273	뭔 조건만남을 찾냐 ㅋㅋㅋ걍 드라이브 할겸 수원평택역쪽가면 널린게 떡집인데 ㅉㅉ 하다못해 일산쪽 안마를 가겠다	1	2	False	0.9333	SLUR	N/A
3275	나도 존나 순진한(한남식 개념녀)로 아는 놈있노 ㅋㅋㅋㅋㅋㅋ	1	2	False	0.9155	GENDER/COMMUNITY	N/A
3277	솔직히 틀린말 아니지고졸무직통구이새끼들 나중에 늙어서 병원신세질때쯤 되면베트남 2세 의사슨상님 말 잘듣어야 될 상황도 온다좆빠지게 돈벌어라	1	2	False	0.736	REGIONAL/RACISM	N/A
3280	지금 휘발유 사러 간다	1	0	False	0.4977	SLUR	N/A
3282	이미 서로 의심중	2	0	False	0.5269	NORMAL	N/A
3286	자전거 관리해야겠노 시바거 자전거 훔쳐가면 1+1으로 새자전거가 온당껰ㅋㅋㅋㅋ	1	2	False	0.9159	REGIONAL	N/A
3287	씨발 짱개, 좆선족 병균새끼들 카악~~~~~ 퉷~	1	2	False	0.7079	RACISM	N/A
3308	ㄹㅇ 맨날 댓글에 안낳는다~~ 이지랄하는거 좆팔극험이노	1	2	False	0.9021	SLUR/COMMUNITY	N/A
3312	다 필요 없고 신안염전으로 보내. 10년동안 목숨 붙어있는 새끼들만 난민인정해 준다.	1	2	False	0.5841	RACISM/REGIONAL	N/A
3317	방독면 벗으면 방독면 모양 그대로 생겼을듯	2	0	False	0.4933	NORMAL	N/A
3318	나도 고위직 한남충만 보면 살충욕구가 드노 그놈이 내가 갖고 싶은 권력을 가지고 있기 때문이노	1	2	False	0.5887	GENDER/COMMUNITY	N/A
3328	니애비애미도 분탕홍 좆족개새키	1	2	False	0.6997	RACISM/REGIONAL	N/A
3330	팩트체크 : 이 글쓴 새끼도 지 눈앞에 쌩보지 있으면 만사제치고 빨아재낌ㅅㄱ	1	2	False	0.6797	GENDER	N/A
3332	이글에서 팩트는 지난해 1월 서울시에 없던 국장급자리 하나 만들고 그자리에 자기네 사람앉혔다는 거.	2	0	False	0.5011	NORMAL	N/A
3334	터키병신들 저러니 유럽의 환자소리듣고 그리스 좆밥들한테 후장따이지 ㅋㅋ	1	2	False	0.6972	RACISM	N/A
3344	저런 보빨좌좀 새끼들이 오히려 여자를 약자로 가두고 더 밝히는 변태새끼들임	1	2	False	0.7266	GENDER/SLUR	N/A
3346	박보검이 교회에서 연기연습 했나보넹	2	0	False	0.4952	NORMAL	N/A
3348	그생선이 광주했네	1	2	False	0.9366	REGIONAL	N/A
3356	전라도는 급식이건 틀딱이건 내용도 없고, 재미도 없어. 질만 떨어지구... 원래 그래..	1	2	False	0.8581	REGIONAL/AGE	N/A
3358	자라나는 청소년들에게 성 정체성 혼란을 가중 시키는 일 들 이네요 .... 집안에서 자녀교육 잘 시키십시다.	0	2	False	0.5091	LGBTQ	N/A
3359	개슬람 새끼들은 애새끼도 저따위냐 ㄷㄷ 진짜 하나의 문화이자 놀이인가보네 ㅋㅋㅋㅋ	1	2	False	0.8883	RELIGION	N/A
3361	전립선에 유충들었노	1	2	False	0.6952	GENDER/COMMUNITY	N/A
3365	그중에서도 짱꺠라니 하....중국인은 참 미개하다	1	2	False	0.8804	RACISM	N/A
3367	꼴리는 내가 더싫다.... 아지매 이쁘노	1	2	False	0.8323	GENDER	N/A
3372	그게 페미니즘인게 아니라 이게 페미니즘인거노 여성인권 개무시하는 결과 고르는게 무슨 페미니즘이노? 그리고 페미니즘은 자지학살도 당연히 포함해야하는거다이기야 양성평등무새 좆까라고해라 열등한 자지들한테 평등은 과분하노	1	2	False	0.5851	GENDER	N/A
3381	여자 난민만 들여보내라내 자식들이라도 똥송에서 벗어나게 하고싶다	1	2	False	0.6858	RACISM/GENDER	N/A
3384	★★ 개독들이 좆같은 새끼들인 이유 : 쓰임 받는다 따위의 문법파괴를 수도 없이 함 개새끼들임 복음을 위해 사는 것이 복이라는 식으로 개소리를 늘어놓음	1	2	False	0.8457	RELIGION	N/A
3386	저게 위급 상황 발발 시 포유류의 계급이 바로 드러나는 대목이지. 문명화되니깐 페미랍시고 존나게 깝치는데, 그래봤자 성노리개로 전락당하고 거절도 못하고 주변에서 안도와줬다고 낑낑거리고만 있음. 걸스캔두 애니띵?ㅋㅋ	1	2	False	0.8608	GENDER	N/A
3387	66결혼 열두 살에 한 대장님도 있는데 아동성범죄 시브럴거? 남편은 열두 살 연상이었다던데99 전통 유구하노	1	2	False	0.861	AGE/COMMUNITY	N/A
3390	멍청도 새끼나 홍어새끼나 다 병신이지	1	2	False	0.8164	REGIONAL/SLUR	N/A
3392	명불허전 쌍도종자 ㅁㅊㅋㅋ	1	2	False	0.8349	REGIONAL	N/A
3396	어휴 시발 답이 없네 아니 5명을 위해서 나머지 500명이 희생해야하는것도 웃긴데 거기에 개슬람 ㅋㅋㅋㅋ	1	2	False	0.9214	RELIGION	N/A
3399	말갈의 후손이 짱깨들 극혐 하는 건 사필귀정 ㅇㅇ	1	2	False	0.7385	RACISM	N/A
3404	틀딱 홍어썅년으로 추정됨.아니 지 가족이 익사했으면 그렇게 쉽게 실족사라고 인정할까?아...가족이 없는 틀딱 홍어썅년들인가?	1	2	False	0.7964	REGIONAL/AGE/GENDER	N/A
3407	잔나비가 갑자기 생각남	2	0	False	0.4988	NORMAL	N/A
3409	맘충련들 극혐	1	2	False	0.8348	GENDER	N/A
3410	한국엔 이미 저런집단이 존재 하는데???강간이 전통풍습인 ....전라도 신안족들...왜쳐!!홍슬람 전라 후크바르...	1	2	False	0.5385	REGIONAL	N/A
3412	왜이렇게 덧글에 멍청한 새끼들이 많냐짱개들인가? 저걸 까네	1	2	False	0.9155	RACISM	N/A
3417	키 최소 182 + 자지 18 여기서부터 진짜 남자의 최하 마지노선임	1	2	False	0.5839	GENDER	N/A
3419	좆같은 개슬람새끼들 지들이 못처먹으면 골라내고 먹거나 안처먹으면되지.ㅅㅂ 진짜 면책특권만있으면 개슬람종자들 잡아다 참수시켜버렸으면 좋겠네	1	2	False	0.519	RELIGION	N/A
3420	페미니즘이 포함된 pc운동은 정상적인 사람도 이상한 사람으로 만들어 버린다	1	2	False	0.7992	GENDER	N/A
3422	제발 쟤네들 아새끼들 전부 지잡대갔음 좋겠다이기	1	2	False	0.7802	AGE/REGIONAL	N/A
3424	진짜 똥고충새끼들 한남 안먹는 워마드 응원해야지 아니가?	1	2	False	0.6803	GENDER/LGBTQ	N/A
3425	대학 수준도 한 몫한듯. 전라도에 있는 대학이라면 다 하위권 대학일텐데 ㅋ거기 다니는 애들이라면 밑천 다 드러난거 아닌가?ㅋ	1	2	False	0.8442	REGIONAL	N/A
3426	수술 한 번으로 여자가 되는 게 아니야 생리하는 부담 아이 낳는 고통~ 동성애 반대 문재인 아웃 주체사상 공산주의 아웃	1	2	False	0.9162	LGBTQ/SLUR	N/A
3427	현대그룹자체는 그렇게 큰 회사가 아니지않냐	2	0	False	0.5928	NORMAL	N/A
3431	어차피 범죄자인데 갈때 가더라도 김치년하나 죽이고가는건 괜찮지않음?ㅋㅋㅋㅋㅋㅋㅋㅋㅋㅋ	1	2	False	0.6157	GENDER	N/A
3432	구글트렌드에 일베 검색하면 대구,경상북도,경상남도가 순위권이드라 ㄹㅇ 개쌍도저장소 ㄷㄷ	1	2	False	0.8204	REGIONAL	N/A
3434	한남충들이 기안내나는 3시부터 젤 앞에 줄서서 싹쓸이해감 한남충들 땜에 갓치들 사지도 못함 ㅜㅜ	1	2	False	0.675	GENDER	N/A
3436	아예 아 죄 ,, 죄송합니다.다	2	0	False	0.4991	NORMAL	N/A
3442	솔직히 저건 꼬추 잘못도 반이지 여기서 보지만 까는 새끼들 있냐?시발 발정나서 존나게 하다가 기집이 애 생겼다고 하니깐 현자 타임 와서 좆까하는거지	1	2	False	0.5136	GENDER	N/A
3443	기독교 교회 다니는 누나들이 잘주지	1	2	False	0.7836	RELIGION/GENDER	N/A
3444	고츄가 뇌를 지배한 무슬림들	1	2	False	0.5086	RELIGION/RACISM	N/A
3445	히틀러 등신새끼 개슬람이나 짱개를 쳤으면 지금쯤 재평가받고 영웅이 됐을텐데	1	2	False	0.767	RELIGION/RACISM	N/A
3446	남의나라와서 비난하노 이자스민 한국 국적이냐?	1	2	False	0.939	RACISM	N/A
3448	네팔이 아니라 부탄일거노 국민들 개돼지마냥 가둬기르니 지들이 행복한줄 알았다가 외국인들 여행한다고 들락날락하니 지들 상황 깨닫고 행복수치 뚜우우우우우우우욱	1	2	False	0.8773	RACISM	N/A
3457	대보지시대에 저지랄을 ㅋㅋㅋㅋㅋ	1	2	False	0.8056	GENDER	N/A
3458	잘생긴놈이랑다니면 자기가 서열 ㅎㅌㅊ 되니까 같이안다니는거 ㅋㅋㅋㅋㅋ 곱상하게생겼다고 기생오래비리고 후려치기오짐ㅋㅋㅋㅋ 사스가 자적자 서열충ㅋㅋㅋㅋ	1	2	False	0.8082	GENDER	N/A
3459	위장탈북같은것도 있지않을까?	2	0	False	0.5313	NORMAL	N/A
3460	힘들면 보육시설에 앝기지 그랬어요. 그게 얼마나 아프고 무서웠겠어요.	2	0	False	0.5836	NORMAL	N/A
3461	조샌징이 노소가 어데있다고 그러냐다 개되지들뿐인데	1	2	False	0.8574	RACISM	N/A
3463	토루코 좆나 더럽고 사기꾼 좆나 많다 술사준다고 하면서 접근하는 인간들 조심하고 음식에서 계산할때는 똑 직접 가격을 미리계산해놔라 돈 가지고 장난 좆나 잘침 토루코랑 강코꾸는 ㄹㅇ 많이 닮은듯... 그래서 형제국가 인가?（笑）	1	2	False	0.8139	RACISM	N/A
3465	문재앙 병신은 자국에서 위험하다고 원자력 없애고 있는데 정작 짱깨가 사고 치면 방사능에 좆되버림 문병신새끼	1	2	False	0.8533	RACISM/SLUR	N/A
3467	라도=쌍도. 세상에 도움 안 되는 것들. 세상은 멍청도가 지배한다. ㅋㅋㅋ	1	2	False	0.7675	REGIONAL	N/A
3470	그냥 꼬추 자른다는 조건하에 군대 면제시켜줘라	1	2	False	0.5195	GENDER	N/A
3471	전라도로 이주한 경상도 짓임 ^~^*	1	2	False	0.7882	REGIONAL	N/A
3472	그런여자들 보고 딸치러감	1	2	False	0.7761	GENDER	N/A
3473	타래로~ 이게 뭔 뜻이냐? 맘충들 신조어냐?	1	2	False	0.9419	GENDER	N/A
3476	이거레알 촌놈 시발놈들 레알 노답	1	2	False	0.8507	REGIONAL/SLUR	N/A
3479	그런 조선족을 잡은 빅타이거 선생님 ㅠㅠㅠ	1	2	False	0.8254	RACISM	N/A
3482	153cm 83kg 메퇘지 : 어이, 한남충 송중기, 넌 지금부터 내 신랑감 후보에서 탈락이다	1	2	False	0.6617	GENDER	N/A
3486	번번히 애비얘기는 없노ㅋ 하여간 투명애비 김치남들	1	2	False	0.8028	GENDER	N/A
3492	그리고 당연하지만 이성애만큼 사회 주입 세뇌가 강한 정체성도 없다 하루속히 남성에게만 옮는 전염병이 돌기를 바라노	1	2	False	0.8701	GENDER	N/A
3494	탈북자새끼들 다시 돌려보내서 아오지탄광갔으면 좋겠당 ㅎㅎㅎㅎㅎㅎㅎㅎㅎㅎㅎㅎㅎㅎㅎㅎㅎㅎ	1	2	False	0.6491	RACISM	N/A
3499	신천지 잡아 족치고, 교회 잡아족치고, 다음은 절이겠네. 이렇게 종교행사하는 전국민 다 잡고나면, 그다음엔 뭐 어쩔건데. 우한코로나의 원인인 중국인을 입국제한 했어봐라. ㅉㅉㅉ 중국몽 꾸는 치매틀딱 한명때문에 이게 뭔일이래.	1	2	False	0.9297	RELIGION/RACISM/AGE	N/A
3503	선민사상에 취한 것도 정도가 있지.지옥간다는 둥 협박이나 해대는 잡신이나 개독들이나 ㅋㅋ우주가 얼마나 넓은데 지구에서 믿는 사막잡신이 우주를 만들어 대깨문 공산주의 새끼들이나 니들이나 대가리 깨진 건 동급이야.	1	2	False	0.8827	RELIGION	N/A
3504	ㅇㄱㄹㅇㅋㅋㅋㅋ페미랑 똥성애랑 뭔상관이노 동성애랑도 상관없노	1	2	False	0.8826	LGBTQ	N/A
3505	신천똥로 되부럿노..	1	2	False	0.887	REGIONAL	N/A
3506	몇 년전에 스웨덴 아저씨 만났는데,북유럽에 이슬람 엄청 들어왔다고 하더라...어휴.. fXXking liberals,commies and feminazis!!they should be executed i  public.	1	2	False	0.8803	GENDER	N/A
3508	나는 화장이건 일자눈썹이건 테니스스커트건 코르셋못버린련들한텐 아무감정없는데 코르셋이 코르셋이란걸 모르거나 부인하는 련들보면 답답하고 앵나 지친다 나도 옛날에 ^자기만족^무새짓했던거 생각나고 좆팔	1	2	False	0.8441	GENDER	N/A
3512	우파에 권력이 없기 때문이다	2	0	False	0.5503	NORMAL	N/A
3513	좆에 뇌가 지배당하는 종족이노ㅋㅋㅋ 인간은 여자뿐이다이기야	1	2	False	0.7415	GENDER	N/A
3515	천성이 게으르고 추잡스런 똥남아 out	1	2	False	0.8592	RACISM	N/A
3517	냄져없는건 축복인데 뭐라노ㅋㅋㅋ	1	2	False	0.9003	GENDER	N/A
3519	불하면 대구, 대구하면 불	1	2	False	0.5215	REGIONAL	N/A
3522	[전라도 IP만 볼 수 있는 댓글입니다.]	1	2	False	0.9199	REGIONAL	N/A
3524	냄져가 페미니스트이면 현실이 너무 고통스러워서 못견디다 뒤져야함	1	2	False	0.7048	GENDER	N/A
3527	다른 나라들도 심한걸로 알고있음	2	0	False	0.6374	NORMAL	N/A
3529	별 시답지않은것들 홍어들	1	2	False	0.8412	REGIONAL	N/A
3533	김치좆 손가락으로 표현하면 검지 엄지 엇갈림. 마이너스임	1	2	False	0.6437	GENDER	N/A
3534	씨발 짱깨새끼들 존나 싫네 개시발	1	2	False	0.8242	RACISM	N/A
3535	미친 동성애옹호하는새끼들 모아다가 죄다 학살시켜야된다더럽고 추잡노 사회물다흐리고있네	1	2	False	0.5496	LGBTQ	N/A
3538	150 cm 150kg 메갈로돈이랑 사귀기 vs 저 트젠이랑 사귀기	1	2	False	0.8082	GENDER/LGBTQ	N/A
3545	솔직히 여자가 봐도 좋아보이는게 사실아닌가..	2	0	False	0.5461	NORMAL	N/A
3546	대통령병 걸린 제2의 개대중	1	2	False	0.9405	SLUR	N/A
3550	비추는 중국인이냐?	1	2	False	0.918	RACISM	N/A
3551	카톨릭도 이단이다 차별하는 미국개신교 종자들이 무슬림을 용서할리 없지.	1	2	False	0.9384	RELIGION	N/A
3553	젠더특보라면서 성범죄 가해자 새끼랑 대책회의를 함 ㅋㅋㅋㅋㅋ 차라리 관노 상납하는 포주특보라고 하지 그러냐? ㅋㅋ	1	2	False	0.9026	SLUR	N/A
3556	무슬림은 10대여자만 망명 받자	1	2	False	0.8921	RELIGION/GENDER	N/A
3557	토착왜구들 폐간하고 해체해라 ㅉㅉㅉ	1	2	False	0.9085	RACISM	N/A
3558	맘충들이 마녀사냥을 많이 하는건 그만큼 존나 미개해서 그런거임 중세시대에서나 하던 의식수준이 낮아서 벌어지던 행위를 반복하는거 보면 스스로 미개함을 입증하는건데	1	2	False	0.9029	GENDER	N/A
3559	너가 뭘 물어봐도 개독새끼들은 무적논리로 대답가능하다신은 '전지전능'하니까	1	2	False	0.9262	RELIGION	N/A
3560	코로나로 지들 지역구 대구경북이 전쟁수준 난린데도 지들 권력 잡는데만 혈안인 토착왜구들. 토착왜구 박멸이 시급하다.	1	2	False	0.908	RACISM	N/A
3561	아따 경상도가 아무리 날고기어봤짜 전라도한테 안되지라~	1	2	False	0.8983	REGIONAL	N/A
3562	캬 ㅋㅋㅋㅋㅋㅋㅋㅋㅋㅋㅋㅋㅋㅋㅋㅋㅋㅋㅋㅋㅋㅋㅋㅋㅋㅋㅋㅋㅋㅋㅋㅋㅋㅋㅋㅋㅋㅋㅋㅋ착한 다문화래 시팔ㅋㅋㅋㅋㅋㅋㅋ	1	2	False	0.8767	RACISM	N/A
3565	씨발 전라도 필터좀 그만걸면 안돼냐? 충남인데 요줌 머좀 볼라그러면 죄다 안보인다 전라도랑 가까워서그런가	1	2	False	0.8934	REGIONAL	N/A
3567	역시 개쌍도...또라이들 존나많어..진짜 쌍도 살면 일베충 처럼 극단적인 또라이들 많이 만난다..	1	2	False	0.8072	REGIONAL	N/A
3569	미국은 사기치다 걸리면 인생이 쫑나버림한국처럼 전라도사기꾼들 위한 솜방망이 아님요	1	2	False	0.7876	REGIONAL	N/A
3571	소추 실명제노?	1	2	False	0.8573	GENDER	N/A
3572	죠센 유교 탈레반 새끼들이 중국 명칭 베껴다 호남이라 부르면서 호남 된거임. 똥꼬맛이 얼마나 좋았으면 지명까지 베끼냐 븅신같은 새끼들 ㅋㅋㅋ	1	2	False	0.7597	RACISM/REGIONAL	N/A
3573	중.고교 여학생들도 교복 바지 입도록 합시다..	2	0	False	0.5476	NORMAL	N/A
3575	젊은여자알바생들이 맘충들 더 극혐함 군대갔다온 남자알바생들은 그냥 저렇게 안따지고 보통 씨발씨발거리면서 그냥 치우더라	1	2	False	0.869	GENDER	N/A
3578	진짜 역겹다. 남자를 남자답게 살 기회조자 안주는 남혐치년의 개한민국	1	2	False	0.7636	GENDER/RACISM	N/A
3581	한국 토종 돼지년들 수준ㅋㅋㅋㅋㅋㅋㅋ	1	2	False	0.7365	GENDER	N/A
3583	보적보 되버렷노	1	2	False	0.8978	GENDER	N/A
3585	문벌레충들아 잘한거 1이라도 말해봐 코리아가 아니고 코리안이 잘한거지 문폐렴은 세계 정서에 반하는 동북공정에 앞장서 신남방정책이라 부르며 짱개몽에 혼밥처먹고 짱개에 충성하는 동남아 총아를 이루며 자국민을 짱개 예속국민으로 만들 뿐이다 더러운사상을 가진 정신병자다	1	2	False	0.8688	RACISM/SLUR	N/A
3588	전에 멍청도에 줬다가 욕 먹은 그 마스크 아니냐 ㅋㅋㅋ	1	2	False	0.9379	REGIONAL	N/A
3589	두번째남 모자 잘못 본거 아니노 6혐찰9	1	2	False	0.9143	SLUR	N/A
3591	네다홍 ^^	1	2	False	0.839	REGIONAL	N/A
3592	개종안할꺼면 뒤져라 정신이네 딱 이슬람 정신이구만 이슬람이 좋아해야지	1	2	False	0.9098	RELIGION	N/A
3594	이제 김치년들은 진짜로 가망이 없는듯 무조건 피하는게 답이다	1	2	False	0.7619	GENDER	N/A
3595	섹1스를 못해봣는데 콘돔을 알 턱이있나	0	2	False	0.9214	NORMAL	N/A
3596	이거는 애국홍어임ㅇㅇ	1	2	False	0.8928	REGIONAL	N/A
3599	그냥 이참에 종교전쟁 해버려!! 모든종교 개박살!!	1	2	False	0.8049	RELIGION	N/A
3601	한남 답게 노무나 병신같고 미개해서 웃챙돼뿌렀노	0	2	False	0.7688	NORMAL	N/A
3602	전라도 분탕 개 쌕끼다 정말..	1	2	False	0.7382	REGIONAL	N/A
3607	정말 국개의원들은 동성애자 인권좀 생각했으면 좋겠네요. 항문성교 중독이 인권이 아니라 사람답게 살게 하는게 인권인데...	1	2	False	0.9285	LGBTQ	N/A
3609	글래머 헠헠	1	2	False	0.8264	GENDER	N/A
3612	대한민국 최고다	2	0	False	0.5439	NORMAL	N/A
3614	클리앙에서 토착왜구 사이트로 명명하겠노 ㅋㅋㅋㅋㅋㅋㅋㅋㅋㅋㅋㅋ	1	2	False	0.9168	RACISM	N/A
3615	ㄴㄴ 적화되면 전라도에 가장많은 학살이일어날걸한번배신한자는 또다시 배신한단걸 알기때문이지김정일이 적화통일하면 전라도1천만 죽여야한다고 말했는데	1	2	False	0.5394	REGIONAL	N/A
3616	6.25때 뒤진 전라도 지역유지도 어차피 친일매국노였음	1	2	False	0.8738	REGIONAL	N/A
3617	저런 식으로 병적으로 공짜 밝히는 맘충들 심리가 도대체 뭐냐?나 애 낳느라 힘들었으니까 보상 좀 해줘요 이거냐?너덧살 처먹은 애도 아니고 정말 ......	1	2	False	0.8656	GENDER	N/A
3621	얼굴에 한라봉도 키우네 ㅋㅋㅋㅋㅋㅋㅋㅋㅋ역시 열대과일국 출신다운 외모 ^오^	1	2	False	0.8907	RACISM	N/A
3622	대체로 무슬람들의 민속놀이인 돌림빵도 페미들은 넘 뚱뚱한 자체이뮨이 있어서 안당할 자신이 있어서 저러는듯ㅋㅋ 자기들이 자극해서 무슬림 강간사건나도 지들하고는 무관함ㅋㅋ 오히려 이쁜애들이 당했으면 하는 마음도 조금은 반영되서 저러는듯 욕구불만이라는게 저렇게 심각한거다	1	2	False	0.7025	RELIGION/GENDER	N/A
3625	급식 한정으로 총기 소유 허가해줘야됨. 그러면 학교폭력 싹 없어지고 간간히 총기난사로 급식충들좀 뒤지고 일석 이조임	1	2	False	0.4976	AGE	N/A
3629	힘든일이실텐데 옳은 얘기 참된일인데  탈동성애 위해 국가의 미래위해 힘쓰시는것 응원합니다	2	0	False	0.5401	LGBTQ	N/A
3635	꼴에 존심들은ㅋㅋ 좆거지새기들ㅋㅋ	1	2	False	0.8863	SLUR	N/A
3636	돈고들 사이에서 6일스9 스타일 유행하는거 꼭 봐야겠노. 일틱훈냄 찾아요. 6티나는 탑9 6티나는 바텀9 안받아요. 이꼴 꼭 봐야겠노. 그리고 모든 냄저는 사실 잠죄적 돈고충이란 사실을 다 퍼트리면 더 좋겠노	1	2	False	0.5758	LGBTQ	N/A
3637	동성애자는 무슨 장애지 존나 포장하는거보소	1	2	False	0.9245	LGBTQ	N/A
3638	글씨도 읽을 줄 모르고 왜 사노 재기해라익이	1	2	False	0.6864	COMMUNITY	N/A
3639	급식은 참일베충이 되기전의 과도기라 봐주는데홍어 이 씨발련새끼들이 더 문제임이새끼들은 머릿속에 좆털론만 가득차서 그저 분탕질할 생각밖에 안함	1	2	False	0.7892	AGE/REGIONAL	N/A
3641	이글을 읽고 워추준련들의 마음이 뒈짓성님 떠나 보내고 싶다는게 아니라고 생각한다이기. 책임감있는 대장다운 모습을 바라는거노.	1	2	False	0.7698	COMMUNITY	N/A
3642	크으 한남틀딱 재기해	1	2	False	0.6249	GENDER/AGE	N/A
3646	핑크색 팔뚝만한거 보면 꼴리긴 하노	1	2	False	0.7985	SLUR	N/A
3647	김치년 보슬아치년들이 결혼하면 맘충되는 거임. 결혼하기 전에 김치짓하던 버릇 못 고친 썅년들이 뭐 결혼하면 달라지겠나	1	2	False	0.6957	GENDER	N/A
3649	인류의 폐기물 : 조선족	1	2	False	0.7817	RACISM	N/A
3651	가려놓았구먼	2	0	False	0.4963	NORMAL	N/A
3653	근친간의 성행위ᆞ동성간의 성행위ᆞ짐승과의 성행위 ᆞ너희는 이 같은 가증한 풍속들을 하나도 시행하지 말며 그들로 인해 너희를 더럽히지 말라 나는 창조주 여호와니라~레위기 18장	1	2	False	0.8299	LGBTQ	N/A
3654	이 나라에서 악마집단인 교회를 추방하자	1	2	False	0.9122	RELIGION	N/A
3656	절라도없는 세상에 살고싶다 진심..	1	2	False	0.7878	REGIONAL	N/A
3657	남이 쓰레기통에 오줌을 싸든 말든 뭔 상관이야.그리고 칼은 필수로 가지고 다녀라.시비 붙었을 때 칼은 필수야	1	2	False	0.6537	SLUR	N/A
3658	자박꼼을 모르네	1	2	False	0.6031	GENDER	N/A
3664	ㅋㅋㅋ보지꾸러기노 ㅋㅋㅋㅋ 갓치는 다커노 애노익잌ㅋㅋㅋㅋ	1	2	False	0.6852	COMMUNITY	N/A
3665	쟤 처녀야?	1	2	False	0.5822	GENDER	N/A
3668	요새 애새끼들 얼마나 영악한지를 모르네 ㅋ일부러 박고도 남는다고 본다좆족새끼들이면 더하겟지 ㅋㅋ	1	2	False	0.8841	RACISM/AGE	N/A
3669	보지팔이 (O)	1	2	False	0.6193	GENDER	N/A
3670	흉악범 전국5대범죄는 전라도와 비슷함	1	2	False	0.8467	REGIONAL	N/A
3676	전라도에 저런 경찰이 있다니 믿을수 없다. 거긴 섬인데	1	2	False	0.5907	REGIONAL	N/A
3677	군쾅이들 댓글 신고해라이기	1	2	False	0.9115	GENDER	N/A
3680	ㅋㅋㅋㅋㅋㅋㅋ그렇게 좋아하는 북한가서 동성애하라 그래라	1	2	False	0.9143	LGBTQ	N/A
3683	시발 필리피노놈들이 나쁜건 존나 잘 배웠네 입막음ㅅㅌㅊ	1	2	False	0.8235	RACISM	N/A
3685	지 꽁섹해준거 모부가 다 알고있든? 그거랑 같은거다ㅋㅋㅋ 나쁜거인걸 아니까 안들키게 꽁꽁 숨겨놓고 조용히 다니는거지	1	2	False	0.8632	SLUR	N/A
3687	망천지도 그렇고 왜케 숨어드냐 바퀴벌레도 아니고	1	2	False	0.9071	RELIGION	N/A
3689	성정신병자...애미애비도?????건드리는것아니냐?	1	2	False	0.9017	LGBTQ	N/A
3691	근데 씨발 애새끼들이 생긴 것은 왜 이렇게 잘생기고 이쁘냐?내가 난민새끼보다 못생겼다고 생각하니 씨발 개 좆같네.	1	2	False	0.7807	RACISM	N/A
3692	좆팔 팀플할때 음란물쳐보던 자지새끼들 생각나노	1	2	False	0.6456	GENDER	N/A
3695	그곳 목사의 필수 덕목노예 테임 레벨 21이상	1	2	False	0.9173	RELIGION/REGIONAL	N/A
3698	존나 강대국 새끼들이 왜 속국와서 돈빨아먹고 사노?	1	2	False	0.8926	RACISM	N/A
3699	대학교 기숙사 들어갈때?	2	0	False	0.6246	NORMAL	N/A
3703	아니~ 그렇게 하고싶으면 전역후에 여군으로 재입대하면 될거아니냐고~ 여군입대 경쟁이 훨씬 빡센데 꼬추 짤랐단 이유로 꽁으로 쳐드실라고??	1	2	False	0.8214	LGBTQ	N/A
3705	역시 기장이구나~~ㅋㅋ	2	0	False	0.5362	NORMAL	N/A
3708	이슬람 극혐하는데좃랑스 새끼들 당한건 꼬시네ㅋㅋ	1	2	False	0.8753	RACISM/RELIGION	N/A
3710	회개충들이 또...	1	2	False	0.9283	RELIGION	N/A
3711	동남아, 좃선족, 좆슬람 다 합치면 100만되지 않노; 심각한 문제다. 대규모 소요사태, 테러도 이제 남일이 아니겠구만	1	2	False	0.8417	RACISM/RELIGION	N/A
3713	페미 정신병으로 분류됨	1	2	False	0.9451	GENDER	N/A
3716	지구오물 짱개 무슬림을 인간취급하지말라	1	2	False	0.5682	RACISM	N/A
3717	그냥 재기시켜뿌리면 안되는거노?	1	2	False	0.5076	COMMUNITY	N/A
3721	한남군=머한민국의 수치	1	2	False	0.8572	GENDER	N/A
3722	ㅅㅂ 디져라...	1	2	False	0.8626	SLUR	N/A
3723	허버허버(남자가 여자와 그짓할때 헐떡대며 힘들어할때 내는소리) 오조오억(한남 쓸모없는 정자숫자)	1	2	False	0.5916	GENDER	N/A
3725	어이 강씨! 이쁘면 그냥 델구가서 즐겁게 해주면 뒷탈 없어.	1	2	False	0.9114	GENDER	N/A
3727	이런새끼들덕이지노인혐오는 모르겟고 급식혐오는 존나 생겻다	0	2	False	0.9166	NORMAL	N/A
3732	아니 좆팔 젠신병 이론 자체가 틀렸다고 니비 후팔 머가리 재기한 새끼들	1	2	False	0.643	LGBTQ	N/A
3734	와 넘 좋은 내용입니다. 원장님덕분에 다둥이키울맛 납니다	2	0	False	0.5799	NORMAL	N/A
3736	통베넘들 혐오 우선순위김치녀>> 홍어 >> 똥꼬충 >> 개독 >> is >>	1	2	False	0.6931	COMMUNITY	N/A
3740	종교충들이 오히려 순수하지 못하고 타락해 있다	1	2	False	0.9373	RELIGION	N/A
3741	엥 띠용 자유섹스라니 웜에서는 한남과의 노섹스 비혼비출산을 외친다 이기야노. 노무 딱 맞노!! 한동대 비혼비출산 지지해라 이기이기 ~~	1	2	False	0.8147	COMMUNITY	N/A
3742	탈북자 = 사람좆족 = 개돼지	0	2	False	0.7944	NORMAL	N/A
3745	하다못해 개독은 선교할 때 학교 병원 같은 봉사시설이라도 많이 지었는데이새끼들은 그런 것도 없음지구의 암세포가 개슬람이다	1	2	False	0.8391	RELIGION	N/A
3746	게이새끼들이 나 동성애자요 나 존중해줘요 거드럭거리는건 되고일반인들이 게이극혐;; 이런발언만 하면 너 미개인! 너 성 소수자 차별! 단체로 우루루 몰려와서 물어뜯는 이 행태가 맞다고 보냐?내새끼 똥꼬뚫릴꺼 생각하면 게이새끼들 배때지에 9침놓고 싶은 심정이다	1	2	False	0.5014	LGBTQ	N/A
3747	입대 전, 입대 후 항상 피싸개애들 부러웠다 군대가기 전 좆같음을 느낄 필요도 군대에서 겪는 좆같음을 느낄 필요도 제대하고 겪는 허무함을 느낄 필요도 없지	1	2	False	0.7931	GENDER	N/A
3748	무슨 생각으로 저런 불법영업하는 범법자들한테 신상정보를 주냐 꼬추가 뇌를 지배하는게 이런거냐 지능이 모자란건가	1	2	False	0.7039	GENDER	N/A
3762	떵꼬충 관심없다	1	2	False	0.7882	LGBTQ	N/A
3765	십자가에 매달아 사형	1	2	False	0.4911	SLUR	N/A
3766	다문화를 해도 시발새끼들이 미국 영국 일본 독일 이런나라랑 해야지좆같은 중국 동남아 이런새끼들이랑 하고있어	1	2	False	0.8919	RACISM	N/A
3769	주상절리는 죄악이다 애비는 AS도 안시켜서 장가를 보내다니 좆뱀집안이노	1	2	False	0.6352	GENDER	N/A
3770	성전환자로서의 전역이 아닌 심신장애에 의한 전역이지	2	0	False	0.508	LGBTQ	N/A
3773	저새끼들 진짜 죽여버리고싶다	1	2	False	0.7651	SLUR	N/A
3774	지긋지긋한 한남들 떨어져 나가서 기뻐하는 거 아니노 ㅋㅋㅋㅋㅋㅋ 오랜 숙원이 이루어진 표정이다 이기이기	1	2	False	0.8186	GENDER	N/A
3775	이미 한국은 라도에 노랑둥이가 점령한것 처럼저동네도 이슬람의 단결표와 어중이 떠중이 영국인 표가 당선시킨 것임.한마디로 원숭이 당선 된 것과 같을 것임.	1	2	False	0.8653	REGIONAL/RELIGION	N/A
3777	맘충 좋은 뜻,의미가 아니어서 별로.... 라고 생각했지만 더 이상의 딱 들어맞는 단어는 없음!!	1	2	False	0.8647	GENDER	N/A
3778	맘충유모차 >>>>>>>>>> 땅크 >>>>>> 불도저 >>> 두돈반	1	2	False	0.844	GENDER	N/A
3780	ㅗㅜㅑㅅㅂ3ㅂ	1	2	False	0.9178	SLUR	N/A
3782	역시 고담 고기로 사기치노	1	2	False	0.8901	REGIONAL	N/A
3787	세계 PC화의 주범은 좆바마 니거새끼임	1	2	False	0.86	RACISM	N/A
3788	그냥 지 새키 꽂아주려고 비리 덩어리에 늙은 전라도 꼰대일 뿐... 머가리 깨진 애들이나 지지하지 전라도 설라도	1	2	False	0.8268	REGIONAL/AGE	N/A
3789	나도 기도하고싶다	2	0	False	0.6383	NORMAL	N/A
3799	좆같이 생겼네 진짜 목이 좆기둥처럼 생겨서 하는말임 ㅎㅎ	1	2	False	0.8187	SLUR	N/A
3800	다녀왔노 좆이버 뉴스댓글에 설치는 그남들 머가리 깨고싶어 못참겠노 아쉬운대라도 길가는 쇼린이 잡아다 스트레스 풀어야겠노	1	2	False	0.5544	COMMUNITY/AGE	N/A
3804	신고도 한남한테 하겠지? 병신년들	1	2	False	0.8745	GENDER	N/A
3807	보지년 특징 = 1.거짓말 《거짓말 하지 말라는 년》지들이 거짓말 함 ㅋㅋㅋㅋ	1	2	False	0.7698	GENDER	N/A
3808	똥남아 이자^슨^민 새끼 완득이볼때 누군가했다	1	2	False	0.8029	RACISM	N/A
3809	보력 한번을 안오냐 혼자 아이디 돌리기 앵나 힘드노 좆팔	1	2	False	0.8952	COMMUNITY	N/A
3815	그래도 책임감 있는 저런애들이 낫지낙태충년들은 욕 먹어도 싸다	1	2	False	0.6982	GENDER	N/A
3817	중국바퀴보다 조선족을 먼저 박멸해야 됨	1	2	False	0.5446	RACISM	N/A
3818	얼마나 뇨자들이 나대면ᆢ농담이지만 그랫겟나?  또 그걸로 강사배제라ᆢ말세다	1	2	False	0.9261	GENDER	N/A
3820	원래 외노자가 우리 아래에서 노예처럼 살아야 하는거아냐?이젠 반대로 외노자 아래서 조선민족들이 빌빌거리며 살겟네	1	2	False	0.8395	RACISM	N/A
3822	갓럼프가 되야지만검머외 개새끼들 조질수있음	1	2	False	0.8593	RACISM	N/A
3824	얼마전에는 몸에 성이 깃들어 있다는 말 쓴 같은 젠신도 패고있더노ㅋㅋㅋㅋㅋ단어에 꼬투리잡고 자빠지는 게 저새끼들이노	1	2	False	0.9104	LGBTQ	N/A
3825	ㄹㅇ 짱깨보다 더 좆같은새끼들이 좆족시발새끼들이네	1	2	False	0.7973	RACISM	N/A
3828	615 / 그리고 굳이 따지자면 남성의 역할은	2	0	False	0.5696	NORMAL	N/A
3830	무슬림들은 자신이 사는 곳을 지옥으로 만들고 또 다른 천국을 꿈꾼다	1	2	False	0.9274	RELIGION	N/A
3835	으으 씨발 외국에서 한국인 =똥남아 인종으로 알듯	1	2	False	0.836	RACISM	N/A
3836	다시한번 한국교회를 불쌍히여겨주소서 글 감사드립니다	2	0	False	0.6197	RELIGION	N/A
3837	우덜식 미래ㅋㅋㅋ 어서 원숭이님이 대통령이 되셔서 파키스탄, 조선족 500퍼센트 더 받았으면 좋겠다.	1	2	False	0.8519	REGIONAL/RACISM	N/A
3838	좃선족새끼들이 원하는건 그냥 한국에있으면서 자기 짱깨 국민이니까 함부로하지마라 ! 뭐 이런걸 원하는건데 사실상 본인이 바퀴벌레 혼혈이라고 홍보하는 셈	1	2	False	0.8132	RACISM	N/A
3839	절라도 증말 이갈리게 싫다	1	2	False	0.7689	REGIONAL	N/A
3842	사제는 남자가 주를 이뤘다 여자사제는 거의다 창녀였다 남자사제가 사용하는 그리고 바뀌에 깔리긴 왜깔리냐 동성애반대시위자가 밑에들어가서 지나갈려면 날 밟고가라이지랄하다가 밟힌거같네 돌발적으로 차앞에누우면 그게 누구잘못이냐 ㅋㅋ	1	2	False	0.6392	RELIGION/GENDER	N/A
3843	틀식충 아니노 ㅋㅋㅋㅋㅋㅋㅋㅋㅋ	1	2	False	0.9052	AGE/COMMUNITY	N/A
3844	맞노 요즘 웜애서 개돼내 허벌로 난다이기야	1	2	False	0.8518	COMMUNITY	N/A
3845	어....이건.....진짜....아닌데.....	2	0	False	0.4935	NORMAL	N/A
3846	100퍼 경상도 놈일듯 ㄹㅇ...	1	2	False	0.9364	REGIONAL	N/A
3847	그런 저새끼는 조선족	1	2	False	0.9273	RACISM	N/A
3852	가까운 한중일 건축양식만 봐도 제일 구리노. 기안내 개오진다익이	1	2	False	0.9031	COMMUNITY	N/A
3854	메퇘지년들 전생에 왕자들 사냥 다닐때 화살 워낙 맞아서 왕자라 하면 ㅂㄷㅂㄷ함	1	2	False	0.5474	GENDER	N/A
3855	너무나도 이상하게 옳은말이 터부시되는사회가 됐네 동성애는 있어서는 안되는 사회악이다	1	2	False	0.8589	LGBTQ	N/A
3856	좆선족은 니들끼리도 욕하냐?	1	2	False	0.8947	RACISM	N/A
3860	히잡으로 꽁꽁 싸매도 외모 출중하면 뷰지발광해댈 그 사상 뷔페니즘	1	2	False	0.5755	GENDER	N/A
3862	쪽바리 차 타고 다닌건 맞는 말이네.	1	2	False	0.8526	RACISM	N/A
3864	홍어들이 많이 사는 지역 콜로라도	1	2	False	0.8152	REGIONAL	N/A
3865	아니...왜 때문에......	2	0	False	0.5884	NORMAL	N/A
3868	관광객 불체자 구별도 못하는 좆병신 급식충 새끼들 천지오바마 방한하면 미개한 껌둥이라며 반대할 새끼들인듯	1	2	False	0.8258	AGE	N/A
3869	머구 수준하고는ㅋㅋㅋ	1	2	False	0.9364	REGIONAL	N/A
3870	클라크의 명석한 설교에 감동을 받았다 .	2	0	False	0.5543	NORMAL	N/A
3871	병신 젠더되서 레즈되고싶다고 하는 사람도있던데 웃긴이야기지만 ㅇㅇ	1	2	False	0.8178	LGBTQ	N/A
3873	무슬림 할로윈 분장은 복면쓰고 폭탄 몸에 두르기만 하면 완벽한데	1	2	False	0.9071	RELIGION	N/A
3875	시발 존나웃기넼ㅋㅋㅋㅋㅋㅋㅋㅋㅋㅋㅋㅋㅋㅋㅋㅋㅋㅋㅋㅋㅋㅋㅋㅋ	0	2	False	0.9107	NORMAL	N/A
3876	머한민국에서는고향을 물어보는것도수치고 불편하고 지역 차별이란다	0	2	False	0.9288	NORMAL	N/A
3878	진짜 좆같이 미개해 보인다 미친 짱깨새끼들은 왜이리 단체로 북치는걸 좋아할까	1	2	False	0.8334	RACISM	N/A
3879	다 피싸개년들이 자초한거지 ㅋㅋ가족아닌 이상 쳐맞고있어도 도와줄일 1도없다 피싸개년들	1	2	False	0.599	GENDER	N/A
3881	관종이냐 전국에 젠더인거 알리고 꼭 저학교 가야하냐,	1	2	False	0.9344	LGBTQ	N/A
3883	틀딱은 근육 있어도 역겨움	1	2	False	0.9242	AGE	N/A
3885	지랄하고있네. 사람이 죽이 맞으면 친한거지 ㅉㅉ누가 통베충 저장소 아니랄까봐. 일베에 호재 불러온 충청도아저씨 인기 급물살 타니까경상충청일체 분위기 조성하는거 보소 ㅉㅉ	1	2	False	0.8894	COMMUNITY/REGIONAL	N/A
3886	뭘 당연한 소리를 하고 앉았노 언제는 연세대 나온 한남이 씹치 아니었던 적이 있었노 서울대 나온 한남도 키 185인 한남도 재산이 수십억인 한남도 결국엔 한남충이다 이기야	1	2	False	0.7532	GENDER/COMMUNITY	N/A
3887	미투보고하는말 유투	2	0	False	0.5016	NORMAL	N/A
3891	남녀간 결혼에는 나이차이라는 묘수가 있어 괜찮은 남자들에겐 항상 보지가 넘쳐난다	1	2	False	0.6059	GENDER	N/A
3893	ㅋㅋㅋㅋ자댕이답게 과학이 아니라 유사과학을 하노ㅋㅋㅋ이래서 자댕이들 공부가르쳐봐야 쓸모없다이니야	1	2	False	0.7398	GENDER/COMMUNITY	N/A
3897	맞는 말이네......	2	0	False	0.5214	NORMAL	N/A
3898	그 상폐가 그 상폐아니겠노 깔깔	1	2	False	0.8442	AGE	N/A
3900	급식충들 너무싫다ㅋㅋㅋㅋㅋㅋㅋ	1	2	False	0.9006	AGE	N/A
3903	최현희선생 전라도라서 전라도판사빽있음	1	2	False	0.9169	REGIONAL	N/A
3904	ㅇㄱㄹㅇ 그 증거로 현실에서 성형한여자만나면 이쁘면된거라고 부랄앵나게 딸랑임	1	2	False	0.7468	GENDER/COMMUNITY	N/A
3907	한남 아웃 !! 잠재적 성범죄 !! 분명 까보면 고향이 쌍도일 가능성이 높음	1	2	False	0.8382	GENDER/REGIONAL	N/A
3910	뭐노 일부로 면상늘려놓은거 아니노? ㅋㅋㅋ아니면 뭐 저리 빻았노?	1	2	False	0.8741	SLUR/COMMUNITY	N/A
3914	틀딱새끼들 틀니 부셔버리기 전에 조용이 있어라	1	2	False	0.6896	AGE	N/A
3917	머구 원래 인건비 존나 싼걸로 유명해서 골목식당 좆후리는 병신들 등판해서 장사할거다 사업할거다 하던 예루살렘 이었는데	1	2	False	0.8895	REGIONAL	N/A
3920	내가씨발 진짜 메갈리언 보면 ㅈㄴ패고싶어하는대 어느날 길가다 메갈리언발견해서 눈찌푸리면서 쳐다보면서 가고있엇다?그낻 그 메갈련이 나보고 멀 꼬라바 씨발놈아 이래서 그담부턴 길가다 메갈보면 고개숙이고감.. 실제로 메갈 중에 무서운애들있다내 쫄보력 ㅁㅌㅊ?	1	2	False	0.6844	GENDER	N/A
3922	다음 걱정할때가 아니다 일베가 조선족 바퀴벌레들 더 많다 븅신들아 씨발 ㅋㅋ	1	2	False	0.8701	RACISM	N/A
3924	게이새끼들 러시아로 다 보내라 ㅎ	1	2	False	0.605	LGBTQ	N/A
3925	부산은 쌍도 아니다 시발놈아 저새끼들 이미 라도멀티돼서 쌍도 아니다 아 자존심상한다	1	2	False	0.8014	REGIONAL	N/A
3926	걍 한국 보지만 거르삼	1	2	False	0.6191	GENDER	N/A
3928	예능도 보지들 축구하던데 바로 티비 껐다	1	2	False	0.9306	GENDER	N/A
3929	김치년=바퀴벌레	1	2	False	0.6556	GENDER	N/A
3930	여자껀 타이트하게 줄이면 색기뒤질거같은대...벗길땐 지금교복보다 더꼴릴듯....남자껀 별지랄을다해도 칼라풀 머슴같을듯	1	2	False	0.5916	GENDER	N/A
3931	야 근데 그 뭐더라 목수의아들이랑 뭐 마굿간에서 잉태하는거?그거랑 이거랑 다 다른 인물이냐? 뭐 이렇게 복잡해	0	2	False	0.7827	NORMAL	N/A
3932	나는 장난감 칼 들고 남동충 뚜까 패고 놀았는데 트렌스자지인 부분?하나같이 좆나 같잖은 핑계대노	1	2	False	0.6218	GENDER	N/A
3934	자적자는 싸.이.언.쓰 ^오^	1	2	False	0.8359	GENDER	N/A
3935	레몬테라스가 애미뒤진 맘충들이지	1	2	False	0.8294	GENDER	N/A
3936	샤넌만 인정한다. 미개한 김치년들의 질투심에 지지 않았으면 좋겠다	1	2	False	0.8448	GENDER	N/A
3947	뭐하러 한국에 다시들어온거야 그럴거면, 중국가서 중국발이나 쪽쪽 빨면서 살라고 그래라, 우리가 미국간놈 다시 한국오라고 그랬디? 좆족동포인지 중국인인지 하나만 해라 시발좆족들아	1	2	False	0.8542	RACISM	N/A
3950	한국 교회를 잘 리더해주실 총회장님 응원하며 기도합니다	2	0	False	0.6602	RELIGION	N/A
3951	생후 3살 짜리 여자애에게 풀메시켜서 모델시키는데 보기 좀 딱하더라 안그래도 충분히 예쁜애기인데	0	2	False	0.6367	NORMAL	N/A
3952	동성애자새끼들 다 화염방사기로 통구이만들어버리고싶다 ㅡㅡ가만히 쳐있으면 모를까 시팔 나대니깐 혐오감을 넘어 다 죽여버리고싶음	0	1	False	0.6495	NORMAL	N/A
3953	한남 답이 없노	0	2	False	0.8704	NORMAL	N/A
3954	박사모노인들의 패드립은 전혀 웃기지도 않고 혐오감만 드노...	1	2	False	0.8842	AGE	N/A
3956	좆중고딩 금지시키자는게 요런 이유때문에 아니겄노	1	2	False	0.8942	AGE/COMMUNITY	N/A
3958	그 1900만명에 초딩도 들어가있는거임??	2	0	False	0.5182	AGE	N/A
3961	와....저거 여자 나체 그림이었어봐라. 백프로 성적 모욕이니 뭐니 해서 난리났을텐데...진짜 이 나라는 너무 비상식적이다.게이 세끼들은 스스롤르 얼마나 성적으로	1	2	False	0.8125	LGBTQ	N/A
3963	한남충... 딱 봐도 그냥 김치녀 대응거리로 어설프게 급조한티가 팍팍 나는 단어 걍 김치녀들은 자연스럽게 안나오고 억지로 할라는거 같아서 뭘해도 ㅄ처럼 보임 뭘해도 어설픈년들임	1	2	False	0.8112	GENDER	N/A
3964	한남충들 한국여자 만날생각하노 재기 생각은 왜 안하노	1	2	False	0.6008	GENDER/COMMUNITY	N/A
3965	전라도는 교화, 갱생 불가능이다 포기해라	1	2	False	0.7188	REGIONAL	N/A
3968	병신3으로 보이노	1	2	False	0.888	SLUR/COMMUNITY	N/A
3973	닭사모 새끼들 서울로 올라오지좀 마라대구에서 짜져 있으라고	1	2	False	0.8513	REGIONAL/SLUR	N/A
3976	꼬추-똥꼬-꼬추-똥꼬 너의 나의 연결고리?	1	2	False	0.6435	SLUR/LGBTQ	N/A
3979	페미니즘 = 정신병, 페미니스트 = 정신병자	1	2	False	0.9132	GENDER	N/A
3980	민주화 수 봐;;;레알 개쌍도;;;	1	2	False	0.8506	REGIONAL	N/A
3981	디테일한 묘사에 전 성자련 토하고 가노ᆢᆢ 하나같이 비실멸치 좆돼지고 성욕만 오짐	1	2	False	0.58	GENDER/COMMUNITY	N/A
3984	나도 안보려고했는데 앞으로 자지품평하고 줄세울 이런 좋은기회가 다신없을수도 있다고 생각하니까 투표욕구가 생겼노	1	2	False	0.6972	GENDER/COMMUNITY	N/A
3988	겉과속이다른 사람들~	2	0	False	0.5146	NORMAL	N/A
3989	씹 파오후네 ㅋㅋㅋ	1	2	False	0.8324	SLUR/COMMUNITY	N/A
3990	정게 틀딱들은 겁나 좋아하던데 ㅋㅋㅋㅋㅋㅋㅋㅋㅋㅋㅋㅋㅋㅋㅋㅋㅋㅋㅋ젊은 처자들 왔다고 ㅋㅋㅋㅋㅋㅋㅋㅋㅋㅋㅋㅋㅋㅋㅋㅋㅋㅋㅋㅋㅋㅋㅋㅋㅋㅋㅋㅋㅋㅋㅋㅋㅋㅋㅋㅋㅋㅋㅋ	1	2	False	0.8749	AGE/COMMUNITY	N/A
3996	자트릭스 때문에 남수험생들은 커트라인 성적도 여성들보다 낮지 않노? 하여간 미개한 놈들 주제에 공부 안하는 티 팍팍 내노	1	2	False	0.9174	GENDER/COMMUNITY	N/A
4000	좆같은 좆족 짱깨 씨발새끼들 운동권은 미국 대사관이 아니라 짱깨 대사관에 가서 불을 질러라 좀	1	2	False	0.5731	RACISM	N/A
4002	"콧구멍으로 빗물 먹겠노 오바한 고개 처들기는 만국의 트랜스젠더""남성"" 공통점인가 보노"	1	2	False	0.8519	LGBTQ/COMMUNITY	N/A
4003	분탕홍어가 만선이구나	1	2	False	0.8825	REGIONAL	N/A
4014	엌 틀무새들 좆됐노 ㅋㅋㅋㅋ	1	2	False	0.9144	AGE/COMMUNITY	N/A
4016	xy는 실패작이며 장애이며 트젠은 미개한 xy일뿐이라고 주장한 사람 이미 있었노. 그 사람은 래디컬 페미니스트로 분류되노. 쓰까페미들 계속 괘미니즘이 여남평등이라고 주장하지 마라. 괘미니즘의 목적은 여성해방이며 여성해방은 남성말살로서 가능하노	1	2	False	0.788	GENDER	N/A
4020	고양이 키우는건 무료 내새끼 키우는건 유료 씨발 쉰김치 썩은김치 30대 상장폐지 썩운보지 마인드 ㅆㅅㅌㅊ	1	2	False	0.5342	GENDER/AGE	N/A
4021	부산에도 홍어 많이 살고결정적으로 성자가 분탕 홍어	1	2	False	0.8476	REGIONAL	N/A
4025	ㅇㄱㄹㅇ 나련 트랜스아메리칸이라 어릴 때부터 쌀국 영화 드라마 예능 섭렵했는데 와꾸 빻빻 좆돼지 너드새끼들 한국에 와서 인기보이인척 하는거 좆나 꼴보기싫었노	1	2	False	0.6873	GENDER/COMMUNITY	N/A
4029	수용서ㅈㅎ	2	0	False	0.5607	NORMAL/COMMUNITY	N/A
4032	저거 그 하늘보리녀 말하는거 맞지 ? 벽지까지 재현했노 씨바꺼ㅋㅋㅋㅋㅋㅋ 하늘보리녀 재밌긴했는데ㅎ 근데 하늘보리랴 자살했나? 여시씹년들이 왜 저리 예민하게 지랄이노	1	2	False	0.6952	GENDER/COMMUNITY	N/A
4033	사람을 저렇게 몰아세워도 되나	2	0	False	0.4985	NORMAL	N/A
4038	ㅋㅋㅋㅋㅋ스트레스 풀기 딱 좋겠노. 이제 자댕이새끼 퇴사할 일 만 남았^노^	1	2	False	0.6679	GENDER/COMMUNITY	N/A
4040	심지어 저게 풀발한거임 와 군무 소름돋는다 ㄹㅇ	1	2	False	0.9411	GENDER/COMMUNITY	N/A
4047	맞노 ㅋㅋㅋㅋ 코르셋 찼던 시절에 일부러 남리남리한척 건드렸는데 자 지새끼 점수 보고 꼬무룩했노 ㅋㅋㅋㅋ	1	2	False	0.7062	GENDER/COMMUNITY	N/A
4048	터키놈들은 가장 최악의 민족임...독일에서도 가장 미움받고 다 그 이유가 있음. 라도와 비슷	1	2	False	0.7883	RACISM/REGIONAL	N/A
4054	똥꼬충 기갈 오지노 ㅋㅋㅋㅋㅋ 똥꼬충 커뮤에 가서 됴.됴.됴.됴. 하며 ㅈㅎㅌㅊ 글 쓰고 있을 것 같노	1	2	False	0.7853	LGBTQ/COMMUNITY	N/A
4058	왜 마산 같지?	2	0	False	0.5662	NORMAL	N/A
4060	외국 범죄학 강의에서도 우리나라 주민등록제랑 지문수집제도가 모범사례로 나온대더라	2	0	False	0.5171	NORMAL	N/A
4063	자지 좋은짓 한다는게 흉자가 원인이 아니라 자지 때문 아니노? 애초에 자지 때문인데,	2	1	False	0.6185	GENDER/COMMUNITY	N/A
4068	난 이발언에 찬성이요	2	0	False	0.5874	NORMAL	N/A
4077	아니 그닥 이해하고싶지않던데그냥 늙으면 뒈져야지	1	2	False	0.8721	AGE	N/A
4082	서울경기인천강원도경상도는 저런거 향우회못본거같은데왜 홍어새끼들은 저런거에 환장하냐?	1	2	False	0.8106	REGIONAL	N/A
4084	홍어새끼들싱글벙글왔다가 분비물흘리는거보소ㅋㅋㅋㄱㅋㅋㄲ 개꿀잼!!!ㅋㅋㄱㅋ	1	2	False	0.7795	REGIONAL	N/A
4094	우리나라도 쭝꿔 좆족 개씨발짱뚱어새끼들좀 안받았음 좋겠다, 파퀴벌레 시발놈도 어휴 냄새가..	1	2	False	0.5373	RACISM	N/A
4098	사진 멋진데	2	0	False	0.5811	NORMAL	N/A
4105	보헤미안 뜻 = 보지 헤프게써놓고 미투운동후 안그런척한다	1	2	False	0.7393	GENDER/COMMUNITY	N/A
4107	이런 팩트를 알리는 기사 앞으로도 많이 써주세요!!!!!	2	0	False	0.5822	NORMAL	N/A
4121	ㅋㅋ 그남들 상처 받고 집에서 앙앙 울다가 앙칼지게 비싼척하노 ㅋㅋㅋ 못생긴 남자의 삶이 원래 그렇게 비참한걸 어쩌겠냐 이기야 ㅋㅋㅋ	1	2	False	0.7764	GENDER/SLUR	N/A
4122	게이는 왜 한남에서 빼는거노 이기야	1	2	False	0.8901	GENDER/LGBTQ	N/A
4133	설라도, 홍오십색이들 미국 캐나다 호주에도 ㅈㄴ 많음	1	2	False	0.7535	REGIONAL	N/A
4135	한냄들이 개나소나 15는 된다고 하는 이유: 부랄부터 잼	1	2	False	0.8074	GENDER	N/A
4137	좆같이도생겻노 씨발나라말아쳐먹은년	1	2	False	0.8411	SLUR	N/A
4140	햇님 누명 벗고 복권해야 한다 이니문강간자집아	1	2	False	0.685	GENDER/COMMUNITY	N/A
4144	아따 솔찌기 오해허기 좋게 머리 맡긴 냄비가 잘못헌거 아녀?	1	2	False	0.8124	REGIONAL	N/A
4149	상도놈들 ㅎㅎ왕건명언 ㅡ 차령이남 남부지방놈들 정치시키지 마라 좆된다상도라도 정치금지	1	2	False	0.676	REGIONAL	N/A
4158	잘했노 개짓거리하러 동남아 가는 새끼들이 뚫린 주둥아리라고 나불나불 한남좆병신들은 모가지 따야 조용해지노	1	2	False	0.5113	GENDER/SLUR	N/A
4163	"아이유가 부릅니다 ""있냐"""	2	0	False	0.534	NORMAL	N/A
4167	같은 거 중고로 사주면 되지 않나	2	0	False	0.5652	NORMAL	N/A
4171	암홍어 시발 ㅋㅋ	1	2	False	0.813	GENDER/REGIONAL	N/A
4178	홍어좆 같은 넘이노	1	2	False	0.8035	REGIONAL	N/A
4180	후팔 성매매가 어데 자발적이노? 길가다 한남와꾸보는것도 토나와서 칼푹찍하고싶은데 뭔소리노	1	2	False	0.519	GENDER/COMMUNITY	N/A
4182	설득충있는데 말짜르고 너창놈이야? 하면서 인상쓰면 자들댐	1	2	False	0.7843	GENDER/COMMUNITY	N/A
4183	우측상단년 ㅋㅋㅋㅋㅋㅋㅌㅋㅋㅋㅋㅋㅋㅋㅋㅋㅋㅋㅋㅋ 구운김치뇬 ㅋㅋㅋ	1	2	False	0.7623	GENDER/COMMUNITY	N/A
4191	분탕홍어200마리넘놐ㅋㅋㅋ	1	2	False	0.88	REGIONAL	N/A
4196	아 저 맞는애 훚앙에 박고 앂다	1	2	False	0.587	SLUR	N/A
4204	통구이새끼들은 머한쉐프가 뇌까지 구워내셔서그런가 손가락으로도 사투리씀 ㅉㅉ니네나라말은 니네나라새끼들하고 아가리털때나써야지 병신들아^^	1	2	False	0.6709	REGIONAL	N/A
4209	ㅋㅋ 세탁라도들 끼리 통수에 통숰ㅋㅌ	1	2	False	0.8512	REGIONAL	N/A
4212	똥꼬충 새끼들이 여자인척하면서 이퀄리즘으로 여자들한테 물타기시전하는거 역겹노 이기야ㅋㅋㅋ	1	2	False	0.8299	LGBTQ/COMMUNITY	N/A
4213	옳고 그름을 판단할 능력이 없는 듯.	2	0	False	0.5516	SLUR	N/A
4222	1절만 해라	2	0	False	0.5788	SLUR	N/A
4224	어릴적 친구가 부산 토박이 행세했던거고 근본적으론 그런게 홍어 맞다.애비가 홍어면 홍어, 애미가 홍어도 홍어, 할애비가 홍어도 홍어, 할매미가 홍어도 홍어다.어차피 다 한 통속이니 굳이 부라디언, 설라디언, 하프홍어, 쿼터홍어 나눌 필요 없다.	1	2	False	0.6132	REGIONAL	N/A
4228	주변에 홍어있는 새끼들 특) 생활수준이 낮고 저학력이며 높은 확률로 애비가 야가다 김씨임 ㄹㅇ	1	2	False	0.781	REGIONAL	N/A
4235	쌍도에서는 평범한 일상이잖아	1	2	False	0.936	REGIONAL	N/A
4236	ㅋㅋㅋㅋㅋㅋ오랩충한테 성경건네주면서 하나님 믿고 천국가자고 해봐라 익이 오줌질질싸고 그날 바로 재기만남가능 할듯	1	2	False	0.5613	GENDER/COMMUNITY	N/A
4243	마계인천에 짱깨? 대마계촌 이노 씨발ㅋㅋ	1	2	False	0.8614	RACISM/REGIONAL	N/A
4244	태국 가서 티파니쇼 봤던거 기억난당	2	0	False	0.5799	NORMAL	N/A
4250	홍어가 경상도를 죽이고있다	1	2	False	0.7455	REGIONAL	N/A
4254	부끄럽다 추장관...	2	0	False	0.4978	SLUR	N/A
4259	쥐포새끼들이 주축인 나라였음 통수치는 신하도 쥐포새끼지 어째서 그게 홍어라고 한당가? 이래놓고 팩트 좋아하네 ㅋㅋㅋ 븅신 개쌍도년. 개쌍도종특은 이거지. 어거지쓰고 철면피 딱 쓰고 지들 잘못 감추려 남 들쑤시고 ㅋㅋㅋ 군대때 겪어본 개쌍도년들이랑 똑같음	1	2	False	0.7142	REGIONAL	N/A
4270	솔까 게이가 부럽다 김치년들에게 피 빨릴 일도 없고 보지 한번 먹어보겠다고 보빨 할 필요도 없잖아 문제는 남자가 안땡긴다는 게 문제인	2	1	False	0.5306	GENDER/LGBTQ	N/A
4293	인천출신인데 쌍도나 라도나 미개한것 똑같다ㅋㅋ 특히 대구새끼들이랑은 상종하면 안됨	1	2	False	0.8425	REGIONAL	N/A
4298	정말 안타깝습니다..... 내일 일 모르니 항상 현재에 최선을 다해야겠네요... 이슬람교에서 말하는 천국이 정말 존재하는지 모르겠지만, 존재한다면 오늘 무고한 희생자 분들 모두 좋은 곳으로 가셨길 바랍니다	2	0	False	0.5613	NORMAL/RELIGION	N/A
4299	저렇게하니사우디가잘살잖아 한국봐라 암탉이우니 자살율1위됬잖아	1	2	False	0.9124	GENDER	N/A
4300	참 길게도 썼네요	2	0	False	0.5676	REGIONAL	N/A
4306	한마디로 말하자면 니같은 종자들은 코로나바이러스 처럼 변종 들이닷~~~ 특히. ㅎ리수 변종의 대부	1	2	False	0.8297	LGBTQ	N/A
4338	진짜 노인들은 박멸해야된다 50넘는순간 국가에서 거세시켜야됨	1	2	False	0.5521	AGE	N/A
4340	래퍼라서 그런가 글을 잘쓰네	2	0	False	0.5432	NORMAL	N/A
4360	인종청소 함가야겠노	1	2	False	0.5275	RACISM	N/A
4365	김구라 젊었네 ㅋㅋㅋ	2	0	False	0.5069	NORMAL	N/A
4370	이건 지역이 문제임	2	0	False	0.5361	REGIONAL	N/A
4382	일제시대 유슬람 테러좆들 (좆센산)	1	2	False	0.7636	RELIGION/RACISM	N/A
4386	에이즈에 감염될 수 도 있는 상황에 환자의 생명을 위하는 수동연세요양병원 의사와 간호사님들이야말로 진정 인권을 위하는 분들이네요!! 존경합니다	2	0	False	0.5105	NORMAL	N/A
4387	일베에 암거하고있는 좃족 홍어들도 모두 소탕시켜주세요 아멘	1	2	False	0.5407	REGIONAL/RACISM	N/A
4388	피싸개들 ㅂㄷㅂㄷ 펜스룸 가즈아~ㅋㅋㅋㅋㅋㅋㅋㅋㅋㅋㅋ	1	2	False	0.6114	GENDER	N/A
4390	제주도 앂새끼들 ㅎㅎㅎㅎ전라남남도의 후손답노	1	2	False	0.7821	REGIONAL	N/A
4391	제주도에 짱깨가 사라지니 이제는 이슬람새끼들이 들어오네ㅋㅋㅋㅋㅋㅋ 제주도=과거 전라도,4.3폭동	1	2	False	0.7791	REGIONAL/RACISM	N/A
4392	서로. 매여. 있는게.	2	0	False	0.573	NORMAL	N/A
4428	2010년 주화	2	0	False	0.6034	NORMAL/COMMUNITY	N/A
4437	역시 피싸개들이 맘충 소리 듣는건 자업자득귀가 얇고가랑이가 가볍고	1	2	False	0.5786	GENDER	N/A
4439	난 섹스한 젖탱이년들이 나오는 게임함힘들어도 예쁘고 커다란 2D 젖탱이를 보면 그냥 행복해짐^^	2	1	False	0.5553	NORMAL	N/A
4442	어데서 창남이 고개 빳빳이 들고... 상폐라서 생체 딜도로도 못 쓰겠노	1	2	False	0.5202	GENDER/AGE	N/A
4444	우와... ㅋㅋㅋㅋ	2	0	False	0.5709	NORMAL	N/A
4458	동의헙니다	2	0	False	0.6669	NORMAL	N/A
4461	솔직히 여자가 죽을만했다 여자가 페미 스타일에 머리를 하고 있슴	1	2	False	0.9015	GENDER	N/A
4470	매브니 열려라 제발제발제발	2	0	False	0.5356	NORMAL	N/A
4471	이년 통찰력 지리노 ㅋㅋㅋㅋㅋ스시좆이랑 혐애했었는데 ㄹㅇ 다 똑같노 ㅋㅋ 반면 한남충들의 음침하고 보기만 해도 기분 다운되는 식민지남성성 잘 집어냈노ㅋㅋㅋㅋ 스시남이 한남충 한번더 쓸어주면 좋겠노 ㅋㅋㅋ	1	2	False	0.6469	GENDER/COMMUNITY	N/A
4477	황폐해진 세상과 마음의 복음이 푸른 숲을 이루길 기도합니다	2	0	False	0.5643	NORMAL	N/A
4490	5번이 1번되어야하는거 아니냐 솔직히?	2	0	False	0.5186	NORMAL	N/A
4506	휴 고득점이라 다행이다	2	0	False	0.5908	NORMAL	N/A
4524	두 분 다 매력이 장난 아니네요. ㅎㅎ	2	0	False	0.5066	NORMAL	N/A
4528	엘리베이터 무섭다...안 탈 수도 없고	2	0	False	0.5452	NORMAL	N/A
4532	박사모좆족새끼들 진심 죽여야된다	1	2	False	0.5798	RACISM	N/A
4537	교회가 방역을 철저히하여 한국교회가 세상가운데 희망이 되기를 바랍니다.	2	0	False	0.619	NORMAL	N/A
4542	저 시절에 이미 본질을 깨달으신 분이네	2	0	False	0.5639	NORMAL/COMMUNITY	N/A
4546	전라도 경상도 사람들 존나 생선비린내 나더라 가까이가도 존나 비린내 썩은내 존나 남	1	2	False	0.6287	REGIONAL	N/A
4547	소통과 공감으로 한국교회가 하나되길 바라며  성탄절에는 교회가서 예배 드리길 기도합니다	2	0	False	0.652	NORMAL	N/A
4556	그냥 이혼후 합리화 아닐까	2	0	False	0.5464	NORMAL	N/A
4568	애기들을 어른들 눈에 맞추려고 하지마시고 어른들이 애기들 눈높이에 맞추는게 정상 아닌가요?	2	0	False	0.5313	NORMAL	N/A
4574	와 봊나부럽노 재기후 남동충 방 박살내기파티 ㄹㅇ 인생파티각이노	2	1	False	0.5221	GENDER/COMMUNITY	N/A
4581	미국지잡다니는데 우리학교 화장실 절반 넘게 남녀공용임	2	0	False	0.5368	NORMAL	N/A
4585	한국에서나 외국 나가면 눈치보기 바쁘고 안에서는 털리지도길에서 저지랄하면 당장 깨스실 영업재개함...둘이먹다 하나죽어도 모르는 맛이 아니라 몇백만명이 마시고 전부 다 죽어도 모르는 도길 장인정신이 녹아있는 깨스	1	2	False	0.9187	RACISM	N/A
4610	혐오조장이 후장충파티 목적이면 똥꼬충들 전부 M이노	1	2	False	0.5345	LGBTQ	N/A
4640	씨발얼굴한남콘ㅋㅋㅋㅋㅋ존나웃기네 후장임신이라도 하셨나~^느^	1	2	False	0.5683	GENDER/COMMUNITY	N/A
4654	이참에 그냥 나라를 개슬람화시켜서 저년들에게 지옥을 보여주자알라후바라크!!!!!!!!!!!!!!!!!!!!!!!!	1	2	False	0.5038	RELIGION	N/A
4662	결말이 어캐 났나요?	2	0	False	0.6361	NORMAL	N/A
4672	이래서 자댕이한테는 사람취급 해주면 안된다 이기 쉰부랄달고 여자한테 대드노	2	1	False	0.5103	GENDER/COMMUNITY	N/A
4673	미국이 부럽다	2	0	False	0.5429	NORMAL	N/A
4702	진정한 남페미는 알아서 재기함 후팔 재기할 용기도 없으면서 페미운운하는거 역겹노	1	2	False	0.5092	GENDER/COMMUNITY	N/A
4744	ppap 크게 틀면 조용해짐	2	0	False	0.4992	NORMAL	N/A
4765	피싸개들이 낳아봐야 똥싸개뿐이지 별거있냐	1	2	False	0.5181	GENDER	N/A
4766	난 오줌싸고 꼬츄 휴지로 닦음	2	1	False	0.5608	NORMAL	N/A
4772	I'm a gain	2	0	False	0.5403	NORMAL	N/A
4797	진짜 차기 대통령감이다	2	0	False	0.5066	NORMAL	N/A
4809	절대... 라는건 좀 어렵네요 소모품이라...	2	0	False	0.5817	NORMAL	N/A
4831	정신또라이들 교회 다니는 인간들 졸라 재수없어 지들만 믿으면 되지 꼭 끌어드리려고 얼굴에다 염산 확 뿌려버려야지	1	2	False	0.5454	RELIGION	N/A
4839	오 난 당연히 노르웨이인인것을	2	0	False	0.5618	NORMAL	N/A
4864	양성평등이랑 성평등은 다른얘기다 김동식의원님 응원합니다! 제발 이 나라의 성평등을 막아주세요	2	0	False	0.5328	GENDER	N/A
4868	역시 똥꼬충들은 뇌가 벌집후장 옆에 치핵이랑 같이 대롱대롱 매달려있어서 그런가 저 이상의 생각을 하지 못하노.	2	1	False	0.5871	LGBTQ	N/A
4872	헤어지던가 재기하든가 둘중 하나는해라 소추벌벌거리긴 ㅉㅉ	1	2	False	0.6528	GENDER/COMMUNITY	N/A
4879	혜화역시위때 성님들 마체테들고 돼지고기 토막치러오겟놐ㅋㅋ	1	2	False	0.5569	GENDER/COMMUNITY	N/A
4888	정말 급하면 대형 마트에 가도 되긴 하는데, 배송비를 내더라도 인터넷이 저렴합니다.	2	0	False	0.556	NORMAL	N/A
4895	하........	2	0	False	0.5662	NORMAL	N/A
4897	이 정도면 청와대 청원감 아닌가요?	2	0	False	0.6216	NORMAL	N/A
4904	괴벨스의 선동이론도 모르느냐 게헛소리를 믹스해놓으니 한남들이 노발대발한거 아니겠느냐 이 빻은련아 네이련 웜상주바이러스 걸린련이 조신하지 못하게 어서가서 베둘레헴이나 확장시키거라	1	2	False	0.6916	GENDER/COMMUNITY	N/A
4913	얼마에 빌릴수있음?	2	0	False	0.5201	NORMAL	N/A
4917	하나님께서 선한 길로 인도하셔서, 꼭 교회가 한목소리를 내면서 사람들의 영적 갈급함을 채워주는 공동체가 되길 소망합니다.	2	0	False	0.6336	NORMAL	N/A
4930	지금도 미세먼지로 유린하자나ㅅㅂ 길가다 짱깨시끼들 걍 패죽여도 정당방위지안냐?	1	2	False	0.5716	RACISM	N/A
4932	말을 들으면 3살이 아니지. 준비가 안 된 어머니가 안타깝다	2	0	False	0.589	NORMAL	N/A
4937	가방안에 도시락이냐?	2	0	False	0.5402	NORMAL	N/A
4940	"다만 ""피고인이 범행 일체를 시인하고 잘못을 반성하는 점"	2	0	False	0.5004	NORMAL	N/A
4941	웃기다 ㅋㅋㅋㅋ	2	0	False	0.4998	NORMAL	N/A
4944	저는 무굔데 미션스쿨 출신이라 개신교 문화에 대해서는 알고 있습니다 성경이 소설이라고 한 부분에서 헉 했네요 개신교인 사람들 중 소설이라고 생각하는 사람이 있을까요?;;	2	0	False	0.5069	NORMAL	N/A
4955	제가 한번 먹어보겠습니다. 음.. 맛이 좋네요	2	0	False	0.6006	NORMAL	N/A
4960	와 멋잇다	2	0	False	0.5484	NORMAL	N/A
4998	미국에서는 9살 연하가 또래군	2	0	False	0.5589	NORMAL	N/A
5003	솔직히 별로 재미없음	2	0	False	0.5012	NORMAL	N/A
5007	개씹슬람 개슬람 짐승람 이 새끼들 앞으로 더 몰려 들어올텐데 언젠가 우리들이 좆망슬람새끼들을 몰아내야할 날이 올거다. 파오후, 쿰척.. 쿰척.	1	2	False	0.6546	RELIGION	N/A
5045	가치 납협. 소추한남? 거세박멸	2	1	False	0.5493	GENDER	N/A
5064	유튜브해서 남피해주는새끼들 걸리면 바로 모가지따서 직이뿌야된다	2	1	False	0.5802	SLUR	N/A
5081	자연이 좋아서	2	0	False	0.584	NORMAL	N/A
5086	붓다가 보면 어떤 생각을 하실까	2	0	False	0.4974	RELIGION	N/A
5110	신의 존재를 믿는다면 올바르게 살려고 노력하는 것일뿐. 기독교가 아니어도 좋은곳에 갔겠지. 그리고 두번째는 사람의 목숨은 하늘에 달렸으니 필요해서 먼저 데려갔다기 보단 알수없다가 솔직한 표현일거다	2	0	False	0.533	NORMAL	N/A
5111	준표형 마음 이해한다.	2	0	False	0.5491	NORMAL	N/A
5113	하나님께서 우리를 돌아봐주시기를....혼란의시기에 지혜의영을 부어주시기를...	2	0	False	0.609	NORMAL	N/A
5115	저친구는지금뭐할까	2	0	False	0.587	NORMAL	N/A
5140	한남은 죽으면 착해진다이기 흙이되야 착해짐 개사료로도 개 탈난다 안된다이기	2	1	False	0.7107	GENDER	N/A
5152	한남은 좆없음. 보지들한테 진짜 좆 알려줘야한다. 참교육^느^	2	1	False	0.6002	GENDER	N/A
5158	잘됐노 저길로 젠신병자하면 되겠다이기야~ 빨리 군머가서 앞후장대줘라이니야 ^느^	1	2	False	0.4985	LGBTQ	N/A
5193	터키 정교분리잖아.	2	0	False	0.6229	NORMAL	N/A
5196	쿵쾅피싸개	1	2	False	0.6493	GENDER	N/A
5197	백퍼 짬지에다가 당근도 넣엇다	1	2	False	0.575	GENDER	N/A
5202	형님 안녕하세요 정말로 형님의 여동생분과 교제를 하고 싶습니다 꼭 연락주세요	2	0	False	0.5327	NORMAL	N/A
5207	부산의 전라도영도새끼들 반성해라영도새끼들 아무래도 섬사람이라존나 개새끼들 많음암튼 성격 좆같은새끼들도 존나 많고사색즐기는새끼 변태같은새끼 일단 말투만 경상도고 하는짓 생긴거는 전라도임	1	2	False	0.6717	REGIONAL	N/A
5215	좆팔 미쳤노 웜에서 혐애 소리하는 개돼지들이 아직도 있노? 윾입들 웜 스탠스 흐릴거면 커뮤가라이기	1	2	False	0.838	GENDER	N/A
5221	전라도에서 북괴 김씨 3부자 쳐빠는 새키들이 바로 저런 부류임북괴 주체사상교가 기독교의 변형된 사이비형태거든나라 10창내고 부정선거 저지른 종중 종북 매국노 민족반역 공산 독재자 문재앙 지지율이 지금 전라도에서 92프로임	1	2	False	0.8292	REGIONAL	N/A
5227	여자 다섯명이서 가위치기!! 인간지네!!	1	2	False	0.6994	GENDER	N/A
5235	왜? 공론화가 필수일까요?	2	0	False	0.6443	NORMAL	N/A
5238	똥꼬충쌔끼 커밍아웃한번 신박하게하노ㄱㅋㅋㄱ외국에서 남자좀 꼬셔본거 당당하게 자랑하노 후장걸레놈	1	2	False	0.6304	LGBTQ	N/A
5246	잘 몰라 그러는데, 시아버지 시어머니 이게 높여부르는 의미인가요? 그게 아니고 그냥 호칭인 거 같은데요. 차라리 장인 장모가 높임 의미가 들어간 거 같은데...	2	0	False	0.5518	NORMAL	N/A
5253	안그래도 자연도태되고 있는게 Y유전자인 쀼젤~~~ 한남충 끠지컬보다 나련이 더 힘 세고 강할 것 같다이기야노	1	2	False	0.5324	GENDER	N/A
5255	제목 안바꾸세요?	2	0	False	0.5535	NORMAL	N/A
5256	와~높네 높아	2	0	False	0.5104	NORMAL	N/A
5258	반일정신병 = 김치녀	1	2	False	0.8605	GENDER	N/A
5263	ㅇㄱㅆㄹㅇ ㅋㅋ 꼭 돈으로 하는걸 나올필요가잇노? 그 여자가 자댕이를 앵나 부려먹는 스토리인가본데 고딩때 뭔 돈으로 부려먹고 자시고할게있냐익이?ㅋㅋㅋㅋㅋ	1	2	False	0.7847	GENDER	N/A
5265	죽기 직전의 상폐같은데 저게 진짜 중학생와꾸노? 걍 재기하면 좋겠노	1	2	False	0.5559	AGE	N/A
5273	야 길게 말할 것도 없노. 자지가 없어서 그런다. 남성성-큰 고추-이 강한 냄져들은 여자 몸이 어쩌구저쩌구 가슴크기가 어쩌구 저쩌구 좆도 신경 안 쓰노. 왜냐면 자기가 가진 남성성만으로도 남자라는 걸 어필하기에 충분하기 때문이노. 한남은 남성성이 좆도 없어서 큰 가슴	1	2	False	0.5644	GENDER	N/A
5282	분수샷 씨발ㅋㅋㅋㅋㅋㅋㅋㅋㅋㅋㅋㅋㅋㅋㅋㅋㅋ	1	2	False	0.6687	SLUR	N/A
5290	말도안되네요 정말 ㅡㅡ	2	0	False	0.5807	NORMAL	N/A
5292	이런데도 탈북자 옹호하는 개씨발 틀딱새끼들부터 사형시켜야한다	1	2	False	0.7702	AGE	N/A
5301	죽기직전까지 와꾸가 상폐한거 같은데 이참에 죽이자이기^문^	1	2	False	0.5593	AGE	N/A
5309	개 좆같은 똥남아 씨발련이 국개의원 됐다고 존나 유새부리고 다니네 개썅년이 살살 빨아 쟤껴주니 뵈는게 없어	1	2	False	0.7817	RACISM	N/A
5316	넘 단조로운거같은데	2	0	False	0.5468	NORMAL	N/A
5320	김치년 수준	1	2	False	0.7669	GENDER	N/A
5341	출산정책때매 그런건가	2	0	False	0.5974	NORMAL	N/A
5344	성매매 앵나게 하고 뒷통수 좆나 치는 라도남 무시하지 말아라 말투가 얌전해서 그렇지 까놓고 보면 얍샵하게 비열하노 와꾸도 키큰 놈들 없고 앵나게 빻음	1	2	False	0.6426	REGIONAL	N/A
5345	짱깨바이러스 짱깨폐렴	1	2	False	0.8356	RACISM	N/A
5348	콘돔은 말이다... 가운데를 바늘로 찔러.그리고 양 면에 저렇게 포장의 바늘자국이 안 보이도록 스티커를 붙여서 주는 거다.그게 바로 에이즈 협찬 나눔의 삶이란 거지.	1	2	False	0.801	SLUR	N/A
5350	소신발언 지지합니다	2	0	False	0.6254	NORMAL	N/A
5354	아이는 부모의 소유물이 아닙니다!!!! 아동학대 및 아동상범죄에 대한 강력한 처벌 필요합니다!!!!!!	2	0	False	0.4982	NORMAL	N/A
5357	야들야들한 양쇼리니나 자질큰 흑남이 맍나는것도 손해구먼 한남을 외국나가서따먹고잇노	1	2	False	0.517	GENDER	N/A
5371	전라도 새끼들이 전국으로 퍼지면서 일어날일 끔찎한 살인 강간 강력범죄 간통 폭력 절도 노약자장애인약취 유린 유기 사건이 많이 일어날꺼다 봐라 ㅋㅋㅋㅋㅋ	1	2	False	0.7268	REGIONAL	N/A
5372	에휴.... 정신 장애가 있는게 아닌가 싶은데요 ㅠㅠ	2	0	False	0.5199	SLUR	N/A
5381	ftm들 흉자중에 최강임. 냄져좆 빨다못해 여자인 본인까지 혐오해서 지가 남잔줄 앎. 내가 그랬었노	1	2	False	0.7895	LGBTQ	N/A
5389	씨발 라도 ㅋㅋㅋㅋㅋㅋㅋㅋㅋㅋ	1	2	False	0.8275	REGIONAL	N/A
5395	합법적 살인권만 주어지면 k9몰고 가 다 쓸어버릴 자신 있는데 대한민국에 엠흑 개슬람 조선족 외노자 새끼들은 안 된다 무적권 안 된다	1	2	False	0.5023	RACISM	N/A
5399	뒤져씨발 ㅋ	1	2	False	0.6705	SLUR	N/A
5401	김치년과 비교해봐	1	2	False	0.8859	GENDER	N/A
5406	반갑습니다 저도 그 동네에서 오래 살았어요 76년생 입니다 간증에 감사함이 절로 나옵니다	2	0	False	0.5905	RELIGION	N/A
5416	응 한국 새끼들 존나 똥송하고 못생긴게 문제야 ^^씹 호빗에 실좆에 얼굴 존나 크고 비율 개 똥망한 동양인을 누가 좋아하냐 ㅋㅋㅋ똥양인으로 태어난 너네 운명을 탓해 ^^	1	2	False	0.5377	RACISM	N/A
5418	쌀국 자댕이들이 부랄딸랑이면 볼 만 하겠노 껄껄	1	2	False	0.5744	GENDER	N/A
5423	소추왜이리 박혔나 했더니 워딩조팔ㅋㅋㅋ윾입이노	1	2	False	0.8774	GENDER	N/A
5425	당연한거아님? 몸무게도 다른뎅	2	0	False	0.5509	NORMAL	N/A
5436	이제 여자만 따먹으면됨?	1	2	False	0.8737	GENDER	N/A
5437	가운데 에서 살짝오른쪽 앉아있는아재 귀두보인다 그리고 가운데 살짝 왼쪽은 입으로빨아주고있네	1	2	False	0.6498	SLUR	N/A
5463	누구하나 총기탈취해서 난사좀 하고 가면안되낭	1	2	False	0.6366	SLUR	N/A
5466	ㅋㅋㅋㅋㅋㅋ 중국년들에 비해서 숫자가 적으면 적은거랑께? ㅋㅋㅋㅋㅋ 인구대비 창녀비율 전세계 넘사 김치년들ㄹ이 ㅋㅋㅋㅋㅋㅋㅋㅋ	1	2	False	0.7656	GENDER	N/A
5468	병신한국인 인종자체가 병신인듯	1	2	False	0.6792	RACISM	N/A
5469	씨발 빼박 인도간 한남충이노. 저런 짓할 놈은 한남충밖에 없다...	1	2	False	0.8147	GENDER	N/A
5473	딸 일로와~ 쑤컹쑤컹	1	2	False	0.8654	SLUR	N/A
5490	모범을보일사람들아닌가	2	0	False	0.618	NORMAL	N/A
5494	전라도 새끼들은 전라도에서 태어난 것 자체가 전과1범임.스스로 그 인습의 굴레에서 벗어날 생각도 않고 98% 아메바처럼 똘똘 뭉쳐서 국가에 해만 됨.	1	2	False	0.7067	REGIONAL	N/A
5498	아직도 한남충들의 진실을 모르는 사람들이 많다 이기야 전세계적으로 다 퍼져서 모든 사람들이 알아야하노	1	2	False	0.8281	GENDER	N/A
5506	추천요정 나한테 추천을 줘~~~~~````	0	2	False	0.7636	NORMAL	N/A
5537	저분도 신변위협당하다 다리건너시는거아니냐	2	0	False	0.5098	NORMAL	N/A
5546	오히려 잘당했다는 생각드는데? 멍청한피싸개년들 인생 좆됨+ 병신같은 한남1충새끼들 몇만명 똥줄 존나탐일거양득 ㅋㅋ	1	2	False	0.6124	GENDER	N/A
5551	지금 바이든이 유리하네	2	0	False	0.572	NORMAL	N/A
5560	와 좆나 지 후장만큼이나 흘러내리노	1	2	False	0.7649	SLUR	N/A
5565	이딴 꼴 볼때마다 나는 살의에 차오르노 농담이 아니라 한남 지들이 이때까지 누려온거 고마운 줄도 모르고 대가리 텅텅 빈채로 빼애액 하는 꼴 볼때마다 살려둘 가치를 1기생충단위 만큼도 못 느끼겠노	1	2	False	0.6437	GENDER	N/A
5603	뒤에 붙여진거 보니까 고등학교같은데 저런건 누가 붙여서 만드는거임	2	0	False	0.5054	NORMAL	N/A
5605	약하면 쳐맞고 갈굼 당하는 것이 맞는 거다성폭행 당했다고 빼애애액 거리는 나약한 보지년들하고 뭐가 다르냐?니 애가 벤치 40키로만 들어도 깝치던 애새끼나 맘충 묵사발로 만든다이 일을 계기로 단련 시켜라	1	2	False	0.5463	GENDER/SLUR	N/A
5609	근데 여자 말투 개빡치긴 한다. 감히 계집년이 따박따박 말대꾸를 하냐??	1	2	False	0.8441	GENDER	N/A
5619	남는 장사	2	0	False	0.5989	NORMAL	N/A
5632	둘다 혐오스러운데 저학력 한남은 진짜 씹미개하고 옆에 두면 나까지 머갈빡 병신되는 느낌이라 노무싫노 면상 밟아서 눈알텨나오게 하고싶음	1	2	False	0.5003	GENDER/SLUR	N/A
5637	퀴어축제 반대반대 있어서는 안될일이에요	2	0	False	0.5841	LGBTQ	N/A
5643	두 눈으로 본다고 생각하면서들어왔는데..	2	0	False	0.6133	NORMAL	N/A
5647	남혐을 해도 미러링이 되고 농담을 해도 사실이 되는 마법! 진짜 한남은 얼마나 열등한 존재노 ㅋㅋㅋ 맨날 발기한놈만 봐서 10센치는 되는 줄 알았는 데 사실 노발기6.9도 안되노 진심 웃겼다 ㅋㅋㅋ	1	2	False	0.6252	GENDER	N/A
5648	가슴이 벅차오릅니다..한국교회의 연합기관이 반드시 하나 되어 원 리더십, 원 메시지를 내며 큰 우산을 펼칠 수 있도록 서로 살대가 되고, 지지목이 되고, 우재가 되어 힘을 모을 때라는 미래에대한 혜안을 갖고 길을 열어가고 있음에 감사합니다.	2	0	False	0.5633	NORMAL	N/A
5650	이건좀 오바같은데	2	0	False	0.5717	NORMAL	N/A
5651	저런 것들은 탱크로 밀어버려야 함!!	2	1	False	0.5292	SLUR	N/A
5652	최유정 닮았는데	2	0	False	0.5003	NORMAL	N/A
5661	씨발 좆같은 일산홍어촌 수준ㅋㅋㅋㅋ	1	2	False	0.802	REGIONAL	N/A
5663	앱충 180충이지만 그거라도 벌어야된다 옵충은 보험금안남겨도되니까 제발재기햇으면좋겠노.	1	2	False	0.5226	GENDER	N/A
5676	뭔노래가이러냐 가사있어도 알아듣기 힘들다	0	2	False	0.6272	NORMAL	N/A
5687	하여튼 진작에 자지들 도태되었어야하는데 살아있으니 문제노	2	1	False	0.5945	GENDER	N/A
5703	통구이 프리존 경기북부 살아서 기분 딱 조타	1	2	False	0.7549	REGIONAL	N/A
5706	맞노 여자들이 지갑 먹버하는 거 싫으면 안 만나주면 되잖노 김치년들 메갈년들 많은데 왜 여자를 못잃노? 풉킥 하여간 멍청하고 으지도 없노ㅋㅋㅋ	1	2	False	0.7679	GENDER	N/A
5723	365일 레인보우축제중	2	0	False	0.554	LGBTQ	N/A
5737	아니 저 씨발년은 왜 자꾸 우리나라 우리나라거리냐 씨발년이 생긴거부터 좆미개동남아새끼가 왜 우리나라거리는거여 존나기분나쁘게	1	2	False	0.7914	RACISM	N/A
5740	게이,성소수자,동성애자 다 좆까는 소리고,공식석상에선 호모,비공식적 자리에선 후장충,씹호모 정도가 적절해보임.	1	2	False	0.568	LGBTQ	N/A
5744	칼로 잘라버려 좆팔 다 썩어 뭉그러진 걸레짝 달고있노	2	1	False	0.644	SLUR	N/A
5752	개슬람을 죽이면 되는거아니냐?	1	2	False	0.6538	RELIGION	N/A
5753	유충낙태는 에티켓 봊나 맞는말이노 워추다 이기	1	2	False	0.6801	GENDER	N/A
5754	6. 당연 씨발년들 성형으로 면상 다 갈아엎으니까 전국 각 지방에서 예쁜 여자들 서울로 다 모이니까 글고 인구가 많다보니 못생긴 년들도 그만큼 많음	1	2	False	0.7879	GENDER	N/A
5773	강간도하고 테러나 좀 했으면 좋겠다그래야 소중함을 알지	1	2	False	0.8016	RACISM	N/A
5777	미친 씨발 서울에 무슬림 기도실이 있다는게 미친거 아니냐?? 원숭이 개새끼야!!! 개독이나 땡중들 기도실은 만들어줬냐 이 씨발새끼야	1	2	False	0.8621	RELIGION/RACISM	N/A
5778	저기에 시리아군 하나씩 묶어서 총으로 존나 쏘겟노	1	2	False	0.6815	RACISM	N/A
5790	그렇긴한데 항상 조심은 해라 전라도새끼들은 중국만큼은 아니지만 칼로 사람 담구는거 생활스포츠로 안다	1	2	False	0.6125	REGIONAL	N/A
5797	현실적인 엔딩이네 역겨운 맘충년들 삼대가 망해야 함	1	2	False	0.5513	GENDER	N/A
5803	좆놈들이 얼마나 하등하냐면	1	2	False	0.8651	GENDER	N/A
5810	사스가 예수랑 쓰리썸하는 클라스할렐루야 정액 들어간다!	1	2	False	0.5993	RELIGION	N/A
5811	드물게 보이노. 게이팝에 환상가지고 한국말 배워서 모델일 하는 러시아여자 양아치 한남 자댕이 만나노	1	2	False	0.7009	RACISM/GENDER	N/A
5823	12한남인데 열두마리 왜 다 똑같이 생겼놐ㅋㅋㅋㅋㅋ웃챙ㅋㅋㅋㅋㅋㅋ후팔	1	2	False	0.7772	GENDER	N/A
5830	주면 먹음?	2	0	False	0.5047	NORMAL	N/A
5831	시발년들이 전라도 빼면 없다 저런짓 하는 새끼들	1	2	False	0.7649	REGIONAL	N/A
5837	개슬람 새끼들은 두가지로 구분할수 있다. 현재 테러범, 미래의 테러범	1	2	False	0.7556	RELIGION/RACISM	N/A
5843	우리가 감격을 잊어버리면 안되지요~ 다시 다짐해 봅니다	2	0	False	0.6636	NORMAL	N/A
5851	벌써 활동 들어갔구만	2	0	False	0.5482	NORMAL	N/A
5856	우리나라에서 인구대비 가장문제일으키는 외노자새끼들이파키스탄/방글라데시 새끼들인거만봐도 답이나옴 ㅅㅂ안그래도 인종적으로 열등한대 개슬람까지 융합되서 답이없어짐	1	2	False	0.8557	RACISM/RELIGION	N/A
5857	좆같은 개독교의 유일한 장점이 똥꼬충 박멸인 것이지	1	2	False	0.8043	LGBTQ/RELIGION	N/A
5863	생리냄새가 아니라 어휴 보릉내 홍어삭힌내거 왜이렇게나니	1	2	False	0.6119	GENDER/REGIONAL	N/A
5872	고상무? 대장암 걸려서 한강에서 재기한놈 아니노	1	2	False	0.6962	GENDER/SLUR	N/A
5873	겁나 잘쓰네 ㅋㅋ	0	2	False	0.6774	NORMAL	N/A
5883	홍진호는 요즘 뭐먹고 사냐?	0	2	False	0.6027	NORMAL	N/A
5885	아니 시발 틀딱새끼들아 너네 애국자라며 그럼 시발나라를 위해 빨리 노짱따라가세요. 왜 세금만 축내세요나라 힘들어지게	1	2	False	0.6945	AGE	N/A
5889	피카츄 배나 만집시다	2	0	False	0.5619	NORMAL	N/A
5891	게이를 다죽이면 게이가 안생기지않을까?	1	2	False	0.779	LGBTQ	N/A
5892	관짜고누워야될 틀딱 수영한물은 시체물인데 마시는거 역겹노	1	2	False	0.7563	AGE	N/A
5897	오저가 클래식티비네	2	0	False	0.4935	NORMAL	N/A
5904	일베성정신병이 올바른 표현이다 성소수자는 일베경상화랑도새끼들이 퍼트리는 선동단어다	1	2	False	0.8137	REGIONAL/LGBTQ	N/A
5908	여자,전라도만 안뽑아도 회사 이윤 2배 상승	1	2	False	0.8837	GENDER/REGIONAL	N/A
5910	역시 여자는 머리만 길지 사상은 짧은동물	1	2	False	0.9284	GENDER	N/A
5920	난 삼국지 중에서 제일 좋아하는 캐릭터 = 유방	0	2	False	0.5408	NORMAL	N/A
5921	느그마 구멍에 횐장한 틀딱쟁이 는 잘있노?	1	2	False	0.5284	AGE/SLUR	N/A
5925	전라도 홍어 = 대한민국 발전의 걸림돌 진정한 폐족(폐기물 족속)	1	2	False	0.5874	REGIONAL	N/A
5929	잘생겨봤자 열등인종 개슬람일뿐이라고 미친새끼들아 예수님 저들을 용서해주세요 저들은 자신들이 무슨짓을 하는지 모릅니다	1	2	False	0.778	RELIGION/RACISM	N/A
5936	세계인들은 무슬림을 죽일 권리가 있다	1	2	False	0.6904	RELIGION	N/A
5946	한 10년있으면 김치녀들이랑 결혼해서 명예살인 함 일어날듯.	2	1	False	0.5029	GENDER	N/A
5951	이래서 자지는 이성적이지 못하고 비논리적이라는 거다	1	2	False	0.5112	GENDER	N/A
5952	맘충애새끼면 이미 병신임	1	2	False	0.8663	GENDER/AGE	N/A
5953	전교좃이 낳은 기형아들... 애라도 싸지말지 왜 싸질러서..신발	1	2	False	0.6598	AGE/POLITICS	N/A
5962	다문화 난 찬성함 한녀들이 안대주니깐 그거라도 찬성해야됨	1	2	False	0.798	GENDER/RACISM	N/A
5972	똥남아새키는안됨 총기난사한다백퍼	1	2	False	0.6227	RACISM	N/A
5975	그런 얘기는 안해야 되는거 아닙니까? 누가 협박하지도 않은거같은데 자청해서 그런내용을 밝히면 뭐가 잘못된거 아닌가요?	0	2	False	0.5345	NORMAL	N/A
5977	ㅆㅂ 나라가 미쳐돌아가는구나 똥꼬충에 레비년들에 아주 개판이네 삼청교육대가 다시 필요한 이유 ㅆㅂ 매엔 장사없다 아주 정산머리를 뜯어고쳐나야 저딴짓을 안하지	1	2	False	0.6296	LGBTQ	N/A
5978	목사님~지금 믿는자가 일어설때 아닌가요?누구에게 누가 사과를 한단말씀이십니까? 같은 믿는자로 가슴이아프네요. 성도가 목회자를위해 기도해야할 세상입니까? 이 정권이 두려우신건가요?	2	0	False	0.5262	RELIGION	N/A
5982	아냐 새끼야 ㅋㅋ 펨코 애들은 선비질하다가 페미이슈로 갓끈정도 푼거고 일베는 태생부터 빤스벗고 페미 보지 째던 사이트야. 니가 급식충이라 뭘 모르는거야	1	2	False	0.7333	GENDER	N/A
5983	꿈이 경찰 ㅋㅋㅋ	0	2	False	0.5123	NORMAL	N/A
5991	남여평등을 고려하여 병역의무를 똑같이 하는데에 반대해야 할 명분은 없을것 같다. 다만 어떠한 방법으로 형평성에 어긋나지 않게 할 수 있을지 깊은 고민을 해야한다.	2	0	False	0.5188	NORMAL	N/A
5994	신지도 못할걸 주노	0	2	False	0.9169	NORMAL	N/A
5997	7급 사랑해!	2	0	False	0.4965	NORMAL	N/A
5999	개독 씹병신	1	2	False	0.8298	RELIGION	N/A
6004	알게 뭐람?어차피 보지민국 되버린거 될대로 되라임 그냥 이 나라 더 이상 지킬 이유도 모르겠다 그냥 징병제나 폐지해라	1	2	False	0.7505	GENDER	N/A
6006	선거때가 되니 별짓을 다하네.	0	2	False	0.4996	NORMAL	N/A
6007	대한민국은 진짜빨갱이 전라도 이슬람 개독교총체적 난국	1	2	False	0.7871	RELIGION/REGIONAL	N/A
6009	ㅆㅂ 연간 600만 달러 ㄷ ㄷ ㄷ	0	2	False	0.8589	NORMAL	N/A
6011	중은 고기 먹어도됨	0	2	False	0.514	NORMAL	N/A
6013	쳐맞아야 정신차리는 열등한 자지새끼들ㅋ	1	2	False	0.4982	GENDER	N/A
6016	사진 왼쪽에 분홍색으로비치는거 니혀내민거냐 ?	0	2	False	0.8167	NORMAL	N/A
6017	나는 2006년 월드컵 재경기한다고서명했는데지금보면 참 바보였다	0	2	False	0.6093	NORMAL	N/A
6022	별로 신경은 안쓴다. 그러나 스스로 나서서 시끄럽게 하니깐 그렇지...	0	2	False	0.5692	NORMAL	N/A
6027	한남콘 너무 실물과 동떨어지게 이뿌게그렸다이기야 후팔. 그래도 예술보지는 워추다이기야 깔깔깔	1	2	False	0.5596	GENDER	N/A
6031	밥그릇 싸움 진흙탕	0	2	False	0.5857	NORMAL	N/A
6034	아이가 약간 특별한느낌을 주기위한 컨셉이였던거같음	2	0	False	0.61	NORMAL	N/A
6035	이게 결혼인가?ㅎㅎㅎㅎㅎㅎㅎ	0	2	False	0.5013	NORMAL	N/A
6039	친절한 설명충 나와라라임 사건이 뭐냐?	0	2	False	0.9448	NORMAL	N/A
6062	3040대 씨발 엠창게이새끼들이 훨씬많지^^에이즈 나이 비율 보니까 30대 씨발련들 완전 후장파이터 일베경상화랑도후손이더만^^	1	2	False	0.5334	LGBTQ	N/A
6070	이승만 박정희시절도 반일이었다김대중부터 친일정권이 등장한것임김대중이전만 해도 일본애니 겜은 죄다 검열했다 더빙만 허용했고욱일기뿐 아니라 일장기만 있어도 삭제 사무라이 단어만 있어도 삭제사무라이쇼다운이 한국판으로 패왕전설이라고 해서 나왔음	0	2	False	0.7347	NORMAL	N/A
6071	성별하고 상관없이 모두 사람은 하늘아래 평등하고 소중하다.라고 교육해야지 여자는 뭐 여자니 뭐 이런것 자체가 차별이다.	0	2	False	0.6897	NORMAL	N/A
6072	기억해둘테니 꼭 보자구~ㅋ	0	2	False	0.5148	NORMAL	N/A
6080	저기 다 망하지 않았나? 아직도 해요? 대전에서 20년 살았더니 수원 소식이 어두움	0	2	False	0.6588	NORMAL	N/A
6081	경상도만 지들 싫어하는줄 안다	0	2	False	0.823	NORMAL	N/A
6097	비정규직의 차별을 철폐화하는 건 옳지만, 비정규직을 아무 조건 없이 정규직으로 전환하는 건 잘못된 거다.	0	2	False	0.5001	NORMAL	N/A
6101	멘탈 디스오더 ㅋㅋ	0	2	False	0.5382	NORMAL	N/A
6104	개신교 가 말하는 교리는 도대체 가 무었이냐 예수팔이 사업뿐이냐 아님 성경말씀 사랑이냐	1	2	False	0.9041	GENDER	N/A
6110	차별금지??? ㅋㅋㅋㅋㅋㅋㅋㅋ 이제 일밍하고 돌아댕기다가 욕하는 사람있으면 차별금지법으로 잡아 넣으면 되는거냐 ㅋㅋㅋ	0	2	False	0.9074	NORMAL	N/A
6111	쟤들 진짜 여자들 맞나 ?? 의구심이 생기네 진짜 여자는 10% 남자 80% 중성 10% 아녀?	1	2	False	0.8688	LGBTQ	N/A
6112	좋은글이네요!!	2	0	False	0.6719	SLUR	N/A
6113	길가다 삭발한년들은 줘패도 된다는 법안이 필요하다. 씨발년들	2	1	False	0.5646	NORMAL	N/A
6115	승리야 동남아로가서 활똥하면 된다...그리구 넌 돈도 많찮아.	0	2	False	0.9085	NORMAL	N/A
6116	자신이 거지같았던 시기를 정신승리로 넘길려는 아련한 방어기재	1	2	False	0.8926	GENDER	N/A
6117	왠지 알아? 전라도새끼들은 순수한 호의는 배푼 적이 없거든. 다 목적이 있는 호의밖에 없음.	1	2	False	0.9127	GENDER	N/A
6119	한국에선 여성멸시가 제일 맞노 ㅇㅇ ㅋㅋㅋㅋ	0	2	False	0.9416	NORMAL	N/A
6121	모든 홍어들이 뒤통수 치는 것는 아니지만 모든 뒷통수 치는 것들는 홍어들이다	1	2	False	0.7565	GENDER	N/A
6134	설득력있다	2	0	False	0.5691	GENDER	N/A
6135	나 에프인데 어느정도맞는듯	2	0	False	0.5989	RACISM/REGIONAL/AGE	N/A
6137	욱일기는 기원이 1870년대까지 거슬러 올라갈정도임. 그당시 메이지 유신때 삿초동맹소속 해군이 해군기로 정해놨음. 전범기는 말도 안되는 소리.	0	2	False	0.6684	NORMAL	N/A
6138	저기 인도네시아사진에 있는 유물 보로부두르냐?	0	2	False	0.5323	NORMAL	N/A
6141	저 병신들은 뭘 알고 아는척하는걸까 아오 진짜 갈아버리고 싶다	0	2	False	0.8148	NORMAL	N/A
6142	그런거 100개따는것보다 일하는게 더 좋아하시지 않을까	2	0	False	0.5811	LGBTQ	N/A
6145	신도를 돈으로 보는 개독목사들.. 예배를 꼭 다모여서 해야 되니? 훨 역사긴 카톨릭에서도..미사 불참시 혼자 기도로 대신할 수 있다..고 오래전부터 말해왔구만..	0	2	False	0.8565	NORMAL	N/A
6146	중국 대 한국. 뭐든 간에 조선족 열이면 열 중국편 들더라. 한국말로 중국편에 서서 핏대세우는거 진짜 꼴보기 싫음.	0	2	False	0.9188	NORMAL	N/A
6148	맘충이랑 섹해서 정복 하고 싶다..	2	1	False	0.5366	RELIGION	N/A
6154	전라도연구에 인생을 바쳐왔다. 전라도인중 가장 답없는 부류가 거기서 태어나고 자란라고 지금 사는 새끼들임전라도에서 태어나서 유년기만 보내다 서울와도 절대 안바뀜애비애미가 전라도인데 서울에서 태어났다? 20%만이 정상임친가 외가 한쪽이 전라도는 50%확률임	1	2	False	0.7829	REGIONAL	N/A
6157	오빠 이거 뭐야?나 구글 아이디 없는데.. 그냥 오빠꺼 쓸게 ~	0	2	False	0.6006	NORMAL	N/A
6174	니미 씨발 위선으로 가득찬 pc충 새끼들도 싹 죽여버려야 됨좆가튼 피해자 가족들 용서하네 뭐네 개주접 떠는거 보니까 가해 앰흑새끼보다 더 역겹노	1	2	False	0.6727	RACISM/SLUR	N/A
6182	군인은 잘 먹고 잘 싸우기만하면 된다. 성소수자 색출 이런거 필요없고.. 성범죄로 문제가 발생하면 그때 처벌하면되지..	0	2	False	0.7162	NORMAL	N/A
6196	글에 쓴 유투버는 지식채널이고팩맨 티비 유투버도좀 걱정스러울 정도로 시원하고 간단하게 말해주더라	0	2	False	0.5558	NORMAL	N/A
6200	노르웨이 국민으로 태어나고싶다 ㅋㅋㅋㅋㅋ	0	2	False	0.5531	NORMAL	N/A
6206	꼬추 큰 유럽으로 한녀들 진출해라 통일이 가까워온다 남남북녀 북한 여자 가즈아~~~	1	2	False	0.5351	GENDER/RACISM	N/A
6207	킹덤 시즌3에 샘오취리 나왔으면 좋겠다^^	0	2	False	0.5284	NORMAL	N/A
6212	머구에서 먹고 살거는 자영업과 공무원 뿐이다	0	2	False	0.9259	NORMAL	N/A
6216	그냥 돈벌고 섹스좋아하면 걸레창녀아니냐? 어디 정신병에비유하노	1	2	False	0.7276	GENDER	N/A
6235	당연한거다. 이거 전역 안됐으면 세계토픽감이고 국가적 망신이다.	0	2	False	0.5842	NORMAL	N/A
6238	벌레새끼나 저새끼 후장빨아주는 똥꼬충이나 죄다 챙놈이노	1	2	False	0.5886	LGBTQ	N/A
6246	내 와이프 예비1순위다	2	0	False	0.4937	NORMAL	N/A
6252	아수라 보고오니 안남시가 성남을 뜻하는것 같고 .오메	2	0	False	0.5119	NORMAL	N/A
6261	..저거 여성부하고 관련 있는거임? 진지하게여성부가 구글의 청소년 유해 검색어 지정도 책임지나??	0	2	False	0.6156	NORMAL	N/A
6267	더 쉽게얘기해라 자기들 보지값 떨어지니까	1	2	False	0.7498	GENDER	N/A
6270	동남아년 사오는 루저새끼들 똥남아로 내쫓고싶다 ㅋㅋ2세들도 ㄹㅇ 멍청	1	2	False	0.6254	RACISM/GENDER	N/A
6272	더해서 품평하자 이기야 자댕이란 모름지기 티끌만한 흠집이라도 있으면 안된다 핑좆 핑부랄 핑두는 기본이요 팔꿈치 발꿈치 무릎이 복숭아빛이고 억센 기운이 있어서는 안되노 이런 식으로 말이다 이기	2	1	False	0.5797	GENDER	N/A
6294	다들 몸이 좋노 ㄷㄷㄷ	0	2	False	0.788	NORMAL	N/A
6301	외노똥송여가 정치인으로 억대 세비받고 대우 받으면서 한국을 위해 일하는게 아니라 지네 삐리삐리나 위하는게 욕심은 존나 많네 시바르여어언 뒈져라	1	2	False	0.6939	RACISM	N/A
6305	트젠이 나쁘단 생각은 없는데 만약 바꿔줬을 때 같은 공간을 쓰는 여군들 인권은 무시하고 한 사람의 인권을 들어줘야 하냔거고 애초에 여군 지원도 아니었고. . 아무리 하고싶다해도 전역 후에 했어야 한다고 생각함.	0	2	False	0.6509	NORMAL	N/A
6311	똥냐 정신승리 오지노 응 한국똥은 외국에서도 인기없노 폭행판타지 있는 걸 보니 백퍼 시디노 참고로 양인은 너보면 throw up	1	2	False	0.7669	LGBTQ	N/A
6322	잠수탄 게 아니라 페미 티 내다가 안 냈을 뿐이구만무슨 잠수탄 것처럼 말하네	0	2	False	0.8226	NORMAL	N/A
6330	공무원이 국민세금 쳐먹고 근무이탈 직무유기 아니냐 저거 신고 가능하냐?	0	2	False	0.898	NORMAL	N/A
6338	야쿠르트 미소녀 Σ(･ω･)	0	2	False	0.5528	NORMAL	N/A
6347	천상한남짓하면 이놈 노무딱 자지스럽노라고 사자후 내질러라이기야 자집놈 고막파괴는 덤ㅗㅜㅑ	2	1	False	0.6514	GENDER	N/A
6351	개신교나 이슬람이나 유대교나...똑같구만...카톨릭과 불교가 그나마 조금 낫나?	0	2	False	0.8413	NORMAL	N/A
6366	피싸개 한녀들한테는 이슬람 혁명이 필요하다	2	1	False	0.6359	GENDER	N/A
6373	탈북자새끼들 좋아하면안댐 이새끼들 한국왔다해도 사상은 뼈속까지 공산 사회주의사상이 깉들여져있음 사실상 짱깨새끼들하고 다른거없음 다 불질러 죽여야함 전쟁나면 좌빨새끼들이랑 같이 직결총살로 간주함ㅇㅈ?	1	2	False	0.529	RACISM	N/A
6378	여성 대상으로든 성매매는 차라리 없는게 낫다 이기야. 차라리 쇼린이 강간을 하지 ㅎ	1	2	False	0.7815	AGE	N/A
6380	저아저씨 개콘 전나보나보네 ㅋㅋㅋㅋㅋㅋㅋㅋ	0	2	False	0.8235	NORMAL	N/A
6383	여자좋아한다 이러고 앉았네... 진짜 유머다 유머	0	2	False	0.9311	NORMAL	N/A
6387	부부간에 서로를 위해서 배려하고 서로를 위해서 꾸미는 것.. 이라는 좋은말이 있는데 비꼬듯 아내들에게 꾸며라 라고 하니 그렇지!!!	0	2	False	0.6627	NORMAL	N/A
6389	저기 기사 베플이 더웃기네ㅋㅋ	0	2	False	0.7222	NORMAL	N/A
6391	정규직 아닌거 알고 들어간거 아닌가? 본인 선택이었을텐데.. 공감 할수 없군..	0	2	False	0.5064	NORMAL	N/A
6392	얼마나입을잘털면...	0	2	False	0.8049	NORMAL	N/A
6404	근데 퇴근 안하고 가게에서 수다 떨 정도면 가게에 정 붙인 그런 직원인가본데 저 정도는 치울 수 있는 거 아닌가 싶고? 나 같으면 퇴근 동시에 가게에서 탈출하는데 말이야.	0	2	False	0.6482	NORMAL	N/A
6406	말도안되는 자료 퍼나르지 마세요... 혐오자료는 믿는 사람이 잘못입니다.	0	2	False	0.6247	NORMAL	N/A
6409	셀프적폐청산	0	2	False	0.7403	NORMAL	N/A
6413	쟤 이미 한국인 된거자나. 쟤 한국여권 사용할껄?	0	2	False	0.5316	NORMAL	N/A
6414	그래도 원수니뽑힘	0	2	False	0.5771	NORMAL	N/A
6416	여러분들 조용히 하세요 쫌!!!쿵쾅소리 안들립니까?맞습니다 지금 몰려오고 있습니다 누가요? 멧퇘지쿵쾅뚱때이씩씩녀들요!!!!!	1	2	False	0.7122	GENDER	N/A
6418	도대체 몇년간 일베에 무슨일이 있었길래 이런글이 일베오냐?	0	2	False	0.8094	NORMAL	N/A
6421	국가와 가족을 위해한 나의 희생을 폄하하는 것이 목표였다면 성공적이다. 안보가 없는 나라는 결국 힘의 논리로 무너진다. 더 이상 나라를 위해 봉사하는 남녀 장병들을 욕보이게 하지않았으면 좋겠다	0	2	False	0.5776	NORMAL	N/A
6434	그런 날이 올까요? 상주 힘든데... 하고 싶어? 별걸 다	0	2	False	0.5171	NORMAL	N/A
6435	일단 한국인의 숫자 자체도 많고다른 아시아 국가에서 미국 갈 정도면 돈 많은 애들이 대부분이겟지	0	2	False	0.5968	NORMAL	N/A
6436	광주는 총기를 들고 일어난 하나의 그	2	0	False	0.5328	REGIONAL	N/A
6440	여자가 날라갔다는데 물리학적으로 불가능덩치가 큰 여성이라 70kg으로 가정 했을때 몇J의 운동에너지를 가해야할지 보면평균인의 운동신경으로는 정대 불가능하지7 SDW정도의 운동신경을 가진 80kg이상의 남성이 있어도 힘들듯 싶다	0	2	False	0.7135	NORMAL	N/A
6449	지금 다른나라 걱정할때가 아니지않냐 ㅋㅋㅋ	0	2	False	0.6195	NORMAL	N/A
6455	참 좋아보인다 그치?	0	2	False	0.6852	NORMAL	N/A
6460	생긴거봐 ㅋ	0	2	False	0.7512	NORMAL	N/A
6471	이 나라는 민주주의가 아니라 파시즘이 판치는 나라니까.지들과 다른 것들은 토론할 존재가 아니고 죽이고 말살해야 하니	0	2	False	0.9318	NORMAL	N/A
6475	지잘못은 실수고 지한테 저런건 큰 잘못이니 처벌해주세요네	0	2	False	0.7793	NORMAL	N/A
6476	얼릉 귓볼만지면 안죽음	0	2	False	0.496	NORMAL	N/A
6482	문재인이가 또....	0	2	False	0.7019	NORMAL	N/A
6483	ㅋㅋㅋ 일베갔는데 0렙이노	0	2	False	0.9442	NORMAL	N/A
6487	헤어지자 해놓고 붙잡지나 마라	0	2	False	0.5694	NORMAL	N/A
6494	이시국에 먼말이더냐	0	2	False	0.5273	NORMAL	N/A
6497	가상공간 닌민전사 수준에 비하면 아직 멀었구만 기래	0	2	False	0.873	NORMAL	N/A
6501	맘충년들은 애새끼 싸지를때 개념,상식,예의를 같이 싸지르는듯 진짜 상상을 초월하는 미친년이다ㅋㅋㅋ	1	2	False	0.6975	GENDER	N/A
6509	미국 소고기 파는 아줌마 따님도 부탁한다.	0	2	False	0.8061	NORMAL	N/A
6510	게이가되야겠다	0	2	False	0.8466	NORMAL	N/A
6518	흥청망청 좋네	0	2	False	0.5931	NORMAL	N/A
6523	그러면 열람실을 모두 남녀공용 열람실이라 해놓고 다같이 쓰던지.. 요즘보면 여성전용 주차장, 여성전용 좌석, 여성전용.... 이런거 너무 많다. 이런게 오히려 남성에게는 차별이라는걸 모르나?	0	2	False	0.6693	NORMAL	N/A
6524	자이니치를 좆본이 치를떨며 wwww하는 이유를 노무딱 잘 알겠노. 조팔 한남은 정말 세계에서 박멸해야 할 종자들이노	1	2	False	0.5232	RACISM/GENDER	N/A
6531	야 사먹은건 봐줘라 ㅋㅋㅋㅋ 아 미성년자네 ㅋㅋㅋ	0	2	False	0.8667	NORMAL	N/A
6539	첫짤은 근데 맞지 않냐	0	2	False	0.4972	NORMAL	N/A
6541	페미님들 창업하세요. 그리고 여성들이 원하는 일자리를 스스로 만드세요. 사무직에 야근 주말근무 없고, 서류만 꾸며도 인센주고, 보건휴가 금욜이나 월욜에만 쓰고, 정시퇴근 따박따박하고 억대연봉주는 그런회사를 만드세요. 기존에 기업들에게 요구만 하지마시구요.	0	2	False	0.8278	NORMAL	N/A
6547	젤 이해안되는게 유족들이네;;;;;;;	0	2	False	0.5875	NORMAL	N/A
6550	아오 ㅅㅂ 그걸 혼수로 들고오라고 니 ㅂㅈ싼 개&년 들한테 말해서!!!!!!!!!!!!!!!!!!!!!!!!!!!!!!!!!!!!!!!!!!!!!!!!	1	2	False	0.7216	GENDER	N/A
6551	이시국에 먼말이더냐	0	2	False	0.5273	NORMAL	N/A
6552	우리나라 점점 비정상적인게 정상이되는거 같아 무서워질라 그래	0	2	False	0.5827	NORMAL	N/A
6553	개독들은 신경꺼라 좀 아무리 예수몸뚱아리니뭐니 하지만 무슨 애미애비뒤진것마냥 지랄발광하네 걍 지들할거나하지 지 애미애비 사지찢겨도 이렇게 발광하진 않겠다ㅉㅉ 정신병자새끼들	1	2	False	0.582	RELIGION	N/A
6565	관심 좀 주지마@@@@@@@@@@@@@@	0	2	False	0.5769	NORMAL	N/A
6567	축제를 반대한 적이 없는데, 벌써부터 좌파신문이 반대한 것처럼 냄새를 피우네. 광화문에서 하는 걸 반대했지. 축제 자체를 반대한 적은 없지.	0	2	False	0.7517	NORMAL	N/A
6572	이준석 안되면 국민의힘은 나락이다.	0	2	False	0.6302	NORMAL	N/A
6579	벨기에가 지역 감정도 심하고 언어도 여러개 쓰고...뭔가 짬뽕 많이 된 유럽국가. 근데 이슬람까지 합세한걸 보니 최종승자는 이슬람이 되겠네	0	2	False	0.8058	NORMAL	N/A
6582	난민들 잘하고 있네	0	2	False	0.6638	NORMAL	N/A
6584	김대중은 대북송금 둘째치고 여성부만 만들지 않았어도 IMF극복한 대통령으로 생각될 수도 있었다씨발세끼 관짝 뿌셔서 목을 잘라버려야되.	1	2	False	0.5189	GENDER	N/A
6588	그냥 기존의 장애인택시를 여성도 이용하게 하면 되자너 대수도 늘리고	0	2	False	0.6359	NORMAL	N/A
6593	광주시장ㆍ손석희 말고 또 있어?	0	2	False	0.6271	NORMAL	N/A
6595	가서 많이 사랑해 줍시다myfreecams.com에서 koreanbusty검색	0	2	False	0.49	NORMAL	N/A
6598	젠신병자들은 뒤져라! 여자라고 우기면서 여혐 하고 성범죄 일삼는 새끼들 미개 중의 미개한 새끼들이노 도태남들 주제에 지랄하노 후팔	1	2	False	0.6256	LGBTQ/GENDER	N/A
6599	쫌 늦은감이있지만 다문화폐지하자	0	2	False	0.5243	NORMAL	N/A
6615	여자자주안가니까 맞다고 하는데그럼 게으른사람이 이득을 본다는소리 ㅇㅈ하는거네?북괴같은논리펼칠래? 저게 공평하다고 생각되냐?바빠서 여자보다 더 못가는 남자는 어떻함?스키에 미친여자는 어떻함?	0	2	False	0.9384	NORMAL	N/A
6620	외국가면 ㄹㅇ 존나 짜서 놀란다	0	2	False	0.6912	NORMAL	N/A
6628	한국 여성부 응원하는 여성새1끼들은 이래서 욕쳐먹는건데 지들은 몰라 정신벙자새1끼들 에라이 여혐새1끼들아 나중에 자식을 남성으로 낳아서 왜? 아주 남혐 남혐외쳐대지? 니들이 잘하는거 있잖아 창련들아 니 자식한테도 성불평등 외쳐대면서 지껄여보지? 정신벙자새1끼들	1	2	False	0.7343	GENDER	N/A
6644	두번째 사진 노무현 꼴리노ㅋㅋㅋ 손 제스처보고 흑좆나 웃었다 이니야 착한 자집애는 재기한 자집애들밖에 없노	1	2	False	0.6467	GENDER/AGE	N/A
6647	교회 다니는것들 다 죽여야된다 지ㅡ들 말이 옮코 다르면 아주 난리남 예수라는게 있어서 이런병 이 생긴다고 개질ㆍㄴㆍ 할거임	1	2	False	0.8262	RELIGION	N/A
6655	근데 저정도는 뭐 길 막는것도 아니고 사람도 많이 없는거같은데겨울에 추운데 저정도는 하게냅둬라그냥	0	2	False	0.6448	NORMAL	N/A
6661	아무 한남이나잡고 아가리찢고싶다진심	2	1	False	0.5286	GENDER	N/A
6673	똥꼬충들 똥꼬로 안하고 다른구멍으로 하면 안되나? 남자건 여자건 후장섹스는 비정상적인거 같음 똥나오는 구멍으로 왜 ..	2	1	False	0.6147	LGBTQ	N/A
6679	이거 마지막에 리코더불때 존나 빵터졌었음ㅋㅋㅋ존나 노어이 개뜬금포라 군대에서 보는데 생활관 다터짐ㅋㅋㅋ	0	2	False	0.9397	NORMAL	N/A
6681	그럼 여자 캐릭터 다없어져야함~ 무거운거 남자가 들어도 차별이고 여자가 무거운거 들고있으면 연약한여자 드립치고 요리 여자가해도 차별이면 모든 어린이 만화에 여자 다없애면끝	0	2	False	0.8126	NORMAL	N/A
6682	셔터맨 되고싶은 놈들 넘쳐날듯	0	2	False	0.7165	NORMAL	N/A
6697	왜이렇게 법이 솜방망이가 됬지.. 똑같은처벌을 원한다는건 아니지만 최소한 납득할 수준은 되야 하는거 아닌가... 어쩌다 이리 현실과 괴리가 생겨버린건지.. 고인물이 되서 그런가..	0	2	False	0.653	NORMAL	N/A
6699	쉬멜 보지랑 자지 둘다 있다길래 유전자 잘못된 채로 태어난 줄 알았는데 그냥 젠신병자였노ㅋㅋㅋ	2	1	False	0.5107	LGBTQ	N/A
6702	젠더 이슈 없다면서 20대 여성 세명 앉혀놓고 주변에 그런 20대 남성 없다고 하네; 투표 조작이라도 했다는건가 결과가 있는데	0	2	False	0.6475	NORMAL	N/A
6710	키웠더니 아버지를 멀리...	2	0	False	0.5184	NORMAL	N/A
6714	진정한 트젠이라면 짭보지 수술도 싸게싸게 받았으면 좋겠노^^ 그러다가 재기형냐랑 눈맞아서 한강가면 을매나 좋겠노	2	1	False	0.5792	LGBTQ	N/A
6715	왜 간첩임? 저거 결말이 뭐냐	0	2	False	0.7754	NORMAL	N/A
6728	카바디카바디카바디카바디카바디카바디카바디카바디	0	2	False	0.5825	NORMAL	N/A
6729	여성도 보급, 행정, 의료 등 비전투군인으로 얼마든지 국가에 기여할 수 있다	0	2	False	0.543	NORMAL	N/A
6734	반일이고 친일이고 별 생각은 없는데 저걸보고 욱일기가 생각난다는 발상이나 그걸 보고 자라는 애기한테 안좋은 영향이 간다는 생각은 정말 신기함	0	2	False	0.5067	NORMAL	N/A
6737	김치년 참살 할 유일한 영웅 난민 환영합니다	2	1	False	0.6497	GENDER/RACISM	N/A
6739	지금부터 일루미나티 사탄 숭배하면 나도 성공할 수 있는거냐??	0	2	False	0.8606	NORMAL	N/A
6752	진짜 재 얼굴만 봐도 몸이 부르르 떨릴만큼 혐오스럽다	0	2	False	0.8951	NORMAL	N/A
6758	마지막 때가 되니 사람들이 갈수록 물질적인것 , 육신적인것에 집착하는듯 너희도 하루빨리 구원받아놔라	0	2	False	0.6537	NORMAL	N/A
6766	쟤들은 코가 못 생겨서 안 돼	0	2	False	0.8373	NORMAL	N/A
6770	10. 남자들과 똑같이 노력하면 ‘여자답지 않기’ 때문에 ‘열등’하고	0	2	False	0.6643	NORMAL	N/A
6771	오 축구선수 전적말벅지에 그만...	0	2	False	0.6607	NORMAL	N/A
6776	ㅋㅋㅋㅋㅋㅋㅋㅋㅋㅋㅋㅋㅋㅋㅋㅋㅋㅋㅋㅋㅋㅋㅋㅇㅈ	0	2	False	0.7706	NORMAL	N/A
6783	젠신병자들 다 군대 끌고가서 육방패 제1호로 써야 함	1	2	False	0.6439	LGBTQ/GENDER	N/A
6787	너 네가 더 부추기고 있다	0	2	False	0.7683	NORMAL	N/A
6791	고추점자리	0	2	False	0.7826	NORMAL	N/A
6792	없어져야 할 직업이군. 이 참에 전직 하시지	0	2	False	0.5689	NORMAL	N/A
6795	오징어 육지냐?	0	2	False	0.4966	NORMAL	N/A
6803	대자보....ㅋㅋㅋ	0	2	False	0.526	NORMAL	N/A
6805	한국이 아르메니아에 위치해있었고 아제르바이잔아랑 싸우면 어찌되었냐?	0	2	False	0.5402	NORMAL	N/A
6819	또 머리 굴리는구나 지한테 이익이면 아무소리나  막함	0	2	False	0.8348	NORMAL	N/A
6823	케르반에서 알바했을때 바로 밑이 펄스여서 가격 봤었는데, 상시에도 남자보다 여자 입장료가 더 비쌌었음 ㅋㅋㅋ	0	2	False	0.55	NORMAL	N/A
6824	오 고맙다 존나게 패야지 !	0	2	False	0.8978	NORMAL	N/A
6827	막심 센세...	0	2	False	0.7902	NORMAL	N/A
6831	난 기사를 보고 동정이 갔었다. . 정말로 아기를 팔 생각이었으면 당근마켓에 올렸겠나? 몰래 브로커에게 넘기겠지. 처한 상황에서 도움을 요청할 방법이. . 잘못된 표현으로 나타난 것 같다.	0	2	False	0.5467	NORMAL	N/A
6836	동성성행위에 대해서 알고싶지도, 어떤건지도 몰랐는데, 실체를 알게해주셔서 감사합니다!	2	0	False	0.5046	LGBTQ	N/A
6840	중국발 바이러스인데 해외유입 차단도 하지않은 정부가 할소리인가? 그리고 외식하라며?	0	2	False	0.7131	NORMAL	N/A
6844	미국가서 입대해 그럼 왜 한국에서 난리치냐	0	2	False	0.8782	NORMAL	N/A
6850	작문한거 보면 학벌이 의심되는디...	0	2	False	0.5172	NORMAL	N/A
6858	국정조사 해라	2	0	False	0.4965	SLUR	N/A
6859	좆팔ㅋㅋㅋ부엉이바위가부른다에서 허벌웃엇다이니야	0	2	False	0.8251	NORMAL	N/A
6860	부정탈때 소금 뿌린다 뿌린다고 가만있는 가마니냐	0	2	False	0.6846	NORMAL	N/A
6861	아니 키만 해서 185가 아니라?ㅋㅋ... 와 인간적으로 키+자지 더해서 215만 넘자.. 자댕이들아 그거 못넘는게 사람이노? 차라리 뒤지는게 낫지	0	2	False	0.5153	NORMAL	N/A
6863	나이 60에 턱걸이 10개 이상이면 ㅆㅅㅌㅊ네	0	2	False	0.9156	NORMAL	N/A
6878	일베 탈북자 게이가 한 말이 저렇게 말하는 새끼들 주로 평양출신이고 하나원에서 저지랄 하다 다른 탈북자들 한테 린치맞고 정신 차린다던데	0	2	False	0.9092	NORMAL	N/A
6880	여학생회라는거 자체가 성적불평등임. 군대도 안가고 남자들보다 빠르게 졸업해서 취직준비하고 해외연수 다녀오는 여성들이 자기들을 피해자로 규명하고 페미니즘 사상을 받든다는 자체가 그저 신기함.	0	2	False	0.7585	NORMAL	N/A
6882	어차피 바이라 상관없다. 김치녀랑 사귀느니	1	2	False	0.8438	AGE	N/A
6883	3시간 즐긴단다 3초찍 한남충은 똥꼬충들도 못 쓴다이거노? 껄레껄레 곧 배구공 처넣다가 재기할 똥꼬충 빵디 구웨에엑	2	1	False	0.6517	GENDER	N/A
6894	드립이 재미도없고 뭐 조딴걸 트윗으로 쓰냐	1	2	False	0.9468	GENDER	N/A
6898	대구광역시 수성구 <----상상을 초월하는 흉악범죄 골라서 저지름	0	2	False	0.6912	NORMAL	N/A
6899	뭔개소리냐 저새끼가 비록 개슬람이긴 하지만 잘못한게 없는데 경찰이 헛좆질한건 맞잖아	0	2	False	0.9308	NORMAL	N/A
6905	이집트가 고양이 신성시하는 건 많이 알려졌는데이슬람 전체가 그런건가	0	2	False	0.7262	NORMAL	N/A
6906	혹시라도 자신이 위기에 처했을 때 옆에서 멀뚱 보기만해도 원망하기 없음	0	2	False	0.5169	NORMAL	N/A
6911	맨코가 뭐냐맨오브코리아=남성연대?	0	2	False	0.5098	NORMAL	N/A
6913	수염존나안어울림	0	2	False	0.9409	NORMAL	N/A
6915	토사구팽 담선거에서 공천안줄껄?이제 쓸모도없으니	0	2	False	0.709	NORMAL	N/A
6922	왜 낳아 죄 빗는지ㅡㅡ 애가 안 됐다	0	2	False	0.5732	NORMAL	N/A
6940	나도 저런 말도안되는것들에 대해 신학생인 친구한테 자주 물어봤는데, 인간이 하나님을 이해하는것은 마치 물고기가 든 어항속에 손을 넣는거라고 함. 우리가 신에 대해 왈가왈부를 하든 우리가 볼 수 있는건 어항속에 들어온 손 뿐이고, 전체를 보는건 불가능하단거지	0	2	False	0.6598	NORMAL	N/A
6941	저아이가 나중에 커서 이사실을 몰랐으면 좋겠네요...ㅜㅜ 낳아준 엄마가 20만원에 자기를 팔려했다..는걸 알면 충격이 상당히 클거같음 ㅜㅜ	0	2	False	0.5724	NORMAL	N/A
6957	저기 내댓글있노 ㅋㅋㅋ 울산에 괜찮은거 많은데	0	2	False	0.6544	NORMAL	N/A
6960	짤안보여 ㅡㅡ	0	2	False	0.5467	NORMAL	N/A
6961	페미 말고 트젠으로 검색 잘못 한거 아니냐? 다시 해봐라	0	2	False	0.7523	NORMAL	N/A
6969	무식한건 죄야. 거기에 소신까지 있다면 더 큰 죄고 타인에게 강요까지 한다면 답이 없는거야.	0	2	False	0.8154	NORMAL	N/A
6972	저 유골 진짜일 거 같냐 가짜일 거 같냐	0	2	False	0.6114	NORMAL	N/A
6978	나 초딩때만해도 여선생들이 여자애들 편애하면 남학생들이 뒤에서 존나욕하고그랬구만 ㅋㅋ 중학생이면뭐 저정도반응은 당연한거지	0	2	False	0.9198	NORMAL	N/A
6981	사우디가 제일많이받앗는데 뭔소릴하는거야 ㅋㅋㅋㅋㅋㅋㅋ	0	2	False	0.7986	NORMAL	N/A
6985	동향동향 진짜 저쪽것들은 동향 좋아하네	0	2	False	0.8983	NORMAL	N/A
6988	닥쳐이자슨민은 팩트없어도 까도돼	0	2	False	0.8948	NORMAL	N/A
6992	일배 줌. 나도 같은 생각이다.	0	2	False	0.6002	NORMAL	N/A
6995	생리통이 진짜 뒈질만큼 아픈건가? 궁금하네	0	2	False	0.9207	NORMAL	N/A
6999	전부다 그런건 아니다예전에 새터민 마지막으로 일반인 집에서 하루 자고 가는거 우리집에서 한번 했었는데 그때 북한 실상도 많이 듣고아직까지 연락하면서 지내는데 열심히 일하면서 한국에서 사는거 만족하더라	0	2	False	0.598	NORMAL	N/A
7000	정보글 안붙이냐?	0	2	False	0.632	NORMAL	N/A
7005	동성애퀴어축제를 반대하는 이유는 공공장소에서 노출이 심한 음란 행사고, 음란 문화가 확신되어 윤리도덕 파괴, 가정 파괴, 청소년 문제, 에이즈 확산 등의 사회적 폐해가 발생할수 있기 때문입니다!!	0	2	False	0.7331	LGBTQ	N/A
7007	부랄빵맛이 그리좋노 틀딱아 ㅋㅋㅋㅋㅋ 힘줘서 참았어야지 그새 요단강 건너가뿟노	1	2	False	0.5477	GENDER/AGE	N/A
7011	오바마 퇴임할때 다 되었는데 뭐 어쩌잔건지 모르겠슴	0	2	False	0.504	NORMAL	N/A
7024	아주 그냥 나라전체가 걸레창놈들이 득실대는구나. 머국은 젊든 상폐든 좆달린것들은 반드시 1번이상 돈주고 몸을 파노	2	1	False	0.5281	GENDER	N/A
7028	업소에서는 영상 안찍는다.장부는 몰라도 영상은 가치가 없음	0	2	False	0.6516	NORMAL	N/A
7041	근데 왜 먹은겨그냥 먹고싶어서?아님 뭐 유튜버하려고?	0	2	False	0.6784	NORMAL	N/A
7050	포주가 그정도 받으면 여자애들은 얼마 받는데?	0	2	False	0.5646	NORMAL	N/A
7053	어.딜.도.망.가.???	0	2	False	0.7038	NORMAL	N/A
7055	씨발 짱깨창녀랑 하는놈들 정신병자 수간충들이냐어떻게 바퀴벌레 보지에 지 좆을 박을 생각을 하노 ㄷㄷㄷㄷㄷㄷ	2	1	False	0.6817	RACISM	N/A
7069	살판 났구나	0	2	False	0.547	NORMAL	N/A
7072	좆까 시발 개독새끼야 십자가로 찍어죽여벌라	2	1	False	0.5467	RELIGION	N/A
7075	근데 나도 궁금한게 굳이 왜 저렇게 반문 성향을 노골적으로 드러내는거임? 재밌기야 한데, 저래도 되나 싶은 걱정	0	2	False	0.6605	NORMAL	N/A
7082	목사도 문제지만 저길 가는 신도들도 정상이 아니라고 본다.	0	2	False	0.7243	RELIGION	N/A
7083	일부 종교인이 돈이나 축적하고전염병까지 퍼트리니......개신교는 정말 못믿겠다	0	2	False	0.9064	RELIGION	N/A
7084	누가 널 이렇게..	0	2	False	0.5992	NORMAL	N/A
7085	"이런 거 올리는 애 보면 무서움 ""일베에 올라온 글 백업해놨다가 2년 뒤에 올려야지"" 이런 마인드임"	0	2	False	0.8133	NORMAL	N/A
7086	기사가 구체적이질 않고 그냥 목사가 성 추행했다고 결론 지으니.. 뭔진 모르겠지만 ? 좀 무서운 생각도	0	2	False	0.4999	NORMAL	N/A
7094	니가 낚아채라	0	2	False	0.7361	NORMAL	N/A
7098	군중의 돌팔매질에 힘없이 쓰러진자를 돌보는건언제나 일베 뿐이었다.그냥 군중의 광기가 싫었을 뿐이다.	0	2	False	0.8734	NORMAL	N/A
7107	총칼 말고 폭탄 들어도 테러 됨	0	2	False	0.6617	NORMAL	N/A
7109	만약 가톨릭남자와 이슬람여자가 결혼했다그럼 누가 종교개종 해야되냐?	0	2	False	0.7709	RELIGION	N/A
7113	우리나라는 저 교회때문에 코로나 못잡는다	0	2	False	0.7759	RELIGION	N/A
7115	준석아 힘내라! 페미, 페미호소인은 정상인간이 아니다. 인간처럼 여기지 마라	1	2	False	0.8394	GENDER	N/A
7119	목사들은 알아 자기가 사기꾼인것을근데 자기도 현실에선 돈이 벌리고 행복을 누려야 하니 알고도 계속 하나님 팔아 돈버는것임우매하고 어리석은 신도가 문제지 목사는 죄가 없음	0	2	False	0.8904	RELIGION	N/A
7120	구글코리아 ㄴㄴ해 외국 구글 써라	0	2	False	0.7255	NORMAL	N/A
7123	극우와 포퓰리즘의 만남이라,,	0	2	False	0.6356	NORMAL	N/A
7128	목사 떠나서 한국인으로썬 저렇게 분노하는건 당연할것같은데.. 뭔가 내가 생각한 반응하고 다르네	0	2	False	0.496	NORMAL	N/A
7129	뇌만 보지에 달려 있는 줄 알았더니 눈깔도 보지에 달려 있네 그니까 못 보지	1	2	False	0.5178	GENDER	N/A
7133	남경출동은 112, 여경출동은 113으로 전화해라. 나도 여잔데 나는 무조건 112에 전화할래. 113에 전화할 일이라면 내가 스스로 해결할수 있는일이다. 페미들 다 꺼져라 여성에게도 남성에게도 도움안되는 집단이다.	1	2	False	0.9181	GENDER	N/A
7134	같이 편 먹더니 이제 지들끼리 치고박고 난리네	0	2	False	0.8376	NORMAL	N/A
7136	막으면 - 탄압 안막으면 - 역시 내 신앙은 존중받아! 크 기적의 논리갓	0	2	False	0.9093	RELIGION	N/A
7137	야 근데 실재로 신이 있을까?	0	2	False	0.577	NORMAL	N/A
7139	돈없어서 필기도구 꺼냇다	0	2	False	0.5007	NORMAL	N/A
7140	이쪽 좆나 심하노 당장 이쪽커뮤들어가 보면 부치 팸 앵나 나누고 개빻았음 물론 괘미들도 많고 남혐하는보지들도 많은 쀼젤 한남들이 레즈의 계략이라고 하는거보면 기가찬다이기야 자지 365갈래로 찢고싶노	2	1	False	0.5202	LGBTQ/GENDER	N/A
7142	민정이 세벽2시 여의도에서 촬영하는데 아무도 없고 나랑 내친구만 바로앞에서 보고 인사했는데 눈이 와 작살난다	0	2	False	0.8609	NORMAL	N/A
7146	우리는 모두 창녀였다 가능한 각 아님?개이득 아닌가?	1	2	False	0.9465	GENDER	N/A
7147	저새끼 말에서 느꼈다 저건 생리대콜렉터다	0	2	False	0.8781	NORMAL	N/A
7148	자지새끼들 만물 자지설 오지네ㅋ 한냄국에서나 기펴는 소추새끼들 주제에ㅋ	1	2	False	0.5374	GENDER	N/A
7153	언론사들은 반성해야 한다. 첫보도부터 비판 혹은 비난정도도 아닌 5.18망언이라 명명한것은 중립보도 의무 위반이다. 국민들을 도리어 오도하는 것이다.	0	2	False	0.6947	NORMAL	N/A
7155	불쌍한 갓끼리 쓰러져있노 ㅜㅜ	0	2	False	0.937	NORMAL	N/A
7166	그게 하나의 사회 이동과정이지 선진국들은 이미전부 겪었고 후진국인 한국이 이제 그과정을 거치는중	0	2	False	0.6945	NORMAL	N/A
7168	막짤 한국이었으면 좋겠노 아쉽노	0	2	False	0.9322	NORMAL	N/A
7170	멋진 후배네 모교 후배임 ^^	0	2	False	0.5049	NORMAL	N/A
7174	구토유발자들	0	2	False	0.6464	SLUR	N/A
7179	이거 이후에 주작이라고 네이트판에올라오던데 ㅋㅋㅋ	0	2	False	0.7143	NORMAL	N/A
7180	저러고 발정났다 소문다나고 성희롱으로 처벌받을빠엔 걍 성폭행하는게 훨 이득이지 어차피 미성년자끼리 하는 짓인데	1	2	False	0.8575	SLUR	N/A
7183	야 근데 일베에 워마딕 영문명 왜 금지어임?	0	2	False	0.7707	NORMAL	N/A
7196	응?? 회사도 안가는 휴일에 왜 급하게...??? 아항 ^^	0	2	False	0.5984	NORMAL	N/A
7197	근데 뭐 쭉빵 여시글 보면 밑에 윤지오 청원 있던데요...	0	2	False	0.507	NORMAL	N/A
7206	아따 할배 살아잇네	0	2	False	0.8859	NORMAL	N/A
7211	앞으로 모든 범죄에 휴대폰은 증거 능력 없애라	0	2	False	0.6245	NORMAL	N/A
7212	우하하하 팡파레	0	2	False	0.5016	NORMAL	N/A
7224	저렇게 안하면 도리어 상전짓을 함 그러니 저런거 시켜야돼	0	2	False	0.8256	NORMAL	N/A
7229	제 큰일이네 10년살다 나오것다	0	2	False	0.6095	NORMAL	N/A
7236	마우스남: 한국남자 고추작다고 인.정.해!!!!!!!!!!!!!!!!!!!!!!!!!!!!!!!!!!!!!!!!!!!!!!!!!!!!!!(사자후)	1	2	False	0.7211	GENDER	N/A
7240	크리스트교는 동성애 엄중처벌 아닌가?	0	2	False	0.5183	RELIGION	N/A
7244	누가 비비탄 총으로 저거 터뜨려라누가 비비탄 총으로 저거 터뜨려라 누가 비비탄 총으로 저거 터뜨려라 누가 비비탄 총으로 저거 터뜨려라	0	2	False	0.6999	NORMAL	N/A
7247	아이를 저렇게 키우면 아이가 사람들에게 미움 받을텐데. 저런 행동 못하게 따끔하게 교육시키는게 아이를 위하는거고 진짜 사랑이라고 생각함	0	2	False	0.6678	NORMAL	N/A
7249	소추는 ㄹㅇ 병인데 대회도 열어주고 좆팔 냄저들 살기 좋노ㅗㅗ	1	2	False	0.714	GENDER	N/A
7256	교인들이 문제네. 이모든게. 교인들탓이여	0	2	False	0.8699	RELIGION	N/A
7266	내가 부모였음 법 좆까고 직접 면상을 피떡으로 만든다 똥꼬충새끼는 주먹으로 다스려야 한다	2	1	False	0.6424	LGBTQ	N/A
7280	그래 정은주지마 ㅠㅠ 착하다 너 이새기	0	2	False	0.9383	NORMAL	N/A
7286	계획 된 바이러스 계획 된 백신 계획 된 조작 그들에게 장악 된 미디어 공포는 사람들을 속이기에 매우 효과적!	0	2	False	0.8045	NORMAL	N/A
7291	브로커 인정했네	0	2	False	0.5218	NORMAL	N/A
7294	유대인이 예수를 박해해서 탄압했다고 하기에 무리가 있는게 예수가 유대인 ㅋㅋ	0	2	False	0.6941	NORMAL	N/A
7303	진짜 전라도 음식이 국내 음식 탑 이라 생각하는건가	0	2	False	0.9345	REGIONAL	N/A
7305	길에서 납치 당하고 그 남자랑 섹스 ?...뭔가 냄새가 난다...	0	2	False	0.9009	NORMAL	N/A
7314	남혐이 여혐을 만들고 여혐이 남혐을 만든다. 부당하다 생각된다고 똑같이 혐오발언들 하고있고 남녀갈등이 왜이리 심해졌나 모르겠다. 또 남자들때문에 이렇게됐다 여자들때문에 이렇게됐다 하지말고 쫌 쫌 남혐 여혐 나부터 멈춰라 댓글읽다가 혐오생길뻔...	0	2	False	0.8355	NORMAL	N/A
7316	쇼윈도우 부부	2	0	False	0.5391	SLUR	N/A
7319	생각이 있을만한 사람들이 왜~~그런 부당한 짓을 노예처렴 부림을 당하면서도 벗어나지 못하는지 이해가 안되네~	0	2	False	0.6161	NORMAL	N/A
7327	그럴수밖에 없는게... 미국이라는 나라 자체가 청교도인이 개척한 기독교국가라서 상류층으로 갈수록 기독교 아니면 사람취급 못받음.일례로 미국은 대통령 취임식때 성경에 손을 얹고 선서를 한다.	0	2	False	0.7161	NORMAL	N/A
7331	자유연애와 프리섹스의 시대는 모든 여자를 창녀로 만들어 버렸다..	1	2	False	0.9152	GENDER	N/A
7348	경상도사투리는 일본어랑유사하다고함	0	2	False	0.5254	NORMAL	N/A
7349	개슬람이 미개해도 남녀관 하나는 본받아야한다. 여자는 순종적이여야 하고 방탕하지않으며, 문란하면 때려죽임	1	2	False	0.6217	GENDER/RELIGION	N/A
7353	조개구이 혼자먹으면 큰일나~	0	2	False	0.8532	NORMAL	N/A
7355	아니 저번에도 말했지만 아이디 사려면 방문수 높은거 사는 성의라도 보이라고..	0	2	False	0.7147	NORMAL	N/A
7365	박시장님 스스로 결단을 내리세요. 이거네..... 뭐그리 말이 많은지?	0	2	False	0.5632	NORMAL	N/A
7366	권력형gate 맞아 ! 민정수석 버닝썬 사건부터 시작해 ?	0	2	False	0.5824	NORMAL	N/A
7367	난 잘생기고 어깨넓고 키크고 자지 크고 맛있는놈만 좋아한다이기 보빨 24시간 필수코스	2	1	False	0.5393	GENDER/COMMUNITY	N/A
7375	더치페이가 왜 더럽냐?	0	2	False	0.6449	NORMAL	N/A
7381	조기 성애화, 동성애 조장 교육이 이 어린 아이들 때부터 시작이 되네요. 서울시 학생인권조례, 인천 학생 구성원 인권 조례에도 3세 부터 이런 성인지 교육을 시킨다고 해서 우려하고 있는데, 정말 걱정입니다. 부모인 우리들이 정신 바짝 차리고, 반대의견 내야 겠습니다.	0	2	False	0.5457	LGBTQ	N/A
7387	역학 조사할 때 사실대로 말하지 않은 이유는 뭡니까? 예배는 한 번만 했다면서요? 지금 일하는 관계자 및 의료진들 생각도 좀 해주세요 국민들 생각해 주시라구요 부목사라면서 너무 실망입니다	0	2	False	0.505	NORMAL	N/A
7392	저런책들은 북한의 실상을 파헤치는듯 하면서 스윽 사상주입.그러는사이에 극좌파가됨	0	2	False	0.6642	POLITICS	N/A
7402	이러니까 나치가 생기지	0	2	False	0.7856	NORMAL	N/A
7408	보지나 벌리고 있어 시발년이	2	1	False	0.5908	GENDER/SLUR	N/A
7410	섹스재기 말고 세인트재기 합시다	2	1	False	0.5786	GENDER/COMMUNITY	N/A
7417	평양올림픽인거 모르냐?	0	2	False	0.5055	NORMAL	N/A
7419	돈하고 명성 같은거 많이 안바라면 사진작가 할만하냐 예전에 어떤 설문조사에서 사진작가가 직업 만족도 2등이던데.. 나 사진 몇만장 찍었었는데 지금은 접은지 오래됐는데 다시찍고 싶은 생각이 가끔 든다 근데 이거 직업수준으로 해도 될지는 잘 모르겠다	0	2	False	0.6886	NORMAL	N/A
7428	잘 봤다.개혁주의 이슬람은 가능한가?	0	2	False	0.5473	NORMAL	N/A
7429	저거 본인 아니냐?ㅋㅋㅋ	0	2	False	0.7023	NORMAL	N/A
7437	이작자들은 법을대체뭘로생각하는거지? 기존에악법이나개정하지 왜자꾸이상한법들을 만드냔 말이다. 동성애조장할거면 결혼해서 애낳으라는말도 하지마.	0	2	False	0.8851	LGBTQ	N/A
7443	나 서민책 샀는데 나름 꿀잼이였음 저런인간일줄은ㅋ	0	2	False	0.7012	NORMAL	N/A
7457	야 서태지 정체가 뭐냐?	0	2	False	0.7052	NORMAL	N/A
7458	변태는 성소수자가 아닙니다. 의상도착증 환자입니다.	0	2	False	0.8282	LGBTQ	N/A
7460	저딴 인성으로 누구한테 설교할 모습 생각하니 정말 짜증이 나네... 나 같았으면 진짜 교회 찾아가서 교인들한테 다 떠들고 다니고 싶을듯..	0	2	False	0.9192	NORMAL	N/A
7463	ㅋㅋㅋㅋㅋ 아이 귀여워라	0	2	False	0.6617	NORMAL	N/A
7465	인권변호사라며 ㅋㅋㅋㅋㅋㅋㅋㅋ	0	2	False	0.5315	NORMAL	N/A
7466	보건복지부도 제4,5차 국민건강증진 계획에서 동성애-에이즈 상관관계와 위험성 인정했는데...질병관리본부는 은폐하지 말라!	0	2	False	0.6256	LGBTQ	N/A
7468	ㅋㅋㅋㅋㅋㅋ잘했따 ㅋㅋㅋㅋㅋㅋㅋㅋㅋㅋㅋㅋㅋㅋㅋㅋㅋㅋ	0	2	False	0.5732	NORMAL	N/A
7471	프랑스는 옛날부터 코댓만 높은 허세만 많은 그런나라였음 가끔씩 나타나는 영웅이 하드캐리해서 나라가 부강해지는거임 나라민족성은 야만족이라 로마시대때도 먹지도 않은 나라임 먹어봤자 관리하기가 더까다로운 지역이니깐 ㅋㅋ	0	2	False	0.9352	RACISM	N/A
7479	난징대축제같은 행사를 중국전역으로 확대해야함	1	2	False	0.7511	BLOCK	N/A
7484	아니 억만장자가 이혼하는게 뭐가 문제야? 대통령도 문제가 안되는데.	0	2	False	0.6378	NORMAL	N/A
7486	페미니즘 때문에 여자 일자리만 다 뺏기고 그자리 남자들이 다 메꿔주는 역효과 난거지. 요새 회사에서 20대 여자들 전부 기피함. 페미니즘 광신도 20대 여자들을 누가 데려감?ㅋㅋ	0	2	False	0.9218	GENDER	N/A
7489	386의 딸들	0	2	False	0.5446	POLITICS	N/A
7497	허이구 당연히 비정상이지 혹시 성격이 안좋냐? 나랑 동갑인데	0	2	False	0.7731	NORMAL	N/A
7502	저게왜페미냐 ㅋㅋ	0	2	False	0.832	NORMAL	N/A
7503	장애인 팻말뭐냐 ㅋㅋ	0	2	False	0.753	NORMAL	N/A
7506	이미.전투력도 일베를 넘어섰음 일베는 오히려 애교수준	0	2	False	0.8071	NORMAL	N/A
7517	얼굴만 알려지지 않았어도 군인만 아니었어도 죽지는 않았을듯. 얼굴이 알려져서 취업이 불가능하다는걸 직감하고 모든걸 내려놓은듯.	0	2	False	0.5518	NORMAL	N/A
7519	마더 빠커 좆양키 시발놈.... 개량한복 처입은 개새끼 면상 써는게 아니라 양키 똥구멍 썰어야되는데... 좆같은 빠킹 양키	2	1	False	0.6084	RACISM/SLUR	N/A
7521	후장에 금테둘렀냐 느그들이 그래 빨아주는 군인들한테 좀 대주고 상부상조하고 게이즈걸려서 재기하면 될것을 뭐가 말이 많노	2	1	False	0.5513	LGBTQ/GENDER/SLUR	N/A
7522	3억이면 서울에서 아파트 살수 있다내가 공무원5급인데 대출1억나온다신용대출별도로 1억가능하다주택청약당첨되면 서울 좀 외진데 5억으로 청약된거 분양가능	0	2	False	0.5647	NORMAL	N/A
7523	신앙의 여부를 떠나서 최소한의 기본 상식조차 없는...기가막히네. 100% 예방이 된다한들 분무기를 입에 넣다시피 뿌려대는 행태도 그렇고 입을 벌리고 서 있는 모습도 경악할 노릇이네.어찌할꼬!!!	0	2	False	0.6881	NORMAL	N/A
7524	가만히 보니 경향친북좌파들이 판사의; 판결이 동성애를 옹오하는듯한 제못을 달아서 사실을 왜곡하고 있네요~~~	0	2	False	0.8306	POLITICS	N/A
7525	야 술은 먹고 운전했지만 음주운전할 생각은 없었다란 뭐가 틀려	0	2	False	0.6248	NORMAL	N/A
7531	진짜 없어져야할민족이네;;; 마오쪄뚱은 뭐했노이기! 쭝궈 다안죽기고	1	2	False	0.561	BLOCK	N/A
7532	기자야 니가 이상한거야	0	2	False	0.7595	NORMAL	N/A
7538	도로에 트럭 세워놓으면 순간 한눈 팔면 박는거다 ,,	0	2	False	0.7866	NORMAL	N/A
7541	너 임마 착한여자야..그래도 사귀진 못하겠다	0	2	False	0.7109	NORMAL	N/A
7543	얼굴이 ㅅㅌㅊ면 커버 가능할거같은데.	0	2	False	0.7041	NORMAL	N/A
7544	일단락? ㅋㅋㅋ 일반 사건이라해도 개빠르네	0	2	False	0.8433	NORMAL	N/A
7550	철부지 아그들이 일 저질러 놓고 죄없는 아가가 무슨죄야 차라리 위탁시설로 보내세요. 아이아빠란 인간도 강한 처벌 하길바랍니다	0	2	False	0.8045	NORMAL	N/A
7551	아니, 저 긴머리가 어울리는 저 얼굴에 인기가 없을수 있냐고...[오열]	0	2	False	0.6554	NORMAL	N/A
7552	툭까놓고 말해 한국에서 할랄푸드 이슬람기도실이 늘어야 할 이유가 없지 않나	0	2	False	0.64	RELIGION	N/A
7553	너는 엄마한테 그런말 쓰면못써	0	2	False	0.6663	NORMAL	N/A
7555	우리는 병역세 납부하는걸로 하자 독립유공자 후손, 생계곤란자들 빼곤 면제자들은 무조건 중위 혹은 대위 연봉 3년치 일시불 납부후 민방위 10년간 복무	0	2	False	0.6761	NORMAL	N/A
7564	반대?? 찬성은 아닌데 반대해봐야 뭐하냐 그들의 개인적 성정체성을...	0	2	False	0.5952	NORMAL	N/A
7565	이름 커엽다 ㅋㅋ 봉고3래 ㅋㅋ	0	2	False	0.7215	NORMAL	N/A
7566	마녀사냥 잘하네~ 학벌이 좋으면 뭐해 하는 짓은 금수만도 못한 걸. 꼭 저런 짓을 하는 사람들은 동네방네 말하고 다니길.	0	2	False	0.9102	NORMAL	N/A
7575	마지막 손가락 담배 극혐	0	2	False	0.8321	NORMAL	N/A
7579	남자가 여자한테 = 계휙적인 범죄여자가 남자한테 = 우발적인 사고	0	2	False	0.5863	GENDER	N/A
7581	동성애는 이미 세계적인 대세다. 동성애를 받아들이지 못하는 사람들은 결국 시대에 뒤쳐지게 되어있다.마치 인종차별하면 미개한 사람취급 받는 것처럼조만간 동성애도 그렇게 될 것이다.니들도 미리 익숙해져라, 글로벌 스탠다드에 맞춰라 안그러면 사는데 피곤함.	0	2	False	0.8415	LGBTQ	N/A
7583	동성애 절대반대!!!	0	2	False	0.5959	LGBTQ	N/A
7586	성매매피해자=허벌보지 개걸레년	2	1	False	0.572	GENDER/SLUR	N/A
7589	상남자새끼들이 자식을 까야 그 자식새끼도 상남자로 태어날텐데 죄다 오토바이타다가 뒤지고 보지스러운 새끼들만 살아남아서 새끼까서 그럼	2	1	False	0.5243	GENDER/SLUR	N/A
7596	저것들 뭐냐 대체.	0	2	False	0.7092	NORMAL	N/A
7597	솔직히 코로나 미국 일본처럼되면  일자리고 부동산이고 무슨소용인가	0	2	False	0.5653	NORMAL	N/A
7598	뭐얌 아는 형아 죠기있넹 ㅋㄷㅋㄷ	0	2	False	0.7402	NORMAL	N/A
7601	누가 얘 시장으로 뽑았는지..? 성소수자하고 이태원 클럽하고 무슨관계야..?	0	2	False	0.8304	NORMAL	N/A
7605	무개념 부모들의 논리 .....다 자기들 문제인데 애탓하면서 동정심유발로 노키즈존 뚫으려함 ㅡㅡ ㅋㅋ 알바생들 다른손님들 괴롭게하지말고 예의범절 제대로가르쳐서 오던가 아니면 그냥 노키즈존 아닌곳을 가세요	0	2	False	0.9302	NORMAL	N/A
7607	이번주 담주 애들개학이라 하복찾으러 시내쪽 교복점 갔는데....80프로가 마스크 안쓰고다녀서 무지하게 놀랐네요...다들 왜 이러는지...	0	2	False	0.5572	NORMAL	N/A
7608	와중에 6masculinity남성성9 없애면 자지만 뒤지는 쀼젤ㅋㅋㅋㅋ 여자는 왜 멀쩡하노? 에초에 6남성적 성역할9 미개한 자지들 자적자해서 쓸만한 정충 남기고 깔끔하게 단병하는 자연의 법칙을 거스르고 있던게 증명되는거 아니노ㅋㅋㅋㅋㅋ	2	1	False	0.6186	GENDER/SLUR	N/A
7611	진짜 저런 인간들은 광화문 광장에 묶어놓고 지나가는 사람이 돌던지게 해야된다 아무것도 모르는 애한테 무슨짓이냐	0	2	False	0.8601	NORMAL	N/A
7612	사람목숨은 똑같은거 아닌가? 왜 베이루트에서 테러난거는 그냥 지나가네	0	2	False	0.6063	NORMAL	N/A
7616	털은 씨발 졸라게 무성하고 좆이랑 부랄 색은 썩은 시체색이고 씨발 존나 구린 냄새날거같음 개눈갱 시팔	2	1	False	0.5597	GENDER/SLUR	N/A
7617	임 젠 다	0	2	False	0.4959	NORMAL	N/A
7618	같은 성끼리 사랑한다는 것은 천륜의 법칙에 어긋납니다. 마치 정자와 정자끼리 만나서 임신된다는 격과 같은 논리죠... 세상 분위기가 동성애를 인정하는 추세라 해도 1 + 1= 3이 될 수 없는 것 처럼 아닌건 아닙니다...	0	2	False	0.6105	LGBTQ	N/A
7621	졸라 길게도 썼네 한줄 요약 여자는 잘생기고 키큰놈을 좋아한다	0	2	False	0.9267	NORMAL	N/A
7623	제발 죽어라........제발	0	2	False	0.8761	NORMAL	N/A
7626	시장경제 개념자체가 성경에서 나온 것.보수와 기독교는 뗄레야 뗄 수가 없다.	0	2	False	0.5236	NORMAL	N/A
7632	목사란 직업이 사깃꾼, 테러범, 강간범이란 뜻으로 쓰이겠네. ㅋㅋ	0	2	False	0.9151	RELIGION	N/A
7636	퀴어 축제 반대하면 보수냐? ㅋㅋㅋㅋ	0	2	False	0.845	NORMAL	N/A
7650	거참... 맞는 말도 아 다르고 어 다른데... 그냥 사과 좀 하시지...	0	2	False	0.4933	NORMAL	N/A
7651	아이들에게 구강성교 교육을 하는 지경까지 이르게 한 성평등의 실체 정말 기가 막힙니다. 세상이 어찌 되려고... 이런 ..... 아이를 키우는 엄마로써 말이 안나옵니다... 정말.... 아... 대한민국만은 이렇게 되면 안됩니다	0	2	False	0.631	POLITICS	N/A
7659	생긴게 꼭 스가요시히데 왜국 총리 젊은 시절이다!	0	2	False	0.8458	NORMAL	N/A
7663	어떤 이슬람교인은 돼지 먹으면서 내가 지금먹는건 닭이다하고 그냥 먹는다던데 ㅋㅋㅋㅋ	0	2	False	0.8675	RELIGION	N/A
7666	목사님 노조라뇨...기가 막히네요 진짜 세상말세네	0	2	False	0.5902	NORMAL	N/A
7669	마포꿀주먹	0	2	False	0.8942	NORMAL	N/A
7671	솔까 단일민족 아니어서 ㅈㅎ우리한텐 일본과 몽골의피가 섞여있지	0	2	False	0.8667	NORMAL	N/A
7677	니 얼굴봐라 여군들이 너하고 샤워실 같이 쓰겠냐	0	2	False	0.7718	NORMAL	N/A
7680	동성애자 차별금지는 찬성. 나머지는 전부 반대.	0	2	False	0.5385	NORMAL	N/A
7681	유럽에 정착한 대부분의 무슬림들은유럽인화 되고 있고 기독교를 받아들이는 비율도 유럽인보다 높아.적응하지 못한 극소수 무슬림들이 극단주의 이슬람 사상에 빠지는 거다.	0	2	False	0.7902	NORMAL	N/A
7683	아!!!! 그냥 너거끼리 살어.	0	2	False	0.8358	NORMAL	N/A
7685	이게 기사야 소설이야 ㅡㅡ 기자하지말고 소설가나 하세여	0	2	False	0.8379	NORMAL	N/A
7687	부산시내는 유료도로 아닌 다리가 찾아보기 힘든데 전라도 다리는 ㅋㅋㅋㅋ 수십개 죄다무료	0	2	False	0.761	NORMAL	N/A
7702	전라도음식	0	2	False	0.9077	NORMAL	N/A
7704	또 586이야??? 징글징글하네	0	2	False	0.8101	AGE	N/A
7707	고재기 이쌔끼는 부관참시 후에 똥꼬충들한테 먹이로 줘도 부족한 버러지새끼다 철근형냐가 후장 뜷어놨으니 똥꼬충들한테 6969번 개통당할 일만 남은듯	2	1	False	0.7218	LGBTQ/SLUR	N/A
7711	Oh My God !!!	0	2	False	0.4889	NORMAL	N/A
7713	수업중인 나머지 65명에게 피해가 간다고 나가서 해달라는데 참 ㅋㅋㅋㅋ	0	2	False	0.5443	NORMAL	N/A
7719	한국에서 정상적인 페미가 어딨냐..	0	2	False	0.6951	GENDER	N/A
7720	저런식으로 하면 중도입장이던 사람들도 돌아선다는걸 모르는건가?	0	2	False	0.61	NORMAL	N/A
7722	이건 무함마드 말도 들어봐야한다	0	2	False	0.5662	NORMAL	N/A
7726	페미, PC 이런 불필요한 것들이 사회를 더욱 폐쇄적으로 만든다.	0	2	False	0.8939	NORMAL	N/A
7727	진정한 기독교인이 어디있냐 ㅋ	0	2	False	0.5357	NORMAL	N/A
7729	잘 읽었다.저쪽 진영에서 애용되는, '모 선진국이 (성 관련 이슈에 대해) 이렇게 하고 있으니 우리도 하자' 식의 주장으로부터 대한민국을 어떻게 지킬 것인지... 관련 전문가 뿐만 아니라 다들 함께 고민해야 한다고 생각해	0	2	False	0.5661	NORMAL	N/A
7731	한남들 살점 손톱깎이로 조금씩 잘라서 재기시키고싶^노^	2	1	False	0.7238	GENDER/COMMUNITY	N/A
7732	소아성애자랑 엮는건 아닌듯어린애들은 자가판단을 못하잖아	0	2	False	0.579	NORMAL	N/A
7734	착슬죽슬착한좆슬람은 죽은좆슬람뿐이다아니 좆슬람새끼 착하게해줬는데 무'슨'범죄노	2	1	False	0.5731	RELIGION/SLUR	N/A
7735	점점 추해지는구나 ㅉㅉㅉ	0	2	False	0.5979	NORMAL	N/A
7736	한남 얼굴 난도질하면 기분 개좋노	2	1	False	0.5254	GENDER	N/A
7742	똥꼬충들 개독이랑 배틀로얄시켜야함	2	1	False	0.5131	LGBTQ/RELIGION	N/A
7745	이나라가 진짜 미쳤군 ㅋㅋ	0	2	False	0.6421	NORMAL	N/A
7747	쟤네들 어머니 내일 아침 녹색어머니 해야되서 평소보다 더 일찍 일어나야함.	0	2	False	0.4921	NORMAL	N/A
7748	헌법 제 20조를 씹어드시는 전 국회의원 후보자.... 이 정도면 국가보안법 적용해서 구속 시켜야하는거 아닌가 싶기도	0	2	False	0.8548	NORMAL	N/A
7751	우리나라 기득권의 철통디펜스를 우습게보지마라	0	2	False	0.6927	NORMAL	N/A
7753	왜 요새는 몇백명 단위로 화끈하게 죽는거 안나오냐...존나 무료하네	1	2	False	0.9255	BLOCK	N/A
7754	뚱뚱한 나의여자친구 살좀빼랬더니 갈수록 가슴살만 빠지고 이러면 안되겠다 싶어 다시먹였더니 그나마 없었던 배만 나오더랍니다. COOL, 칼로리	0	2	False	0.6804	NORMAL	N/A
7755	바람피는중인데 선물안줘서 삐져가지고 뺨떄리니까 남자가 빡쳐서 니킥꽂음	0	2	False	0.9066	NORMAL	N/A
7757	끼리끼리 뭐하냐 ㅋ	0	2	False	0.7892	NORMAL	N/A
7760	ㅋㅋㅋ까고있네착한척오지구여	0	2	False	0.9409	NORMAL	N/A
7763	막짤 개무서워 ㅋㅋㅋ	0	2	False	0.8929	NORMAL	N/A
7772	최전선에서 고생하는 연구진.의료진.각급부처실무진. 이상황에서도 성숙한 의식을 보여준 국민들이 대단한거지. 초기대응 및 외교실패.자국민의 실질적인 고통 외면.및 늦장대응. 많은 이들이 땀흘려 겨우 현상황되니.정부가 잘하고.윗대가리들이 다 잘해서 그런것마냥.광고하네.	0	2	False	0.7341	NORMAL	N/A
7777	민주당 홍보좀 제발...ㅋㅋㅋㅋ	0	2	False	0.7235	NORMAL	N/A
7781	너희끼리만 걸리고 너희끼리만 꺼져줄수있으면 오케이	0	2	False	0.9026	NORMAL	N/A
7782	falling plates 사람	0	2	False	0.4896	NORMAL	N/A
7783	백골단 다시 만들어서 대갈통 다 깨부숴야함	2	1	False	0.5797	SLUR	N/A
7791	진짜 미친거 아니냐.. 진짜 탄식이 나온다	0	2	False	0.6213	NORMAL	N/A
7792	너넨 이슬람을 잘못 건들었다 ㄷㄷㄷ 아무리 그래도 사원을 부수냐???	0	2	False	0.7988	NORMAL	N/A
7795	아니 여군으로 가면 니때매 여군들이 개고생 하자나 ㅡㅡ	0	2	False	0.8582	NORMAL	N/A
7798	얘네들은 뭘로 벌어먹고살아? 05년 이후로 작품 한게 없는거같은데?	0	2	False	0.7122	NORMAL	N/A
7807	지잡대 출신의 문의원이 어디 서울대 출신의 윤의원한테 능력이야기 하냐!! ㅋㅋㅋㅋ	0	2	False	0.8499	NORMAL	N/A
7811	Pray for chul guen...	0	2	False	0.6723	NORMAL	N/A
7812	그들의 목표는한반도인들을 누르고토착왜구왕국을 세우는것	0	2	False	0.8732	POLITICS	N/A
7813	차이나 게이트 찔리나봄ㅋㅋ 제발 다른거 답변좀...본인이 답하고 싶은거만 답하지좀 말고...	0	2	False	0.8646	NORMAL	N/A
7818	어리다구 막말하지마라 너두 어릴때가 있었잖니	0	2	False	0.6748	NORMAL	N/A
7821	간간히 기쁜속식이 들려 힘이납니다. 뉴스앤조이는 선동질 그만하고 국가를 위해 문 닫아라! 더러운 쓰레기들아!	0	2	False	0.9244	NORMAL	N/A
7827	호박씨 까는거봐라 ㅋㅋㅋ	0	2	False	0.9151	NORMAL	N/A
7828	남자는 공부하지 말아라? 걍 노가다나 해라?	0	2	False	0.819	NORMAL	N/A
7831	봉이 김선달: 야 이걸 보상을 요구;;	0	2	False	0.7247	NORMAL	N/A
7833	민주화 운동때 공안검사 국정농단때 국무총리 적폐청산엔 결사항전.. 도움 안되는 인간..	0	2	False	0.7984	NORMAL	N/A
7834	정의당 부끄럽다 남성동성간 에이즈 간염이 99프로 그치료비를 국민세금으로 내는데 그건 무슨생각인지 지들은 피같은세금이라고 하면서	0	2	False	0.733	LGBTQ	N/A
7842	남자든 여자든 갔다오면 가점주면되잖아	0	2	False	0.4957	NORMAL	N/A
7843	ㄹㅇ 다문화 과대포장사기수준	0	2	False	0.9392	RACISM	N/A
7847	사생활 보호! 헛소리 하고 있다. 개인 보호 받으려면 이시국에 보호 받을 행동을 해야지. 그인간 때문에 수많은 국민이 고통 받을수 있는데..그따위 행동한 인간들을 보호해야 한다는 것이냐! 모두 자가 격리 시키고 공개하라! 또 전염 확대시 구상권 청구하라.	0	2	False	0.8953	NORMAL	N/A
7849	공안검사 황교안~~ 나경원 아들 딸 비리~~ 장제원 아들사고~~~ 니들 입에서 아무리 정의를 외쳐도 진정성이 느껴지질 않는다 한국당도 아웃	0	2	False	0.8132	NORMAL	N/A
7857	김씨가 여 성을 성추행 한게 아니고 상황이 불리해지니까 경찰이 버닝썬 하고 짜서 말 맞추기 허는것 갔아요	0	2	False	0.7387	NORMAL	N/A
7858	성소수자의 인권도 중요하지만 대다수의 건강권도 중요합니다. 성수소자의 인권 때문에 코로나로 죽을 수 있는 사람들은 뭔죄인가요?.	0	2	False	0.6527	NORMAL	N/A
7860	교육이 문제지. 논리적이고 타당하며 검증된 사실을 바탕으로 교육을 해도 모자란판인데 페미니즘을 교육에 올리는 것 부터가 문제다	0	2	False	0.7371	NORMAL	N/A
7870	기자주말숙제. 한겨레 포폴쓰나?	0	2	False	0.5431	NORMAL	N/A
7873	조팔 생리 안하면서 생리대 사는건 뭐노 ㅋㅋㅋㅋㅋ 자댕이가 생리대 쓰고 후장으로 발암물질 옴옴 했으면 좋겠노 ㅋㅋ	2	1	False	0.6176	GENDER	N/A
7874	좆가트면가지마라창년들아ㅋㅋ	1	2	False	0.8025	SLUR	N/A
7877	동성애 = 항문섹스에 미친 변태성욕집단	1	2	False	0.6443	LGBTQ	N/A
7879	노후경유차 조기폐차하면 돈 100 나올거고 폐차비 최소 30은 나올텐데 0원?압류 얼마냐 ㅋㅋㅋ	0	2	False	0.784	NORMAL	N/A
7882	냄저 죽이고싶을정도로 싫어하는 년들한테 욕이랍시고 한다는 소리가 냄저가 너를 안사랑해줄거야!!!!!!!!!!1111병신좆들	1	2	False	0.6843	GENDER	N/A
7884	전역 후 부사관 시험 다시 봐서 여군으로 입대 추천.. 근데 여 부사관 지원생들이 가만히 있으려나 모르겠네..	0	2	False	0.5948	NORMAL	N/A
7892	초중딩때는 남자가 이름순으로 앞번호했는데 고딩때는 뒷번호 함	0	2	False	0.5043	NORMAL	N/A
7893	걱정도 팔자다. 여아가 필요했나보지. 남자애들 여장시키는거 흔한 일이다. 창작의 자유가 있다. 이래라 저래라 하지마라.	0	2	False	0.8974	NORMAL	N/A
7894	성매매 성지 일간베스트	0	2	False	0.8528	NORMAL	N/A
7898	옛날엔 문명기술을 선도했던 민족이였다던데 지금은 코짜르고 염산 들이붓고..씨발ㅋㅋㅋ	2	1	False	0.4986	SLUR	N/A
7899	책 값 등쳐먹고 잠적한 사람 아닌가	0	2	False	0.6769	NORMAL	N/A
7903	근데 이사람 먼데 평가 하는거임???기업인이	0	2	False	0.74	NORMAL	N/A
7908	그럼 그냥 어이 야쿠르트 이리 부르지 뭐	0	2	False	0.6013	NORMAL	N/A
7912	나도 먹고 살 돈 달라고 청와대가서 시위해야겠다	0	2	False	0.5943	NORMAL	N/A
7919	제 2 히틀러 성님과 제2 나치 부활 선언 영구존재지구를 잡아 삼켜 위대한 도이췰란트가 영구 지배해야 한다	1	2	False	0.6428	SLUR	N/A
7922	언양 불고기 어따 팔아 먹었노포항 물회는?? 부산 회덮밥 & 회 는???	0	2	False	0.9274	NORMAL	N/A
7923	저런 사람은 받아주면 안됨	0	2	False	0.5252	NORMAL	N/A
7925	흐미 잡것이 일을 키워버렸구마잉~ 한 번 주면 쓸 것인디. 죽 떠먹은 자리 표시 난당가?	0	2	False	0.923	NORMAL	N/A
7928	아니그럼 타지방사람들 다 겨올라가서 투표하지	0	2	False	0.8165	NORMAL	N/A
7930	그 와중에 깨우친 몇이 있네	0	2	False	0.506	NORMAL	N/A
7935	되지도 않는 영어 쓰네	0	2	False	0.7467	NORMAL	N/A
7939	진짜 가지가지한다. 여자는 치마, 남자는 바지 이게 자연스러운 그림인걸 왜 자꾸 우겨대냐	0	2	False	0.8695	NORMAL	N/A
7944	나도 한인사회에 하나두아는사람이 없다 근데 뭐 별로외롭지도않고	0	2	False	0.5539	NORMAL	N/A
7946	한줄읽고 토나와서 쭈욱내림	0	2	False	0.7701	NORMAL	N/A
7948	근데 기사에서 영국 칭찬하네 영국도 인종차별 개쩌는데	0	2	False	0.8246	NORMAL	N/A
7959	쓰까들은 페미도 아닌 똥꼬니스트노. 똥꼬 인권운동가로 이름바꾸고 똥권 열심히 지켜라 안말리노. 그러니 페미니즘에서 나가라. 페미니즘한다면서 6헤테로보지9를 가해 기득권으로 보면서 패는것들이 무슨 페미니스트?ㅋㅋㅋ개그하노. 니들은 똥꼬니스트노.	1	2	False	0.6079	LGBTQ	N/A
7960	인종 종교 이런거 다 넘어서 여성차별 척살을 제 1로 둬야하는데 인종이 중요하다면서 다른 페미 차별해서 이렇게 됐다는거 아니노. 타산지석으로 삼아야지. 무조건 제 1 가치관은 냄져 척살	1	2	False	0.8329	GENDER	N/A
7961	염산들고다녀서뿌려야대	1	2	False	0.5793	SLUR	N/A
7965	모욕죄로 고소가 너무 남발한다. 무슨 말을 못해ㅋㅋ 이제 가식만 떨어야하는 세상임	0	2	False	0.8652	NORMAL	N/A
7967	차별금지법은 절대로 막아야한다 우리의 미래의 자녀들을 구해야하므로 철회하라	0	2	False	0.5077	NORMAL	N/A
7968	이정도면 자객아니냐?	0	2	False	0.5601	NORMAL	N/A
7973	적어도 자식들은 한국문화 따르려고 하는데....부모가 계속 쪼아대니 속상할듯	0	2	False	0.5709	NORMAL	N/A
7977	찍힐짓했노ㅉㅉ 여성분이 보지답게 이성적이고 침착했기에 망정이지 나였으면 벌써 살인사건 기사났다 이기야	1	2	False	0.7384	GENDER	N/A
7981	그럼 탈북해서 박정희 욕하노? 그러다 사회에서 매장 당하려고? 싫어도 저래 말해야지	0	2	False	0.8924	NORMAL	N/A
7990	상폐면뒤져야지 밖에왜나오노	1	2	False	0.6885	GENDER	N/A
7991	하느님이 시켰어요,교회는 내꺼니까 아들에게 건물 양도하라고 해명할려나...	0	2	False	0.7501	NORMAL	N/A
8005	우리는 여기서 쟤들이 왜 저렇게 미쳐버렸는지 짚고 가야함쟤들도 분명 평범한 여자였을꺼임. 사람이 저렇게 된데는 이유가 있겠지 답은 열등감이다 ! 거울, 체중계 등등등	1	2	False	0.8345	GENDER	N/A
8010	자지통구이잼ㅋㅋㅋㅋㅋㅋㅋㅋㅋㅋㅋㅋㅋㅋㅋㅋㅋㅋㅋㅋㅋㅋㅋㅋㅋㅋㅋㅋㅋ	1	2	False	0.5238	GENDER	N/A
8011	셈 넌배님....!	0	2	False	0.4959	NORMAL	N/A
8015	ctrl + c , ctrl + v 답변 완료!!헤헷	0	2	False	0.5698	NORMAL	N/A
8021	이관하면 니동네 경찰서에서 조사받는다	0	2	False	0.5633	NORMAL	N/A
8022	저분 채소 나이팅게일 치료에 전념하는것 보소	0	2	False	0.8354	NORMAL	N/A
8028	사람 손 대신 동물 앞발을 써야 될판.	0	2	False	0.5769	NORMAL	N/A
8035	한남충들 내 불주먹에 한대맞고 재기하게 생겼노	2	1	False	0.5755	GENDER	N/A
8044	신천지와 다를게 없네요	2	0	False	0.5561	RELIGION	N/A
8092	'성매매'로 검색하니 군게 열심히하고 시게 까던 양반하나가 올린 글이 유일하네요.	0	2	False	0.877	NORMAL	N/A
8102	똥싸라고 있는 구멍에 좆물을 싸냐 ㅅㅂ ㄷㄷㄷ	1	2	False	0.5899	SLUR	N/A
8107	꼬추가 작아서 아주 똥양 여기저기에 똥튀기고 다니노 한국남자는 싸그리 잡아다 전부 거세시켜야한다	2	1	False	0.645	GENDER	N/A
8120	착한동성애자는 죽은동성애자	1	2	False	0.7018	LGBTQ	N/A
8122	av 시작하면 음탕한 김치년들이 너도나도 찍다보면 갓본 av 산업 망할수도 있다 ~	1	2	False	0.6819	GENDER	N/A
8129	여성인권은 특정 세력의 전유물이구나...	0	2	False	0.5996	NORMAL	N/A
8133	나 핵교다닐때 저거 나눠만주고 나중에 안쓴다고 2주만에 걷어감	0	2	False	0.6878	NORMAL	N/A
8137	미리 검사받고 정부에 적극 협조했어야 하는것 아니냐?	0	2	False	0.5722	NORMAL	N/A
8139	겨드랑이 다좋아하냐난 존나 싫든데	0	2	False	0.9329	NORMAL	N/A
8142	뭔소리야 기독교자체가 공산주의 적인데	0	2	False	0.6135	NORMAL	N/A
8148	세금만 낭비되는 단체라고 봅니다. 거기서 할일은 관청에서 모두 할수 있는 일입니다. 일자리 창출입니까? 모든 시시비비가 발생돼는 근원이기도 합니다. 불필요한 단체나 기관은 없애는게 정답입니다. 문어발식 생성은 결국 자신들 일자리와 돈벌이 수단 일 뿐입니다.	0	2	False	0.7489	NORMAL	N/A
8154	반중집회면 조원진 안오냐?	0	2	False	0.6783	NORMAL	N/A
8157	떼쓰면 다들어주는 정부덕에 많이얻어갑니다^^7	0	2	False	0.8884	NORMAL	N/A
8163	희생하는 퍼스트 리더가 필요한 시대~ 한교총의 균형잡힌 역활이 중요하고 잘 하고 있다고 지지하고 싶습니다 한국교회가 사회와 국민들에게 퍼스트 펭귄이 되어야겠지요	2	0	False	0.5686	SLUR	N/A
8164	성교통 있는 처자 아니냐? 표정이 리얼 표정이던대 머꼴임	1	2	False	0.8433	GENDER	N/A
8165	저거 한국거엿냐,,	0	2	False	0.5055	NORMAL	N/A
8166	불의 도시가 물의 도시가 됨	0	2	False	0.4919	NORMAL	N/A
8173	나쁜 걸 나쁜거라 말못하는 맛간 세상	0	2	False	0.8102	NORMAL	N/A
8176	주먹 존나 아프게 생김 ㄷㄷ	0	2	False	0.9361	NORMAL	N/A
8177	급식들이라 훈방	0	2	False	0.7875	NORMAL	N/A
8186	치약 어떻게 묶냐?ㅋㅋㅋㅋㅋㅋㅋㅋㅋㅋㅋㅋㅋ	0	2	False	0.6669	NORMAL	N/A
8189	하이패스로 다니고 하니패스 미부착 차량은 온라인 후 수납하도록 시스템 만들어라 그게 서로 편하고 경제적이다... 교통 정체도 없어지고...	0	2	False	0.6741	NORMAL	N/A
8194	페미여대 숙대에 트렌스젠더 특별 전형이라도 있나?	0	2	False	0.5532	NORMAL	N/A
8199	빨리 취소 시켜라	0	2	False	0.4935	NORMAL	N/A
8209	그런 것 같다 웜련아. 담번엔 못생긴 남자들은 사지절단 하고 싶다는 말도 꼭 해라 익이야	2	1	False	0.5078	RACISM	N/A
8228	조선족 우두머리새끼부터 죽여야지	0	2	False	0.6273	NORMAL	N/A
8231	야 미래세대의 젊은이들이 추억팔이 하고 있으면 아 내가 이렇게 늙었구나, 난 이 나이 쳐먹고 이룬게 아무 것도 없구나 하고 풀죽어야지, 나이 먹은게 뭐 자랑이라고 빽빽거려 추하게.	0	2	False	0.9261	NORMAL	N/A
8232	서울 사는 게이인데 이거 ㄹㅇㅍㅌ다 설라도 새끼들이 해운대 점령함 서면만 가도 서울말 졸라 들리더라	0	2	False	0.8844	NORMAL	N/A
8243	이제 한남들 죽는 거조차 처벌 같지 않노. 살아서 고통 느끼고 고대로 되받게 해줘야 하노. 일 저지르고 죽는 게 자댕이들 종특이노. 죽을 계획 하면서 희열도 느낀다 이기야	2	1	False	0.5009	GENDER	N/A
8246	바퀴벌레 짱깨새끼들	0	2	False	0.8231	NORMAL	N/A
8247	저 단체는 미투운동이 계속될수록 한국남자들이 펜스룰을 적용해 일본남자들이 초식화 되는것처럼 한국남자들도 여자들을 거들떠보지않을까 걱정되어서 그런거같다.	0	2	False	0.8658	NORMAL	N/A
8255	세상 좋아져서 애새끼들 안 뚜들어 패니깐 저러는거다조상님들이 괜히 애새끼 여자 똥꼬충 이민자 뚜들어 팻던게 아니야모두 다 놔두면 저렇게 나대니깐 수고롭게 팻던거	1	2	False	0.5789	SLUR	N/A
8263	강간 살인 사체유기 떼씹 근친과 민주화의 성지 전라도 ^^	2	1	False	0.511	GENDER	N/A
8264	이거 양국에도 비슷한거 있지 않노? 중고딩때 이모키드 비슷한거 말미노 일부러 쎄보이려고 이미 임상효과 전무라 실패한 유행을 주워와다가 신신 거리고 미개하다 미개해	1	2	False	0.9113	SLUR	N/A
8267	중동아시아가 아니라 서남아시아다 시벌 무식충들아	0	2	False	0.9321	NORMAL	N/A
8268	다음 세대를 위해서 우리가 기도해야 합니다. 악법인 포괄적차별금지법을 막아냅시다!!!	2	0	False	0.5464	SLUR	N/A
8269	모자 본더치 병신아	0	2	False	0.9297	NORMAL	N/A
8275	걸어가야지 기어갈수 없다는...ㅜ	2	0	False	0.5625	GENDER	N/A
8276	언론아 사실만 전달해 가짜뉴스 퍼나르다 분란 일으키지 말고	0	2	False	0.7545	NORMAL	N/A
8278	꼭 여자한테만 저럼	0	2	False	0.7495	NORMAL	N/A
8279	제발 어디가서 일베충이라고 말하지 말아줘	0	2	False	0.9024	NORMAL	N/A
8281	걍 나였으면 킹오파 야마자키로 빙의해서 애새끼랑 맘충년 양손으로 잡아서 3회 땅바닥에 내리까고 칼빵 갈겼다	2	1	False	0.6721	AGE	N/A
8283	똥꼬충 반대 - 개슬람 반대 - 종북 반대역시 한국을 지키는 현대판 십자군들 필요악이다ㅋㅋㅋㅋㅋㅋㅋ	0	2	False	0.8262	NORMAL	N/A
8287	이 나라에 교회를 없애라..	0	2	False	0.8003	NORMAL	N/A
8297	근데 진짜 아랍계좆린이는 진리노. 저기 자집애들 유통기한 짧아서 12살 넘기기 전에 따먹어야 함ㅋㅋㅋ물론 한남은 몇살이든 폐기상품각. 이슬람 좆린이 수입들어오면 상품폐기각 한남충 따묵으려는 련들 1도 없다는거 알아서 좆들거리노ㅋㅋㅋㅋ	2	1	False	0.505	GENDER	N/A
8298	와 일단 이력서에 똥꼬충이라 적고 되고나서 탈똥해야겠다	1	2	False	0.734	SLUR	N/A
8304	퀴어로 사는 것까지 말리진 못해도 그걸 가지고 이래라 저래라 하지는 말자	0	2	False	0.6118	NORMAL	N/A
8315	여자는 얼굴 ㅍㅎㅌㅊ여도 다리에 검은색 팬티스타킹을 신으면 섹시하지 않냐? 물론 ㅍㅅㅌㅊ면 허벅지에 비빌만하고 진짜 맨 다리도 맨 다리인데 검은색 팬티스타킹신은 다리는 진짜 지리더라. 어지간한 ㅎㅌㅊ만 아니여도 꼴람.	1	2	False	0.61	GENDER	N/A
8334	ㅉㅉㅉ안산다 앞으로 그냥 오프매장 간다 빡치네 안그래도 요즘 남자들 역차별에 예민한데 저러네? 그리고 있는 고객들한테나 잘해라 신규고객 유치할생각하지말고!!!!!!!!!	0	2	False	0.9262	NORMAL	N/A
8338	아니 이게 대체 왜 페미영화야?? 그냥 일반 가정에서 다들 겪는 고충에 대한 영화인데? 그리고 영화 볼만하다 끝	0	2	False	0.6839	NORMAL	N/A
8358	해적왕!!!	0	2	False	0.563	NORMAL	N/A
8361	왜 조조는 없냐 ㅋㅋ	0	2	False	0.5562	NORMAL	N/A
8362	난 5.8통이였는데 ㅋㅋㅋㅋㅋ	2	0	False	0.5581	COMMUNITY	N/A
8364	저기서 북한 전투기 몰고 탈북한놈이 최고승리자아님? 저거 국방부에 군사자료로 넘기고 수십억 받았다던데	0	2	False	0.8035	NORMAL	N/A
8368	4'기면 다른 장기에 전이된건데 전이암을 다 중입자로 죽인거냐?	0	2	False	0.5893	NORMAL	N/A
8372	얼굴좀보자	0	2	False	0.5142	NORMAL	N/A
8377	민주당은 영입해라	0	2	False	0.5765	NORMAL	N/A
8399	성격도 우리 쏘옥 빼닮았고 역시 장하다 우리 딸래미들	0	2	False	0.9218	NORMAL	N/A
8401	무섭고 ..절망스럽고 ..후회스럽겠지만 ..선택은 본인의 몫이고 책임을 져야하는 성인이 되었음을 깨닫고 남은인생 마지막 기회다 생각하고 잘 살길 ... 에휴 ..	0	2	False	0.5087	NORMAL	N/A
8405	누구누구 사장님 일하러 안나왔냐고 물어보는거애서 씹소름	0	2	False	0.9026	NORMAL	N/A
8406	나두 총쏘구 싶당	0	2	False	0.8534	NORMAL	N/A
8412	안사요 안사	0	2	False	0.4938	NORMAL	N/A
8416	인도가 한국인보다 똑똑하긴함괴학자도많고 체스도잘하고 인재수출국임	0	2	False	0.6891	NORMAL	N/A
8424	도대체 남자가 받은 특권이 뭐죠? 몰라서 그러는대 페미라고 하는사람들 있으면 이야기좀 해보세요.남자라서 받은 특권이 뭐가 있죠?	0	2	False	0.5964	NORMAL	N/A
8427	살인이 모가 어때서 닝겐이 만든 법에 신이 얽메이냐? 사람들은 신이 착하다고 생각하는데 그 착함의 기준이 인간기준이라는게 존나 웃기는거지	0	2	False	0.9457	NORMAL	N/A
8430	애초에 맘편한 집에서 하는거에 최저시급을 쳐주면안됨 같은일이라고 밖에서하는거랑 집에서하는거랑은 천지차이다..	0	2	False	0.7498	NORMAL	N/A
8439	페미를 표받을려고 지지하는 미친인간들은 있을지 몰라도 반대하는 건 그냥 지극히 정상적인 거지	0	2	False	0.9136	NORMAL	N/A
8443	(((((((((((((())))))))))))))))	0	2	False	0.5038	NORMAL	N/A
8447	창녀들 종착역이 결혼이잖아.노골적으로 결혼이 목표인 몇안되는 자원인데호구새끼 하나 물면 혼인율 증가 확인도장 찍으려고애새끼 하나 까질러놓을텐데 출산율도 증가.시발꺼.	1	2	False	0.8317	GENDER	N/A
8452	정규직으로 제일 빡센 일 시키면 되지 뭐~^^	0	2	False	0.7326	NORMAL	N/A
8453	잇이건 진짜 첨들어 본다 ㅋㅋㅋㅋㅋㅋㅋㅋㅋㅋㅋㅋㅋㅋㅋㅋ	0	2	False	0.6305	NORMAL	N/A
8454	무서우면 재기후장에 들가서 숨어라이기	2	1	False	0.5689	SLUR	N/A
8463	총학생회랑 총여학생회는 왜나눠져있는건가요? 남녀를 왜그리나눠서 분쟁을 만드려하는지	0	2	False	0.6568	NORMAL	N/A
8468	항문성교하다귀두에콩나물걸려나오는거아니냐	1	2	False	0.899	LGBTQ	N/A
8478	쫌...아...목사를 하지말던가..ㅜㅜ 왜 굳이...	0	2	False	0.6512	NORMAL	N/A
8482	김문수 가즈아!!!!!!!!!!!!!!!!!!!!!!!!!무적권 자유 한국당만 뽑느다	0	2	False	0.7521	NORMAL	N/A
8487	정말 속상하네요 아이들을 보호해야할 학교가 인권으로 포장한 성정체성 혼란 가중시키는 교육이라니요 정상과 비정상의 개념부터 무너뜨리는 악행입니다 대체 왜	0	2	False	0.5796	NORMAL	N/A
8520	이 집안은 전체가 깨어있는 가족들이네.....	0	2	False	0.5438	NORMAL	N/A
8523	앞으로 보지년들 주둥이에서 차별소리 나오면 믿거해야겠음	1	2	False	0.687	GENDER	N/A
8530	동성애는 미친섹스발광자들이지 더러운 동성에놈들 모조리정신병원에 격리시켜라	2	1	False	0.5049	LGBTQ	N/A
8537	철수야 호남서 90퍼먹고준표형님 10퍼만 주라그럼 준표형 당선인데	0	2	False	0.7339	NORMAL	N/A
8545	그럼 형님,동서간에도 바꿔야지요 아랫사람이라고 편하다고 이름부르면 너무 이상할듯 윗사람이라고 형님호칭도 바꿔요 아에 외국처럼 이름불러요!!!	0	2	False	0.606	NORMAL	N/A
8554	ㅋㅋㅋㅋㅋ보지에 어울리는 보지스러운 늠름한 견종이노 잘어울린다 이기 그 와중에 좆놈들 좌-악 벌어지는게 웃챙이노ㅋㅋ	1	2	False	0.5142	SLUR	N/A
8566	난 종교를 차별하지 않는 편인데......무슬림은 조금 겁난다......앞으로도 차별하지 않도록 주의는 기울이겠지만, 가까이 하고 싶지는 않다.	0	2	False	0.7253	NORMAL	N/A
8568	저건물 지은게 빈라덴네라메	0	2	False	0.5725	NORMAL	N/A
8581	주작이네. 기사 검색이 안되잖아	0	2	False	0.7002	NORMAL	N/A
8583	조선족도 싫고 탈북자도 싫다	0	2	False	0.8043	NORMAL	N/A
8595	씨발년 안그래도 저년 때문에 국내 짱깨랑 똥남아 유입 숫자 역대급으로 찍었는데 이제 개슬람새끼들도 모셔오려고 혈안이 되었음 천히의 매국노 보소 꼴페미년 씨발년	1	2	False	0.7285	SLUR	N/A
8597	짜장면에 계란넣어주냐??? 개신박하네	0	2	False	0.8463	NORMAL	N/A
8605	에휴... 참 어렵게 산다~ 태어날 아기도 불쌍하고	0	2	False	0.5722	NORMAL	N/A
8608	차별을 해선 안되지만 차별을 안해선  안되는 차별도있다 아주 잘 한  일이다 속이 시원하다	0	2	False	0.5483	NORMAL	N/A
8616	한글말부터 배우고 온나	0	2	False	0.5021	NORMAL	N/A
8630	우리동네 토요일마다 붕어빵 굽는사람,애들이 그러네요,교회와. 하면서. ㅋㅋㅋ	0	2	False	0.6022	NORMAL	N/A
8631	국가반역자 주제에.	0	2	False	0.7721	NORMAL	N/A
8634	한심한 새끼들	0	2	False	0.9315	NORMAL	N/A
8651	마음 한켠에 저러고 살면 안불편하나? 도대체 그 한켠은 대체 몇평 정도 된답니까?	0	2	False	0.5596	NORMAL	N/A
8653	주택전용 보안경비업체 직원이나 해서 여생을 즐겁게 살아야겠다 싱글이라...	0	2	False	0.6523	NORMAL	N/A
8655	한남충 자아분열 소재 또 나왔노. 66한녀 허벌보지99 66한녀 보지는 한남자지에 맞춘거야99	2	1	False	0.5853	GENDER	N/A
8663	미혼모의 아동 살인, 아동 학대 사건이 날로 발생하니 이릉 막을 제도와 시설, 법이 생겨나길 바라며 미혼모 뷴둘에개 따뚯한 관심을 주길 바랍니다	0	2	False	0.5246	NORMAL	N/A
8665	진짜 요즘 애새키들 겁도 없네	0	2	False	0.9359	NORMAL	N/A
8671	일단 방법이 글러먹긴했는데 나같아도 눈은 돌아갈듯	0	2	False	0.64	NORMAL	N/A
8686	저거 안 먹고 버티면 어케되노?	0	2	False	0.7654	NORMAL	N/A
8687	경희대공대 수원에 있는데 분교아니래 ㅋㅋㅋ	0	2	False	0.522	NORMAL	N/A
8692	ㅋㅋㅋㅋㅋㅋㅋㅋㅋㅋㅋ 너무좋다 나중에 모음집하나 엮어주세요	0	2	False	0.7651	NORMAL	N/A
8695	26만이  번, 즉 1,2,3,4...개의 방에 들어간 인물들이라다 합친 수치라 실질적으론 얼마 안될걸...?	0	2	False	0.5316	NORMAL	N/A
8701	아니다, 중국이다. 이미 백신있었다. 처음부터 있었다.	0	2	False	0.6138	NORMAL	N/A
8710	푸힝힝~~~!!!	0	2	False	0.5588	NORMAL	N/A
8712	'시간이 흐르면서 우리의 생각은 계속변하며.. 고로 문제의 해답은 계속 변한다.'사실 논리철학논고에도 오류가 있다는 걸 간파한 비트겐슈타인은 또 다른 철학서를 씀	0	2	False	0.5161	NORMAL	N/A
8716	한국내 외국인 범죄, 필리핀내 한국인을 상대로 한 범죄에 대한 해결방안 물어봐라	0	2	False	0.568	NORMAL	N/A
8725	동성애는 정신병이고 참수형이 적절하다고 본다오래된 생각이다.	1	2	False	0.6197	LGBTQ	N/A
8728	민변은 박원순 지시 받지않나???	0	2	False	0.553	NORMAL	N/A
8735	농심김기춘백산수	0	2	False	0.514	NORMAL	N/A
8739	쌍도롬들 내한테 부랄빵 6969번 쳐맞아야 정신차리제	2	1	False	0.621	REGIONAL	N/A
8741	반미를 폐기해야지 반일은 쭈욱가고!	0	2	False	0.6241	NORMAL	N/A
8742	딱히 생산적인건 하는건없이 방구석에서 보지털만 긁고있으니 저딴 쓸데없는생각이 생기는거다.그러니 보지년들아 군대좀쳐 가고 취집할생각말고 밖에좀나가라 이 기생충같은. 김치년들아	2	1	False	0.4972	GENDER	N/A
8744	에휴 진짜 .. 제발 너희 나라로 돌아가라	0	2	False	0.6191	NORMAL	N/A
8745	마 인과응보 아니겠습니꺼	0	2	False	0.5856	NORMAL	N/A
8752	아니 근데 막상 시키면 왜이런거 시키냐고 그러고 농땡이부리면서 안하던데	0	2	False	0.7051	NORMAL	N/A
8758	남자애들이 야 너네엄마 봇물 맛좀보자~! 놀리면 오똑해	1	2	False	0.5538	GENDER	N/A
8760	cia에는 확실한 친북 증거 들어 올리는 거다.	0	2	False	0.5968	NORMAL	N/A
8765	혐오는 누가했나요?  일반 국민을 혐오자. 가해자. 만드는 이성한 기사네요 게이클럽에가서 우한폐렴 전파되고 있다고 사실을 말하는게 왜 혐오고 차별인가요?	0	2	False	0.7611	NORMAL	N/A
8770	론다로우지 쌘척하다가 질질 짠거보면 답나옴	0	2	False	0.8682	NORMAL	N/A
8776	나치독일때도 동성애자들 그렇게 죽여댔는데 그때도 동성애자 있었음 ㅋㅋㅋ 이게 막을수 없다는거임 ㅇㅇㅇ	0	2	False	0.9215	NORMAL	N/A
8782	시바 빨갱이새끼들 북한으로 보내서 공부를 시켜야지 왜 니들의 주적인 미국가서 공부를시키냐 이개씨발빨갱이새키들아 돌로 뚝배기를 다쳐죽여버려야해 버러지같은 개시발 빨갱이새끼들 아호빡쳐	2	1	False	0.5281	RACISM	N/A
8785	동갑인데 미국 4년제 지잡대 나와서 미국 시골 부모님집에서 히키 생활중이다 인생 좆망함 한국 가면 동네 아파트 상가 영어강사라도 가능하냐? 부모님도 슬슬 귀국 준비중이신데 내 능력으로 나 혼자 미국에서 못살아남을거 같다 찐따라 친구도 없고	0	2	False	0.9273	NORMAL	N/A
8787	나 36사단이였는데 13/14 겨울에 22사단으로 굴삭기 파견감 다른사단으로 파견간건 첨이엿음	0	2	False	0.4941	NORMAL	N/A
8802	안타깝당. 고치려면 목숨 걸어야 겠다. 지성과 담력으로 세상과 승부ㅏ하자	0	2	False	0.6565	NORMAL	N/A
8805	어쩌다 이런지경까지오게 된걸까요.. 공교육을 절대적으로 믿으면 안될것같네요.. 우리 아이들을 부모가 지켜야합니다.	2	0	False	0.5381	SLUR	N/A
8821	마산은 비왔는데도 지금 28도다.. 습기때문에 더 더워짐.	0	2	False	0.5323	NORMAL	N/A
8830	14년 4월군번인데 그떄랑 똑같네..; 그때는 파도타기하다가 교회중령님 빡치셔서 훈계들은거 생각난다.	0	2	False	0.8206	NORMAL	N/A
8852	벼르는. 벼루는 한석봉.	0	2	False	0.6214	NORMAL	N/A
8856	주변에 자리 텅텅 비었구만지 주차장도 아니면서 까칠하네	0	2	False	0.6892	NORMAL	N/A
8864	존나 실감나네 ㅋㅋㅋㅋㅋㅋㅋㅋㅋㅋㅋㅋㅋㅋㅋㅋㅋㅋㅋㅋㅋㅋㅋㅋㅋㅋㅋㅋㅋㅋㅋㅋㅋㅋㅋㅋㅋㅋㅋㅋㅋㅋㅋㅋㅋㅋㅋㅋㅋㅋㅋ	0	2	False	0.7198	NORMAL	N/A
8866	보지에 미친 민족 ㅋㅋㅋ 성추행좀 당해봤나보네 ㅌㅋㅋ	1	2	False	0.5799	GENDER	N/A
8867	살인죄로처벌하라	0	2	False	0.5076	NORMAL	N/A
8873	와 프랑스 깨어있는거 봐라 괜히 유구하고 찬란한 역사를 자랑한 대국이 아닐 수 없다.	0	2	False	0.7117	NORMAL	N/A
8875	우앙 발기쌍라도 새끼들 화개장터에 모여서 백병전해라	2	1	False	0.5067	REGIONAL	N/A
8876	전래 좆창낫노 남기자 남경들 다몰살시키고싶노	1	2	False	0.5092	GENDER	N/A
8881	구속기소가 뭐냐? 감빵 안간다는거냐?	0	2	False	0.5885	NORMAL	N/A
8884	느그는 불매해라.난 더사줄테니깐	0	2	False	0.8778	NORMAL	N/A
8887	남혐 아니라고 딸바보아빠들아 정신차려	0	2	False	0.7422	NORMAL	N/A
8889	21세기 맞냐	0	2	False	0.543	NORMAL	N/A
8891	존나 출렁거리네 시발 ㅋㅋ꼴린다	1	2	False	0.8772	SLUR	N/A
8898	술 취하면 진짜 따먹혀도 하나도 모르는거냐ㅈ	1	2	False	0.8322	SLUR	N/A
8903	다문화는 실패한정책이다...	0	2	False	0.5177	NORMAL	N/A
8907	비정규직 철폐하고 인간답게 살아 보자고? 당신들이 말하는 노동해방과 인간다운 삶을 위해서는 그런 단순하고 부가가치 없는 일에는 하이패스가 답이다.	0	2	False	0.7156	NORMAL	N/A
8909	표현의 자유가 침해당하고 소수를 위해 다수의 인권은 억압 침해 받고 생명권과 알권리가 위협받고 있습니다.	0	2	False	0.6145	NORMAL	N/A
8918	강간당해서 아들 낳으면 그게 예수아니냐?	1	2	False	0.8531	RELIGION	N/A
8919	본인도 저 답글보고 할 말 잃었을듯 ㅋㅋㅋㅋ	0	2	False	0.6399	NORMAL	N/A
8921	패션 운동 공무원 글에는 원래 댓글 존나 많이달리는데	0	2	False	0.7065	NORMAL	N/A
8924	디스거스팅	2	0	False	0.5643	SLUR	N/A
8927	한남기준 패륜욕보다 심한게 고추크기 물어보는거노ㅋㅋㅋㅋㅋ국산남성분들 음경왜소장애를 인정하고 빨리 재기합시다	2	1	False	0.5552	GENDER	N/A
8931	사전에알아보고 싫으면 안가면그만아닌가? 본인이 원하면입사하고 싫으면 입사안하면되는거아님? 회사규정이있을거고 그회사규정까지 터치하는거는 좀아니지않나? 맘에안들면 안가면될것같은데?	0	2	False	0.5967	NORMAL	N/A
8933	나라에서 성매매를 공창 같이 합법으로 풀었다가 이제는 불법으로 전환 해야 하는 시점이다 이런 판단이 들어서 그동안 성매매 종사 했던 사람들에게 미안하니까 보조금을 준다 이러면 좀 이해가 갈 듯 한데 범죄자로 이미 만들어 놓고 보조금 주겠다는 소리가 말도 안되는 소리죠.	0	2	False	0.8158	NORMAL	N/A
8951	아 조팔 2.9도 큰거 였노ㅋㅋㅋ신생아 양잦보다 작노 재기해라	2	1	False	0.5023	GENDER	N/A
8959	인디언빼고 모두 미국에서 나가란 말인가	0	2	False	0.5825	NORMAL	N/A
8975	속은 시원하네	0	2	False	0.547	NORMAL	N/A
8989	이란에서 태어나던가. 거긴 트젠든 좋아하고 게이는 죽이더라.	0	2	False	0.8124	NORMAL	N/A
8991	섰다...	1	0	False	0.5342	SLUR	N/A
9002	근데 나이들어서 지들 군대 안갈거 같으니까 여자도 가야한다고 하는거 아님? 나중에 그 수 많은 원망 다 어케 감당하려고ㅋㅋㅋㅋ	0	2	False	0.8697	NORMAL	N/A
9019	군대얘기에 더블백 얘기와 하와이 얘기를 얼핏 들었는데하와이깽깽이라고 더블백은 최근에 무슨뜻인지 알게되는데 군대 보급품 더블백으로 쓸어 담어 훔쳐 간다고 그런 별명이	0	2	False	0.7973	NORMAL	N/A
9023	내용을 떠나 둘이 누가누가 더 말 잘하나 대결하는 구조. 말장난 좀 그만합시다	0	2	False	0.6421	NORMAL	N/A
9030	우리나라 보다 성평등 지수 높은 나라 맞죠? ㅎㅎㅎ	2	0	False	0.5533	SLUR	N/A
9031	선택적으로 반응하는 당신은 진실성이 결여된 겁니다. 그럴려면 앞으로도 쭈~ 욱 나서지 마세요!	0	2	False	0.6453	NORMAL	N/A
9032	그 폭력 강간당한 여자가 죽을수도 있었고 모른체한 남자의 가족일수도 있었다 모른체한게 젠더갈등 페미때문이라고 치부해버리기에는 양심이 편하지 못한 이유가 있다	0	2	False	0.6106	NORMAL	N/A
9040	동남아 유사인류 새끼가 협박을 하네?????동남아 원래 거르지만 일단 필리핀 창녀의 나라 이제부터 제대로 거른다	1	2	False	0.8278	RACISM	N/A
9047	확실히 세뇌가 무섭긴 해	0	2	False	0.5743	NORMAL	N/A
9052	중간에 똥양인 한명있는디? 양심있으면 맛나게 무라	0	2	False	0.9345	NORMAL	N/A
9056	틀딱들 틀트뷰만 쳐보고틀딱들하고만 상대하면서점점더 망상이 심해지고 있음	0	2	False	0.9298	NORMAL	N/A
9064	미달이 이모님의 답변입니다 “저도 예전엔 첨엔 당황했는데 나중에 맛들려서 아직도 그리워요.지금 연하 남편한테 해달라고 부탁하기도 좀 그렇고...”	0	2	False	0.7283	NORMAL	N/A
9073	ㅋㅋ말투개욱기다ㅋㅋㅋㅋ	0	2	False	0.9341	NORMAL	N/A
9076	많은 크리스챤 연예인들이 하나님의 스피커로 준비되길 기도합니다.할렐루야.순적한 진행과 재정이 부어지고 연기하시는 분들 한부한분에게 성령님의 감동과 역사하심이 나타나고 감독에게 거룩한 영감을 충만히 부어주시길	0	2	False	0.5388	NORMAL	N/A
9086	킁킁 어디서 타는냄새 안나요?	0	2	False	0.8158	NORMAL	N/A
9089	밑에남자귀엽게생겻다♡♡탐하디삘	0	2	False	0.895	NORMAL	N/A
9091	이미 차별받으면 명예훼손죄 등 처벌할 수 있는 법안들이 많은데 포괄적차별금지법은 국민자유의사 억압법이나 마찬가지다!	0	2	False	0.5778	NORMAL	N/A
9102	누가 돌을 던지랴... 누가 아기 맡아서 평생 책임지고 키워줄것 아니면 누구도 비난할수 없다,, 계획된 인신매매가 아니고서야 그저 마지막 생존을 위한 최후의 발악인것 같아 연민으로 느껴지네,,,,	0	2	False	0.6242	NORMAL	N/A
9104	신입 여직원은 뭔 일 부터 해야 안 차별이냐??ㅋㅋㅋ	0	2	False	0.7786	NORMAL	N/A
9108	성차별이 아니라 사상검증은 당연히 할수있는거 아닌가??	0	2	False	0.5828	NORMAL	N/A
9113	좆을 조져야 법망이 촘촘해지며 보지가 살기 좋아진다 이건 팩트노 한남을 대상으로 더 많은 몰카 더 많은 상해 더 많은 살남이 사건으로 주룩주룩 이어져야 하노.	2	1	False	0.599	GENDER	N/A
9115	저 프로 진행자 남희석이랑 동갑 남희석이가 친구야 반갑다하면서 포옹하고 저 탈북자아재 어디가든 잘 살듯	0	2	False	0.8536	NORMAL	N/A
9128	알아크사 모스크를 진짜 불태운거라면 저 전쟁이 불같이 세계적으로 번질가능성있다고봄	0	2	False	0.5445	NORMAL	N/A
9130	추천수0댓글 3개반대로좌파 글 올라오면 추천 수 존나 박히고서로 댓글 답글 해 가며 쭈루룩 달릴껄	0	2	False	0.9156	NORMAL	N/A
9133	ㄹㅇ 화염방사기로 지지고싶다	2	1	False	0.5676	SLUR	N/A
9134	경락맛사지란 말도있는 저그유저 였는데 안타깝네요 삼가고인의 명복을빕니다	2	0	False	0.5686	REGIONAL	N/A
9138	와 1rm 180 그냥칠듯;	0	2	False	0.5436	NORMAL	N/A
9144	저 말이 성립된다면사장은 아르바이트생을 고용하고있는시간동안에는마음껏 노예처럼 부려먹을수있게됩니다.	0	2	False	0.7354	NORMAL	N/A
9150	그게맞지 ㅋㅋ 어제 회사 노조사무실에서 커피먹는데 못보던 틀딱 두명 있길래 소속 어디냐고 물어보니까 두산중공업이라더라 ㅆㅂ 바로 내쫓았다	1	2	False	0.9166	AGE	N/A
9163	자지보여주고 가!!!	2	1	False	0.5591	SLUR	N/A
9165	개독새끼들은 다 죽여버려야함	2	1	False	0.5395	RELIGION	N/A
9170	난 국뽕이 인간적으로 너무 싫다 두유노 비티에스 ㅇㅈㄹ 진짜 전부 가스실에 넣고 몰살했으면 함	1	2	False	0.5403	SLUR	N/A
9173	다 먹어보고 싶지만... 전라도 너무 머네요...ㅜㅜ;;	0	2	False	0.7342	NORMAL	N/A
9175	자살한 이유는 나도 그렇다고 본다. 마누라 뇌물 막으려고 자기가 죽은건 아니고 주위에 배신감을 많이 느꼈을거다. 쌓이고 쌓여서 허무해진거지	0	2	False	0.6339	NORMAL	N/A
9181	조선 어론사제외선택했는데 왜 자꾸 보이냐	0	2	False	0.6759	NORMAL	N/A
9190	빨리안올리냐?	0	2	False	0.6391	NORMAL	N/A
9191	우리 ^가이아 지구^의 환경이 노무노무 걱정되는 에코괘미들은 빨리 1일 1냄져 사살 실천하라 이기야!	2	1	False	0.5186	GENDER	N/A
9193	애초에 한민족 고유 100% 유전은 존재하지 않음, 서양인 이민 받아야지	0	2	False	0.7391	NORMAL	N/A
9196	저거 독일에서 폭동 일어나기라도했냐?시발 나치 생기는게 이해갈정도네	1	2	False	0.9396	RACISM	N/A
9198	경상도나.. 전라도나... ㅋㅋㅋㅋ	0	2	False	0.9353	NORMAL	N/A
9202	솔직히 더 수용해서 나라하나가 망가져가는거 지켜보는거 꿀잼일듯	0	2	False	0.8605	NORMAL	N/A
9211	에이즈는 치료해주지 말아야한다.다 쳐뒤지지게 냅둬야함	2	1	False	0.5244	SLUR	N/A
9213	다음엔 불륜얘기좀 올려주세요. 원조교제 얘기두요. 직장인 점심식사끝나고 간다는 오피스텔 매춘도 꼭 오려주세요.	0	2	False	0.8215	NORMAL	N/A
9219	외삼촌 살고있는 멕시코로 이민갈까 생각중이다삼촌께서 내가 일할 자리는 있다하고 현지인들이랑 우호적으로 지내고 있다하고 갱스터에 대한 걱정은 하지마라던데	0	2	False	0.7254	NORMAL	N/A
9225	개씹좆같은 똥꼬충새끼들이라고 안한걸 감사하게 여겨야지 역겨운새끼들혐오감 조성, 에이즈 전파, 세금 축냄, 사람 죽음으로 몰아감이 개새끼들은 이로운 점이 단 한가지도 없음	1	2	False	0.659	LGBTQ	N/A
9235	조팔 한남들은 성매매 안하면 죽노? 하다하다 태국사람 감금하면서까지 성매매를 하네 다 죽여버리고 싶다	1	2	False	0.5241	GENDER	N/A
9243	갓주국자 성님 충성충성한냄져 6.9 소추들 몰살부탁드린다 이기	2	1	False	0.5674	GENDER	N/A
9245	남자는 미남인데....	0	2	False	0.4991	NORMAL	N/A
9249	히틀러 재평가가 시급함	1	2	False	0.8174	RACISM	N/A
9251	스웨덴.. 모국에 돌아가고 싶노	0	2	False	0.8708	NORMAL	N/A
9255	우파를 지향하는 유일종교 기독교	0	2	False	0.5039	NORMAL	N/A
9259	송주성 인턴기자님 이거 컨펌 제대로 받고 올린거 맞죠?	0	2	False	0.548	NORMAL	N/A
9264	어제 오늘 삼겹살 먹으면서 생각난건데쟤네들 진자 불쌍한거 같다...	0	2	False	0.7586	NORMAL	N/A
9273	근데 쫌 안된게 매매혼하는 사람들 대부분이 사는게 넉넉치않을텐데 얘네들 데리고 살면 매달 돈보내고 아니면 지마누라가 번돈 다 보낼텐데 쫌 안타깝더라	0	2	False	0.8226	NORMAL	N/A
9284	피해받는사람도 없고 무슨 중독성이 있는것도 아니고 그냥 서비스산업 이라고봅니다.	0	2	False	0.5206	NORMAL	N/A
9295	쉬멜 사먹는 놈들이 쉬멜보고 더 섹시하다고 하노. 지가 똥꼬에 박아주면 좆이 발딱서는게 섹시하고 충분히 박아주면 부르르 떨면서 정액발사하는 모습이 꼴린다고. 그리고 가슴도 달리고 가공의 여성성으로 와꾸도 즈그들 눈에는 여자라고 생각하니까 더 꼴린다고.	2	1	False	0.5738	LGBTQ	N/A
9307	뒈져야지 그런 인간들 살아서 사람 구실도 못하는데 왜사냐? 삶의 목적이 뭐냐? 인간으로서 구실도 못하는데 힘들게 왜사냐? 그냥 꺼져라! 보기도 싫다!	1	2	False	0.6339	SLUR	N/A
9310	뭔생각으로 외국의 이런기사를	0	2	False	0.536	NORMAL	N/A
9316	ㅋㅋ 허씨 아니냐	0	2	False	0.6215	NORMAL	N/A
9318	아이고 의미 없다	0	2	False	0.5369	NORMAL	N/A
9319	식성 특이하네	0	2	False	0.5322	NORMAL	N/A
9322	152명은 빙산의일각이고 한 150000명될듯	0	2	False	0.5262	NORMAL	N/A
9326	아직도 검토 중이래 ㅋㅋㄲㅋㅋㅋㅋㅋ	0	2	False	0.6948	NORMAL	N/A
9327	저런 오케스트라같은거 취미로보는사람들 1프로인집안임 으외로 사짜들어가는직업많음	0	2	False	0.5327	NORMAL	N/A
9328	드셔보세요 맛있습니다. 특히 잘익은 갓김치랑 열무랑 먹으면 개꿀~! 광주사람이라고 다 알리가 있나요. 그냥 먹던 사람이 먹는 음식입니다. 그냥 간단하게 해먹는 음식이니 향토음식이라고 불리우기도 뭐하고요.	0	2	False	0.8243	NORMAL	N/A
9329	재규형님이 그립다	0	2	False	0.5437	NORMAL	N/A
9335	진짜 전쟁한번 나면 좋겠다 일단 메갈년들부터 쏘게	1	2	False	0.5481	GENDER	N/A
9338	미개하다 미개해 저런 형벌이 언제적 형벌이냐 ㄷㄷ	0	2	False	0.9307	NORMAL	N/A
9343	자적자는 잘했지만 보지찌른것보니 저새끼도 재기해야한다	2	1	False	0.6145	GENDER	N/A
9351	음주는했지만 음주운전은안했다	0	2	False	0.5064	NORMAL	N/A
9354	학교는 다 허가해줬는데 뭘더해??	0	2	False	0.583	NORMAL	N/A
9355	학종폐지 서두르라는 질문은 했냐? 지금시점 제일 중요한건데.	0	2	False	0.5485	NORMAL	N/A
9360	불쾌하고 불안하고 분노하게 되는 쓰레기 같은 아니면 아닐 수도 있는 더러운 문명은 가지를 않더군?	0	2	False	0.8464	NORMAL	N/A
9366	비엘 사실상 레즈 아니노? 비엘 나오는 자지처럼 생각하는 자지 없음. 다 보지 생각이다.	2	1	False	0.5123	GENDER	N/A
9379	난 이제까지의 근대사 역사책은 반일종족주의를 읽음으로써 엉터리라는 걸 알았다..	0	2	False	0.5216	NORMAL	N/A
9390	성님,,,	0	2	False	0.5705	NORMAL	N/A
9393	오늘 몇시에 간데요? 가는거 생방가능?? 떡돌리게요	0	2	False	0.5971	NORMAL	N/A
9394	벌레로 중요부위 가린건 첨보네	0	2	False	0.631	NORMAL	N/A
9399	애기들이 가장 좋아하는게 엄빤데 이 애기는 야 엄마가 때렸으니 얼마나 무섭고, 두려웠을까 불쌍한3살애기	0	2	False	0.6378	NORMAL	N/A
9408	에효 말세다 말세야	0	2	False	0.5356	NORMAL	N/A
9414	일베나 워마드나 ;;	0	2	False	0.8878	NORMAL	N/A
9419	차별금지법 이름만 거창한거지 이름 바꿔라 자유제한법 으로	0	2	False	0.7179	NORMAL	N/A
9437	틀딱새끼들 죽이고싶음 ㅇㅈ	1	2	False	0.7255	AGE	N/A
9442	근데 쟤들 저 팔찌 뭐냐	0	2	False	0.6147	NORMAL	N/A
9444	이거 왠지 예전에 오대양 사건이랑 비슷한듯. 정치하시는분들 이런일 또다시 일어나지않게  법적으로라도 방어해주세요	0	2	False	0.571	NORMAL	N/A
9461	하얀바지 엉덩이 탱글하노 채찍질하고싶다 이기	1	2	False	0.5007	SLUR	N/A
9462	이 한국 보다가 유럽 보닌까 ~ 싸네 ~~	0	2	False	0.7633	NORMAL	N/A
9467	내 호적메이트새끼 사촌새끼 삼촌새끼 다 저렇게 지 엄마 젖 만지고 잠들더라 이기야 좆같은새끼들 뒤져버리길	2	1	False	0.517	SLUR	N/A
9469	고통없이 죽을 수만 있다면 20대,30대 남자 다수가 죽음을 선택할거다 나 역시 마찬가지고	0	2	False	0.7641	NORMAL	N/A
9476	7개월 아이가 그럼울고 보채지 이 애미충년아 이년은 다시는 아이 못갖게 도려내라	1	2	False	0.5686	GENDER	N/A
9484	솔직히 말하자면 귀여운 선임이 스킨십하거나 만져줄때 기준 좋았다..	0	2	False	0.6595	NORMAL	N/A
9490	한남충 살기 참 쉽노. 안그래도 한남좆같은 인생 셀프재기나 하겠노 ㅋㅋ	1	2	False	0.6104	GENDER	N/A
9502	ㅇㄱㄹㅇ 내주위는 호주나 뉴질랜드로 이민다가더라 한국다정리해서	0	2	False	0.8475	NORMAL	N/A
9504	하 지겨워	0	2	False	0.5343	NORMAL	N/A
9513	북수단도 끼워줘라	0	2	False	0.6348	NORMAL	N/A
9514	쓰레기 퍼오지 마세요. 더불어 글쓴님 예전글보기는 과학이네요. 세상을 너무 혐오대상으로만 바라보지 마시길	0	2	False	0.8751	NORMAL	N/A
9522	오늘부터 킹로마제국 >>>>>>>>>>>> 당나라, 고구려 합시다!!!	0	2	False	0.8386	NORMAL	N/A
9523	안그래도 인구밀집도 폭발수준인데 미친 한국똘개이새끼들 난민 왜 쳐받는거야?? 오히려 저색기들 뒤져주는게 지구를 위해서도 더 나은거지..	1	2	False	0.6908	RACISM	N/A
9526	심형탁 방배동 헬스장 다닌다. 나도몇번봄. 복근운동하던데일단 멋있었음.	0	2	False	0.6184	NORMAL	N/A
9532	저새끼들은 뭔데 이기이기거리노burn burn도 여기서나온거아니냐 머구통구이때	1	2	False	0.8215	REGIONAL	N/A
9538	근데 아까글 삭제안됬음ㅇㅇ	0	2	False	0.5693	NORMAL	N/A
9544	이게 같은사안인가ㅋㅋ저시험지에나온건 지금법심판직전인 팩트고아래꺼는근거들도 부족한 썰인데 ㅋㅋㅋ	0	2	False	0.5644	NORMAL	N/A
9546	나도 기독교인인데 성경 잘못 해석하는건 진짜 아니라고 본다.	0	2	False	0.5101	NORMAL	N/A
9549	유행가~ 유행가 '신안'은 노예 ~~ 나도 한 번~~~ 부려본다아~~ 유행가 유행가 '소금' 푼 노예~ 낫을 치며~~~ 부려본다~~`	1	2	False	0.7831	REGIONAL	N/A
9557	중딩때 옆반교생이 야동틀어줬는데 ㅋㅋㅋ ㄹㅇ 상남자 우리 교생은 지 처음경험이야기하면서 섹스가 딸치는것보다 100배좋다고 ㅋㅋ	0	2	False	0.8342	NORMAL	N/A
9563	어...욱일기닷	0	2	False	0.596	NORMAL	N/A
9564	자지 괴롭히는 sm소설로만 아들 친다 영상물엔 내 환상 속 핑좆존잘남이 없어서. 현실자지는 다 구웨에엑	2	1	False	0.5122	GENDER	N/A
9571	이건 뭐ㅋㅋㅋㅋㅋ	0	2	False	0.541	NORMAL	N/A
9583	서남아시아에선 돼지가 사치스런 음식이긴 하죠... 덥고 건조한 날씨에선 돼지가 살기 힘들기 때매.. 요새야 무역이 성하고 냉장냉동 운송이 되니깐	0	2	False	0.5774	NORMAL	N/A
9586	수지 닮았다는게 주작마재윤 방송에 수지 금지어 채택	0	2	False	0.8818	NORMAL	N/A
9592	"너 인터넷 같은 거 많이하나보다..? (멸시가 서린 어색한 미소)"""	0	2	False	0.7176	NORMAL	N/A
9605	느개비머머리313 : 꿀꿀 꿀꿀 꿀꿀꿀? 꿀꿀 꿀꿀	1	2	False	0.7891	SLUR	N/A
9606	미워했으면 소라넷에 올렸겄소	1	2	False	0.8879	SEXUAL	N/A
9612	차별금지법은 교육 가정 사회 국가 망치는 것임이 분명히 드러나고 있다. 차별금지라는 이유로 저런 교육을 하게하다니 학부모로서 기가 막히고 분노할일이다	0	2	False	0.6354	NORMAL	N/A
9614	김진 깜놀 ㅎㄷㄷ촬영후스트레스증후군	0	2	False	0.5118	NORMAL	N/A
9617	와ㅋㅋ 전에 비정상회담 사우디편에 걔도 이렇게 컷나?ㅋㅋㅋ	0	2	False	0.6086	NORMAL	N/A
9618	이젠 수명도 얼마 안남았으니 빼돌려놓은 자금세탁해서 돌려놔야지..... 제일 쉬운게 사이비 개신교 목사나.. 사이비종교겠지...	0	2	False	0.8891	NORMAL	N/A
9620	모야 난 초딩이야?	0	2	False	0.5549	NORMAL	N/A
9621	이기적인 남녀있다지만 현실에서는 정상적인 남녀가 더 많음. 그리고 온라인에서 이런 글들이 올라오고 거기에 호응하는 사람이 있는 이유는 급진적 페미니즘에 대한 거부반응이 나타난 거라고 보면 됨	0	2	False	0.632	NORMAL	N/A
9623	여자가 남자 좋아하면 고추빨라고 시키면 잘 빨아준다	1	2	False	0.654	SLUR	N/A
9624	다른것들은 여기저기눈치보느라 입다물고 앉아있네.안철수가 서울시장되어야한다!	0	2	False	0.8876	NORMAL	N/A
9625	대구는 뭐이리 다 싸냐 체인점 제외하고	0	2	False	0.7068	NORMAL	N/A
9638	퀴어축제 사실 반갑지 않습니다. 대다수 시민들의 불편한 기분도 존중받아야 합니다. 조용히 자기들끼리 하는 것이 맞다고 봅니다.	0	2	False	0.6021	NORMAL	N/A
9647	"내일 아마 수도권에 ""전라도없는세상"" aka 유토피아가 펼쳐질 듯 하다"	1	2	False	0.8846	REGIONAL	N/A
9649	결혼하기전에 죽어라 보험금 수령통장은 아내이름으로 해놓고. 그러면 평생 사랑받을수있다이기야	1	2	False	0.8854	SLUR	N/A
9656	백좆맛으로 천국 가보려다 진짜 천국으로 가부럿네	1	2	False	0.8218	RACISM	N/A
9657	부산은 사랑입니다대구는 소망입니다울산은 활력입니다	0	2	False	0.5219	NORMAL	N/A
9659	찻짤은 에이즈 똥꼬충	1	2	False	0.8429	LGBTQ	N/A
9671	정상적이지 않은게 마치 정상인것 처럼 인정되기를 원하는 이런 일들이 어떻게 가능한지 참으로 이해하기 어렵고 보편성을 요구하는 그들의 행태는 과욕이고 비정상적입니다. 질시하지는 않으나 음지에서 조용히 사시고... 참 말이 안나오네.	0	2	False	0.6729	NORMAL	N/A
9673	남성접대부는 좌파들이 좋아한다던 그 .. 호모게이 항문섹스족인가?	1	2	False	0.6587	LGBTQ	N/A
9674	자르릉자르릉	1	2	False	0.8825	GENDER	N/A
9677	하여간 일 하나도 안하고 놀러만 다니지	0	2	False	0.8556	NORMAL	N/A
9681	마호메트 씹홍어 좆버러지 씹걸레같은 새끼	1	2	False	0.5509	RELIGION	N/A
9687	음모론이라고 생각하는게 이게 만약 진짜라면 오히려 더 이스라엘에 테러를 하지 않았을까? 의심사지 않기 위해서 사상자는 발생하지 않더라도, 주요기반시설 같은건 눈가리기로 테러라도 했을텐데	0	2	False	0.6911	NORMAL	N/A
9690	그래도 울지마 톤즈 신부님 보면 정말 신은 존재하는구나... 라고 생각나지 안냐?	0	2	False	0.6017	NORMAL	N/A
9692	패미 님들 뭣들하나요? 어서 글 남겨야죠? 남자로 인정한다면 그 동안 당신들이 했던 소리가 헛소리가 되고 여자로 인정한다면 당신들의 지지기반인 여대가 쓰레기 짓을 한게 되는건데 참 궁금하네요.	0	2	False	0.9082	NORMAL	N/A
9693	지건 딱 대 ㅋㅋ	0	2	False	0.9152	NORMAL	N/A
9695	여군이 되고싶으면 복무중인 여군에 물어봐야하지않나? 성전환이나 동성애나 개취니까 상관없지만 남자가 성전환했다고 갑자기 나도 여자다!! 같이 생활하자하며 화장실,목욕탕 들어오고 옆에서 자면... 난 좀 그럴것 같다. 미안하다. 나도 그것까진 용납 못하겠다.	0	2	False	0.7676	NORMAL	N/A
9697	선두. 대한민국 수많은 직종 중 가장 많은 범죄를 일으키 는 직종이 그 종교.	0	2	False	0.6481	NORMAL	N/A
9700	남편 외도로 두아이 키우면서 힘들어서 죽고싶다는 생각 많이 하지만 그 아이들 때문에 이 악물고 사는게 부모다.. 말을 안듣는다니... 어찌 그게 부모라는 사람이 할 소린가..	0	2	False	0.6168	NORMAL	N/A
9705	첫짤 합성이야...ㅋㅋ	0	2	False	0.8451	NORMAL	N/A
9707	빌게이트씨 우리나라 국민은99%마스크를 키고생활한다 미국처럼 자유분방하지않고 전염병에대한 두려움과방역수칙을 지키고살기때문에 이런결과가 있는거다 문통이 잘해서가 아니고	0	2	False	0.6421	NORMAL	N/A
9711	천하의 개독 씨부랄 새끼들 다 모가지를 쳐야된다	1	2	False	0.515	RELIGION	N/A
9714	ㅋㅋ 에휴 또 새벽부터 정신 못차리고 쉐도우복싱중이네	0	2	False	0.9172	NORMAL	N/A
9723	근데 솔직히 박진영 처벌받았으면 좋겠다 아직 가치관이 성립되지도 않은 미성년자한테 사과문 영상 찍게 하는건 너무나도 심한 정식적인 학대임	0	2	False	0.7556	NORMAL	N/A
9726	오래도 살았네	0	2	False	0.6041	NORMAL	N/A
9731	어제 그 토론회는 보고 기사를 쓰세요! 행위를 비난하지 행위자를 비난하는게 아니다가 골자인데 어디서 이런 말도 안되는 기사를 쓰시는지?	0	2	False	0.5118	NORMAL	N/A
9732	시진핑 발가락이나 쳐빠는 몸종노예새끼..	1	2	False	0.7608	POLITICS	N/A
9734	수진이가 잘못했네 이건	0	2	False	0.5928	NORMAL	N/A
9737	자발적 유리천장 전환자네 남자였으면 군제대후에서 수술가능함	0	2	False	0.582	GENDER	N/A
9741	덕분에 지금은 교회라면 학을 뗀답니다 ㅋㅋㅋㅋ	0	2	False	0.7645	RELIGION	N/A
9748	기독교..ㄷ ㄷ	0	2	False	0.5021	NORMAL	N/A
9751	관잦이노 ㅈㅁㄱ해라이기	1	2	False	0.8197	GENDER	N/A
9754	아 주일아침. 교회갈 준비하는데 이 기사보니 웃겨죽겄다 .	0	2	False	0.7112	RELIGION	N/A
9755	나 잘생겼고 결혼했고 얘도 있다 아 돈도 많구나	0	2	False	0.6989	NORMAL	N/A
9759	외국인을 대표해주는 한국 국회의원이네 ㅋㅋㅋㅋ 캬, 역시 한국의 민주주의는 위대하군요	0	2	False	0.8116	NORMAL	N/A
9761	자기몸인데 자기선택이지뭐.......	0	2	False	0.551	NORMAL	N/A
9765	모르고 당한 아이와 엄마 너무 화가 납니다 우리 아이들을 지켜야 해요 동성애 차변금지법 절대 안됩니다	0	2	False	0.4941	NORMAL	N/A
9766	이것이 전적으로 옳다개좆같은 개슬람새끼들과 이외의 한국체류 외국인들은 한국의 생활방식과 법에 맞춰 행동해야한다	1	2	False	0.866	RACISM	N/A
9768	나 신검받을때 생각나네공익 장애인새끼들이 감히1급님한테 이래라저래라 깝치는데죽여버릴뻔 ㅎ	1	2	False	0.7985	SLUR	N/A
9771	좋은데 사시네 ㅋㅋㅋㅋㅋㅋㅋㅋㅋㅋㅋㅋㅋㅋㅋㅋㅋㅋㅋㅋㅋㅋㅋ	0	2	False	0.4906	NORMAL	N/A
9773	수술도 안하고 주민등록 성별을 바꾸겠다는게 말이 되니??	0	2	False	0.6687	NORMAL	N/A
9777	가만보면 미영프일독 얘들 착해	0	2	False	0.5891	NORMAL	N/A
9787	동성애가 싫으면 본인은 안하면 됨. 왜 남의 귀한 목숨을 맘에 안든다는 이유로 저렇게 죽여버리나. 우리가 살면서 맘에 안드는 사람들 얼마나 많이 만나나? 그렇다고 저렇게 다 죽이고 다니면 그게 사이코패스지.	0	2	False	0.8896	NORMAL	N/A
9795	지금 보니 동전 넣은 사람(자집)과 동전(좆물)은 분리되어 있는데 여자=자궁=자판기로 분리가 안 돼 있노. 여자는 걸어다니는 자궁이노.	1	2	False	0.5443	GENDER	N/A
9803	저런건 왜 하는거냐ㅋㅋ 이해가 안돼네	0	2	False	0.6748	NORMAL	N/A
9808	염병한다.	0	2	False	0.7706	NORMAL	N/A
9810	이자스민 의원님 존예인듯 ㅎㅎ	0	2	False	0.5601	NORMAL	N/A
9812	Soc 깎아다고 호남차별했다고 호남신문 국회의원들 징하게 떠들었죠..근데 그 예산 호남토호기업들이 먹겠죠 ...결국 언론 -기업 -정치인 서로서로 도와줘서 길게 해먹는...	0	2	False	0.9184	NORMAL	N/A
9813	로또1등되면 다이렉트로 흙통에서 금수저되는거냐?	0	2	False	0.6838	NORMAL	N/A
9814	전세계가 힘을 합쳐 이슬람인을 말살시켜야한다.	1	2	False	0.5197	RELIGION	N/A
9816	세뇌가 진짜 무섭구나	0	2	False	0.5649	NORMAL	N/A
9817	치킨 맛있어보인다어디임?	0	2	False	0.5333	NORMAL	N/A
9820	페미가 문제인가 지들이 문제지 일베랑 페미랑 같다는 생각은 어떻게나오는건데 자기자신을 찾는게 페미인데	0	2	False	0.8519	NORMAL	N/A
9821	돈줬으니까 사전에 합의된거맞내. 여자는 죄업내.	0	2	False	0.7135	NORMAL	N/A
9824	참.. 불쌍하다.. 저런 애들이 인생을 극복하고더 잘살아야될텐데..	0	2	False	0.5352	NORMAL	N/A
9835	진보가 정권을 잡으면 공산화가 된다하고 차이나게이트라는게 뜨고 보수가 집권하면 친일파라하고 사드설치하고 중국하곤 날세우고.. 대체 누굴 찍어야하나? 이젠 뭐가 맞고 틀린지 모르겠다.	0	2	False	0.7669	NORMAL	N/A
9838	막심선생님....	2	0	False	0.6379	SLUR	N/A
9839	내가 태영호면 지금이라도 미국간다 ㅋ누가봐도 황장엽2탄임 ㅋ	0	2	False	0.6907	NORMAL	N/A
9841	좆팔 재기나 할 것이지 똥배 상폐 극혐이노	1	2	False	0.5618	GENDER	N/A
9853	서민은 약자다. 고로 착하다 보호받아야한다 이 괴상한 논리가 사회의 소수집단은 무조건 약자이며 따라서 착하고 보호받아야한다는 코드로 변질되었어	0	2	False	0.8162	NORMAL	N/A
9860	사진찍는놈들은 사진을 찍을게 아니라 못 먹게 말렸어야지그리고 먹을걸 나눠줬어야지	0	2	False	0.6273	NORMAL	N/A
9861	세금 안내는 목사는 한국에 살 이유가 있나. 예수야 살인. 강간. 사기치는 목사들 잡아가라. 그래야 교회가 사라진다	0	2	False	0.8856	NORMAL	N/A
9863	여기는 미국이 아닙니다 태어날때 받은성을 맘대로 바꾸면 이세상 안되는건 워가. 있나요? 국방인권위는 절대 자기정체성 없는 사람 군인 시키면 안되죠 여군에 다시 지원해 보시던가요	0	2	False	0.6552	NORMAL	N/A
9876	한번 배신했는데 두번 못하랴?	0	2	False	0.7042	NORMAL	N/A
9881	그래 예수 실컷 믿어^^ 교회에 헌금도 두둑이 하고 ㅋㅋㅋㅋㅋㅋㅋㅋㅋㅋ 열심히 벌어서 십일조도 꼬박꼬박 바쳐라 ㅋㅋㅋㅋㅋ	0	2	False	0.9294	NORMAL	N/A
9884	눈에서 살기가 보인다...	0	2	False	0.4958	NORMAL	N/A
9887	ㅇㅏ니 도대체 이런건 왜 자꾸 기사로 뜨는거야. 여긴 이슬람국가가 아니에요 애굶는거 같으면 부모는ㅈ뭐하고 있나요	0	2	False	0.7879	NORMAL	N/A
9888	정년연장나 빨이실시해라	0	2	False	0.5025	NORMAL	N/A
9890	교회논리로는 이순신은 지옥행 고니시유키나가는 천국행임	0	2	False	0.7294	NORMAL	N/A
9892	인권보도 준칙 만들어 방송사 장악하고 에이즈 폐해 알리지 않고 국민의 알권리 무시하고 질본 보복부 위에 군림하며 헌법위에 군림하는 국가 인권위를 해체하라	0	2	False	0.7848	NORMAL	N/A
9896	다시는 대한민국 무시하지마라!	0	2	False	0.5079	NORMAL	N/A
9899	고웜대는 정신차리면 다 웜년 되기 최적의 환경이노 ㅋㅋㅋ 거기 자댕이들은 재기도 부족하다 이기야	1	2	False	0.5336	GENDER	N/A
9907	조국사태때 제발 지금 어투로 말해보질그랬냐	0	2	False	0.6906	NORMAL	N/A
9908	걍 정신병자들은 니들끼리 놀아라 좀.. 멀쩡한 무리에 낄려고 하지말고 지들이 똥인걸 모르나	1	2	False	0.9154	SLUR	N/A
9912	저렇게 되도공부 할 놈은 하게 된다. 어차피 고등학교는 해당사항 아니라서	0	2	False	0.5163	NORMAL	N/A
9915	경계성 지능 장애인이 생각보다 많다	0	2	False	0.537	NORMAL	N/A
9916	어차피 저렇게 어그로 적립되다 폭발하면 흑인들은 19세기때마냥 군중들한테 몰매맞고 전봇대에 목매달리게 되어있음 백인들이 얼마나 매정하고 잔인한 놈들인데	1	2	False	0.7231	RACISM	N/A
9921	ㅋㅋㅋㅋ어딜감히!	0	2	False	0.5341	NORMAL	N/A
9928	성재기 지금 살아있었으면 구독자 200만 넘었을텐데	0	2	False	0.8998	NORMAL	N/A
9930	한국(남한) 땅은 한국사람들 것이다.제3세계 후진 외지인들이 이 땅에 들어오면 그들이 한국 방식에 따르는 것이 아니라,한국 사람들을 제3세계 자기들 방식으로 만들려고 해서 갈등과 충돌이 생기는 것이다.	0	2	False	0.7744	NORMAL	N/A
9939	그래도 남자는 키작은거 보단 차라리 못생긴게 낫다얼굴은 여자가 중요한거지 남자는 신체가 더 중요함	0	2	False	0.8752	NORMAL	N/A
9942	생중계의 저 정도 퀄리티면 기술력이 세계 탑급일듯	2	0	False	0.5312	NORMAL	N/A
9947	전라도교회만 피하면 되겠다	0	2	False	0.9319	NORMAL	N/A
9951	니넨 졸업했다 이거지? 니네랑 같이 학교다닌다 생각해봐	0	2	False	0.6158	NORMAL	N/A
9953	페미니즘은 그러려니 하는데 변질된 페미(내로남불,남녀분열조장, 남혐)가 문제	0	2	False	0.8532	NORMAL	N/A
9954	일베는 주는데 신의 한수는 쫌	0	2	False	0.7107	NORMAL	N/A
9959	연구결과가 답인데 제발 동성애자들은 정신차리길바란다	0	2	False	0.6529	NORMAL	N/A
9971	ㅋㅋㅋ파리지옥같다	0	2	False	0.8191	NORMAL	N/A
9981	그 와중에 우리나라는 친중! 든든한 중국의 우방!	0	2	False	0.6192	NORMAL	N/A
